# 3ds Max Wavefront OBJ Exporter v0.97b - (c)2007 guruware
# File Created: 26.08.2015 10:09:04

mtllib AEB_Dummy_Veh.mtl

#
# object Line002
#

v  0.5000 0.6090 1.3708
v  0.5000 0.7500 0.6708
v  0.4500 0.7500 0.0708
v  -0.4500 0.6598 1.3718
v  -0.4500 0.8000 0.6708
v  -0.4500 0.7500 0.0708
v  0.4500 0.6598 1.3718
v  0.4500 0.6000 1.4208
v  0.4500 0.8000 0.6708
v  0.4500 0.8000 0.1208
v  0.5000 0.7500 0.1208
v  -0.5000 0.6090 1.3708
v  -0.4500 0.6000 1.4208
v  -0.5000 0.7500 0.6708
v  -0.5000 0.7500 0.1208
v  -0.4500 0.8000 0.1208
v  0.4875 0.6471 1.3715
v  0.4500 0.6400 1.4085
v  0.4875 0.6023 1.4083
v  0.4875 0.7875 0.6708
v  0.4500 0.7875 0.0833
v  0.4875 0.7875 0.1208
v  0.4875 0.7500 0.0833
v  -0.4875 0.6472 1.3710
v  -0.4875 0.6023 1.4083
v  -0.4500 0.6400 1.4085
v  -0.4875 0.7875 0.6708
v  -0.4875 0.7500 0.0833
v  -0.4875 0.7875 0.1208
v  -0.4500 0.7875 0.0833
v  0.4875 0.6322 1.3991
v  0.4781 0.7781 0.0833
v  -0.4781 0.6418 1.3992
v  -0.4781 0.7781 0.0833
v  0.4500 0.0000 0.0708
v  -0.5000 0.0000 0.6708
v  -0.4875 -0.0000 1.4083
v  -0.4875 0.0000 0.0833
v  0.4500 -0.6598 1.3718
v  0.4500 -0.8000 0.6708
v  -0.4500 -0.8000 0.6708
v  -0.4500 -0.6598 1.3718
v  0.4500 -0.8000 0.1208
v  -0.4500 -0.8000 0.1208
v  0.4500 -0.7500 0.0708
v  -0.4500 0.0000 0.0708
v  -0.4500 -0.7500 0.0708
v  0.5000 -0.7500 0.6708
v  0.5000 0.0000 0.6708
v  0.5000 0.0000 0.1208
v  0.5000 -0.7500 0.1208
v  0.5000 -0.6090 1.3708
v  0.5000 0.0000 1.3708
v  -0.5000 -0.7500 0.6708
v  -0.5000 -0.7500 0.1208
v  -0.5000 0.0000 0.1208
v  -0.5000 -0.6090 1.3708
v  -0.5000 -0.0000 1.3708
v  0.4875 -0.6322 1.3991
v  0.4875 -0.6023 1.4083
v  0.4781 -0.7781 0.0833
v  0.4875 -0.7500 0.0833
v  -0.4781 -0.6418 1.3992
v  -0.4500 -0.6400 1.4085
v  -0.4781 -0.7781 0.0833
v  -0.4500 -0.7875 0.0833
v  0.4500 -0.6000 1.4208
v  0.4500 -0.6400 1.4085
v  -0.4500 -0.6000 1.4208
v  -0.4875 -0.6023 1.4083
v  -0.4500 -0.0000 1.4208
v  0.4875 -0.6471 1.3715
v  0.4875 -0.7875 0.6708
v  -0.4875 -0.7875 0.6708
v  -0.4875 -0.6472 1.3710
v  0.4875 -0.7875 0.1208
v  0.4500 -0.7875 0.0833
v  -0.4875 -0.7875 0.1208
v  0.4875 0.0000 0.0833
v  -0.4875 -0.7500 0.0833
v  0.4500 0.0000 1.4208
v  0.4875 0.0000 1.4083
# 82 vertices

vn -0.1580 0.9827 0.0965
vn -0.1336 0.9406 0.3121
vn 0.1528 0.9311 0.3313
vn 0.1528 0.9311 0.3313
vn 0.1579 0.9827 0.0964
vn -0.1580 0.9827 0.0965
vn -0.1559 0.9754 -0.1559
vn -0.1580 0.9827 0.0965
vn 0.1579 0.9827 0.0964
vn 0.1579 0.9827 0.0964
vn 0.1559 0.9754 -0.1559
vn -0.1559 0.9754 -0.1559
vn 0.1602 -0.0000 -0.9871
vn -0.1602 0.0000 -0.9871
vn -0.1334 0.1334 -0.9820
vn -0.1334 0.1334 -0.9820
vn 0.1334 0.1334 -0.9820
vn 0.1602 -0.0000 -0.9871
vn 1.0000 -0.0000 0.0000
vn 0.9871 -0.0000 -0.1602
vn 0.9754 0.1559 -0.1559
vn 0.9754 0.1559 -0.1559
vn 0.9853 0.1699 0.0180
vn 1.0000 -0.0000 0.0000
vn 0.9800 0.1260 0.1538
vn 0.9871 -0.0000 0.1602
vn 1.0000 -0.0000 0.0000
vn 1.0000 -0.0000 0.0000
vn 0.9853 0.1699 0.0180
vn 0.9800 0.1260 0.1538
vn -0.9754 0.1559 -0.1559
vn -0.9871 0.0000 -0.1602
vn -1.0000 0.0000 -0.0000
vn -1.0000 0.0000 -0.0000
vn -0.9853 0.1699 0.0181
vn -0.9754 0.1559 -0.1559
vn -0.9719 0.1494 0.1819
vn -0.9853 0.1699 0.0181
vn -1.0000 0.0000 -0.0000
vn -1.0000 0.0000 -0.0000
vn -0.9871 0.0000 0.1602
vn -0.9719 0.1494 0.1819
vn 0.9800 0.1260 0.1538
vn 0.6515 0.4810 0.5867
vn 0.6789 0.1101 0.7259
vn 0.1334 0.1334 -0.9820
vn 0.5310 0.5310 -0.6604
vn 0.7215 0.1179 -0.6823
vn -0.1336 0.9406 0.3121
vn -0.5193 0.6032 0.6054
vn -0.1105 0.6092 0.7853
vn -0.1334 0.1334 -0.9820
vn -0.5310 0.5310 -0.6604
vn -0.1179 0.7215 -0.6823
vn -0.1105 0.6092 0.7853
vn -0.1527 0.1420 0.9780
vn 0.1528 0.1422 0.9780
vn 0.1528 0.1422 0.9780
vn 0.1511 0.6267 0.7645
vn -0.1105 0.6092 0.7853
vn -0.6901 0.1467 0.7087
vn -0.7071 0.0000 0.7071
vn -0.1602 0.0000 0.9871
vn -0.1602 0.0000 0.9871
vn -0.1527 0.1420 0.9780
vn -0.6901 0.1467 0.7087
vn 0.6923 0.7180 0.0713
vn 0.1579 0.9827 0.0964
vn 0.1528 0.9311 0.3313
vn 0.1528 0.9311 0.3313
vn 0.6789 0.6902 0.2506
vn 0.6923 0.7180 0.0713
vn -0.7137 0.6594 0.2361
vn -0.1336 0.9406 0.3121
vn -0.1580 0.9827 0.0965
vn -0.1580 0.9827 0.0965
vn -0.6923 0.7180 0.0715
vn -0.7137 0.6594 0.2361
vn 0.6978 0.6978 -0.1616
vn 0.1559 0.9754 -0.1559
vn 0.1579 0.9827 0.0964
vn 0.1579 0.9827 0.0964
vn 0.6923 0.7180 0.0713
vn 0.6978 0.6978 -0.1616
vn -0.1179 0.7215 -0.6823
vn -0.1559 0.9754 -0.1559
vn 0.1559 0.9754 -0.1559
vn 0.1559 0.9754 -0.1559
vn 0.1179 0.7215 -0.6823
vn -0.1179 0.7215 -0.6823
vn -0.6923 0.7180 0.0715
vn -0.1580 0.9827 0.0965
vn -0.1559 0.9754 -0.1559
vn -0.1559 0.9754 -0.1559
vn -0.6978 0.6978 -0.1616
vn -0.6923 0.7180 0.0715
vn 0.7215 0.1179 -0.6823
vn 0.7071 -0.0000 -0.7071
vn 0.1602 -0.0000 -0.9871
vn 0.1602 -0.0000 -0.9871
vn 0.1334 0.1334 -0.9820
vn 0.7215 0.1179 -0.6823
vn 0.9800 0.1260 0.1538
vn 0.6789 0.6902 0.2506
vn 0.6515 0.4810 0.5867
vn 0.1511 0.6267 0.7645
vn 0.6515 0.4810 0.5867
vn 0.6789 0.6902 0.2506
vn 0.6789 0.6902 0.2506
vn 0.1528 0.9311 0.3313
vn 0.1511 0.6267 0.7645
vn 0.1528 0.1422 0.9780
vn 0.6789 0.1101 0.7259
vn 0.6515 0.4810 0.5867
vn 0.6515 0.4810 0.5867
vn 0.1511 0.6267 0.7645
vn 0.1528 0.1422 0.9780
vn 0.1334 0.1334 -0.9820
vn 0.1179 0.7215 -0.6823
vn 0.5310 0.5310 -0.6604
vn 0.6978 0.6978 -0.1616
vn 0.5310 0.5310 -0.6604
vn 0.1179 0.7215 -0.6823
vn 0.1179 0.7215 -0.6823
vn 0.1559 0.9754 -0.1559
vn 0.6978 0.6978 -0.1616
vn 0.9754 0.1559 -0.1559
vn 0.7215 0.1179 -0.6823
vn 0.5310 0.5310 -0.6604
vn 0.5310 0.5310 -0.6604
vn 0.6978 0.6978 -0.1616
vn 0.9754 0.1559 -0.1559
vn -0.1336 0.9406 0.3121
vn -0.7137 0.6594 0.2361
vn -0.5193 0.6032 0.6054
vn -0.6901 0.1467 0.7087
vn -0.5193 0.6032 0.6054
vn -0.7137 0.6594 0.2361
vn -0.7137 0.6594 0.2361
vn -0.9719 0.1494 0.1819
vn -0.6901 0.1467 0.7087
vn -0.1527 0.1420 0.9780
vn -0.1105 0.6092 0.7853
vn -0.5193 0.6032 0.6054
vn -0.5193 0.6032 0.6054
vn -0.6901 0.1467 0.7087
vn -0.1527 0.1420 0.9780
vn -0.1334 0.1334 -0.9820
vn -0.7215 0.1179 -0.6823
vn -0.5310 0.5310 -0.6604
vn -0.6978 0.6978 -0.1616
vn -0.5310 0.5310 -0.6604
vn -0.7215 0.1179 -0.6823
vn -0.7215 0.1179 -0.6823
vn -0.9754 0.1559 -0.1559
vn -0.6978 0.6978 -0.1616
vn -0.1559 0.9754 -0.1559
vn -0.1179 0.7215 -0.6823
vn -0.5310 0.5310 -0.6604
vn -0.5310 0.5310 -0.6604
vn -0.6978 0.6978 -0.1616
vn -0.1559 0.9754 -0.1559
vn -0.1336 0.9406 0.3121
vn -0.1105 0.6092 0.7853
vn 0.1511 0.6267 0.7645
vn 0.1511 0.6267 0.7645
vn 0.1528 0.9311 0.3313
vn -0.1336 0.9406 0.3121
vn -0.6901 0.1467 0.7087
vn -0.9719 0.1494 0.1819
vn -0.9871 0.0000 0.1602
vn -0.9871 0.0000 0.1602
vn -0.7071 0.0000 0.7071
vn -0.6901 0.1467 0.7087
vn 0.9853 0.1699 0.0180
vn 0.6923 0.7180 0.0713
vn 0.6789 0.6902 0.2506
vn 0.6789 0.6902 0.2506
vn 0.9800 0.1260 0.1538
vn 0.9853 0.1699 0.0180
vn -0.9719 0.1494 0.1819
vn -0.7137 0.6594 0.2361
vn -0.6923 0.7180 0.0715
vn -0.6923 0.7180 0.0715
vn -0.9853 0.1699 0.0181
vn -0.9719 0.1494 0.1819
vn 0.9754 0.1559 -0.1559
vn 0.6978 0.6978 -0.1616
vn 0.6923 0.7180 0.0713
vn 0.6923 0.7180 0.0713
vn 0.9853 0.1699 0.0180
vn 0.9754 0.1559 -0.1559
vn -0.1334 0.1334 -0.9820
vn -0.1179 0.7215 -0.6823
vn 0.1179 0.7215 -0.6823
vn 0.1179 0.7215 -0.6823
vn 0.1334 0.1334 -0.9820
vn -0.1334 0.1334 -0.9820
vn -0.9853 0.1699 0.0181
vn -0.6923 0.7180 0.0715
vn -0.6978 0.6978 -0.1616
vn -0.6978 0.6978 -0.1616
vn -0.9754 0.1559 -0.1559
vn -0.9853 0.1699 0.0181
vn 0.9754 0.1559 -0.1559
vn 0.9871 -0.0000 -0.1602
vn 0.7071 -0.0000 -0.7071
vn 0.7071 -0.0000 -0.7071
vn 0.7215 0.1179 -0.6823
vn 0.9754 0.1559 -0.1559
vn 0.1528 0.1422 0.9780
vn -0.1527 0.1420 0.9780
vn -0.1602 0.0000 0.9871
vn -0.1602 0.0000 0.9871
vn 0.1602 -0.0000 0.9871
vn 0.1528 0.1422 0.9780
vn 0.6789 0.1101 0.7259
vn 0.1528 0.1422 0.9780
vn 0.1602 -0.0000 0.9871
vn 0.1602 -0.0000 0.9871
vn 0.7071 -0.0000 0.7071
vn 0.6789 0.1101 0.7259
vn -0.7215 0.1179 -0.6823
vn -0.1334 0.1334 -0.9820
vn -0.1602 0.0000 -0.9871
vn -0.1602 0.0000 -0.9871
vn -0.7071 0.0000 -0.7071
vn -0.7215 0.1179 -0.6823
vn 0.9871 -0.0000 0.1602
vn 0.9800 0.1260 0.1538
vn 0.6789 0.1101 0.7259
vn 0.6789 0.1101 0.7259
vn 0.7071 -0.0000 0.7071
vn 0.9871 -0.0000 0.1602
vn -0.9754 0.1559 -0.1559
vn -0.7215 0.1179 -0.6823
vn -0.7071 0.0000 -0.7071
vn -0.7071 0.0000 -0.7071
vn -0.9871 0.0000 -0.1602
vn -0.9754 0.1559 -0.1559
vn -0.1580 -0.9827 0.0965
vn 0.1579 -0.9827 0.0964
vn 0.1528 -0.9311 0.3313
vn 0.1528 -0.9311 0.3313
vn -0.1336 -0.9406 0.3121
vn -0.1580 -0.9827 0.0965
vn -0.1559 -0.9754 -0.1559
vn 0.1559 -0.9754 -0.1559
vn 0.1579 -0.9827 0.0964
vn 0.1579 -0.9827 0.0964
vn -0.1580 -0.9827 0.0965
vn -0.1559 -0.9754 -0.1559
vn 0.1602 -0.0000 -0.9871
vn 0.1334 -0.1334 -0.9820
vn -0.1334 -0.1334 -0.9820
vn -0.1334 -0.1334 -0.9820
vn -0.1602 0.0000 -0.9871
vn 0.1602 -0.0000 -0.9871
vn 1.0000 -0.0000 0.0000
vn 0.9853 -0.1699 0.0180
vn 0.9754 -0.1559 -0.1559
vn 0.9754 -0.1559 -0.1559
vn 0.9871 -0.0000 -0.1602
vn 1.0000 -0.0000 0.0000
vn 0.9800 -0.1260 0.1538
vn 0.9853 -0.1699 0.0180
vn 1.0000 -0.0000 0.0000
vn 1.0000 -0.0000 0.0000
vn 0.9871 -0.0000 0.1602
vn 0.9800 -0.1260 0.1538
vn -0.9754 -0.1559 -0.1559
vn -0.9853 -0.1699 0.0181
vn -1.0000 0.0000 -0.0000
vn -1.0000 0.0000 -0.0000
vn -0.9871 0.0000 -0.1602
vn -0.9754 -0.1559 -0.1559
vn -0.9719 -0.1494 0.1819
vn -0.9871 0.0000 0.1602
vn -1.0000 0.0000 -0.0000
vn -1.0000 0.0000 -0.0000
vn -0.9853 -0.1699 0.0181
vn -0.9719 -0.1494 0.1819
vn 0.9800 -0.1260 0.1538
vn 0.6789 -0.1101 0.7259
vn 0.6515 -0.4810 0.5867
vn 0.1334 -0.1334 -0.9820
vn 0.7215 -0.1179 -0.6823
vn 0.5310 -0.5310 -0.6604
vn -0.1336 -0.9406 0.3121
vn -0.1105 -0.6092 0.7853
vn -0.5193 -0.6032 0.6054
vn -0.1334 -0.1334 -0.9820
vn -0.1179 -0.7215 -0.6823
vn -0.5310 -0.5310 -0.6604
vn -0.1105 -0.6092 0.7853
vn 0.1511 -0.6267 0.7645
vn 0.1528 -0.1422 0.9780
vn 0.1528 -0.1422 0.9780
vn -0.1527 -0.1420 0.9780
vn -0.1105 -0.6092 0.7853
vn -0.6901 -0.1467 0.7087
vn -0.1527 -0.1420 0.9780
vn -0.1602 0.0000 0.9871
vn -0.1602 0.0000 0.9871
vn -0.7071 0.0000 0.7071
vn -0.6901 -0.1467 0.7087
vn 0.6923 -0.7180 0.0713
vn 0.6789 -0.6902 0.2506
vn 0.1528 -0.9311 0.3313
vn 0.1528 -0.9311 0.3313
vn 0.1579 -0.9827 0.0964
vn 0.6923 -0.7180 0.0713
vn -0.7137 -0.6594 0.2361
vn -0.6923 -0.7180 0.0715
vn -0.1580 -0.9827 0.0965
vn -0.1580 -0.9827 0.0965
vn -0.1336 -0.9406 0.3121
vn -0.7137 -0.6594 0.2361
vn 0.6978 -0.6978 -0.1616
vn 0.6923 -0.7180 0.0713
vn 0.1579 -0.9827 0.0964
vn 0.1579 -0.9827 0.0964
vn 0.1559 -0.9754 -0.1559
vn 0.6978 -0.6978 -0.1616
vn -0.1179 -0.7215 -0.6823
vn 0.1179 -0.7215 -0.6823
vn 0.1559 -0.9754 -0.1559
vn 0.1559 -0.9754 -0.1559
vn -0.1559 -0.9754 -0.1559
vn -0.1179 -0.7215 -0.6823
vn -0.6923 -0.7180 0.0715
vn -0.6978 -0.6978 -0.1616
vn -0.1559 -0.9754 -0.1559
vn -0.1559 -0.9754 -0.1559
vn -0.1580 -0.9827 0.0965
vn -0.6923 -0.7180 0.0715
vn 0.7215 -0.1179 -0.6823
vn 0.1334 -0.1334 -0.9820
vn 0.1602 -0.0000 -0.9871
vn 0.1602 -0.0000 -0.9871
vn 0.7071 -0.0000 -0.7071
vn 0.7215 -0.1179 -0.6823
vn 0.9800 -0.1260 0.1538
vn 0.6515 -0.4810 0.5867
vn 0.6789 -0.6902 0.2506
vn 0.1511 -0.6267 0.7645
vn 0.1528 -0.9311 0.3313
vn 0.6789 -0.6902 0.2506
vn 0.6789 -0.6902 0.2506
vn 0.6515 -0.4810 0.5867
vn 0.1511 -0.6267 0.7645
vn 0.1528 -0.1422 0.9780
vn 0.1511 -0.6267 0.7645
vn 0.6515 -0.4810 0.5867
vn 0.6515 -0.4810 0.5867
vn 0.6789 -0.1101 0.7259
vn 0.1528 -0.1422 0.9780
vn 0.1334 -0.1334 -0.9820
vn 0.5310 -0.5310 -0.6604
vn 0.1179 -0.7215 -0.6823
vn 0.6978 -0.6978 -0.1616
vn 0.1559 -0.9754 -0.1559
vn 0.1179 -0.7215 -0.6823
vn 0.1179 -0.7215 -0.6823
vn 0.5310 -0.5310 -0.6604
vn 0.6978 -0.6978 -0.1616
vn 0.9754 -0.1559 -0.1559
vn 0.6978 -0.6978 -0.1616
vn 0.5310 -0.5310 -0.6604
vn 0.5310 -0.5310 -0.6604
vn 0.7215 -0.1179 -0.6823
vn 0.9754 -0.1559 -0.1559
vn -0.1336 -0.9406 0.3121
vn -0.5193 -0.6032 0.6054
vn -0.7137 -0.6594 0.2361
vn -0.6901 -0.1467 0.7087
vn -0.9719 -0.1494 0.1819
vn -0.7137 -0.6594 0.2361
vn -0.7137 -0.6594 0.2361
vn -0.5193 -0.6032 0.6054
vn -0.6901 -0.1467 0.7087
vn -0.1527 -0.1420 0.9780
vn -0.6901 -0.1467 0.7087
vn -0.5193 -0.6032 0.6054
vn -0.5193 -0.6032 0.6054
vn -0.1105 -0.6092 0.7853
vn -0.1527 -0.1420 0.9780
vn -0.1334 -0.1334 -0.9820
vn -0.5310 -0.5310 -0.6604
vn -0.7215 -0.1179 -0.6823
vn -0.6978 -0.6978 -0.1616
vn -0.9754 -0.1559 -0.1559
vn -0.7215 -0.1179 -0.6823
vn -0.7215 -0.1179 -0.6823
vn -0.5310 -0.5310 -0.6604
vn -0.6978 -0.6978 -0.1616
vn -0.1559 -0.9754 -0.1559
vn -0.6978 -0.6978 -0.1616
vn -0.5310 -0.5310 -0.6604
vn -0.5310 -0.5310 -0.6604
vn -0.1179 -0.7215 -0.6823
vn -0.1559 -0.9754 -0.1559
vn -0.1336 -0.9406 0.3121
vn 0.1528 -0.9311 0.3313
vn 0.1511 -0.6267 0.7645
vn 0.1511 -0.6267 0.7645
vn -0.1105 -0.6092 0.7853
vn -0.1336 -0.9406 0.3121
vn -0.6901 -0.1467 0.7087
vn -0.7071 0.0000 0.7071
vn -0.9871 0.0000 0.1602
vn -0.9871 0.0000 0.1602
vn -0.9719 -0.1494 0.1819
vn -0.6901 -0.1467 0.7087
vn 0.9853 -0.1699 0.0180
vn 0.9800 -0.1260 0.1538
vn 0.6789 -0.6902 0.2506
vn 0.6789 -0.6902 0.2506
vn 0.6923 -0.7180 0.0713
vn 0.9853 -0.1699 0.0180
vn -0.9719 -0.1494 0.1819
vn -0.9853 -0.1699 0.0181
vn -0.6923 -0.7180 0.0715
vn -0.6923 -0.7180 0.0715
vn -0.7137 -0.6594 0.2361
vn -0.9719 -0.1494 0.1819
vn 0.9754 -0.1559 -0.1559
vn 0.9853 -0.1699 0.0180
vn 0.6923 -0.7180 0.0713
vn 0.6923 -0.7180 0.0713
vn 0.6978 -0.6978 -0.1616
vn 0.9754 -0.1559 -0.1559
vn -0.1334 -0.1334 -0.9820
vn 0.1334 -0.1334 -0.9820
vn 0.1179 -0.7215 -0.6823
vn 0.1179 -0.7215 -0.6823
vn -0.1179 -0.7215 -0.6823
vn -0.1334 -0.1334 -0.9820
vn -0.9853 -0.1699 0.0181
vn -0.9754 -0.1559 -0.1559
vn -0.6978 -0.6978 -0.1616
vn -0.6978 -0.6978 -0.1616
vn -0.6923 -0.7180 0.0715
vn -0.9853 -0.1699 0.0181
vn 0.9754 -0.1559 -0.1559
vn 0.7215 -0.1179 -0.6823
vn 0.7071 -0.0000 -0.7071
vn 0.7071 -0.0000 -0.7071
vn 0.9871 -0.0000 -0.1602
vn 0.9754 -0.1559 -0.1559
vn 0.1528 -0.1422 0.9780
vn 0.1602 -0.0000 0.9871
vn -0.1602 0.0000 0.9871
vn -0.1602 0.0000 0.9871
vn -0.1527 -0.1420 0.9780
vn 0.1528 -0.1422 0.9780
vn 0.6789 -0.1101 0.7259
vn 0.7071 -0.0000 0.7071
vn 0.1602 -0.0000 0.9871
vn 0.1602 -0.0000 0.9871
vn 0.1528 -0.1422 0.9780
vn 0.6789 -0.1101 0.7259
vn -0.7215 -0.1179 -0.6823
vn -0.7071 0.0000 -0.7071
vn -0.1602 0.0000 -0.9871
vn -0.1602 0.0000 -0.9871
vn -0.1334 -0.1334 -0.9820
vn -0.7215 -0.1179 -0.6823
vn 0.9871 -0.0000 0.1602
vn 0.7071 -0.0000 0.7071
vn 0.6789 -0.1101 0.7259
vn 0.6789 -0.1101 0.7259
vn 0.9800 -0.1260 0.1538
vn 0.9871 -0.0000 0.1602
vn -0.9754 -0.1559 -0.1559
vn -0.9871 0.0000 -0.1602
vn -0.7071 0.0000 -0.7071
vn -0.7071 0.0000 -0.7071
vn -0.7215 -0.1179 -0.6823
vn -0.9754 -0.1559 -0.1559
# 480 vertex normals

vt 0.9513 0.2804 0.0000
vt 0.9799 0.1352 0.0000
vt 0.7741 0.8551 0.0500
vt 0.3545 0.9779 0.9500
vt 0.3564 0.7205 0.9500
vt 0.7741 0.9716 0.9500
vt 0.0241 0.9756 0.0500
vt 0.9491 0.2963 0.0500
vt 0.0259 0.7183 0.0500
vt 0.0274 0.5203 0.0500
vt 0.9800 0.0212 0.0000
vt 0.0732 0.4739 1.0000
vt 0.9490 0.4829 0.9500
vt 0.0225 0.2216 1.0000
vt 0.0223 0.0232 1.0000
vt 0.3575 0.5224 0.9500
vt 0.9598 0.2811 0.0125
vt 0.9577 0.2958 0.0500
vt 0.9496 0.2883 0.0125
vt 0.9879 0.1351 0.0125
vt 0.7690 0.8549 0.0500
vt 0.9881 0.0207 0.0125
vt 0.9801 0.0132 0.0125
vt 0.3689 0.9788 0.9875
vt 0.9497 0.4910 0.9875
vt 0.9576 0.4830 0.9500
vt 0.0085 0.2216 0.9875
vt 0.7740 0.9766 0.9875
vt 0.0087 0.0235 0.9875
vt 0.7690 0.9716 0.9500
vt 0.9560 0.2872 0.0125
vt 0.9860 0.0119 0.0219
vt 0.9583 0.4892 0.9781
vt 0.7703 0.9753 0.9781
vt 0.8712 0.8552 0.0500
vt 0.2973 0.2216 1.0000
vt 0.8246 0.4912 0.9875
vt 0.8712 0.9768 0.9875
vt 0.7277 0.9740 0.0500
vt 0.7260 0.7166 0.0500
vt 0.3955 0.7189 0.9500
vt 0.3974 0.9762 0.9500
vt 0.7245 0.5187 0.0500
vt 0.3944 0.5207 0.9500
vt 0.9683 0.8551 0.0500
vt 0.8712 0.9717 0.9500
vt 0.9683 0.9715 0.9500
vt 0.6692 0.1352 0.0000
vt 0.8246 0.1352 0.0000
vt 0.8246 0.0212 0.0000
vt 0.6691 0.0212 0.0000
vt 0.6978 0.2804 0.0000
vt 0.8246 0.2803 0.0000
vt 0.5721 0.2216 1.0000
vt 0.5723 0.0232 1.0000
vt 0.2973 0.0233 1.0000
vt 0.5215 0.4739 1.0000
vt 0.2973 0.4739 1.0000
vt 0.6931 0.2872 0.0125
vt 0.6996 0.2883 0.0125
vt 0.6631 0.0120 0.0219
vt 0.6691 0.0132 0.0125
vt 0.6909 0.4892 0.9781
vt 0.6915 0.4830 0.9500
vt 0.9721 0.9753 0.9781
vt 0.9734 0.9716 0.9500
vt 0.7001 0.2963 0.0500
vt 0.6914 0.2958 0.0500
vt 0.7001 0.4829 0.9500
vt 0.6995 0.4910 0.9875
vt 0.8246 0.4830 0.9500
vt 0.6893 0.2811 0.0125
vt 0.6612 0.1351 0.0125
vt 0.5862 0.2216 0.9875
vt 0.3829 0.9772 0.9875
vt 0.6610 0.0207 0.0125
vt 0.9734 0.8549 0.0500
vt 0.5860 0.0235 0.9875
vt 0.8246 0.0132 0.0125
vt 0.9684 0.9766 0.9875
vt 0.8246 0.2964 0.0500
vt 0.8246 0.2884 0.0125
vt 0.0097 0.9766 0.0125
vt 0.0237 0.9906 0.0500
vt 0.0114 0.7186 0.0125
vt 0.0273 0.5062 0.0500
vt 0.0130 0.5199 0.0125
vt 0.0755 0.4881 0.9875
vt 0.3546 0.9929 0.9500
vt 0.0212 0.0090 0.9875
vt 0.3588 0.5082 0.9500
vt 0.0092 0.9881 0.0125
vt 0.0162 0.5056 0.0219
vt 0.3652 0.9893 0.9781
vt 0.0087 0.0094 0.9781
vt 0.2973 0.4881 0.9875
vt 0.2973 0.0090 0.9875
vt 0.7427 0.9864 0.0125
vt 0.7357 0.5039 0.0219
vt 0.3867 0.9877 0.9781
vt 0.3973 0.9913 0.9500
vt 0.5859 0.0094 0.9781
vt 0.3931 0.5065 0.9500
vt 0.7282 0.9889 0.0500
vt 0.5191 0.4881 0.9875
vt 0.7421 0.9750 0.0125
vt 0.7405 0.7169 0.0125
vt 0.7388 0.5182 0.0125
vt 0.7246 0.5045 0.0500
vt 0.5735 0.0090 0.9875
vt 0.0581 0.4746 0.9875
vt 0.5366 0.4746 0.9875
vt 0.0601 0.4856 0.9781
vt 0.5346 0.4856 0.9781
vt 0.3710 0.7210 0.9875
vt 0.3711 0.5229 0.9875
vt 0.3809 0.7194 0.9875
vt 0.3807 0.5212 0.9875
vt 0.3712 0.5089 0.9781
vt 0.3807 0.5072 0.9781
vt 0.7742 0.8502 0.0125
vt 0.7705 0.8510 0.0219
vt 0.9719 0.8510 0.0219
vt 0.9682 0.8502 0.0125
vt 0.8712 0.8502 0.0125
# 125 texture coords

g Line002
usemtl Material__7380
s 1
f 5/5/1 4/4/2 7/7/3 
f 7/7/4 9/9/5 5/5/6 
f 16/16/7 5/5/8 9/9/9 
f 9/9/10 10/10/11 16/16/12 
f 35/35/13 46/46/14 6/6/15 
f 6/6/16 3/3/17 35/35/18 
f 49/49/19 50/50/20 11/11/21 
f 11/11/22 2/2/23 49/49/24 
f 1/1/25 53/53/26 49/49/27 
f 49/49/28 2/2/29 1/1/30 
f 15/15/31 56/56/32 36/36/33 
f 36/36/34 14/14/35 15/15/36 
f 12/12/37 14/14/38 36/36/39 
f 36/36/40 58/58/41 12/12/42 
f 1/1/43 31/31/44 19/19/45 
f 3/3/46 32/122/47 23/121/48 
f 4/4/49 33/94/50 26/89/51 
f 6/6/52 34/34/53 30/30/54 
f 26/26/55 13/13/56 8/8/57 
f 8/8/58 18/18/59 26/26/60 
f 25/25/61 37/37/62 71/71/63 
f 71/71/64 13/13/65 25/25/66 
f 20/85/67 9/9/68 7/7/69 
f 7/7/70 17/83/71 20/85/72 
f 24/24/73 4/4/74 5/5/75 
f 5/5/76 27/115/77 24/24/78 
f 22/87/79 10/10/80 9/9/81 
f 9/9/82 20/85/83 22/87/84 
f 30/91/85 16/16/86 10/10/87 
f 10/10/88 21/86/89 30/91/90 
f 27/115/91 5/5/92 16/16/93 
f 16/16/94 29/116/95 27/115/96 
f 23/121/97 79/125/98 35/35/99 
f 35/35/100 3/3/101 23/121/102 
f 1/1/103 17/17/104 31/31/105 
f 18/84/106 31/92/107 17/83/108 
f 17/83/109 7/7/110 18/84/111 
f 8/8/112 19/19/113 31/31/114 
f 31/31/115 18/18/116 8/8/117 
f 3/3/118 21/21/119 32/122/120 
f 22/87/121 32/93/122 21/86/123 
f 21/86/124 10/10/125 22/87/126 
f 11/11/127 23/23/128 32/32/129 
f 32/32/130 22/22/131 11/11/132 
f 4/4/133 24/24/134 33/94/135 
f 25/88/136 33/113/137 24/111/138 
f 24/111/139 12/12/140 25/88/141 
f 13/13/142 26/26/143 33/33/144 
f 33/33/145 25/25/146 13/13/147 
f 6/6/148 28/28/149 34/34/150 
f 29/29/151 34/95/152 28/90/153 
f 28/90/154 15/15/155 29/29/156 
f 16/16/157 30/91/158 34/119/159 
f 34/119/160 29/116/161 16/16/162 
f 4/4/163 26/89/164 18/84/165 
f 18/84/166 7/7/167 4/4/168 
f 25/88/169 12/12/170 58/58/171 
f 58/58/172 37/96/173 25/88/174 
f 2/2/175 20/20/176 17/17/177 
f 17/17/178 1/1/179 2/2/180 
f 12/12/181 24/111/182 27/27/183 
f 27/27/184 14/14/185 12/12/186 
f 11/11/187 22/22/188 20/20/189 
f 20/20/190 2/2/191 11/11/192 
f 6/6/193 30/30/194 21/21/195 
f 21/21/196 3/3/197 6/6/198 
f 14/14/199 27/27/200 29/29/201 
f 29/29/202 15/15/203 14/14/204 
f 11/11/205 50/50/206 79/79/207 
f 79/79/208 23/23/209 11/11/210 
f 8/8/211 13/13/212 71/71/213 
f 71/71/214 81/81/215 8/8/216 
f 19/19/217 8/8/218 81/81/219 
f 81/81/220 82/82/221 19/19/222 
f 28/28/223 6/6/224 46/46/225 
f 46/46/226 38/38/227 28/28/228 
f 53/53/229 1/1/230 19/19/231 
f 19/19/232 82/82/233 53/53/234 
f 15/15/235 28/90/236 38/97/237 
f 38/97/238 56/56/239 15/15/240 
f 41/41/241 40/40/242 39/39/243 
f 39/39/244 42/42/245 41/41/246 
f 44/44/247 43/43/248 40/40/249 
f 40/40/250 41/41/251 44/44/252 
f 35/35/253 45/45/254 47/47/255 
f 47/47/256 46/46/257 35/35/258 
f 49/49/259 48/48/260 51/51/261 
f 51/51/262 50/50/263 49/49/264 
f 52/52/265 48/48/266 49/49/267 
f 49/49/268 53/53/269 52/52/270 
f 55/55/271 54/54/272 36/36/273 
f 36/36/274 56/56/275 55/55/276 
f 57/57/277 58/58/278 36/36/279 
f 36/36/280 54/54/281 57/57/282 
f 52/52/283 60/60/284 59/59/285 
f 45/45/286 62/124/287 61/123/288 
f 42/42/289 64/101/290 63/100/291 
f 47/47/292 66/66/293 65/65/294 
f 64/64/295 68/68/296 67/67/297 
f 67/67/298 69/69/299 64/64/300 
f 70/70/301 69/69/302 71/71/303 
f 71/71/304 37/37/305 70/70/306 
f 73/107/307 72/106/308 39/39/309 
f 39/39/310 40/40/311 73/107/312 
f 75/75/313 74/117/314 41/41/315 
f 41/41/316 42/42/317 75/75/318 
f 76/108/319 73/107/320 40/40/321 
f 40/40/322 43/43/323 76/108/324 
f 66/103/325 77/109/326 43/43/327 
f 43/43/328 44/44/329 66/103/330 
f 74/117/331 78/118/332 44/44/333 
f 44/44/334 41/41/335 74/117/336 
f 62/124/337 45/45/338 35/35/339 
f 35/35/340 79/125/341 62/124/342 
f 52/52/343 59/59/344 72/72/345 
f 68/104/346 39/39/347 72/106/348 
f 72/106/349 59/98/350 68/104/351 
f 67/67/352 68/68/353 59/59/354 
f 59/59/355 60/60/356 67/67/357 
f 45/45/358 61/123/359 77/77/360 
f 76/108/361 43/43/362 77/109/363 
f 77/109/364 61/99/365 76/108/366 
f 51/51/367 76/76/368 61/61/369 
f 61/61/370 62/62/371 51/51/372 
f 42/42/373 63/100/374 75/75/375 
f 70/105/376 57/57/377 75/112/378 
f 75/112/379 63/114/380 70/105/381 
f 69/69/382 70/70/383 63/63/384 
f 63/63/385 64/64/386 69/69/387 
f 47/47/388 65/65/389 80/80/390 
f 78/78/391 55/55/392 80/110/393 
f 80/110/394 65/102/395 78/78/396 
f 44/44/397 78/118/398 65/120/399 
f 65/120/400 66/103/401 44/44/402 
f 42/42/403 39/39/404 68/104/405 
f 68/104/406 64/101/407 42/42/408 
f 70/105/409 37/96/410 58/58/411 
f 58/58/412 57/57/413 70/105/414 
f 48/48/415 52/52/416 72/72/417 
f 72/72/418 73/73/419 48/48/420 
f 57/57/421 54/54/422 74/74/423 
f 74/74/424 75/112/425 57/57/426 
f 51/51/427 48/48/428 73/73/429 
f 73/73/430 76/76/431 51/51/432 
f 47/47/433 45/45/434 77/77/435 
f 77/77/436 66/66/437 47/47/438 
f 54/54/439 55/55/440 78/78/441 
f 78/78/442 74/74/443 54/54/444 
f 51/51/445 62/62/446 79/79/447 
f 79/79/448 50/50/449 51/51/450 
f 67/67/451 81/81/452 71/71/453 
f 71/71/454 69/69/455 67/67/456 
f 60/60/457 82/82/458 81/81/459 
f 81/81/460 67/67/461 60/60/462 
f 80/80/463 38/38/464 46/46/465 
f 46/46/466 47/47/467 80/80/468 
f 53/53/469 82/82/470 60/60/471 
f 60/60/472 52/52/473 53/53/474 
f 55/55/475 56/56/476 38/97/477 
f 38/97/478 80/110/479 55/55/480 
# 160 faces

#
# object Rectangle003
#

v  -0.4275 -0.6899 0.0714
v  -0.4279 0.6899 0.0716
v  -0.4494 0.6899 0.0119
v  -0.4479 -0.6899 0.0114
v  -0.4405 0.6899 0.0220
v  -0.4353 0.6899 0.0337
v  -0.4329 0.6899 0.0465
v  -0.4295 0.6899 0.0588
v  -0.4283 -0.6899 0.0583
v  -0.4333 -0.6899 0.0466
v  -0.4362 -0.6899 0.0340
v  -0.4423 -0.6899 0.0227
v  -0.4413 -0.4139 0.0718
v  -0.4467 -0.1380 0.0717
v  -0.4484 0.1380 0.0709
v  -0.4409 0.4139 0.0716
v  -0.4610 0.4139 0.0114
v  -0.4708 0.1380 0.0115
v  -0.4681 -0.1380 0.0119
v  -0.4610 -0.4139 0.0114
v  -0.4416 -0.4139 0.0585
v  -0.4473 -0.1380 0.0585
v  -0.4512 0.1380 0.0585
v  -0.4433 0.4139 0.0591
v  -0.4459 -0.4139 0.0465
v  -0.4513 -0.1380 0.0464
v  -0.4548 0.1380 0.0462
v  -0.4445 0.4139 0.0460
v  -0.4557 0.4139 0.0229
v  -0.4658 0.1380 0.0231
v  -0.4601 -0.1380 0.0224
v  -0.4534 -0.4139 0.0221
v  -0.4502 0.4139 0.0344
v  -0.4612 0.1380 0.0350
v  -0.4532 -0.1380 0.0335
v  -0.4501 -0.4139 0.0344
v  -0.4212 -0.6896 0.0711
v  -0.4216 0.6896 0.0708
v  -0.4446 0.6897 0.0077
v  -0.4423 -0.6897 0.0085
v  -0.4351 0.6896 0.0187
v  -0.4293 0.6896 0.0318
v  -0.4267 0.6896 0.0450
v  -0.4233 0.6896 0.0576
v  -0.4221 -0.6896 0.0569
v  -0.4273 -0.6896 0.0447
v  -0.4303 -0.6896 0.0318
v  -0.4367 -0.6896 0.0198
v  -0.4349 -0.4137 0.0716
v  -0.4404 -0.1379 0.0714
v  -0.4422 0.1379 0.0695
v  -0.4346 0.4137 0.0704
v  -0.4552 0.4137 0.0088
v  -0.4650 0.1379 0.0090
v  -0.4630 -0.1379 0.0081
v  -0.4558 -0.4137 0.0077
v  -0.4354 -0.4137 0.0573
v  -0.4410 -0.1379 0.0573
v  -0.4451 0.1379 0.0569
v  -0.4371 0.4137 0.0583
v  -0.4399 -0.4137 0.0444
v  -0.4451 -0.1379 0.0449
v  -0.4489 0.1379 0.0438
v  -0.4384 0.4137 0.0443
v  -0.4500 0.4137 0.0202
v  -0.4600 0.1379 0.0207
v  -0.4549 -0.1378 0.0188
v  -0.4477 -0.4138 0.0193
v  -0.4445 0.4137 0.0317
v  -0.4555 0.1379 0.0322
v  -0.4473 -0.1379 0.0313
v  -0.4440 -0.4138 0.0326
v  -0.4229 -0.6960 0.0716
v  -0.4229 -0.7175 0.0119
v  -0.4229 -0.7086 0.0220
v  -0.4229 -0.7035 0.0337
v  -0.4229 -0.7010 0.0465
v  -0.4229 -0.6976 0.0588
v  0.4049 -0.7514 0.0717
v  0.1290 -0.7531 0.0709
v  -0.1470 -0.7455 0.0716
v  -0.1470 -0.7656 0.0114
v  0.1290 -0.7755 0.0115
v  0.4049 -0.7727 0.0119
v  0.4049 -0.7519 0.0585
v  0.1290 -0.7558 0.0585
v  -0.1470 -0.7480 0.0591
v  0.4049 -0.7559 0.0464
v  0.1290 -0.7594 0.0462
v  -0.1470 -0.7491 0.0460
v  -0.1470 -0.7604 0.0229
v  0.1290 -0.7705 0.0231
v  0.4049 -0.7648 0.0224
v  -0.1470 -0.7548 0.0344
v  0.1290 -0.7658 0.0350
v  0.4049 -0.7579 0.0335
v  -0.4226 -0.6897 0.0708
v  -0.4227 -0.7128 0.0077
v  -0.4227 -0.7033 0.0187
v  -0.4226 -0.6974 0.0318
v  -0.4226 -0.6948 0.0450
v  -0.4226 -0.6914 0.0576
v  0.4049 -0.7450 0.0714
v  0.1290 -0.7469 0.0695
v  -0.1467 -0.7393 0.0704
v  -0.1467 -0.7598 0.0088
v  0.1291 -0.7696 0.0090
v  0.4048 -0.7676 0.0081
v  0.4048 -0.7457 0.0573
v  0.1290 -0.7497 0.0569
v  -0.1467 -0.7417 0.0583
v  0.4048 -0.7497 0.0449
v  0.1290 -0.7535 0.0438
v  -0.1467 -0.7430 0.0443
v  -0.1467 -0.7546 0.0202
v  0.1290 -0.7646 0.0207
v  0.4048 -0.7595 0.0188
v  -0.1467 -0.7491 0.0317
v  0.1290 -0.7601 0.0322
v  0.4048 -0.7519 0.0313
v  -0.4229 0.6960 0.0716
v  -0.4229 0.7175 0.0119
v  -0.4229 0.7086 0.0220
v  -0.4229 0.7035 0.0337
v  -0.4229 0.7010 0.0465
v  -0.4229 0.6976 0.0588
v  0.4049 0.7496 0.0717
v  0.1290 0.7513 0.0709
v  -0.1470 0.7437 0.0716
v  -0.1470 0.7638 0.0114
v  0.1290 0.7737 0.0115
v  0.4049 0.7710 0.0119
v  0.4049 0.7501 0.0585
v  0.1290 0.7541 0.0585
v  -0.1470 0.7462 0.0591
v  0.4049 0.7541 0.0464
v  0.1290 0.7576 0.0462
v  -0.1470 0.7473 0.0460
v  -0.1470 0.7586 0.0229
v  0.1290 0.7687 0.0231
v  0.4049 0.7630 0.0224
v  -0.1470 0.7530 0.0344
v  0.1290 0.7641 0.0350
v  0.4049 0.7561 0.0335
v  -0.4226 0.6897 0.0708
v  -0.4227 0.7128 0.0077
v  -0.4227 0.7033 0.0187
v  -0.4226 0.6974 0.0318
v  -0.4226 0.6948 0.0450
v  -0.4226 0.6914 0.0576
v  0.4049 0.7433 0.0714
v  0.1290 0.7451 0.0695
v  -0.1467 0.7375 0.0704
v  -0.1467 0.7581 0.0088
v  0.1291 0.7678 0.0090
v  0.4048 0.7659 0.0081
v  0.4048 0.7439 0.0573
v  0.1290 0.7479 0.0569
v  -0.1467 0.7399 0.0583
v  0.4048 0.7480 0.0449
v  0.1290 0.7518 0.0438
v  -0.1467 0.7412 0.0443
v  -0.1467 0.7529 0.0202
v  0.1290 0.7628 0.0207
v  0.4048 0.7578 0.0188
v  -0.1467 0.7473 0.0317
v  0.1290 0.7583 0.0322
v  0.4048 0.7502 0.0313
# 168 vertices

vn -0.9372 -0.0184 0.3483
vn -0.9720 -0.0138 0.2346
vn -0.9221 0.0052 0.3869
vn -0.9221 0.0052 0.3869
vn -0.9022 0.0057 0.4313
vn -0.9372 -0.0184 0.3483
vn -0.9837 -0.0147 0.1792
vn -0.9992 -0.0132 0.0386
vn -0.9762 0.0062 0.2167
vn -0.9762 0.0062 0.2167
vn -0.9684 0.0067 0.2492
vn -0.9837 -0.0147 0.1792
vn -0.9720 -0.0138 0.2346
vn -0.9837 -0.0147 0.1792
vn -0.9684 0.0067 0.2492
vn -0.9684 0.0067 0.2492
vn -0.9221 0.0052 0.3869
vn -0.9720 -0.0138 0.2346
vn -0.9244 0.0107 0.3813
vn -0.9185 0.0126 0.3951
vn -0.7990 -0.0196 0.6010
vn -0.7990 -0.0196 0.6010
vn -0.8245 -0.0220 0.5655
vn -0.9244 0.0107 0.3813
vn -0.9022 0.0057 0.4313
vn -0.9244 0.0107 0.3813
vn -0.8245 -0.0220 0.5655
vn -0.8245 -0.0220 0.5655
vn -0.9372 -0.0184 0.3483
vn -0.9022 0.0057 0.4313
vn -0.8990 0.0393 0.4362
vn -0.9619 0.0408 0.2702
vn -0.9719 0.0464 0.2309
vn -0.9719 0.0464 0.2309
vn -0.9530 0.0528 0.2982
vn -0.8990 0.0393 0.4362
vn -0.9022 0.0057 0.4313
vn -0.9221 0.0052 0.3869
vn -0.9619 0.0408 0.2702
vn -0.9619 0.0408 0.2702
vn -0.8990 0.0393 0.4362
vn -0.9022 0.0057 0.4313
vn -0.9436 -0.0320 0.3296
vn -0.9562 -0.0285 0.2914
vn -0.9347 -0.0450 0.3525
vn -0.9347 -0.0450 0.3525
vn -0.9497 -0.0446 0.3098
vn -0.9436 -0.0320 0.3296
vn -0.9720 -0.0138 0.2346
vn -0.9372 -0.0184 0.3483
vn -0.9562 -0.0285 0.2914
vn -0.9562 -0.0285 0.2914
vn -0.9436 -0.0320 0.3296
vn -0.9720 -0.0138 0.2346
vn -0.9892 0.0402 0.1411
vn -0.9799 0.0368 0.1962
vn -0.9904 0.0498 0.1290
vn -0.9904 0.0498 0.1290
vn -0.9802 0.0452 0.1928
vn -0.9892 0.0402 0.1411
vn -0.9684 0.0067 0.2492
vn -0.9762 0.0062 0.2167
vn -0.9799 0.0368 0.1962
vn -0.9799 0.0368 0.1962
vn -0.9892 0.0402 0.1411
vn -0.9684 0.0067 0.2492
vn -0.9991 -0.0341 0.0266
vn -0.9821 -0.0330 0.1856
vn -0.9722 -0.0479 0.2293
vn -0.9722 -0.0479 0.2293
vn -0.9969 -0.0498 0.0604
vn -0.9991 -0.0341 0.0266
vn -0.9992 -0.0132 0.0386
vn -0.9837 -0.0147 0.1792
vn -0.9821 -0.0330 0.1856
vn -0.9821 -0.0330 0.1856
vn -0.9991 -0.0341 0.0266
vn -0.9992 -0.0132 0.0386
vn -0.9619 0.0408 0.2702
vn -0.9892 0.0402 0.1411
vn -0.9802 0.0452 0.1928
vn -0.9802 0.0452 0.1928
vn -0.9719 0.0464 0.2309
vn -0.9619 0.0408 0.2702
vn -0.9221 0.0052 0.3869
vn -0.9684 0.0067 0.2492
vn -0.9892 0.0402 0.1411
vn -0.9892 0.0402 0.1411
vn -0.9619 0.0408 0.2702
vn -0.9221 0.0052 0.3869
vn -0.9821 -0.0330 0.1856
vn -0.9436 -0.0320 0.3296
vn -0.9497 -0.0446 0.3098
vn -0.9497 -0.0446 0.3098
vn -0.9722 -0.0479 0.2293
vn -0.9821 -0.0330 0.1856
vn -0.9837 -0.0147 0.1792
vn -0.9720 -0.0138 0.2346
vn -0.9436 -0.0320 0.3296
vn -0.9436 -0.0320 0.3296
vn -0.9821 -0.0330 0.1856
vn -0.9837 -0.0147 0.1792
vn -0.9026 -0.0274 0.4295
vn -0.8119 -0.0295 0.5830
vn -0.8942 -0.0349 0.4463
vn -0.8942 -0.0349 0.4463
vn -0.8890 -0.0398 0.4561
vn -0.9026 -0.0274 0.4295
vn -0.8245 -0.0220 0.5655
vn -0.7990 -0.0196 0.6010
vn -0.8119 -0.0295 0.5830
vn -0.8119 -0.0295 0.5830
vn -0.9026 -0.0274 0.4295
vn -0.8245 -0.0220 0.5655
vn -0.9077 0.0417 0.4175
vn -0.9050 0.0417 0.4234
vn -0.8455 0.0419 0.5323
vn -0.8455 0.0419 0.5323
vn -0.7511 0.0303 0.6595
vn -0.9077 0.0417 0.4175
vn -0.9185 0.0126 0.3951
vn -0.9244 0.0107 0.3813
vn -0.9050 0.0417 0.4234
vn -0.9050 0.0417 0.4234
vn -0.9077 0.0417 0.4175
vn -0.9185 0.0126 0.3951
vn -0.9562 -0.0285 0.2914
vn -0.9026 -0.0274 0.4295
vn -0.8890 -0.0398 0.4561
vn -0.8890 -0.0398 0.4561
vn -0.9347 -0.0450 0.3525
vn -0.9562 -0.0285 0.2914
vn -0.9372 -0.0184 0.3483
vn -0.8245 -0.0220 0.5655
vn -0.9026 -0.0274 0.4295
vn -0.9026 -0.0274 0.4295
vn -0.9562 -0.0285 0.2914
vn -0.9372 -0.0184 0.3483
vn -0.9050 0.0417 0.4234
vn -0.8990 0.0393 0.4362
vn -0.9530 0.0528 0.2982
vn -0.9530 0.0528 0.2982
vn -0.8455 0.0419 0.5323
vn -0.9050 0.0417 0.4234
vn -0.9244 0.0107 0.3813
vn -0.9022 0.0057 0.4313
vn -0.8990 0.0393 0.4362
vn -0.8990 0.0393 0.4362
vn -0.9050 0.0417 0.4234
vn -0.9244 0.0107 0.3813
vn 0.9219 -0.0050 -0.3873
vn 0.9714 0.0140 -0.2370
vn 0.9373 0.0185 -0.3480
vn 0.9373 0.0185 -0.3480
vn 0.9030 -0.0058 -0.4297
vn 0.9219 -0.0050 -0.3873
vn 0.9762 -0.0062 -0.2168
vn 0.9990 0.0134 -0.0431
vn 0.9836 0.0148 -0.1798
vn 0.9836 0.0148 -0.1798
vn 0.9680 -0.0066 -0.2507
vn 0.9762 -0.0062 -0.2168
vn 0.9680 -0.0066 -0.2507
vn 0.9836 0.0148 -0.1798
vn 0.9714 0.0140 -0.2370
vn 0.9714 0.0140 -0.2370
vn 0.9219 -0.0050 -0.3873
vn 0.9680 -0.0066 -0.2507
vn 0.7993 0.0199 -0.6006
vn 0.9186 -0.0129 -0.3951
vn 0.9246 -0.0110 -0.3807
vn 0.9246 -0.0110 -0.3807
vn 0.8269 0.0222 -0.5620
vn 0.7993 0.0199 -0.6006
vn 0.8269 0.0222 -0.5620
vn 0.9246 -0.0110 -0.3807
vn 0.9030 -0.0058 -0.4297
vn 0.9030 -0.0058 -0.4297
vn 0.9373 0.0185 -0.3480
vn 0.8269 0.0222 -0.5620
vn 0.9716 -0.0466 -0.2319
vn 0.9620 -0.0409 -0.2699
vn 0.9007 -0.0393 -0.4328
vn 0.9007 -0.0393 -0.4328
vn 0.9524 -0.0529 -0.3001
vn 0.9716 -0.0466 -0.2319
vn 0.9620 -0.0409 -0.2699
vn 0.9219 -0.0050 -0.3873
vn 0.9030 -0.0058 -0.4297
vn 0.9030 -0.0058 -0.4297
vn 0.9007 -0.0393 -0.4328
vn 0.9620 -0.0409 -0.2699
vn 0.9349 0.0452 -0.3519
vn 0.9550 0.0285 -0.2951
vn 0.9445 0.0320 -0.3270
vn 0.9445 0.0320 -0.3270
vn 0.9502 0.0448 -0.3084
vn 0.9349 0.0452 -0.3519
vn 0.9550 0.0285 -0.2951
vn 0.9373 0.0185 -0.3480
vn 0.9714 0.0140 -0.2370
vn 0.9714 0.0140 -0.2370
vn 0.9445 0.0320 -0.3270
vn 0.9550 0.0285 -0.2951
vn 0.9903 -0.0497 -0.1300
vn 0.9797 -0.0368 -0.1969
vn 0.9886 -0.0403 -0.1453
vn 0.9886 -0.0403 -0.1453
vn 0.9802 -0.0452 -0.1929
vn 0.9903 -0.0497 -0.1300
vn 0.9797 -0.0368 -0.1969
vn 0.9762 -0.0062 -0.2168
vn 0.9680 -0.0066 -0.2507
vn 0.9680 -0.0066 -0.2507
vn 0.9886 -0.0403 -0.1453
vn 0.9797 -0.0368 -0.1969
vn 0.9720 0.0480 -0.2301
vn 0.9821 0.0330 -0.1855
vn 0.9989 0.0340 -0.0324
vn 0.9989 0.0340 -0.0324
vn 0.9965 0.0498 -0.0669
vn 0.9720 0.0480 -0.2301
vn 0.9821 0.0330 -0.1855
vn 0.9836 0.0148 -0.1798
vn 0.9990 0.0134 -0.0431
vn 0.9990 0.0134 -0.0431
vn 0.9989 0.0340 -0.0324
vn 0.9821 0.0330 -0.1855
vn 0.9802 -0.0452 -0.1929
vn 0.9886 -0.0403 -0.1453
vn 0.9620 -0.0409 -0.2699
vn 0.9620 -0.0409 -0.2699
vn 0.9716 -0.0466 -0.2319
vn 0.9802 -0.0452 -0.1929
vn 0.9886 -0.0403 -0.1453
vn 0.9680 -0.0066 -0.2507
vn 0.9219 -0.0050 -0.3873
vn 0.9219 -0.0050 -0.3873
vn 0.9620 -0.0409 -0.2699
vn 0.9886 -0.0403 -0.1453
vn 0.9502 0.0448 -0.3084
vn 0.9445 0.0320 -0.3270
vn 0.9821 0.0330 -0.1855
vn 0.9821 0.0330 -0.1855
vn 0.9720 0.0480 -0.2301
vn 0.9502 0.0448 -0.3084
vn 0.9445 0.0320 -0.3270
vn 0.9714 0.0140 -0.2370
vn 0.9836 0.0148 -0.1798
vn 0.9836 0.0148 -0.1798
vn 0.9821 0.0330 -0.1855
vn 0.9445 0.0320 -0.3270
vn 0.8942 0.0349 -0.4464
vn 0.8160 0.0293 -0.5773
vn 0.9026 0.0272 -0.4296
vn 0.9026 0.0272 -0.4296
vn 0.8901 0.0399 -0.4541
vn 0.8942 0.0349 -0.4464
vn 0.8160 0.0293 -0.5773
vn 0.7993 0.0199 -0.6006
vn 0.8269 0.0222 -0.5620
vn 0.8269 0.0222 -0.5620
vn 0.9026 0.0272 -0.4296
vn 0.8160 0.0293 -0.5773
vn 0.8460 -0.0423 -0.5315
vn 0.9050 -0.0416 -0.4234
vn 0.9076 -0.0416 -0.4177
vn 0.9076 -0.0416 -0.4177
vn 0.7547 -0.0314 -0.6553
vn 0.8460 -0.0423 -0.5315
vn 0.9050 -0.0416 -0.4234
vn 0.9246 -0.0110 -0.3807
vn 0.9186 -0.0129 -0.3951
vn 0.9186 -0.0129 -0.3951
vn 0.9076 -0.0416 -0.4177
vn 0.9050 -0.0416 -0.4234
vn 0.8901 0.0399 -0.4541
vn 0.9026 0.0272 -0.4296
vn 0.9550 0.0285 -0.2951
vn 0.9550 0.0285 -0.2951
vn 0.9349 0.0452 -0.3519
vn 0.8901 0.0399 -0.4541
vn 0.9026 0.0272 -0.4296
vn 0.8269 0.0222 -0.5620
vn 0.9373 0.0185 -0.3480
vn 0.9373 0.0185 -0.3480
vn 0.9550 0.0285 -0.2951
vn 0.9026 0.0272 -0.4296
vn 0.9524 -0.0529 -0.3001
vn 0.9007 -0.0393 -0.4328
vn 0.9050 -0.0416 -0.4234
vn 0.9050 -0.0416 -0.4234
vn 0.8460 -0.0423 -0.5315
vn 0.9524 -0.0529 -0.3001
vn 0.9007 -0.0393 -0.4328
vn 0.9030 -0.0058 -0.4297
vn 0.9246 -0.0110 -0.3807
vn 0.9246 -0.0110 -0.3807
vn 0.9050 -0.0416 -0.4234
vn 0.9007 -0.0393 -0.4328
vn 0.0399 0.0023 0.9992
vn 0.2166 -0.0002 0.9763
vn 0.2154 -0.0002 0.9765
vn 0.2154 -0.0002 0.9765
vn 0.0385 0.0023 0.9993
vn 0.0399 0.0023 0.9992
vn -0.3967 0.0040 -0.9180
vn -0.6009 -0.0078 -0.7993
vn -0.5996 -0.0079 -0.8002
vn -0.5996 -0.0079 -0.8002
vn -0.3953 0.0040 -0.9186
vn -0.3967 0.0040 -0.9180
vn 0.0459 0.9989 -0.0114
vn 0.0488 0.9987 -0.0160
vn 0.0491 0.9987 -0.0167
vn 0.0491 0.9987 -0.0167
vn 0.0450 0.9989 -0.0107
vn 0.0459 0.9989 -0.0114
vn 0.0425 -0.9990 -0.0147
vn 0.0430 -0.9990 -0.0139
vn 0.0425 -0.9990 -0.0140
vn 0.0425 -0.9990 -0.0140
vn 0.0418 -0.9990 -0.0146
vn 0.0425 -0.9990 -0.0147
vn 0.0482 0.9988 -0.0056
vn 0.0447 0.9990 -0.0079
vn 0.0451 0.9989 -0.0082
vn 0.0451 0.9989 -0.0082
vn 0.0494 0.9988 -0.0063
vn 0.0482 0.9988 -0.0056
vn 0.1955 -0.0088 0.9807
vn 0.1288 -0.0075 0.9916
vn 0.1298 -0.0075 0.9915
vn 0.1298 -0.0075 0.9915
vn 0.1961 -0.0088 0.9805
vn 0.1955 -0.0088 0.9807
vn 0.2166 -0.0002 0.9763
vn 0.1955 -0.0088 0.9807
vn 0.1961 -0.0088 0.9805
vn 0.1961 -0.0088 0.9805
vn 0.2154 -0.0002 0.9765
vn 0.2166 -0.0002 0.9763
vn 0.0470 -0.9988 -0.0101
vn 0.0498 -0.9988 -0.0025
vn 0.0494 -0.9988 -0.0026
vn 0.0494 -0.9988 -0.0026
vn 0.0463 -0.9989 -0.0102
vn 0.0470 -0.9988 -0.0101
vn 0.0599 0.0018 0.9982
vn 0.0267 0.0001 0.9996
vn 0.0268 0.0001 0.9996
vn 0.0268 0.0001 0.9996
vn 0.0604 0.0018 0.9982
vn 0.0599 0.0018 0.9982
vn 0.0267 0.0001 0.9996
vn 0.0399 0.0023 0.9992
vn 0.0385 0.0023 0.9993
vn 0.0385 0.0023 0.9993
vn 0.0268 0.0001 0.9996
vn 0.0267 0.0001 0.9996
vn 0.0447 0.9990 -0.0079
vn 0.0459 0.9989 -0.0114
vn 0.0450 0.9989 -0.0107
vn 0.0450 0.9989 -0.0107
vn 0.0451 0.9989 -0.0082
vn 0.0447 0.9990 -0.0079
vn 0.0430 -0.9990 -0.0139
vn 0.0470 -0.9988 -0.0101
vn 0.0463 -0.9989 -0.0102
vn 0.0463 -0.9989 -0.0102
vn 0.0425 -0.9990 -0.0140
vn 0.0430 -0.9990 -0.0139
vn 0.0330 -0.9993 -0.0154
vn 0.0367 -0.9992 -0.0172
vn 0.0351 -0.9992 -0.0172
vn 0.0351 -0.9992 -0.0172
vn 0.0313 -0.9994 -0.0155
vn 0.0330 -0.9993 -0.0154
vn -0.5817 -0.0207 -0.8131
vn -0.4457 -0.0245 -0.8949
vn -0.4477 -0.0246 -0.8938
vn -0.4477 -0.0246 -0.8938
vn -0.5828 -0.0207 -0.8124
vn -0.5817 -0.0207 -0.8131
vn -0.6009 -0.0078 -0.7993
vn -0.5817 -0.0207 -0.8131
vn -0.5828 -0.0207 -0.8124
vn -0.5828 -0.0207 -0.8124
vn -0.5996 -0.0079 -0.8002
vn -0.6009 -0.0078 -0.7993
vn 0.0358 0.9992 -0.0188
vn 0.0262 0.9995 -0.0160
vn 0.0277 0.9994 -0.0191
vn 0.0277 0.9994 -0.0191
vn 0.0375 0.9991 -0.0217
vn 0.0358 0.9992 -0.0188
vn -0.6557 0.0286 -0.7544
vn -0.4172 0.0135 -0.9087
vn -0.4192 0.0137 -0.9078
vn -0.4192 0.0137 -0.9078
vn -0.6589 0.0289 -0.7517
vn -0.6557 0.0286 -0.7544
vn -0.4172 0.0135 -0.9087
vn -0.3967 0.0040 -0.9180
vn -0.3953 0.0040 -0.9186
vn -0.3953 0.0040 -0.9186
vn -0.4192 0.0137 -0.9078
vn -0.4172 0.0135 -0.9087
vn 0.0367 -0.9992 -0.0172
vn 0.0425 -0.9990 -0.0147
vn 0.0418 -0.9990 -0.0146
vn 0.0418 -0.9990 -0.0146
vn 0.0351 -0.9992 -0.0172
vn 0.0367 -0.9992 -0.0172
vn 0.0488 0.9987 -0.0160
vn 0.0358 0.9992 -0.0188
vn 0.0375 0.9991 -0.0217
vn 0.0375 0.9991 -0.0217
vn 0.0491 0.9987 -0.0167
vn 0.0488 0.9987 -0.0160
vn -0.0052 -0.9221 0.3869
vn -0.0057 -0.9022 0.4313
vn 0.0205 -0.9357 0.3521
vn 0.0205 -0.9357 0.3521
vn 0.0131 -0.9723 0.2333
vn -0.0052 -0.9221 0.3869
vn -0.0062 -0.9762 0.2167
vn -0.0067 -0.9684 0.2492
vn 0.0100 -0.9836 0.1800
vn 0.0100 -0.9836 0.1800
vn 0.0059 -0.9992 0.0388
vn -0.0062 -0.9762 0.2167
vn -0.0067 -0.9684 0.2492
vn -0.0052 -0.9221 0.3869
vn 0.0131 -0.9723 0.2333
vn 0.0131 -0.9723 0.2333
vn 0.0100 -0.9836 0.1800
vn -0.0067 -0.9684 0.2492
vn 0.0177 -0.8011 0.5983
vn 0.0226 -0.8253 0.5643
vn -0.0107 -0.9244 0.3813
vn -0.0107 -0.9244 0.3813
vn -0.0126 -0.9185 0.3951
vn 0.0177 -0.8011 0.5983
vn 0.0226 -0.8253 0.5643
vn 0.0205 -0.9357 0.3521
vn -0.0057 -0.9022 0.4313
vn -0.0057 -0.9022 0.4313
vn -0.0107 -0.9244 0.3813
vn 0.0226 -0.8253 0.5643
vn -0.1724 -0.9582 0.2283
vn -0.1764 -0.9402 0.2914
vn -0.0981 -0.8954 0.4344
vn -0.0981 -0.8954 0.4344
vn -0.1041 -0.9569 0.2710
vn -0.1724 -0.9582 0.2283
vn -0.1041 -0.9569 0.2710
vn -0.0981 -0.8954 0.4344
vn -0.0057 -0.9022 0.4313
vn -0.0057 -0.9022 0.4313
vn -0.0052 -0.9221 0.3869
vn -0.1041 -0.9569 0.2710
vn -0.1781 -0.9758 0.1271
vn -0.1726 -0.9667 0.1891
vn -0.1044 -0.9846 0.1402
vn -0.1044 -0.9846 0.1402
vn -0.1016 -0.9755 0.1953
vn -0.1781 -0.9758 0.1271
vn -0.1016 -0.9755 0.1953
vn -0.1044 -0.9846 0.1402
vn -0.0067 -0.9684 0.2492
vn -0.0067 -0.9684 0.2492
vn -0.0062 -0.9762 0.2167
vn -0.1016 -0.9755 0.1953
vn -0.1726 -0.9667 0.1891
vn -0.1724 -0.9582 0.2283
vn -0.1041 -0.9569 0.2710
vn -0.1041 -0.9569 0.2710
vn -0.1044 -0.9846 0.1402
vn -0.1726 -0.9667 0.1891
vn -0.1044 -0.9846 0.1402
vn -0.1041 -0.9569 0.2710
vn -0.0052 -0.9221 0.3869
vn -0.0052 -0.9221 0.3869
vn -0.0067 -0.9684 0.2492
vn -0.1044 -0.9846 0.1402
vn -0.1530 -0.8397 0.5211
vn -0.1286 -0.7452 0.6543
vn -0.0988 -0.9041 0.4158
vn -0.0988 -0.9041 0.4158
vn -0.1007 -0.9013 0.4214
vn -0.1530 -0.8397 0.5211
vn -0.1007 -0.9013 0.4214
vn -0.0988 -0.9041 0.4158
vn -0.0126 -0.9185 0.3951
vn -0.0126 -0.9185 0.3951
vn -0.0107 -0.9244 0.3813
vn -0.1007 -0.9013 0.4214
vn -0.1764 -0.9402 0.2914
vn -0.1530 -0.8397 0.5211
vn -0.1007 -0.9013 0.4214
vn -0.1007 -0.9013 0.4214
vn -0.0981 -0.8954 0.4344
vn -0.1764 -0.9402 0.2914
vn -0.0981 -0.8954 0.4344
vn -0.1007 -0.9013 0.4214
vn -0.0107 -0.9244 0.3813
vn -0.0107 -0.9244 0.3813
vn -0.0057 -0.9022 0.4313
vn -0.0981 -0.8954 0.4344
vn -0.0206 0.9360 -0.3514
vn 0.0058 0.9030 -0.4297
vn 0.0050 0.9219 -0.3873
vn 0.0050 0.9219 -0.3873
vn -0.0133 0.9717 -0.2359
vn -0.0206 0.9360 -0.3514
vn -0.0101 0.9835 -0.1806
vn 0.0066 0.9680 -0.2507
vn 0.0062 0.9762 -0.2168
vn 0.0062 0.9762 -0.2168
vn -0.0063 0.9990 -0.0433
vn -0.0101 0.9835 -0.1806
vn -0.0133 0.9717 -0.2359
vn 0.0050 0.9219 -0.3873
vn 0.0066 0.9680 -0.2507
vn 0.0066 0.9680 -0.2507
vn -0.0101 0.9835 -0.1806
vn -0.0133 0.9717 -0.2359
vn 0.0110 0.9246 -0.3807
vn -0.0228 0.8276 -0.5608
vn -0.0184 0.8014 -0.5978
vn -0.0184 0.8014 -0.5978
vn 0.0129 0.9186 -0.3951
vn 0.0110 0.9246 -0.3807
vn 0.0058 0.9030 -0.4297
vn -0.0206 0.9360 -0.3514
vn -0.0228 0.8276 -0.5608
vn -0.0228 0.8276 -0.5608
vn 0.0110 0.9246 -0.3807
vn 0.0058 0.9030 -0.4297
vn 0.0982 0.8970 -0.4310
vn 0.1765 0.9396 -0.2933
vn 0.1726 0.9580 -0.2290
vn 0.1726 0.9580 -0.2290
vn 0.1042 0.9570 -0.2707
vn 0.0982 0.8970 -0.4310
vn 0.0058 0.9030 -0.4297
vn 0.0982 0.8970 -0.4310
vn 0.1042 0.9570 -0.2707
vn 0.1042 0.9570 -0.2707
vn 0.0050 0.9219 -0.3873
vn 0.0058 0.9030 -0.4297
vn 0.1044 0.9840 -0.1443
vn 0.1726 0.9666 -0.1893
vn 0.1781 0.9756 -0.1283
vn 0.1781 0.9756 -0.1283
vn 0.1017 0.9753 -0.1960
vn 0.1044 0.9840 -0.1443
vn 0.0066 0.9680 -0.2507
vn 0.1044 0.9840 -0.1443
vn 0.1017 0.9753 -0.1960
vn 0.1017 0.9753 -0.1960
vn 0.0062 0.9762 -0.2168
vn 0.0066 0.9680 -0.2507
vn 0.1042 0.9570 -0.2707
vn 0.1726 0.9580 -0.2290
vn 0.1726 0.9666 -0.1893
vn 0.1726 0.9666 -0.1893
vn 0.1044 0.9840 -0.1443
vn 0.1042 0.9570 -0.2707
vn 0.0050 0.9219 -0.3873
vn 0.1042 0.9570 -0.2707
vn 0.1044 0.9840 -0.1443
vn 0.1044 0.9840 -0.1443
vn 0.0066 0.9680 -0.2507
vn 0.0050 0.9219 -0.3873
vn 0.0989 0.9040 -0.4160
vn 0.1301 0.7483 -0.6505
vn 0.1533 0.8398 -0.5209
vn 0.1533 0.8398 -0.5209
vn 0.1006 0.9013 -0.4214
vn 0.0989 0.9040 -0.4160
vn 0.0129 0.9186 -0.3951
vn 0.0989 0.9040 -0.4160
vn 0.1006 0.9013 -0.4214
vn 0.1006 0.9013 -0.4214
vn 0.0110 0.9246 -0.3807
vn 0.0129 0.9186 -0.3951
vn 0.1006 0.9013 -0.4214
vn 0.1533 0.8398 -0.5209
vn 0.1765 0.9396 -0.2933
vn 0.1765 0.9396 -0.2933
vn 0.0982 0.8970 -0.4310
vn 0.1006 0.9013 -0.4214
vn 0.0110 0.9246 -0.3807
vn 0.1006 0.9013 -0.4214
vn 0.0982 0.8970 -0.4310
vn 0.0982 0.8970 -0.4310
vn 0.0058 0.9030 -0.4297
vn 0.0110 0.9246 -0.3807
vn 0.0002 0.2154 0.9765
vn -0.0031 0.0386 0.9992
vn -0.0032 0.0412 0.9991
vn -0.0032 0.0412 0.9991
vn 0.0002 0.2166 0.9763
vn 0.0002 0.2154 0.9765
vn 0.0018 -0.5983 -0.8012
vn -0.0040 -0.3953 -0.9186
vn -0.0040 -0.3967 -0.9180
vn -0.0040 -0.3967 -0.9180
vn 0.0017 -0.6011 -0.7992
vn 0.0018 -0.5983 -0.8012
vn -0.9987 0.0491 -0.0167
vn -0.9989 0.0450 -0.0107
vn -0.9989 0.0459 -0.0114
vn -0.9989 0.0459 -0.0114
vn -0.9987 0.0488 -0.0160
vn -0.9987 0.0491 -0.0167
vn -0.9989 0.0451 -0.0082
vn -0.9988 0.0494 -0.0063
vn -0.9988 0.0482 -0.0056
vn -0.9988 0.0482 -0.0056
vn -0.9990 0.0447 -0.0079
vn -0.9989 0.0451 -0.0082
vn 0.0245 0.1288 0.9914
vn 0.0211 0.1957 0.9804
vn 0.0221 0.1950 0.9806
vn 0.0221 0.1950 0.9806
vn 0.0243 0.1279 0.9915
vn 0.0245 0.1288 0.9914
vn 0.0211 0.1957 0.9804
vn 0.0002 0.2154 0.9765
vn 0.0002 0.2166 0.9763
vn 0.0002 0.2166 0.9763
vn 0.0221 0.1950 0.9806
vn 0.0211 0.1957 0.9804
vn -0.9989 0.0450 -0.0107
vn -0.9989 0.0451 -0.0082
vn -0.9990 0.0447 -0.0079
vn -0.9990 0.0447 -0.0079
vn -0.9989 0.0459 -0.0114
vn -0.9989 0.0450 -0.0107
vn -0.9994 0.0277 -0.0191
vn -0.9991 0.0375 -0.0217
vn -0.9992 0.0358 -0.0188
vn -0.9992 0.0358 -0.0188
vn -0.9995 0.0262 -0.0160
vn -0.9994 0.0277 -0.0191
vn -0.0404 -0.4180 -0.9076
vn -0.1150 -0.6528 -0.7487
vn -0.1143 -0.6496 -0.7516
vn -0.1143 -0.6496 -0.7516
vn -0.0417 -0.4158 -0.9085
vn -0.0404 -0.4180 -0.9076
vn -0.0040 -0.3953 -0.9186
vn -0.0404 -0.4180 -0.9076
vn -0.0417 -0.4158 -0.9085
vn -0.0417 -0.4158 -0.9085
vn -0.0040 -0.3967 -0.9180
vn -0.0040 -0.3953 -0.9186
vn -0.9991 0.0375 -0.0217
vn -0.9987 0.0491 -0.0167
vn -0.9987 0.0488 -0.0160
vn -0.9987 0.0488 -0.0160
vn -0.9992 0.0358 -0.0188
vn -0.9991 0.0375 -0.0217
vn 0.9999 0.0143 -0.0011
vn 0.9999 0.0147 -0.0013
vn 0.9999 0.0136 -0.0007
vn 0.9999 0.0136 -0.0007
vn 0.9999 0.0132 -0.0005
vn 0.9999 0.0143 -0.0011
vn 0.9999 0.0139 -0.0042
vn 0.9999 0.0132 -0.0044
vn 0.9999 0.0135 -0.0043
vn 0.9999 0.0135 -0.0043
vn 0.9999 0.0142 -0.0042
vn 0.9999 0.0139 -0.0042
vn 0.9999 0.0167 -0.0043
vn 0.9998 0.0178 -0.0050
vn 0.9999 0.0149 -0.0029
vn 0.9999 0.0149 -0.0029
vn 0.9999 0.0137 -0.0021
vn 0.9999 0.0167 -0.0043
vn 0.9998 0.0163 -0.0114
vn 0.9998 0.0187 -0.0116
vn 0.9998 0.0178 -0.0115
vn 0.9998 0.0178 -0.0115
vn 0.9998 0.0154 -0.0113
vn 0.9998 0.0163 -0.0114
vn 0.9998 0.0175 -0.0122
vn 0.9998 0.0156 -0.0118
vn 0.9998 0.0163 -0.0120
vn 0.9998 0.0163 -0.0120
vn 0.9998 0.0182 -0.0123
vn 0.9998 0.0175 -0.0122
vn 0.0052 -0.9221 -0.3869
vn 0.0057 -0.9022 -0.4313
vn -0.0205 -0.9357 -0.3521
vn -0.0205 -0.9357 -0.3521
vn -0.0131 -0.9723 -0.2333
vn 0.0052 -0.9221 -0.3869
vn 0.0062 -0.9762 -0.2167
vn 0.0067 -0.9684 -0.2492
vn -0.0100 -0.9836 -0.1800
vn -0.0100 -0.9836 -0.1800
vn -0.0059 -0.9992 -0.0388
vn 0.0062 -0.9762 -0.2167
vn 0.0067 -0.9684 -0.2492
vn 0.0052 -0.9221 -0.3869
vn -0.0131 -0.9723 -0.2333
vn -0.0131 -0.9723 -0.2333
vn -0.0100 -0.9836 -0.1800
vn 0.0067 -0.9684 -0.2492
vn -0.0177 -0.8011 -0.5983
vn -0.0226 -0.8253 -0.5643
vn 0.0107 -0.9244 -0.3813
vn 0.0107 -0.9244 -0.3813
vn 0.0126 -0.9185 -0.3951
vn -0.0177 -0.8011 -0.5983
vn -0.0226 -0.8253 -0.5643
vn -0.0205 -0.9357 -0.3521
vn 0.0057 -0.9022 -0.4313
vn 0.0057 -0.9022 -0.4313
vn 0.0107 -0.9244 -0.3813
vn -0.0226 -0.8253 -0.5643
vn 0.1664 -0.9592 -0.2285
vn 0.1705 -0.9411 -0.2918
vn 0.0953 -0.8956 -0.4345
vn 0.0953 -0.8956 -0.4345
vn 0.1011 -0.9573 -0.2710
vn 0.1664 -0.9592 -0.2285
vn 0.1011 -0.9573 -0.2710
vn 0.0953 -0.8956 -0.4345
vn 0.0057 -0.9022 -0.4313
vn 0.0057 -0.9022 -0.4313
vn 0.0052 -0.9221 -0.3869
vn 0.1011 -0.9573 -0.2710
vn 0.1721 -0.9768 -0.1272
vn 0.1666 -0.9677 -0.1893
vn 0.1013 -0.9849 -0.1402
vn 0.1013 -0.9849 -0.1402
vn 0.0985 -0.9758 -0.1954
vn 0.1721 -0.9768 -0.1272
vn 0.0985 -0.9758 -0.1954
vn 0.1013 -0.9849 -0.1402
vn 0.0067 -0.9684 -0.2492
vn 0.0067 -0.9684 -0.2492
vn 0.0062 -0.9762 -0.2167
vn 0.0985 -0.9758 -0.1954
vn 0.1666 -0.9677 -0.1893
vn 0.1664 -0.9592 -0.2285
vn 0.1011 -0.9573 -0.2710
vn 0.1011 -0.9573 -0.2710
vn 0.1013 -0.9849 -0.1402
vn 0.1666 -0.9677 -0.1893
vn 0.1013 -0.9849 -0.1402
vn 0.1011 -0.9573 -0.2710
vn 0.0052 -0.9221 -0.3869
vn 0.0052 -0.9221 -0.3869
vn 0.0067 -0.9684 -0.2492
vn 0.1013 -0.9849 -0.1402
vn 0.1477 -0.8402 -0.5218
vn 0.1239 -0.7456 -0.6547
vn 0.0962 -0.9043 -0.4159
vn 0.0962 -0.9043 -0.4159
vn 0.0979 -0.9015 -0.4215
vn 0.1477 -0.8402 -0.5218
vn 0.0979 -0.9015 -0.4215
vn 0.0962 -0.9043 -0.4159
vn 0.0126 -0.9185 -0.3951
vn 0.0126 -0.9185 -0.3951
vn 0.0107 -0.9244 -0.3813
vn 0.0979 -0.9015 -0.4215
vn 0.1705 -0.9411 -0.2918
vn 0.1477 -0.8402 -0.5218
vn 0.0979 -0.9015 -0.4215
vn 0.0979 -0.9015 -0.4215
vn 0.0953 -0.8956 -0.4345
vn 0.1705 -0.9411 -0.2918
vn 0.0953 -0.8956 -0.4345
vn 0.0979 -0.9015 -0.4215
vn 0.0107 -0.9244 -0.3813
vn 0.0107 -0.9244 -0.3813
vn 0.0057 -0.9022 -0.4313
vn 0.0953 -0.8956 -0.4345
vn 0.0206 0.9360 0.3514
vn -0.0058 0.9030 0.4297
vn -0.0050 0.9219 0.3873
vn -0.0050 0.9219 0.3873
vn 0.0133 0.9717 0.2359
vn 0.0206 0.9360 0.3514
vn 0.0101 0.9835 0.1806
vn -0.0066 0.9680 0.2507
vn -0.0062 0.9762 0.2168
vn -0.0062 0.9762 0.2168
vn 0.0063 0.9990 0.0433
vn 0.0101 0.9835 0.1806
vn 0.0133 0.9717 0.2359
vn -0.0050 0.9219 0.3873
vn -0.0066 0.9680 0.2507
vn -0.0066 0.9680 0.2507
vn 0.0101 0.9835 0.1806
vn 0.0133 0.9717 0.2359
vn -0.0110 0.9246 0.3807
vn 0.0228 0.8276 0.5608
vn 0.0184 0.8014 0.5978
vn 0.0184 0.8014 0.5978
vn -0.0129 0.9186 0.3951
vn -0.0110 0.9246 0.3807
vn -0.0058 0.9030 0.4297
vn 0.0206 0.9360 0.3514
vn 0.0228 0.8276 0.5608
vn 0.0228 0.8276 0.5608
vn -0.0110 0.9246 0.3807
vn -0.0058 0.9030 0.4297
vn -0.0954 0.8972 0.4311
vn -0.1707 0.9405 0.2937
vn -0.1667 0.9590 0.2293
vn -0.1667 0.9590 0.2293
vn -0.1012 0.9573 0.2706
vn -0.0954 0.8972 0.4311
vn -0.0058 0.9030 0.4297
vn -0.0954 0.8972 0.4311
vn -0.1012 0.9573 0.2706
vn -0.1012 0.9573 0.2706
vn -0.0050 0.9219 0.3873
vn -0.0058 0.9030 0.4297
vn -0.1014 0.9843 0.1443
vn -0.1665 0.9677 0.1895
vn -0.1720 0.9767 0.1284
vn -0.1720 0.9767 0.1284
vn -0.0986 0.9756 0.1960
vn -0.1014 0.9843 0.1443
vn -0.0066 0.9680 0.2507
vn -0.1014 0.9843 0.1443
vn -0.0986 0.9756 0.1960
vn -0.0986 0.9756 0.1960
vn -0.0062 0.9762 0.2168
vn -0.0066 0.9680 0.2507
vn -0.1012 0.9573 0.2706
vn -0.1667 0.9590 0.2293
vn -0.1665 0.9677 0.1895
vn -0.1665 0.9677 0.1895
vn -0.1014 0.9843 0.1443
vn -0.1012 0.9573 0.2706
vn -0.0050 0.9219 0.3873
vn -0.1012 0.9573 0.2706
vn -0.1014 0.9843 0.1443
vn -0.1014 0.9843 0.1443
vn -0.0066 0.9680 0.2507
vn -0.0050 0.9219 0.3873
vn -0.0962 0.9042 0.4161
vn -0.1254 0.7488 0.6508
vn -0.1480 0.8403 0.5215
vn -0.1480 0.8403 0.5215
vn -0.0978 0.9015 0.4215
vn -0.0962 0.9042 0.4161
vn -0.0129 0.9186 0.3951
vn -0.0962 0.9042 0.4161
vn -0.0978 0.9015 0.4215
vn -0.0978 0.9015 0.4215
vn -0.0110 0.9246 0.3807
vn -0.0129 0.9186 0.3951
vn -0.0978 0.9015 0.4215
vn -0.1480 0.8403 0.5215
vn -0.1707 0.9405 0.2937
vn -0.1707 0.9405 0.2937
vn -0.0954 0.8972 0.4311
vn -0.0978 0.9015 0.4215
vn -0.0110 0.9246 0.3807
vn -0.0978 0.9015 0.4215
vn -0.0954 0.8972 0.4311
vn -0.0954 0.8972 0.4311
vn -0.0058 0.9030 0.4297
vn -0.0110 0.9246 0.3807
vn -0.0002 0.2154 -0.9765
vn 0.0031 0.0386 -0.9993
vn 0.0032 0.0412 -0.9991
vn 0.0032 0.0412 -0.9991
vn -0.0002 0.2166 -0.9763
vn -0.0002 0.2154 -0.9765
vn -0.0018 -0.5983 0.8012
vn 0.0040 -0.3953 0.9186
vn 0.0040 -0.3967 0.9180
vn 0.0040 -0.3967 0.9180
vn -0.0017 -0.6011 0.7992
vn -0.0018 -0.5983 0.8012
vn 0.9987 0.0491 0.0167
vn 0.9989 0.0450 0.0107
vn 0.9989 0.0459 0.0114
vn 0.9989 0.0459 0.0114
vn 0.9987 0.0488 0.0160
vn 0.9987 0.0491 0.0167
vn 0.9989 0.0451 0.0082
vn 0.9988 0.0494 0.0063
vn 0.9988 0.0482 0.0056
vn 0.9988 0.0482 0.0056
vn 0.9990 0.0447 0.0079
vn 0.9989 0.0451 0.0082
vn -0.0237 0.1288 -0.9914
vn -0.0205 0.1957 -0.9805
vn -0.0214 0.1950 -0.9806
vn -0.0214 0.1950 -0.9806
vn -0.0235 0.1279 -0.9915
vn -0.0237 0.1288 -0.9914
vn -0.0205 0.1957 -0.9805
vn -0.0002 0.2154 -0.9765
vn -0.0002 0.2166 -0.9763
vn -0.0002 0.2166 -0.9763
vn -0.0214 0.1950 -0.9806
vn -0.0205 0.1957 -0.9805
vn 0.9989 0.0450 0.0107
vn 0.9989 0.0451 0.0082
vn 0.9990 0.0447 0.0079
vn 0.9990 0.0447 0.0079
vn 0.9989 0.0459 0.0114
vn 0.9989 0.0450 0.0107
vn 0.9994 0.0277 0.0191
vn 0.9991 0.0375 0.0217
vn 0.9992 0.0358 0.0188
vn 0.9992 0.0358 0.0188
vn 0.9995 0.0262 0.0160
vn 0.9994 0.0277 0.0191
vn 0.0391 -0.4180 0.9076
vn 0.1109 -0.6532 0.7490
vn 0.1102 -0.6500 0.7519
vn 0.1102 -0.6500 0.7519
vn 0.0403 -0.4159 0.9085
vn 0.0391 -0.4180 0.9076
vn 0.0040 -0.3953 0.9186
vn 0.0391 -0.4180 0.9076
vn 0.0403 -0.4159 0.9085
vn 0.0403 -0.4159 0.9085
vn 0.0040 -0.3967 0.9180
vn 0.0040 -0.3953 0.9186
vn 0.9991 0.0375 0.0217
vn 0.9987 0.0491 0.0167
vn 0.9987 0.0488 0.0160
vn 0.9987 0.0488 0.0160
vn 0.9992 0.0358 0.0188
vn 0.9991 0.0375 0.0217
vn -0.9999 0.0143 0.0011
vn -0.9999 0.0147 0.0013
vn -0.9999 0.0136 0.0007
vn -0.9999 0.0136 0.0007
vn -0.9999 0.0132 0.0005
vn -0.9999 0.0143 0.0011
vn -0.9999 0.0139 0.0042
vn -0.9999 0.0132 0.0043
vn -0.9999 0.0135 0.0043
vn -0.9999 0.0135 0.0043
vn -0.9999 0.0142 0.0042
vn -0.9999 0.0139 0.0042
vn -0.9999 0.0167 0.0043
vn -0.9998 0.0178 0.0050
vn -0.9999 0.0149 0.0029
vn -0.9999 0.0149 0.0029
vn -0.9999 0.0137 0.0021
vn -0.9999 0.0167 0.0043
vn -0.9998 0.0163 0.0114
vn -0.9998 0.0187 0.0117
vn -0.9998 0.0178 0.0115
vn -0.9998 0.0178 0.0115
vn -0.9998 0.0154 0.0113
vn -0.9998 0.0163 0.0114
vn -0.9998 0.0175 0.0122
vn -0.9998 0.0156 0.0118
vn -0.9998 0.0163 0.0120
vn -0.9998 0.0163 0.0120
vn -0.9998 0.0182 0.0123
vn -0.9998 0.0175 0.0122
# 972 vertex normals

g Rectangle003
usemtl Material__7381
s 16
f 117//481 108//482 109//483 
f 109//484 116//485 117//486 
f 104//487 96//488 97//489 
f 97//490 105//491 104//492 
f 108//493 104//494 105//495 
f 105//496 109//497 108//498 
f 112//499 100//500 101//501 
f 101//502 113//503 112//504 
f 116//505 112//506 113//507 
f 113//508 117//509 116//510 
f 115//511 110//512 89//513 
f 89//514 88//515 115//516 
f 116//517 109//518 110//519 
f 110//520 115//521 116//522 
f 107//523 118//524 93//525 
f 93//526 92//527 107//528 
f 108//529 117//530 118//531 
f 118//532 107//533 108//534 
f 106//535 98//536 84//537 
f 84//538 90//539 106//540 
f 105//541 97//542 98//543 
f 98//544 106//545 105//546 
f 95//547 103//548 91//549 
f 91//550 83//551 95//552 
f 96//553 104//554 103//555 
f 103//556 95//557 96//558 
f 110//559 106//560 90//561 
f 90//562 89//563 110//564 
f 109//565 105//566 106//567 
f 106//568 110//569 109//570 
f 103//571 107//572 92//573 
f 92//574 91//575 103//576 
f 104//577 108//578 107//579 
f 107//580 103//581 104//582 
f 114//583 102//584 86//585 
f 86//586 94//587 114//588 
f 113//589 101//590 102//591 
f 102//592 114//593 113//594 
f 99//595 111//596 87//597 
f 87//598 85//599 99//600 
f 100//601 112//602 111//603 
f 111//604 99//605 100//606 
f 118//607 114//608 94//609 
f 94//610 93//611 118//612 
f 117//613 113//614 114//615 
f 114//616 118//617 117//618 
f 111//619 115//620 88//621 
f 88//622 87//623 111//624 
f 112//625 116//626 115//627 
f 115//628 111//629 112//630 
f 145//631 144//632 153//633 
f 153//634 152//635 145//636 
f 133//637 132//638 140//639 
f 140//640 141//641 133//642 
f 141//643 140//644 144//645 
f 144//646 145//647 141//648 
f 137//649 136//650 148//651 
f 148//652 149//653 137//654 
f 149//655 148//656 152//657 
f 152//658 153//659 149//660 
f 125//661 146//662 151//663 
f 151//664 124//665 125//666 
f 146//667 145//668 152//669 
f 152//670 151//671 146//672 
f 129//673 154//674 143//675 
f 143//676 128//677 129//678 
f 154//679 153//680 144//681 
f 144//682 143//683 154//684 
f 120//685 134//686 142//687 
f 142//688 126//689 120//690 
f 134//691 133//692 141//693 
f 141//694 142//695 134//696 
f 127//697 139//698 131//699 
f 131//700 119//701 127//702 
f 139//703 140//704 132//705 
f 132//706 131//707 139//708 
f 126//709 142//710 146//711 
f 146//712 125//713 126//714 
f 142//715 141//716 145//717 
f 145//718 146//719 142//720 
f 128//721 143//722 139//723 
f 139//724 127//725 128//726 
f 143//727 144//728 140//729 
f 140//730 139//731 143//732 
f 122//733 138//734 150//735 
f 150//736 130//737 122//738 
f 138//739 137//740 149//741 
f 149//742 150//743 138//744 
f 123//745 147//746 135//747 
f 135//748 121//749 123//750 
f 147//751 148//752 136//753 
f 136//754 135//755 147//756 
f 130//757 150//758 154//759 
f 154//760 129//761 130//762 
f 150//763 149//764 153//765 
f 153//766 154//767 150//768 
f 124//769 151//770 147//771 
f 147//772 123//773 124//774 
f 151//775 152//776 148//777 
f 148//778 147//779 151//780 
s 1
f 132//781 133//782 97//783 
f 97//784 96//785 132//786 
f 136//787 137//788 101//789 
f 101//790 100//791 136//792 
s 2
f 125//793 124//794 88//795 
f 88//796 89//797 125//798 
f 129//799 128//800 92//801 
f 92//802 93//803 129//804 
f 120//805 126//806 90//807 
f 90//808 84//809 120//810 
s 1
f 134//811 120//812 84//813 
f 84//814 98//815 134//816 
f 133//817 134//818 98//819 
f 98//820 97//821 133//822 
s 2
f 127//823 119//824 83//825 
f 83//826 91//827 127//828 
s 1
f 119//829 131//830 95//831 
f 95//832 83//833 119//834 
f 131//835 132//836 96//837 
f 96//838 95//839 131//840 
s 2
f 126//841 125//842 89//843 
f 89//844 90//845 126//846 
f 128//847 127//848 91//849 
f 91//850 92//851 128//852 
f 122//853 130//854 94//855 
f 94//856 86//857 122//858 
s 1
f 138//859 122//860 86//861 
f 86//862 102//863 138//864 
f 137//865 138//866 102//867 
f 102//868 101//869 137//870 
s 2
f 123//871 121//872 85//873 
f 85//874 87//875 123//876 
s 1
f 121//877 135//878 99//879 
f 99//880 85//881 121//882 
f 135//883 136//884 100//885 
f 100//886 99//887 135//888 
s 2
f 130//889 129//890 93//891 
f 93//892 94//893 130//894 
f 124//895 123//896 87//897 
f 87//898 88//899 124//900 
s 16
f 171//901 177//902 178//903 
f 178//904 170//905 171//906 
f 162//907 168//908 167//909 
f 167//910 161//911 162//912 
f 168//913 171//914 170//915 
f 170//916 167//917 168//918 
f 166//919 175//920 174//921 
f 174//922 165//923 166//924 
f 175//925 178//926 177//927 
f 177//928 174//929 175//930 
f 159//931 158//932 176//933 
f 176//934 172//935 159//936 
f 172//937 176//938 177//939 
f 177//940 171//941 172//942 
f 155//943 160//944 169//945 
f 169//946 163//947 155//948 
f 163//949 169//950 168//951 
f 168//952 162//953 163//954 
f 160//955 159//956 172//957 
f 172//958 169//959 160//960 
f 169//961 172//962 171//963 
f 171//964 168//965 169//966 
f 157//967 156//968 164//969 
f 164//970 173//971 157//972 
f 173//973 164//974 165//975 
f 165//976 174//977 173//978 
f 158//979 157//980 173//981 
f 173//982 176//983 158//984 
f 176//985 173//986 174//987 
f 174//988 177//989 176//990 
f 202//991 201//992 195//993 
f 195//994 194//995 202//996 
f 191//997 192//998 186//999 
f 186//1000 185//1001 191//1002 
f 194//1003 195//1004 192//1005 
f 192//1006 191//1007 194//1008 
f 198//1009 199//1010 190//1011 
f 190//1012 189//1013 198//1014 
f 201//1015 202//1016 199//1017 
f 199//1018 198//1019 201//1020 
f 200//1021 182//1022 183//1023 
f 183//1024 196//1025 200//1026 
f 201//1027 200//1028 196//1029 
f 196//1030 195//1031 201//1032 
f 193//1033 184//1034 179//1035 
f 179//1036 187//1037 193//1038 
f 192//1039 193//1040 187//1041 
f 187//1042 186//1043 192//1044 
f 196//1045 183//1046 184//1047 
f 184//1048 193//1049 196//1050 
f 195//1051 196//1052 193//1053 
f 193//1054 192//1055 195//1056 
f 188//1057 180//1058 181//1059 
f 181//1060 197//1061 188//1062 
f 189//1063 188//1064 197//1065 
f 197//1066 198//1067 189//1068 
f 197//1069 181//1070 182//1071 
f 182//1072 200//1073 197//1074 
f 198//1075 197//1076 200//1077 
f 200//1078 201//1079 198//1080 
s 1
f 162//1081 161//1082 185//1083 
f 185//1084 186//1085 162//1086 
f 166//1087 165//1088 189//1089 
f 189//1090 190//1091 166//1092 
s 2
f 158//1093 159//1094 183//1095 
f 183//1096 182//1097 158//1098 
f 160//1099 155//1100 179//1101 
f 179//1102 184//1103 160//1104 
s 1
f 155//1105 163//1106 187//1107 
f 187//1108 179//1109 155//1110 
f 163//1111 162//1112 186//1113 
f 186//1114 187//1115 163//1116 
s 2
f 159//1117 160//1118 184//1119 
f 184//1120 183//1121 159//1122 
f 156//1123 157//1124 181//1125 
f 181//1126 180//1127 156//1128 
s 1
f 164//1129 156//1130 180//1131 
f 180//1132 188//1133 164//1134 
f 165//1135 164//1136 188//1137 
f 188//1138 189//1139 165//1140 
s 2
f 157//1141 158//1142 182//1143 
f 182//1144 181//1145 157//1146 
f 167//1147 191//1148 185//1149 
f 185//1150 161//1151 167//1152 
s 1
f 167//1153 170//1154 194//1155 
f 194//1156 191//1157 167//1158 
s 2
f 178//1159 202//1160 194//1161 
f 194//1162 170//1163 178//1164 
s 1
f 178//1165 175//1166 199//1167 
f 199//1168 202//1169 178//1170 
s 2
f 175//1171 166//1172 190//1173 
f 190//1174 199//1175 175//1176 
s 16
f 219//1177 225//1178 226//1179 
f 226//1180 218//1181 219//1182 
f 210//1183 216//1184 215//1185 
f 215//1186 209//1187 210//1188 
f 216//1189 219//1190 218//1191 
f 218//1192 215//1193 216//1194 
f 214//1195 223//1196 222//1197 
f 222//1198 213//1199 214//1200 
f 223//1201 226//1202 225//1203 
f 225//1204 222//1205 223//1206 
f 207//1207 206//1208 224//1209 
f 224//1210 220//1211 207//1212 
f 220//1213 224//1214 225//1215 
f 225//1216 219//1217 220//1218 
f 203//1219 208//1220 217//1221 
f 217//1222 211//1223 203//1224 
f 211//1225 217//1226 216//1227 
f 216//1228 210//1229 211//1230 
f 208//1231 207//1232 220//1233 
f 220//1234 217//1235 208//1236 
f 217//1237 220//1238 219//1239 
f 219//1240 216//1241 217//1242 
f 205//1243 204//1244 212//1245 
f 212//1246 221//1247 205//1248 
f 221//1249 212//1250 213//1251 
f 213//1252 222//1253 221//1254 
f 206//1255 205//1256 221//1257 
f 221//1258 224//1259 206//1260 
f 224//1261 221//1262 222//1263 
f 222//1264 225//1265 224//1266 
f 250//1267 249//1268 243//1269 
f 243//1270 242//1271 250//1272 
f 239//1273 240//1274 234//1275 
f 234//1276 233//1277 239//1278 
f 242//1279 243//1280 240//1281 
f 240//1282 239//1283 242//1284 
f 246//1285 247//1286 238//1287 
f 238//1288 237//1289 246//1290 
f 249//1291 250//1292 247//1293 
f 247//1294 246//1295 249//1296 
f 248//1297 230//1298 231//1299 
f 231//1300 244//1301 248//1302 
f 249//1303 248//1304 244//1305 
f 244//1306 243//1307 249//1308 
f 241//1309 232//1310 227//1311 
f 227//1312 235//1313 241//1314 
f 240//1315 241//1316 235//1317 
f 235//1318 234//1319 240//1320 
f 244//1321 231//1322 232//1323 
f 232//1324 241//1325 244//1326 
f 243//1327 244//1328 241//1329 
f 241//1330 240//1331 243//1332 
f 236//1333 228//1334 229//1335 
f 229//1336 245//1337 236//1338 
f 237//1339 236//1340 245//1341 
f 245//1342 246//1343 237//1344 
f 245//1345 229//1346 230//1347 
f 230//1348 248//1349 245//1350 
f 246//1351 245//1352 248//1353 
f 248//1354 249//1355 246//1356 
s 1
f 210//1357 209//1358 233//1359 
f 233//1360 234//1361 210//1362 
f 214//1363 213//1364 237//1365 
f 237//1366 238//1367 214//1368 
s 2
f 206//1369 207//1370 231//1371 
f 231//1372 230//1373 206//1374 
f 208//1375 203//1376 227//1377 
f 227//1378 232//1379 208//1380 
s 1
f 203//1381 211//1382 235//1383 
f 235//1384 227//1385 203//1386 
f 211//1387 210//1388 234//1389 
f 234//1390 235//1391 211//1392 
s 2
f 207//1393 208//1394 232//1395 
f 232//1396 231//1397 207//1398 
f 204//1399 205//1400 229//1401 
f 229//1402 228//1403 204//1404 
s 1
f 212//1405 204//1406 228//1407 
f 228//1408 236//1409 212//1410 
f 213//1411 212//1412 236//1413 
f 236//1414 237//1415 213//1416 
s 2
f 205//1417 206//1418 230//1419 
f 230//1420 229//1421 205//1422 
f 215//1423 239//1424 233//1425 
f 233//1426 209//1427 215//1428 
s 1
f 215//1429 218//1430 242//1431 
f 242//1432 239//1433 215//1434 
s 2
f 226//1435 250//1436 242//1437 
f 242//1438 218//1439 226//1440 
s 1
f 226//1441 223//1442 247//1443 
f 247//1444 250//1445 226//1446 
s 2
f 223//1447 214//1448 238//1449 
f 238//1450 247//1451 223//1452 
# 324 faces

#
# object Plane002
#

v  0.5237 0.6240 0.0594
v  0.4972 0.6240 0.1266
v  0.5595 0.6240 0.1002
v  0.5118 0.6240 0.1599
v  0.5622 0.6240 0.0299
v  0.5981 0.6240 0.0708
v  0.5118 0.6098 0.1599
v  0.5595 0.6098 0.1002
v  0.5981 0.6098 0.0708
v  0.5622 0.6098 0.0299
v  0.5237 0.6098 0.0594
v  0.4972 0.6098 0.1266
v  0.5595 -0.6098 0.1002
v  0.5237 -0.6098 0.0594
v  0.4972 -0.6098 0.1266
v  0.5118 -0.6098 0.1599
v  0.5981 -0.6098 0.0708
v  0.5622 -0.6098 0.0299
v  0.5118 -0.6240 0.1599
v  0.5595 -0.6240 0.1002
v  0.5981 -0.6240 0.0708
v  0.5622 -0.6240 0.0299
v  0.5237 -0.6240 0.0594
v  0.4972 -0.6240 0.1266
v  3.0263 -0.2316 0.0155
v  3.0263 -0.2124 0.0487
v  3.0263 -0.1932 0.0155
v  0.0731 -0.2316 0.0155
v  0.0731 -0.2124 0.0487
v  0.0731 -0.1932 0.0155
v  3.0263 0.2316 0.0155
v  3.0263 0.2124 0.0487
v  0.0731 0.2124 0.0487
v  0.0731 0.2316 0.0155
v  3.0263 0.1932 0.0155
v  0.0731 0.1932 0.0155
v  0.4997 -0.1915 0.5894
v  0.5329 -0.2107 0.5894
v  0.4997 -0.2299 0.5894
v  0.4997 -0.1915 0.0261
v  0.5329 -0.2107 0.0261
v  0.4997 -0.2299 0.0261
v  0.4997 -0.6362 0.5894
v  0.5329 -0.6554 0.5894
v  0.5329 -0.6554 0.1538
v  0.4997 -0.6362 0.1538
v  0.4997 -0.6746 0.5894
v  0.4997 -0.6746 0.1538
v  0.4997 -0.2005 0.7888
v  0.5329 -0.2086 0.8062
v  0.5329 -0.6625 0.5828
v  0.4997 -0.6544 0.5654
v  0.4997 -0.2168 0.8236
v  0.4997 -0.6706 0.6002
v  0.5027 -0.6360 0.5735
v  0.5187 -0.6516 0.6047
v  1.4059 -0.2093 0.0470
v  1.3900 -0.1937 0.0158
v  0.5127 -0.6731 0.5735
v  1.3999 -0.2308 0.0158
v  0.4997 0.1915 0.5894
v  0.5329 0.2107 0.5894
v  0.5329 0.2107 0.0261
v  0.4997 0.1915 0.0261
v  0.4997 0.2299 0.5894
v  0.4997 0.2299 0.0261
v  0.4997 0.6362 0.5894
v  0.5329 0.6554 0.5894
v  0.5329 0.6554 0.1538
v  0.4997 0.6362 0.1538
v  0.4997 0.6746 0.5894
v  0.4997 0.6746 0.1538
v  0.4997 0.2005 0.7888
v  0.5329 0.2086 0.8062
v  0.5329 0.6625 0.5828
v  0.4997 0.6544 0.5654
v  0.4997 0.2168 0.8236
v  0.4997 0.6706 0.6002
v  0.5027 0.6360 0.5735
v  0.5187 0.6516 0.6047
v  1.4059 0.2093 0.0470
v  1.3900 0.1937 0.0158
v  0.5127 0.6731 0.5735
v  1.3999 0.2308 0.0158
v  0.4997 -0.6741 0.1678
v  0.5329 -0.6741 0.1486
v  0.4997 -0.6741 0.1294
v  0.4997 0.6741 0.1678
v  0.5329 0.6741 0.1486
v  0.4997 0.6741 0.1294
v  0.5021 -0.2127 0.0434
v  0.5256 -0.2127 0.0298
v  0.5021 -0.2127 0.0162
v  0.5021 0.2127 0.0434
v  0.5256 0.2127 0.0298
v  0.5021 0.2127 0.0162
v  0.8581 -0.2127 0.0434
v  0.8816 -0.2127 0.0298
v  0.8581 -0.2127 0.0162
v  0.8581 0.2127 0.0434
v  0.8816 0.2127 0.0298
v  0.8581 0.2127 0.0162
v  1.2141 -0.2127 0.0434
v  1.2376 -0.2127 0.0298
v  1.2141 -0.2127 0.0162
v  1.2141 0.2127 0.0434
v  1.2376 0.2127 0.0298
v  1.2141 0.2127 0.0162
v  1.5701 -0.2127 0.0434
v  1.5936 -0.2127 0.0298
v  1.5701 -0.2127 0.0162
v  1.5701 0.2127 0.0434
v  1.5936 0.2127 0.0298
v  1.5701 0.2127 0.0162
v  1.9261 -0.2127 0.0434
v  1.9496 -0.2127 0.0298
v  1.9261 -0.2127 0.0162
v  1.9261 0.2127 0.0434
v  1.9496 0.2127 0.0298
v  1.9261 0.2127 0.0162
v  1.3904 -0.2316 0.0157
v  1.4213 -0.2124 0.0487
v  1.3904 -0.1932 0.0157
v  0.4838 -0.2316 0.8133
v  0.5004 -0.2124 0.8421
v  0.4838 -0.1932 0.8133
v  1.3904 0.2316 0.0157
v  1.4213 0.2124 0.0487
v  0.5004 0.2124 0.8421
v  0.4838 0.2316 0.8133
v  1.3904 0.1932 0.0157
v  0.4838 0.1932 0.8133
v  0.4997 -0.6741 0.6022
v  0.5329 -0.6741 0.5830
v  0.4997 -0.6741 0.5638
v  0.4997 0.6741 0.6022
v  0.5329 0.6741 0.5830
v  0.4997 0.6741 0.5638
v  0.4911 0.6299 0.0657
v  0.4988 0.6299 0.0965
v  0.5198 0.6299 0.1203
v  0.5496 0.6299 0.1316
v  0.5811 0.6299 0.1278
v  0.6073 0.6299 0.1097
v  0.6221 0.6299 0.0815
v  0.6221 0.6299 0.0498
v  0.6073 0.6299 0.0216
v  0.5811 0.6299 0.0035
v  0.5496 0.6299 -0.0003
v  0.5198 0.6299 0.0110
v  0.4988 0.6299 0.0348
v  0.4911 0.6768 0.0657
v  0.4988 0.6768 0.0965
v  0.5198 0.6768 0.1203
v  0.5496 0.6768 0.1316
v  0.5811 0.6768 0.1278
v  0.6073 0.6768 0.1097
v  0.6221 0.6768 0.0815
v  0.6221 0.6768 0.0498
v  0.6073 0.6768 0.0216
v  0.5811 0.6768 0.0035
v  0.5496 0.6768 -0.0003
v  0.5198 0.6768 0.0110
v  0.4988 0.6768 0.0348
v  0.5121 0.6299 0.0895
v  0.5063 0.6299 0.0657
v  0.5121 0.6299 0.0418
v  0.5284 0.6299 0.0234
v  0.5514 0.6299 0.0147
v  0.5758 0.6299 0.0177
v  0.5960 0.6299 0.0316
v  0.6074 0.6299 0.0534
v  0.6074 0.6299 0.0779
v  0.5960 0.6299 0.0997
v  0.5758 0.6299 0.1136
v  0.5514 0.6299 0.1166
v  0.5284 0.6299 0.1079
v  0.5063 0.6768 0.0657
v  0.5121 0.6768 0.0895
v  0.5284 0.6768 0.1079
v  0.5514 0.6768 0.1166
v  0.5758 0.6768 0.1136
v  0.5960 0.6768 0.0997
v  0.6074 0.6768 0.0779
v  0.6074 0.6768 0.0534
v  0.5960 0.6768 0.0316
v  0.5758 0.6768 0.0177
v  0.5514 0.6768 0.0147
v  0.5284 0.6768 0.0234
v  0.5121 0.6768 0.0418
v  0.5317 0.6427 0.0792
v  0.5283 0.6427 0.0657
v  0.5317 0.6427 0.0521
v  0.5410 0.6427 0.0416
v  0.5540 0.6427 0.0366
v  0.5679 0.6427 0.0383
v  0.5794 0.6427 0.0463
v  0.5860 0.6427 0.0587
v  0.5860 0.6427 0.0726
v  0.5794 0.6427 0.0850
v  0.5679 0.6427 0.0930
v  0.5540 0.6427 0.0947
v  0.5410 0.6427 0.0897
v  0.5283 0.6640 0.0657
v  0.5317 0.6640 0.0792
v  0.5410 0.6640 0.0897
v  0.5540 0.6640 0.0947
v  0.5679 0.6640 0.0930
v  0.5794 0.6640 0.0850
v  0.5860 0.6640 0.0726
v  0.5860 0.6640 0.0587
v  0.5794 0.6640 0.0463
v  0.5679 0.6640 0.0383
v  0.5540 0.6640 0.0366
v  0.5410 0.6640 0.0416
v  0.5317 0.6640 0.0521
v  0.5317 0.6293 0.0792
v  0.5283 0.6293 0.0657
v  0.5317 0.6293 0.0521
v  0.5410 0.6293 0.0416
v  0.5540 0.6293 0.0366
v  0.5679 0.6293 0.0383
v  0.5794 0.6293 0.0463
v  0.5860 0.6293 0.0587
v  0.5860 0.6293 0.0726
v  0.5794 0.6293 0.0850
v  0.5679 0.6293 0.0930
v  0.5540 0.6293 0.0947
v  0.5410 0.6293 0.0897
v  0.5283 0.6774 0.0657
v  0.5317 0.6774 0.0792
v  0.5410 0.6774 0.0897
v  0.5540 0.6774 0.0947
v  0.5679 0.6774 0.0930
v  0.5794 0.6774 0.0850
v  0.5860 0.6774 0.0726
v  0.5860 0.6774 0.0587
v  0.5794 0.6774 0.0463
v  0.5679 0.6774 0.0383
v  0.5540 0.6774 0.0366
v  0.5410 0.6774 0.0416
v  0.5317 0.6774 0.0521
v  0.5576 0.6774 0.0657
v  0.5576 0.6293 0.0657
v  0.4911 -0.6299 0.0657
v  0.4988 -0.6299 0.0965
v  0.4988 -0.6768 0.0965
v  0.4911 -0.6768 0.0657
v  0.5198 -0.6299 0.1203
v  0.5198 -0.6768 0.1203
v  0.5496 -0.6299 0.1316
v  0.5496 -0.6768 0.1316
v  0.5811 -0.6299 0.1278
v  0.5811 -0.6768 0.1278
v  0.6073 -0.6299 0.1097
v  0.6073 -0.6768 0.1097
v  0.6221 -0.6299 0.0815
v  0.6221 -0.6768 0.0815
v  0.6221 -0.6299 0.0498
v  0.6221 -0.6768 0.0498
v  0.6073 -0.6299 0.0216
v  0.6073 -0.6768 0.0216
v  0.5811 -0.6299 0.0035
v  0.5811 -0.6768 0.0035
v  0.5496 -0.6299 -0.0003
v  0.5496 -0.6768 -0.0003
v  0.5198 -0.6299 0.0110
v  0.5198 -0.6768 0.0110
v  0.4988 -0.6299 0.0348
v  0.4988 -0.6768 0.0348
v  0.5063 -0.6299 0.0657
v  0.5121 -0.6299 0.0895
v  0.5121 -0.6299 0.0418
v  0.5284 -0.6299 0.0234
v  0.5514 -0.6299 0.0147
v  0.5758 -0.6299 0.0177
v  0.5960 -0.6299 0.0316
v  0.6074 -0.6299 0.0534
v  0.6074 -0.6299 0.0779
v  0.5960 -0.6299 0.0997
v  0.5758 -0.6299 0.1136
v  0.5514 -0.6299 0.1166
v  0.5284 -0.6299 0.1079
v  0.5121 -0.6768 0.0895
v  0.5063 -0.6768 0.0657
v  0.5284 -0.6768 0.1079
v  0.5514 -0.6768 0.1166
v  0.5758 -0.6768 0.1136
v  0.5960 -0.6768 0.0997
v  0.6074 -0.6768 0.0779
v  0.6074 -0.6768 0.0534
v  0.5960 -0.6768 0.0316
v  0.5758 -0.6768 0.0177
v  0.5514 -0.6768 0.0147
v  0.5284 -0.6768 0.0234
v  0.5121 -0.6768 0.0418
v  0.5283 -0.6427 0.0657
v  0.5317 -0.6427 0.0792
v  0.5317 -0.6427 0.0521
v  0.5410 -0.6427 0.0416
v  0.5540 -0.6427 0.0366
v  0.5679 -0.6427 0.0383
v  0.5794 -0.6427 0.0463
v  0.5860 -0.6427 0.0587
v  0.5860 -0.6427 0.0726
v  0.5794 -0.6427 0.0850
v  0.5679 -0.6427 0.0930
v  0.5540 -0.6427 0.0947
v  0.5410 -0.6427 0.0897
v  0.5317 -0.6640 0.0792
v  0.5283 -0.6640 0.0657
v  0.5410 -0.6640 0.0897
v  0.5540 -0.6640 0.0947
v  0.5679 -0.6640 0.0930
v  0.5794 -0.6640 0.0850
v  0.5860 -0.6640 0.0726
v  0.5860 -0.6640 0.0587
v  0.5794 -0.6640 0.0463
v  0.5679 -0.6640 0.0383
v  0.5540 -0.6640 0.0366
v  0.5410 -0.6640 0.0416
v  0.5317 -0.6640 0.0521
v  0.5283 -0.6293 0.0657
v  0.5317 -0.6293 0.0792
v  0.5317 -0.6293 0.0521
v  0.5410 -0.6293 0.0416
v  0.5540 -0.6293 0.0366
v  0.5679 -0.6293 0.0383
v  0.5794 -0.6293 0.0463
v  0.5860 -0.6293 0.0587
v  0.5860 -0.6293 0.0726
v  0.5794 -0.6293 0.0850
v  0.5679 -0.6293 0.0930
v  0.5540 -0.6293 0.0947
v  0.5410 -0.6293 0.0897
v  0.5317 -0.6774 0.0792
v  0.5283 -0.6774 0.0657
v  0.5410 -0.6774 0.0897
v  0.5540 -0.6774 0.0947
v  0.5679 -0.6774 0.0930
v  0.5794 -0.6774 0.0850
v  0.5860 -0.6774 0.0726
v  0.5860 -0.6774 0.0587
v  0.5794 -0.6774 0.0463
v  0.5679 -0.6774 0.0383
v  0.5540 -0.6774 0.0366
v  0.5410 -0.6774 0.0416
v  0.5317 -0.6774 0.0521
v  0.5576 -0.6774 0.0657
v  0.5576 -0.6293 0.0657
v  0.5039 -0.6465 0.8767
v  0.5224 -0.6465 0.9212
v  0.5668 -0.6465 0.9396
v  0.6113 -0.6465 0.9212
v  0.6297 -0.6465 0.8767
v  0.6113 -0.6465 0.8323
v  0.5668 -0.6465 0.8138
v  0.5224 -0.6465 0.8323
v  0.5039 0.6465 0.8767
v  0.5224 0.6465 0.9212
v  0.5668 0.6465 0.9396
v  0.6113 0.6465 0.9212
v  0.6297 0.6465 0.8767
v  0.6113 0.6465 0.8323
v  0.5668 0.6465 0.8138
v  0.5224 0.6465 0.8323
v  0.5668 -0.6465 0.8767
v  0.5668 0.6465 0.8767
v  0.4997 -0.2127 0.8273
v  0.5329 -0.2127 0.8081
v  0.4997 -0.2127 0.7889
v  0.4997 0.2127 0.8273
v  0.5329 0.2127 0.8081
v  0.4997 0.2127 0.7889
v  2.2883 -0.2127 0.0434
v  2.3118 -0.2127 0.0298
v  2.3118 0.2127 0.0298
v  2.2883 0.2127 0.0434
v  2.2883 -0.2127 0.0162
v  2.2883 0.2127 0.0162
v  2.6443 -0.2127 0.0434
v  2.6678 -0.2127 0.0298
v  2.6678 0.2127 0.0298
v  2.6443 0.2127 0.0434
v  2.6443 -0.2127 0.0162
v  2.6443 0.2127 0.0162
v  3.0003 -0.2127 0.0434
v  3.0238 -0.2127 0.0298
v  3.0238 0.2127 0.0298
v  3.0003 0.2127 0.0434
v  3.0003 -0.2127 0.0162
v  3.0003 0.2127 0.0162
# 392 vertices

vn 0.0000 1.0000 0.0000
vn 0.0000 1.0000 0.0000
vn 0.0000 1.0000 0.0000
vn 0.0000 1.0000 0.0000
vn 0.0000 1.0000 0.0000
vn 0.0000 1.0000 0.0000
vn 0.0000 1.0000 0.0000
vn 0.0000 1.0000 0.0000
vn 0.0000 1.0000 0.0000
vn 0.0000 1.0000 0.0000
vn 0.0000 1.0000 0.0000
vn 0.0000 1.0000 0.0000
vn -0.7808 0.0000 -0.6248
vn -0.7808 0.0000 -0.6248
vn -0.7808 0.0000 -0.6248
vn -0.7808 0.0000 -0.6248
vn -0.7808 0.0000 -0.6248
vn -0.7808 0.0000 -0.6248
vn -0.6068 0.0000 -0.7949
vn -0.6068 0.0000 -0.7949
vn -0.6068 0.0000 -0.7949
vn -0.6068 0.0000 -0.7949
vn -0.6068 0.0000 -0.7949
vn -0.6068 0.0000 -0.7949
vn -0.7512 0.0000 0.6601
vn -0.7512 0.0000 0.6601
vn -0.7512 0.0000 0.6601
vn -0.7512 0.0000 0.6601
vn -0.7512 0.0000 0.6601
vn -0.7512 0.0000 0.6601
vn 0.6068 -0.0000 0.7949
vn 0.6068 -0.0000 0.7949
vn 0.6068 -0.0000 0.7949
vn 0.6068 -0.0000 0.7949
vn 0.6068 -0.0000 0.7949
vn 0.6068 -0.0000 0.7949
vn 0.9304 -0.0000 0.3665
vn 0.9304 -0.0000 0.3665
vn 0.9304 -0.0000 0.3665
vn 0.9304 -0.0000 0.3665
vn 0.9304 -0.0000 0.3665
vn 0.9304 -0.0000 0.3665
vn 0.9164 -0.0000 -0.4003
vn 0.9164 -0.0000 -0.4003
vn 0.9164 -0.0000 -0.4003
vn 0.9164 -0.0000 -0.4003
vn 0.9164 -0.0000 -0.4003
vn 0.9164 -0.0000 -0.4003
vn -0.0000 -1.0000 0.0000
vn -0.0000 -1.0000 0.0000
vn -0.0000 -1.0000 0.0000
vn -0.0000 -1.0000 0.0000
vn -0.0000 -1.0000 0.0000
vn -0.0000 -1.0000 0.0000
vn -0.0000 -1.0000 0.0000
vn -0.0000 -1.0000 0.0000
vn -0.0000 -1.0000 0.0000
vn -0.0000 -1.0000 0.0000
vn -0.0000 -1.0000 0.0000
vn -0.0000 -1.0000 0.0000
vn -0.0000 -1.0000 0.0000
vn -0.0000 -1.0000 0.0000
vn -0.0000 -1.0000 0.0000
vn -0.0000 -1.0000 0.0000
vn -0.0000 -1.0000 0.0000
vn -0.0000 -1.0000 0.0000
vn -0.0000 -1.0000 0.0000
vn -0.0000 -1.0000 0.0000
vn -0.0000 -1.0000 0.0000
vn -0.0000 -1.0000 0.0000
vn -0.0000 -1.0000 0.0000
vn -0.0000 -1.0000 0.0000
vn -0.7808 0.0000 -0.6248
vn -0.7808 0.0000 -0.6248
vn -0.7808 0.0000 -0.6248
vn -0.7808 0.0000 -0.6248
vn -0.7808 0.0000 -0.6248
vn -0.7808 0.0000 -0.6248
vn -0.6068 0.0000 -0.7949
vn -0.6068 0.0000 -0.7949
vn -0.6068 0.0000 -0.7949
vn -0.6068 0.0000 -0.7949
vn -0.6068 0.0000 -0.7949
vn -0.6068 0.0000 -0.7949
vn -0.7512 0.0000 0.6601
vn -0.7512 0.0000 0.6601
vn -0.7512 0.0000 0.6601
vn -0.7512 0.0000 0.6601
vn -0.7512 0.0000 0.6601
vn -0.7512 0.0000 0.6601
vn 0.6068 -0.0000 0.7949
vn 0.6068 -0.0000 0.7949
vn 0.6068 -0.0000 0.7949
vn 0.6068 -0.0000 0.7949
vn 0.6068 -0.0000 0.7949
vn 0.6068 -0.0000 0.7949
vn 0.9304 -0.0000 0.3665
vn 0.9304 -0.0000 0.3665
vn 0.9304 -0.0000 0.3665
vn 0.9304 -0.0000 0.3665
vn 0.9304 -0.0000 0.3665
vn 0.9304 -0.0000 0.3665
vn 0.9164 -0.0000 -0.4003
vn 0.9164 -0.0000 -0.4003
vn 0.9164 -0.0000 -0.4003
vn 0.9164 -0.0000 -0.4003
vn 0.9164 -0.0000 -0.4003
vn 0.9164 -0.0000 -0.4003
vn 0.0000 1.0000 0.0000
vn 0.0000 1.0000 0.0000
vn 0.0000 1.0000 0.0000
vn 0.0000 1.0000 0.0000
vn 0.0000 1.0000 0.0000
vn 0.0000 1.0000 0.0000
vn 0.0000 1.0000 0.0000
vn 0.0000 1.0000 0.0000
vn 0.0000 1.0000 0.0000
vn 0.0000 1.0000 0.0000
vn 0.0000 1.0000 0.0000
vn 0.0000 1.0000 0.0000
vn 0.0000 -0.8660 -0.5000
vn 0.0000 0.0000 1.0000
vn 0.0000 -0.0000 1.0000
vn 0.0000 -0.0000 1.0000
vn 0.0000 -0.8660 -0.5000
vn 0.0000 -0.8660 -0.5000
vn 0.0000 0.0000 1.0000
vn -0.0000 0.8660 -0.5000
vn -0.0000 0.8660 -0.5000
vn -0.0000 0.8660 -0.5000
vn 0.0000 -0.0000 1.0000
vn 0.0000 0.0000 1.0000
vn -0.0000 0.8660 -0.5000
vn 0.0000 -0.8660 -0.5000
vn 0.0000 -0.8660 -0.5000
vn 0.0000 -0.8660 -0.5000
vn -0.0000 0.8660 -0.5000
vn -0.0000 0.8660 -0.5000
vn 1.0000 -0.0000 0.0000
vn 1.0000 -0.0000 0.0000
vn 1.0000 -0.0000 0.0000
vn -1.0000 0.0000 -0.0000
vn -1.0000 0.0000 -0.0000
vn -1.0000 0.0000 -0.0000
vn -0.0000 0.8660 -0.5000
vn -0.0000 0.8660 -0.5000
vn 0.0000 -0.0000 1.0000
vn 0.0000 -0.0000 1.0000
vn 0.0000 -0.0000 1.0000
vn -0.0000 0.8660 -0.5000
vn 0.0000 -0.0000 1.0000
vn 0.0000 -0.0000 1.0000
vn -0.0000 -0.8660 -0.5000
vn -0.0000 -0.8660 -0.5000
vn -0.0000 -0.8660 -0.5000
vn 0.0000 -0.0000 1.0000
vn -0.0000 -0.8660 -0.5000
vn -0.0000 -0.8660 -0.5000
vn -0.0000 0.8660 -0.5000
vn -0.0000 0.8660 -0.5000
vn -0.0000 0.8660 -0.5000
vn -0.0000 -0.8660 -0.5000
vn 1.0000 -0.0000 0.0000
vn 1.0000 -0.0000 0.0000
vn 1.0000 -0.0000 0.0000
vn -1.0000 0.0000 0.0000
vn -1.0000 0.0000 0.0000
vn -1.0000 0.0000 0.0000
vn -0.5000 0.8660 0.0000
vn 1.0000 -0.0000 0.0000
vn 1.0000 -0.0000 0.0000
vn 1.0000 -0.0000 0.0000
vn -0.5000 0.8660 0.0000
vn -0.5000 0.8660 0.0000
vn 1.0000 -0.0000 0.0000
vn -0.5000 -0.8660 -0.0000
vn -0.5000 -0.8660 -0.0000
vn -0.5000 -0.8660 -0.0000
vn 1.0000 -0.0000 0.0000
vn 1.0000 -0.0000 0.0000
vn -0.5000 -0.8660 -0.0000
vn -0.5000 0.8660 0.0000
vn -0.5000 0.8660 0.0000
vn -0.5000 0.8660 0.0000
vn -0.5000 -0.8660 -0.0000
vn -0.5000 -0.8660 -0.0000
vn -0.0000 -0.0000 1.0000
vn -0.0000 -0.0000 1.0000
vn -0.0000 -0.0000 1.0000
vn 0.0000 0.0000 -1.0000
vn 0.0000 0.0000 -1.0000
vn 0.0000 0.0000 -1.0000
vn -0.5000 0.8660 0.0000
vn 1.0000 -0.0000 0.0000
vn 1.0000 0.0000 0.0000
vn 1.0000 0.0000 0.0000
vn -0.5000 0.8660 0.0000
vn -0.5000 0.8660 0.0000
vn 1.0000 -0.0000 0.0000
vn -0.5000 -0.8660 -0.0000
vn -0.5000 -0.8660 -0.0000
vn -0.5000 -0.8660 -0.0000
vn 1.0000 0.0000 0.0000
vn 1.0000 -0.0000 0.0000
vn -0.5000 -0.8660 -0.0000
vn -0.5000 0.8660 0.0000
vn -0.5000 0.8660 0.0000
vn -0.5000 0.8660 0.0000
vn -0.5000 -0.8660 -0.0000
vn -0.5000 -0.8660 -0.0000
vn 0.0000 0.0000 1.0000
vn 0.0000 0.0000 1.0000
vn 0.0000 0.0000 1.0000
vn 0.0000 0.0000 -1.0000
vn 0.0000 0.0000 -1.0000
vn 0.0000 0.0000 -1.0000
vn -0.5050 0.3811 -0.7744
vn 0.9999 -0.0051 0.0104
vn 0.9999 0.0051 -0.0104
vn 0.9999 0.0051 -0.0104
vn -0.4950 0.3837 -0.7796
vn -0.5050 0.3811 -0.7744
vn 0.9999 -0.0051 0.0104
vn -0.4950 -0.3837 0.7796
vn -0.5050 -0.3811 0.7744
vn -0.5050 -0.3811 0.7744
vn 0.9999 0.0051 -0.0104
vn 0.9999 -0.0051 0.0104
vn -0.4950 -0.3837 0.7796
vn -0.5050 0.3811 -0.7744
vn -0.4950 0.3837 -0.7796
vn -0.4950 0.3837 -0.7796
vn -0.5050 -0.3811 0.7744
vn -0.4950 -0.3837 0.7796
vn -0.0000 0.9063 0.4226
vn -0.0000 0.9063 0.4226
vn -0.0000 0.9063 0.4226
vn 0.0000 -0.9063 -0.4226
vn 0.0000 -0.9063 -0.4226
vn 0.0000 -0.9063 -0.4226
vn -0.5834 0.7353 -0.3451
vn 0.5128 0.0519 0.8569
vn 0.4335 0.2292 0.8715
vn 0.4335 0.2292 0.8715
vn -0.5970 0.6970 -0.3971
vn -0.5834 0.7353 -0.3451
vn 0.5128 0.0519 0.8569
vn 0.1957 -0.8958 -0.3989
vn 0.0343 -0.8089 -0.5869
vn 0.0343 -0.8089 -0.5869
vn 0.4335 0.2292 0.8715
vn 0.5128 0.0519 0.8569
vn 0.1957 -0.8958 -0.3989
vn -0.5834 0.7353 -0.3451
vn -0.5970 0.6970 -0.3971
vn -0.5970 0.6970 -0.3971
vn 0.0343 -0.8089 -0.5869
vn 0.1957 -0.8958 -0.3989
vn -0.9077 -0.2432 0.3420
vn -0.9077 -0.2432 0.3420
vn -0.9077 -0.2432 0.3420
vn 0.9077 0.2432 -0.3420
vn 0.9077 0.2432 -0.3420
vn 0.9077 0.2432 -0.3420
vn -0.5000 -0.8660 0.0000
vn -0.5000 -0.8660 0.0000
vn 1.0000 -0.0000 0.0000
vn 1.0000 -0.0000 0.0000
vn 1.0000 -0.0000 0.0000
vn -0.5000 -0.8660 0.0000
vn 1.0000 -0.0000 0.0000
vn 1.0000 -0.0000 0.0000
vn -0.5000 0.8660 -0.0000
vn -0.5000 0.8660 -0.0000
vn -0.5000 0.8660 -0.0000
vn 1.0000 -0.0000 0.0000
vn -0.5000 0.8660 -0.0000
vn -0.5000 0.8660 -0.0000
vn -0.5000 -0.8660 0.0000
vn -0.5000 -0.8660 0.0000
vn -0.5000 -0.8660 0.0000
vn -0.5000 0.8660 -0.0000
vn -0.0000 0.0000 1.0000
vn -0.0000 0.0000 1.0000
vn -0.0000 0.0000 1.0000
vn 0.0000 0.0000 -1.0000
vn 0.0000 0.0000 -1.0000
vn 0.0000 0.0000 -1.0000
vn -0.5000 -0.8660 0.0000
vn -0.5000 -0.8660 0.0000
vn 1.0000 0.0000 0.0000
vn 1.0000 0.0000 0.0000
vn 1.0000 0.0000 0.0000
vn -0.5000 -0.8660 0.0000
vn 1.0000 0.0000 0.0000
vn 1.0000 0.0000 0.0000
vn -0.5000 0.8660 -0.0000
vn -0.5000 0.8660 -0.0000
vn -0.5000 0.8660 -0.0000
vn 1.0000 0.0000 0.0000
vn -0.5000 0.8660 -0.0000
vn -0.5000 0.8660 -0.0000
vn -0.5000 -0.8660 0.0000
vn -0.5000 -0.8660 0.0000
vn -0.5000 -0.8660 0.0000
vn -0.5000 0.8660 -0.0000
vn 0.0000 0.0000 1.0000
vn 0.0000 0.0000 1.0000
vn 0.0000 0.0000 1.0000
vn 0.0000 -0.0000 -1.0000
vn 0.0000 -0.0000 -1.0000
vn 0.0000 -0.0000 -1.0000
vn -0.5050 -0.3811 -0.7744
vn -0.4950 -0.3837 -0.7796
vn 0.9999 -0.0051 -0.0104
vn 0.9999 -0.0051 -0.0104
vn 0.9999 0.0051 0.0104
vn -0.5050 -0.3811 -0.7744
vn 0.9999 0.0051 0.0104
vn 0.9999 -0.0051 -0.0104
vn -0.5050 0.3811 0.7744
vn -0.5050 0.3811 0.7744
vn -0.4950 0.3837 0.7796
vn 0.9999 0.0051 0.0104
vn -0.4950 0.3837 0.7796
vn -0.5050 0.3811 0.7744
vn -0.4950 -0.3837 -0.7796
vn -0.4950 -0.3837 -0.7796
vn -0.5050 -0.3811 -0.7744
vn -0.4950 0.3837 0.7796
vn 0.0000 -0.9063 0.4226
vn 0.0000 -0.9063 0.4226
vn 0.0000 -0.9063 0.4226
vn -0.0000 0.9063 -0.4226
vn -0.0000 0.9063 -0.4226
vn -0.0000 0.9063 -0.4226
vn -0.5834 -0.7353 -0.3451
vn -0.5970 -0.6970 -0.3971
vn 0.4335 -0.2292 0.8715
vn 0.4335 -0.2292 0.8715
vn 0.5128 -0.0519 0.8569
vn -0.5834 -0.7353 -0.3451
vn 0.5128 -0.0519 0.8569
vn 0.4335 -0.2292 0.8715
vn 0.0343 0.8089 -0.5869
vn 0.0343 0.8089 -0.5869
vn 0.1958 0.8958 -0.3989
vn 0.5128 -0.0519 0.8569
vn 0.1958 0.8958 -0.3989
vn 0.0343 0.8089 -0.5869
vn -0.5970 -0.6970 -0.3971
vn -0.5970 -0.6970 -0.3971
vn -0.5834 -0.7353 -0.3451
vn 0.1958 0.8958 -0.3989
vn -0.9077 0.2432 0.3420
vn -0.9077 0.2432 0.3420
vn -0.9077 0.2432 0.3420
vn 0.9077 -0.2432 -0.3420
vn 0.9077 -0.2432 -0.3420
vn 0.9077 -0.2432 -0.3420
vn -0.5000 0.0000 0.8660
vn 1.0000 -0.0000 -0.0000
vn 1.0000 -0.0000 0.0000
vn 1.0000 -0.0000 0.0000
vn -0.5000 0.0000 0.8660
vn -0.5000 0.0000 0.8660
vn 1.0000 -0.0000 -0.0000
vn -0.5000 0.0000 -0.8660
vn -0.5000 0.0000 -0.8660
vn -0.5000 0.0000 -0.8660
vn 1.0000 -0.0000 0.0000
vn 1.0000 -0.0000 -0.0000
vn -0.5000 0.0000 -0.8660
vn -0.5000 0.0000 0.8660
vn -0.5000 0.0000 0.8660
vn -0.5000 0.0000 0.8660
vn -0.5000 0.0000 -0.8660
vn -0.5000 0.0000 -0.8660
vn -0.0000 -1.0000 0.0000
vn -0.0000 -1.0000 0.0000
vn -0.0000 -1.0000 0.0000
vn 0.0000 1.0000 0.0000
vn 0.0000 1.0000 0.0000
vn 0.0000 1.0000 0.0000
vn -0.5000 0.0000 0.8660
vn 1.0000 -0.0000 -0.0000
vn 1.0000 -0.0000 -0.0000
vn 1.0000 -0.0000 -0.0000
vn -0.5000 0.0000 0.8660
vn -0.5000 0.0000 0.8660
vn 1.0000 -0.0000 -0.0000
vn -0.5000 0.0000 -0.8660
vn -0.5000 0.0000 -0.8660
vn -0.5000 0.0000 -0.8660
vn 1.0000 -0.0000 -0.0000
vn 1.0000 -0.0000 -0.0000
vn -0.5000 0.0000 -0.8660
vn -0.5000 0.0000 0.8660
vn -0.5000 0.0000 0.8660
vn -0.5000 0.0000 0.8660
vn -0.5000 0.0000 -0.8660
vn -0.5000 0.0000 -0.8660
vn -0.0000 -1.0000 0.0000
vn -0.0000 -1.0000 0.0000
vn -0.0000 -1.0000 0.0000
vn 0.0000 1.0000 0.0000
vn 0.0000 1.0000 0.0000
vn 0.0000 1.0000 0.0000
vn -0.5000 0.0000 0.8660
vn 1.0000 -0.0000 -0.0000
vn 1.0000 -0.0000 -0.0000
vn 1.0000 -0.0000 -0.0000
vn -0.5000 0.0000 0.8660
vn -0.5000 0.0000 0.8660
vn 1.0000 -0.0000 -0.0000
vn -0.5000 0.0000 -0.8660
vn -0.5000 0.0000 -0.8660
vn -0.5000 0.0000 -0.8660
vn 1.0000 -0.0000 -0.0000
vn 1.0000 -0.0000 -0.0000
vn -0.5000 0.0000 -0.8660
vn -0.5000 0.0000 0.8660
vn -0.5000 0.0000 0.8660
vn -0.5000 0.0000 0.8660
vn -0.5000 0.0000 -0.8660
vn -0.5000 0.0000 -0.8660
vn -0.0000 -1.0000 0.0000
vn -0.0000 -1.0000 0.0000
vn -0.0000 -1.0000 0.0000
vn 0.0000 1.0000 0.0000
vn 0.0000 1.0000 0.0000
vn 0.0000 1.0000 0.0000
vn -0.5000 0.0000 0.8660
vn 1.0000 -0.0000 -0.0000
vn 1.0000 -0.0000 -0.0000
vn 1.0000 -0.0000 -0.0000
vn -0.5000 0.0000 0.8660
vn -0.5000 0.0000 0.8660
vn 1.0000 -0.0000 -0.0000
vn -0.5000 0.0000 -0.8660
vn -0.5000 0.0000 -0.8660
vn -0.5000 0.0000 -0.8660
vn 1.0000 -0.0000 -0.0000
vn 1.0000 -0.0000 -0.0000
vn -0.5000 0.0000 -0.8660
vn -0.5000 0.0000 0.8660
vn -0.5000 0.0000 0.8660
vn -0.5000 0.0000 0.8660
vn -0.5000 0.0000 -0.8660
vn -0.5000 0.0000 -0.8660
vn -0.0000 -1.0000 0.0000
vn -0.0000 -1.0000 0.0000
vn -0.0000 -1.0000 0.0000
vn 0.0000 1.0000 0.0000
vn 0.0000 1.0000 0.0000
vn 0.0000 1.0000 0.0000
vn -0.5000 0.0000 0.8660
vn 1.0000 -0.0000 -0.0000
vn 1.0000 -0.0000 0.0000
vn 1.0000 -0.0000 0.0000
vn -0.5000 0.0000 0.8660
vn -0.5000 0.0000 0.8660
vn 1.0000 -0.0000 -0.0000
vn -0.5000 0.0000 -0.8660
vn -0.5000 0.0000 -0.8660
vn -0.5000 0.0000 -0.8660
vn 1.0000 -0.0000 0.0000
vn 1.0000 -0.0000 -0.0000
vn -0.5000 0.0000 -0.8660
vn -0.5000 0.0000 0.8660
vn -0.5000 0.0000 0.8660
vn -0.5000 0.0000 0.8660
vn -0.5000 0.0000 -0.8660
vn -0.5000 0.0000 -0.8660
vn 0.0000 -1.0000 0.0000
vn 0.0000 -1.0000 0.0000
vn 0.0000 -1.0000 0.0000
vn -0.0000 1.0000 -0.0000
vn -0.0000 1.0000 -0.0000
vn -0.0000 1.0000 -0.0000
vn -0.5000 0.0000 0.8660
vn 1.0000 -0.0000 -0.0000
vn 1.0000 -0.0000 -0.0000
vn 1.0000 -0.0000 -0.0000
vn -0.5000 0.0000 0.8660
vn -0.5000 0.0000 0.8660
vn 1.0000 -0.0000 -0.0000
vn -0.5000 0.0000 -0.8660
vn -0.5000 0.0000 -0.8660
vn -0.5000 0.0000 -0.8660
vn 1.0000 -0.0000 -0.0000
vn 1.0000 -0.0000 -0.0000
vn -0.5000 0.0000 -0.8660
vn -0.5000 0.0000 0.8660
vn -0.5000 0.0000 0.8660
vn -0.5000 0.0000 0.8660
vn -0.5000 0.0000 -0.8660
vn -0.5000 0.0000 -0.8660
vn -0.0000 -1.0000 0.0000
vn -0.0000 -1.0000 0.0000
vn -0.0000 -1.0000 0.0000
vn 0.0000 1.0000 0.0000
vn 0.0000 1.0000 0.0000
vn 0.0000 1.0000 0.0000
vn -0.3587 -0.8424 -0.4022
vn 0.6565 -0.0012 0.7543
vn 0.6565 -0.0014 0.7543
vn 0.6565 -0.0014 0.7543
vn -0.2749 -0.9093 -0.3125
vn -0.3587 -0.8424 -0.4022
vn 0.6565 -0.0012 0.7543
vn -0.3567 0.8416 -0.4055
vn -0.2803 0.9083 -0.3105
vn -0.2803 0.9083 -0.3105
vn 0.6565 -0.0014 0.7543
vn 0.6565 -0.0012 0.7543
vn -0.3567 0.8416 -0.4055
vn -0.3587 -0.8424 -0.4022
vn -0.2749 -0.9093 -0.3125
vn -0.2749 -0.9093 -0.3125
vn -0.2803 0.9083 -0.3105
vn -0.3567 0.8416 -0.4055
vn 0.7292 -0.0000 -0.6843
vn 0.7292 -0.0000 -0.6843
vn 0.7292 -0.0000 -0.6843
vn -0.8660 0.0000 0.5000
vn -0.8660 0.0000 0.5000
vn -0.8660 0.0000 0.5000
vn -0.3587 0.8424 -0.4022
vn -0.2749 0.9093 -0.3125
vn 0.6565 0.0014 0.7543
vn 0.6565 0.0014 0.7543
vn 0.6565 0.0012 0.7543
vn -0.3587 0.8424 -0.4022
vn 0.6565 0.0012 0.7543
vn 0.6565 0.0014 0.7543
vn -0.2803 -0.9083 -0.3105
vn -0.2803 -0.9083 -0.3105
vn -0.3567 -0.8416 -0.4055
vn 0.6565 0.0012 0.7543
vn -0.3567 -0.8416 -0.4055
vn -0.2803 -0.9083 -0.3105
vn -0.2749 0.9093 -0.3125
vn -0.2749 0.9093 -0.3125
vn -0.3587 0.8424 -0.4022
vn -0.3567 -0.8416 -0.4055
vn 0.7292 0.0000 -0.6843
vn 0.7292 0.0000 -0.6843
vn 0.7292 0.0000 -0.6843
vn -0.8660 0.0000 0.5000
vn -0.8660 0.0000 0.5000
vn -0.8660 0.0000 0.5000
vn -0.5000 0.0000 0.8660
vn 1.0000 -0.0000 0.0000
vn 1.0000 -0.0000 -0.0000
vn 1.0000 -0.0000 -0.0000
vn -0.5000 0.0000 0.8660
vn -0.5000 0.0000 0.8660
vn 1.0000 -0.0000 0.0000
vn -0.5000 0.0000 -0.8660
vn -0.5000 0.0000 -0.8660
vn -0.5000 0.0000 -0.8660
vn 1.0000 -0.0000 -0.0000
vn 1.0000 -0.0000 0.0000
vn -0.5000 0.0000 -0.8660
vn -0.5000 0.0000 0.8660
vn -0.5000 0.0000 0.8660
vn -0.5000 0.0000 0.8660
vn -0.5000 0.0000 -0.8660
vn -0.5000 0.0000 -0.8660
vn -0.0000 -1.0000 0.0000
vn -0.0000 -1.0000 0.0000
vn -0.0000 -1.0000 0.0000
vn 0.0000 1.0000 0.0000
vn 0.0000 1.0000 0.0000
vn 0.0000 1.0000 0.0000
vn -1.0000 0.0000 0.0000
vn -0.8855 0.0000 0.4647
vn -0.8855 0.0000 0.4647
vn -0.8855 0.0000 0.4647
vn -1.0000 0.0000 0.0000
vn -1.0000 0.0000 0.0000
vn -0.8855 0.0000 0.4647
vn -0.5681 0.0000 0.8230
vn -0.5681 0.0000 0.8230
vn -0.5681 0.0000 0.8230
vn -0.8855 0.0000 0.4647
vn -0.8855 0.0000 0.4647
vn -0.5681 0.0000 0.8230
vn -0.1205 0.0000 0.9927
vn -0.1205 0.0000 0.9927
vn -0.1205 0.0000 0.9927
vn -0.5681 0.0000 0.8230
vn -0.5681 0.0000 0.8230
vn -0.1205 0.0000 0.9927
vn 0.3546 -0.0000 0.9350
vn 0.3546 -0.0000 0.9350
vn 0.3546 -0.0000 0.9350
vn -0.1205 0.0000 0.9927
vn -0.1205 0.0000 0.9927
vn 0.3546 -0.0000 0.9350
vn 0.7485 -0.0000 0.6631
vn 0.7485 -0.0000 0.6631
vn 0.7485 -0.0000 0.6631
vn 0.3546 -0.0000 0.9350
vn 0.3546 -0.0000 0.9350
vn 0.7485 -0.0000 0.6631
vn 0.9709 -0.0000 0.2393
vn 0.9709 -0.0000 0.2393
vn 0.9709 -0.0000 0.2393
vn 0.7485 -0.0000 0.6631
vn 0.7485 -0.0000 0.6631
vn 0.9709 -0.0000 0.2393
vn 0.9709 -0.0000 -0.2393
vn 0.9709 -0.0000 -0.2393
vn 0.9709 -0.0000 -0.2393
vn 0.9709 -0.0000 0.2393
vn 0.9709 -0.0000 0.2393
vn 0.9709 -0.0000 -0.2393
vn 0.7485 -0.0000 -0.6631
vn 0.7485 -0.0000 -0.6631
vn 0.7485 -0.0000 -0.6631
vn 0.9709 -0.0000 -0.2393
vn 0.9709 -0.0000 -0.2393
vn 0.7485 -0.0000 -0.6631
vn 0.3546 -0.0000 -0.9350
vn 0.3546 -0.0000 -0.9350
vn 0.3546 -0.0000 -0.9350
vn 0.7485 -0.0000 -0.6631
vn 0.7485 -0.0000 -0.6631
vn 0.3546 -0.0000 -0.9350
vn -0.1205 0.0000 -0.9927
vn -0.1205 0.0000 -0.9927
vn -0.1205 0.0000 -0.9927
vn 0.3546 -0.0000 -0.9350
vn 0.3546 -0.0000 -0.9350
vn -0.1205 0.0000 -0.9927
vn -0.5681 0.0000 -0.8230
vn -0.5681 0.0000 -0.8230
vn -0.5681 0.0000 -0.8230
vn -0.1205 0.0000 -0.9927
vn -0.1205 0.0000 -0.9927
vn -0.5681 0.0000 -0.8230
vn -0.8855 0.0000 -0.4647
vn -0.8855 0.0000 -0.4647
vn -0.8855 0.0000 -0.4647
vn -0.5681 0.0000 -0.8230
vn -0.5681 0.0000 -0.8230
vn -0.8855 0.0000 -0.4647
vn -1.0000 0.0000 0.0000
vn -1.0000 0.0000 0.0000
vn -1.0000 0.0000 0.0000
vn -0.8855 0.0000 -0.4647
vn -0.8855 0.0000 -0.4647
vn -0.0000 -1.0000 0.0000
vn -0.0000 -1.0000 0.0000
vn 0.2226 -0.9749 -0.0000
vn 0.2226 -0.9749 -0.0000
vn 0.1971 -0.9749 -0.1034
vn -0.0000 -1.0000 0.0000
vn -0.0000 -1.0000 0.0000
vn -0.0000 -1.0000 0.0000
vn 0.1971 -0.9749 0.1034
vn 0.1971 -0.9749 0.1034
vn 0.2226 -0.9749 -0.0000
vn -0.0000 -1.0000 0.0000
vn -0.0000 -1.0000 0.0000
vn -0.0000 -1.0000 0.0000
vn 0.1264 -0.9749 0.1832
vn 0.1264 -0.9749 0.1832
vn 0.1971 -0.9749 0.1034
vn -0.0000 -1.0000 0.0000
vn -0.0000 -1.0000 0.0000
vn -0.0000 -1.0000 0.0000
vn 0.0268 -0.9749 0.2210
vn 0.0268 -0.9749 0.2210
vn 0.1264 -0.9749 0.1832
vn -0.0000 -1.0000 0.0000
vn -0.0000 -1.0000 0.0000
vn -0.0000 -1.0000 0.0000
vn -0.0789 -0.9749 0.2081
vn -0.0789 -0.9749 0.2081
vn 0.0268 -0.9749 0.2210
vn -0.0000 -1.0000 0.0000
vn -0.0000 -1.0000 0.0000
vn -0.0000 -1.0000 0.0000
vn -0.1666 -0.9749 0.1476
vn -0.1666 -0.9749 0.1476
vn -0.0789 -0.9749 0.2081
vn -0.0000 -1.0000 0.0000
vn -0.0000 -1.0000 0.0000
vn -0.0000 -1.0000 0.0000
vn -0.2161 -0.9749 0.0533
vn -0.2161 -0.9749 0.0533
vn -0.1666 -0.9749 0.1476
vn -0.0000 -1.0000 0.0000
vn -0.0000 -1.0000 0.0000
vn -0.0000 -1.0000 0.0000
vn -0.2161 -0.9749 -0.0533
vn -0.2161 -0.9749 -0.0533
vn -0.2161 -0.9749 0.0533
vn -0.0000 -1.0000 0.0000
vn -0.0000 -1.0000 0.0000
vn -0.0000 -1.0000 0.0000
vn -0.1666 -0.9749 -0.1476
vn -0.1666 -0.9749 -0.1476
vn -0.2161 -0.9749 -0.0533
vn -0.0000 -1.0000 0.0000
vn -0.0000 -1.0000 0.0000
vn -0.0000 -1.0000 0.0000
vn -0.0789 -0.9749 -0.2081
vn -0.0789 -0.9749 -0.2081
vn -0.1666 -0.9749 -0.1476
vn -0.0000 -1.0000 0.0000
vn -0.0000 -1.0000 0.0000
vn -0.0000 -1.0000 0.0000
vn 0.0268 -0.9749 -0.2210
vn 0.0268 -0.9749 -0.2210
vn -0.0789 -0.9749 -0.2081
vn -0.0000 -1.0000 0.0000
vn -0.0000 -1.0000 0.0000
vn -0.0000 -1.0000 0.0000
vn 0.1264 -0.9749 -0.1832
vn 0.1264 -0.9749 -0.1832
vn 0.0268 -0.9749 -0.2210
vn -0.0000 -1.0000 0.0000
vn -0.0000 -1.0000 0.0000
vn -0.0000 -1.0000 0.0000
vn 0.1971 -0.9749 -0.1034
vn 0.1971 -0.9749 -0.1034
vn 0.1264 -0.9749 -0.1832
vn -0.0000 -1.0000 0.0000
vn 0.0000 1.0000 0.0000
vn 0.0000 1.0000 0.0000
vn 0.1971 0.9749 -0.1034
vn 0.1971 0.9749 -0.1034
vn 0.2226 0.9749 -0.0000
vn 0.0000 1.0000 0.0000
vn 0.0000 1.0000 0.0000
vn 0.0000 1.0000 0.0000
vn 0.1264 0.9749 -0.1832
vn 0.1264 0.9749 -0.1832
vn 0.1971 0.9749 -0.1034
vn 0.0000 1.0000 0.0000
vn 0.0000 1.0000 0.0000
vn 0.0000 1.0000 0.0000
vn 0.0268 0.9749 -0.2210
vn 0.0268 0.9749 -0.2210
vn 0.1264 0.9749 -0.1832
vn 0.0000 1.0000 0.0000
vn 0.0000 1.0000 0.0000
vn 0.0000 1.0000 0.0000
vn -0.0789 0.9749 -0.2081
vn -0.0789 0.9749 -0.2081
vn 0.0268 0.9749 -0.2210
vn 0.0000 1.0000 0.0000
vn 0.0000 1.0000 0.0000
vn 0.0000 1.0000 0.0000
vn -0.1666 0.9749 -0.1476
vn -0.1666 0.9749 -0.1476
vn -0.0789 0.9749 -0.2081
vn 0.0000 1.0000 0.0000
vn 0.0000 1.0000 0.0000
vn 0.0000 1.0000 0.0000
vn -0.2161 0.9749 -0.0533
vn -0.2161 0.9749 -0.0533
vn -0.1666 0.9749 -0.1476
vn 0.0000 1.0000 0.0000
vn 0.0000 1.0000 0.0000
vn 0.0000 1.0000 0.0000
vn -0.2161 0.9749 0.0533
vn -0.2161 0.9749 0.0533
vn -0.2161 0.9749 -0.0533
vn 0.0000 1.0000 0.0000
vn 0.0000 1.0000 0.0000
vn 0.0000 1.0000 0.0000
vn -0.1666 0.9749 0.1476
vn -0.1666 0.9749 0.1476
vn -0.2161 0.9749 0.0533
vn 0.0000 1.0000 0.0000
vn 0.0000 1.0000 0.0000
vn 0.0000 1.0000 0.0000
vn -0.0789 0.9749 0.2081
vn -0.0789 0.9749 0.2081
vn -0.1666 0.9749 0.1476
vn 0.0000 1.0000 0.0000
vn 0.0000 1.0000 0.0000
vn 0.0000 1.0000 0.0000
vn 0.0268 0.9749 0.2210
vn 0.0268 0.9749 0.2210
vn -0.0789 0.9749 0.2081
vn 0.0000 1.0000 0.0000
vn 0.0000 1.0000 0.0000
vn 0.0000 1.0000 0.0000
vn 0.1264 0.9749 0.1832
vn 0.1264 0.9749 0.1832
vn 0.0268 0.9749 0.2210
vn 0.0000 1.0000 0.0000
vn 0.0000 1.0000 0.0000
vn 0.0000 1.0000 0.0000
vn 0.1971 0.9749 0.1034
vn 0.1971 0.9749 0.1034
vn 0.1264 0.9749 0.1832
vn 0.0000 1.0000 0.0000
vn 0.0000 1.0000 0.0000
vn 0.0000 1.0000 0.0000
vn 0.2226 0.9749 -0.0000
vn 0.2226 0.9749 -0.0000
vn 0.1971 0.9749 0.1034
vn 0.0000 1.0000 0.0000
vn 0.1971 -0.9749 -0.1034
vn 0.2226 -0.9749 -0.0000
vn 0.5033 -0.8641 -0.0000
vn 0.5033 -0.8641 -0.0000
vn 0.4457 -0.8641 -0.2339
vn 0.1971 -0.9749 -0.1034
vn 0.2226 -0.9749 -0.0000
vn 0.1971 -0.9749 0.1034
vn 0.4457 -0.8641 0.2339
vn 0.4457 -0.8641 0.2339
vn 0.5033 -0.8641 -0.0000
vn 0.2226 -0.9749 -0.0000
vn 0.1971 -0.9749 0.1034
vn 0.1264 -0.9749 0.1832
vn 0.2859 -0.8641 0.4142
vn 0.2859 -0.8641 0.4142
vn 0.4457 -0.8641 0.2339
vn 0.1971 -0.9749 0.1034
vn 0.1264 -0.9749 0.1832
vn 0.0268 -0.9749 0.2210
vn 0.0607 -0.8641 0.4997
vn 0.0607 -0.8641 0.4997
vn 0.2859 -0.8641 0.4142
vn 0.1264 -0.9749 0.1832
vn 0.0268 -0.9749 0.2210
vn -0.0789 -0.9749 0.2081
vn -0.1785 -0.8641 0.4706
vn -0.1785 -0.8641 0.4706
vn 0.0607 -0.8641 0.4997
vn 0.0268 -0.9749 0.2210
vn -0.0789 -0.9749 0.2081
vn -0.1666 -0.9749 0.1476
vn -0.3767 -0.8641 0.3338
vn -0.3767 -0.8641 0.3338
vn -0.1785 -0.8641 0.4706
vn -0.0789 -0.9749 0.2081
vn -0.1666 -0.9749 0.1476
vn -0.2161 -0.9749 0.0533
vn -0.4887 -0.8641 0.1205
vn -0.4887 -0.8641 0.1205
vn -0.3767 -0.8641 0.3338
vn -0.1666 -0.9749 0.1476
vn -0.2161 -0.9749 0.0533
vn -0.2161 -0.9749 -0.0533
vn -0.4887 -0.8641 -0.1205
vn -0.4887 -0.8641 -0.1205
vn -0.4887 -0.8641 0.1205
vn -0.2161 -0.9749 0.0533
vn -0.2161 -0.9749 -0.0533
vn -0.1666 -0.9749 -0.1476
vn -0.3767 -0.8641 -0.3338
vn -0.3767 -0.8641 -0.3338
vn -0.4887 -0.8641 -0.1205
vn -0.2161 -0.9749 -0.0533
vn -0.1666 -0.9749 -0.1476
vn -0.0789 -0.9749 -0.2081
vn -0.1785 -0.8641 -0.4706
vn -0.1785 -0.8641 -0.4706
vn -0.3767 -0.8641 -0.3338
vn -0.1666 -0.9749 -0.1476
vn -0.0789 -0.9749 -0.2081
vn 0.0268 -0.9749 -0.2210
vn 0.0607 -0.8641 -0.4997
vn 0.0607 -0.8641 -0.4997
vn -0.1785 -0.8641 -0.4706
vn -0.0789 -0.9749 -0.2081
vn 0.0268 -0.9749 -0.2210
vn 0.1264 -0.9749 -0.1832
vn 0.2859 -0.8641 -0.4142
vn 0.2859 -0.8641 -0.4142
vn 0.0607 -0.8641 -0.4997
vn 0.0268 -0.9749 -0.2210
vn 0.1264 -0.9749 -0.1832
vn 0.1971 -0.9749 -0.1034
vn 0.4457 -0.8641 -0.2339
vn 0.4457 -0.8641 -0.2339
vn 0.2859 -0.8641 -0.4142
vn 0.1264 -0.9749 -0.1832
vn 0.2226 0.9749 -0.0000
vn 0.1971 0.9749 -0.1034
vn 0.4457 0.8641 -0.2339
vn 0.4457 0.8641 -0.2339
vn 0.5033 0.8641 0.0000
vn 0.2226 0.9749 -0.0000
vn 0.1971 0.9749 -0.1034
vn 0.1264 0.9749 -0.1832
vn 0.2859 0.8641 -0.4142
vn 0.2859 0.8641 -0.4142
vn 0.4457 0.8641 -0.2339
vn 0.1971 0.9749 -0.1034
vn 0.1264 0.9749 -0.1832
vn 0.0268 0.9749 -0.2210
vn 0.0607 0.8641 -0.4996
vn 0.0607 0.8641 -0.4996
vn 0.2859 0.8641 -0.4142
vn 0.1264 0.9749 -0.1832
vn 0.0268 0.9749 -0.2210
vn -0.0789 0.9749 -0.2081
vn -0.1785 0.8641 -0.4706
vn -0.1785 0.8641 -0.4706
vn 0.0607 0.8641 -0.4996
vn 0.0268 0.9749 -0.2210
vn -0.0789 0.9749 -0.2081
vn -0.1666 0.9749 -0.1476
vn -0.3767 0.8641 -0.3338
vn -0.3767 0.8641 -0.3338
vn -0.1785 0.8641 -0.4706
vn -0.0789 0.9749 -0.2081
vn -0.1666 0.9749 -0.1476
vn -0.2161 0.9749 -0.0533
vn -0.4887 0.8641 -0.1205
vn -0.4887 0.8641 -0.1205
vn -0.3767 0.8641 -0.3338
vn -0.1666 0.9749 -0.1476
vn -0.2161 0.9749 -0.0533
vn -0.2161 0.9749 0.0533
vn -0.4887 0.8641 0.1205
vn -0.4887 0.8641 0.1205
vn -0.4887 0.8641 -0.1205
vn -0.2161 0.9749 -0.0533
vn -0.2161 0.9749 0.0533
vn -0.1666 0.9749 0.1476
vn -0.3767 0.8641 0.3338
vn -0.3767 0.8641 0.3338
vn -0.4887 0.8641 0.1205
vn -0.2161 0.9749 0.0533
vn -0.1666 0.9749 0.1476
vn -0.0789 0.9749 0.2081
vn -0.1785 0.8641 0.4706
vn -0.1785 0.8641 0.4706
vn -0.3767 0.8641 0.3338
vn -0.1666 0.9749 0.1476
vn -0.0789 0.9749 0.2081
vn 0.0268 0.9749 0.2210
vn 0.0607 0.8641 0.4996
vn 0.0607 0.8641 0.4996
vn -0.1785 0.8641 0.4706
vn -0.0789 0.9749 0.2081
vn 0.0268 0.9749 0.2210
vn 0.1264 0.9749 0.1832
vn 0.2859 0.8641 0.4142
vn 0.2859 0.8641 0.4142
vn 0.0607 0.8641 0.4996
vn 0.0268 0.9749 0.2210
vn 0.1264 0.9749 0.1832
vn 0.1971 0.9749 0.1034
vn 0.4457 0.8641 0.2339
vn 0.4457 0.8641 0.2339
vn 0.2859 0.8641 0.4142
vn 0.1264 0.9749 0.1832
vn 0.1971 0.9749 0.1034
vn 0.2226 0.9749 -0.0000
vn 0.5033 0.8641 0.0000
vn 0.5033 0.8641 0.0000
vn 0.4457 0.8641 0.2339
vn 0.1971 0.9749 0.1034
vn -0.8855 0.0000 0.4647
vn -1.0000 0.0000 -0.0000
vn -1.0000 0.0000 0.0000
vn -1.0000 0.0000 0.0000
vn -0.8855 0.0000 0.4647
vn -0.8855 0.0000 0.4647
vn -1.0000 0.0000 -0.0000
vn -0.8855 0.0000 -0.4647
vn -0.8855 0.0000 -0.4647
vn -0.8855 0.0000 -0.4647
vn -1.0000 0.0000 0.0000
vn -1.0000 0.0000 -0.0000
vn -0.8855 0.0000 -0.4647
vn -0.5681 0.0000 -0.8230
vn -0.5681 0.0000 -0.8230
vn -0.5681 0.0000 -0.8230
vn -0.8855 0.0000 -0.4647
vn -0.8855 0.0000 -0.4647
vn -0.5681 0.0000 -0.8230
vn -0.1205 0.0000 -0.9927
vn -0.1205 0.0000 -0.9927
vn -0.1205 0.0000 -0.9927
vn -0.5681 0.0000 -0.8230
vn -0.5681 0.0000 -0.8230
vn -0.1205 0.0000 -0.9927
vn 0.3546 -0.0000 -0.9350
vn 0.3546 -0.0000 -0.9350
vn 0.3546 -0.0000 -0.9350
vn -0.1205 0.0000 -0.9927
vn -0.1205 0.0000 -0.9927
vn 0.3546 -0.0000 -0.9350
vn 0.7485 -0.0000 -0.6631
vn 0.7485 -0.0000 -0.6631
vn 0.7485 -0.0000 -0.6631
vn 0.3546 -0.0000 -0.9350
vn 0.3546 -0.0000 -0.9350
vn 0.7485 -0.0000 -0.6631
vn 0.9709 -0.0000 -0.2393
vn 0.9709 -0.0000 -0.2393
vn 0.9709 -0.0000 -0.2393
vn 0.7485 -0.0000 -0.6631
vn 0.7485 -0.0000 -0.6631
vn 0.9709 -0.0000 -0.2393
vn 0.9709 -0.0000 0.2393
vn 0.9709 -0.0000 0.2393
vn 0.9709 -0.0000 0.2393
vn 0.9709 -0.0000 -0.2393
vn 0.9709 -0.0000 -0.2393
vn 0.9709 -0.0000 0.2393
vn 0.7485 -0.0000 0.6631
vn 0.7485 -0.0000 0.6631
vn 0.7485 -0.0000 0.6631
vn 0.9709 -0.0000 0.2393
vn 0.9709 -0.0000 0.2393
vn 0.7485 -0.0000 0.6631
vn 0.3546 -0.0000 0.9350
vn 0.3546 -0.0000 0.9350
vn 0.3546 -0.0000 0.9350
vn 0.7485 -0.0000 0.6631
vn 0.7485 -0.0000 0.6631
vn 0.3546 -0.0000 0.9350
vn -0.1205 0.0000 0.9927
vn -0.1205 0.0000 0.9927
vn -0.1205 0.0000 0.9927
vn 0.3546 -0.0000 0.9350
vn 0.3546 -0.0000 0.9350
vn -0.1205 0.0000 0.9927
vn -0.5681 0.0000 0.8230
vn -0.5681 0.0000 0.8230
vn -0.5681 0.0000 0.8230
vn -0.1205 0.0000 0.9927
vn -0.1205 0.0000 0.9927
vn -0.5681 0.0000 0.8230
vn -0.8855 0.0000 0.4647
vn -0.8855 0.0000 0.4647
vn -0.8855 0.0000 0.4647
vn -0.5681 0.0000 0.8230
vn -0.5681 0.0000 0.8230
vn -1.0000 0.0000 -0.0000
vn -0.8855 0.0000 0.4647
vn -0.8855 0.0000 0.4647
vn -0.8855 0.0000 0.4647
vn -1.0000 0.0000 -0.0000
vn -1.0000 0.0000 -0.0000
vn -0.8855 0.0000 0.4647
vn -0.5681 0.0000 0.8230
vn -0.5681 0.0000 0.8230
vn -0.5681 0.0000 0.8230
vn -0.8855 0.0000 0.4647
vn -0.8855 0.0000 0.4647
vn -0.5681 0.0000 0.8230
vn -0.1205 0.0000 0.9927
vn -0.1205 0.0000 0.9927
vn -0.1205 0.0000 0.9927
vn -0.5681 0.0000 0.8230
vn -0.5681 0.0000 0.8230
vn -0.1205 0.0000 0.9927
vn 0.3546 -0.0000 0.9350
vn 0.3546 -0.0000 0.9350
vn 0.3546 -0.0000 0.9350
vn -0.1205 0.0000 0.9927
vn -0.1205 0.0000 0.9927
vn 0.3546 -0.0000 0.9350
vn 0.7485 -0.0000 0.6631
vn 0.7485 -0.0000 0.6631
vn 0.7485 -0.0000 0.6631
vn 0.3546 -0.0000 0.9350
vn 0.3546 -0.0000 0.9350
vn 0.7485 -0.0000 0.6631
vn 0.9709 -0.0000 0.2393
vn 0.9709 -0.0000 0.2393
vn 0.9709 -0.0000 0.2393
vn 0.7485 -0.0000 0.6631
vn 0.7485 -0.0000 0.6631
vn 0.9709 -0.0000 0.2393
vn 0.9709 -0.0000 -0.2393
vn 0.9709 -0.0000 -0.2393
vn 0.9709 -0.0000 -0.2393
vn 0.9709 -0.0000 0.2393
vn 0.9709 -0.0000 0.2393
vn 0.9709 -0.0000 -0.2393
vn 0.7485 -0.0000 -0.6631
vn 0.7485 -0.0000 -0.6631
vn 0.7485 -0.0000 -0.6631
vn 0.9709 -0.0000 -0.2393
vn 0.9709 -0.0000 -0.2393
vn 0.7485 -0.0000 -0.6631
vn 0.3546 -0.0000 -0.9350
vn 0.3546 -0.0000 -0.9350
vn 0.3546 -0.0000 -0.9350
vn 0.7485 -0.0000 -0.6631
vn 0.7485 -0.0000 -0.6631
vn 0.3546 -0.0000 -0.9350
vn -0.1205 0.0000 -0.9927
vn -0.1205 0.0000 -0.9927
vn -0.1205 0.0000 -0.9927
vn 0.3546 -0.0000 -0.9350
vn 0.3546 -0.0000 -0.9350
vn -0.1205 0.0000 -0.9927
vn -0.5681 0.0000 -0.8230
vn -0.5681 0.0000 -0.8230
vn -0.5681 0.0000 -0.8230
vn -0.1205 0.0000 -0.9927
vn -0.1205 0.0000 -0.9927
vn -0.5681 0.0000 -0.8230
vn -0.8855 0.0000 -0.4647
vn -0.8855 0.0000 -0.4647
vn -0.8855 0.0000 -0.4647
vn -0.5681 0.0000 -0.8230
vn -0.5681 0.0000 -0.8230
vn -0.8855 0.0000 -0.4647
vn -1.0000 0.0000 -0.0000
vn -1.0000 0.0000 -0.0000
vn -1.0000 0.0000 -0.0000
vn -0.8855 0.0000 -0.4647
vn -0.8855 0.0000 -0.4647
vn 0.0000 1.0000 0.0000
vn 0.0000 1.0000 0.0000
vn 0.0000 1.0000 0.0000
vn 0.0000 1.0000 0.0000
vn 0.0000 1.0000 0.0000
vn 0.0000 1.0000 0.0000
vn 0.0000 1.0000 0.0000
vn 0.0000 1.0000 0.0000
vn 0.0000 1.0000 0.0000
vn 0.0000 1.0000 0.0000
vn 0.0000 1.0000 0.0000
vn 0.0000 1.0000 0.0000
vn 0.0000 1.0000 0.0000
vn 0.0000 1.0000 0.0000
vn 0.0000 1.0000 0.0000
vn 0.0000 1.0000 0.0000
vn 0.0000 1.0000 0.0000
vn 0.0000 1.0000 0.0000
vn 0.0000 1.0000 0.0000
vn 0.0000 1.0000 0.0000
vn 0.0000 1.0000 0.0000
vn 0.0000 1.0000 0.0000
vn 0.0000 1.0000 0.0000
vn 0.0000 1.0000 0.0000
vn 0.0000 1.0000 0.0000
vn 0.0000 1.0000 0.0000
vn 0.0000 1.0000 0.0000
vn 0.0000 1.0000 0.0000
vn 0.0000 1.0000 0.0000
vn 0.0000 1.0000 0.0000
vn 0.0000 1.0000 0.0000
vn 0.0000 1.0000 0.0000
vn 0.0000 1.0000 0.0000
vn 0.0000 1.0000 0.0000
vn 0.0000 1.0000 0.0000
vn 0.0000 1.0000 0.0000
vn 0.0000 1.0000 0.0000
vn 0.0000 1.0000 0.0000
vn 0.0000 1.0000 0.0000
vn -0.0000 -1.0000 0.0000
vn -0.0000 -1.0000 0.0000
vn -0.0000 -1.0000 0.0000
vn -0.0000 -1.0000 0.0000
vn -0.0000 -1.0000 0.0000
vn -0.0000 -1.0000 0.0000
vn -0.0000 -1.0000 0.0000
vn -0.0000 -1.0000 0.0000
vn -0.0000 -1.0000 0.0000
vn -0.0000 -1.0000 0.0000
vn -0.0000 -1.0000 0.0000
vn -0.0000 -1.0000 0.0000
vn -0.0000 -1.0000 0.0000
vn -0.0000 -1.0000 0.0000
vn -0.0000 -1.0000 0.0000
vn -0.0000 -1.0000 0.0000
vn -0.0000 -1.0000 0.0000
vn -0.0000 -1.0000 0.0000
vn -0.0000 -1.0000 0.0000
vn -0.0000 -1.0000 0.0000
vn -0.0000 -1.0000 0.0000
vn -0.0000 -1.0000 0.0000
vn -0.0000 -1.0000 0.0000
vn -0.0000 -1.0000 0.0000
vn -0.0000 -1.0000 0.0000
vn -0.0000 -1.0000 0.0000
vn -0.0000 -1.0000 0.0000
vn -0.0000 -1.0000 0.0000
vn -0.0000 -1.0000 0.0000
vn -0.0000 -1.0000 0.0000
vn -0.0000 -1.0000 0.0000
vn -0.0000 -1.0000 0.0000
vn -0.0000 -1.0000 0.0000
vn -0.0000 -1.0000 0.0000
vn -0.0000 -1.0000 0.0000
vn -0.0000 -1.0000 0.0000
vn -0.0000 -1.0000 0.0000
vn -0.0000 -1.0000 0.0000
vn -0.0000 -1.0000 0.0000
vn -1.0000 0.0000 -0.0000
vn -1.0000 0.0000 -0.0000
vn -0.8855 0.0000 0.4647
vn -0.8855 0.0000 0.4647
vn -0.8855 0.0000 0.4647
vn -1.0000 0.0000 -0.0000
vn -0.8855 0.0000 0.4647
vn -0.8855 0.0000 0.4647
vn -0.5681 0.0000 0.8230
vn -0.5681 0.0000 0.8230
vn -0.5681 0.0000 0.8230
vn -0.8855 0.0000 0.4647
vn -0.5681 0.0000 0.8230
vn -0.5681 0.0000 0.8230
vn -0.1205 0.0000 0.9927
vn -0.1205 0.0000 0.9927
vn -0.1205 0.0000 0.9927
vn -0.5681 0.0000 0.8230
vn -0.1205 0.0000 0.9927
vn -0.1205 0.0000 0.9927
vn 0.3546 -0.0000 0.9350
vn 0.3546 -0.0000 0.9350
vn 0.3546 -0.0000 0.9350
vn -0.1205 0.0000 0.9927
vn 0.3546 -0.0000 0.9350
vn 0.3546 -0.0000 0.9350
vn 0.7485 -0.0000 0.6631
vn 0.7485 -0.0000 0.6631
vn 0.7485 -0.0000 0.6631
vn 0.3546 -0.0000 0.9350
vn 0.7485 -0.0000 0.6631
vn 0.7485 -0.0000 0.6631
vn 0.9709 -0.0000 0.2393
vn 0.9709 -0.0000 0.2393
vn 0.9709 -0.0000 0.2393
vn 0.7485 -0.0000 0.6631
vn 0.9709 -0.0000 0.2393
vn 0.9709 -0.0000 0.2393
vn 0.9709 -0.0000 -0.2393
vn 0.9709 -0.0000 -0.2393
vn 0.9709 -0.0000 -0.2393
vn 0.9709 -0.0000 0.2393
vn 0.9709 -0.0000 -0.2393
vn 0.9709 -0.0000 -0.2393
vn 0.7485 -0.0000 -0.6631
vn 0.7485 -0.0000 -0.6631
vn 0.7485 -0.0000 -0.6631
vn 0.9709 -0.0000 -0.2393
vn 0.7485 -0.0000 -0.6631
vn 0.7485 -0.0000 -0.6631
vn 0.3546 -0.0000 -0.9350
vn 0.3546 -0.0000 -0.9350
vn 0.3546 -0.0000 -0.9350
vn 0.7485 -0.0000 -0.6631
vn 0.3546 -0.0000 -0.9350
vn 0.3546 -0.0000 -0.9350
vn -0.1205 0.0000 -0.9927
vn -0.1205 0.0000 -0.9927
vn -0.1205 0.0000 -0.9927
vn 0.3546 -0.0000 -0.9350
vn -0.1205 0.0000 -0.9927
vn -0.1205 0.0000 -0.9927
vn -0.5681 0.0000 -0.8230
vn -0.5681 0.0000 -0.8230
vn -0.5681 0.0000 -0.8230
vn -0.1205 0.0000 -0.9927
vn -0.5681 0.0000 -0.8230
vn -0.5681 0.0000 -0.8230
vn -0.8855 0.0000 -0.4647
vn -0.8855 0.0000 -0.4647
vn -0.8855 0.0000 -0.4647
vn -0.5681 0.0000 -0.8230
vn -0.8855 0.0000 -0.4647
vn -0.8855 0.0000 -0.4647
vn -1.0000 0.0000 -0.0000
vn -1.0000 0.0000 -0.0000
vn -1.0000 0.0000 -0.0000
vn -0.8855 0.0000 -0.4647
vn 0.0000 1.0000 0.0000
vn 0.1971 0.9749 -0.1034
vn 0.2226 0.9749 -0.0000
vn 0.2226 0.9749 -0.0000
vn 0.0000 1.0000 0.0000
vn 0.0000 1.0000 0.0000
vn 0.0000 1.0000 0.0000
vn 0.2226 0.9749 -0.0000
vn 0.1971 0.9749 0.1034
vn 0.1971 0.9749 0.1034
vn 0.0000 1.0000 0.0000
vn 0.0000 1.0000 0.0000
vn 0.0000 1.0000 0.0000
vn 0.1971 0.9749 0.1034
vn 0.1264 0.9749 0.1832
vn 0.1264 0.9749 0.1832
vn 0.0000 1.0000 0.0000
vn 0.0000 1.0000 0.0000
vn 0.0000 1.0000 0.0000
vn 0.1264 0.9749 0.1832
vn 0.0268 0.9749 0.2210
vn 0.0268 0.9749 0.2210
vn 0.0000 1.0000 0.0000
vn 0.0000 1.0000 0.0000
vn 0.0000 1.0000 0.0000
vn 0.0268 0.9749 0.2210
vn -0.0789 0.9749 0.2081
vn -0.0789 0.9749 0.2081
vn 0.0000 1.0000 0.0000
vn 0.0000 1.0000 0.0000
vn 0.0000 1.0000 0.0000
vn -0.0789 0.9749 0.2081
vn -0.1666 0.9749 0.1476
vn -0.1666 0.9749 0.1476
vn 0.0000 1.0000 0.0000
vn 0.0000 1.0000 0.0000
vn 0.0000 1.0000 0.0000
vn -0.1666 0.9749 0.1476
vn -0.2161 0.9749 0.0533
vn -0.2161 0.9749 0.0533
vn 0.0000 1.0000 0.0000
vn 0.0000 1.0000 0.0000
vn 0.0000 1.0000 0.0000
vn -0.2161 0.9749 0.0533
vn -0.2161 0.9749 -0.0533
vn -0.2161 0.9749 -0.0533
vn 0.0000 1.0000 0.0000
vn 0.0000 1.0000 0.0000
vn 0.0000 1.0000 0.0000
vn -0.2161 0.9749 -0.0533
vn -0.1666 0.9749 -0.1476
vn -0.1666 0.9749 -0.1476
vn 0.0000 1.0000 0.0000
vn 0.0000 1.0000 0.0000
vn 0.0000 1.0000 0.0000
vn -0.1666 0.9749 -0.1476
vn -0.0789 0.9749 -0.2081
vn -0.0789 0.9749 -0.2081
vn 0.0000 1.0000 0.0000
vn 0.0000 1.0000 0.0000
vn 0.0000 1.0000 0.0000
vn -0.0789 0.9749 -0.2081
vn 0.0268 0.9749 -0.2210
vn 0.0268 0.9749 -0.2210
vn 0.0000 1.0000 0.0000
vn 0.0000 1.0000 0.0000
vn 0.0000 1.0000 0.0000
vn 0.0268 0.9749 -0.2210
vn 0.1264 0.9749 -0.1832
vn 0.1264 0.9749 -0.1832
vn 0.0000 1.0000 0.0000
vn 0.0000 1.0000 0.0000
vn 0.0000 1.0000 0.0000
vn 0.1264 0.9749 -0.1832
vn 0.1971 0.9749 -0.1034
vn 0.1971 0.9749 -0.1034
vn 0.0000 1.0000 0.0000
vn 0.0000 1.0000 0.0000
vn -0.0000 -1.0000 0.0000
vn 0.2226 -0.9749 -0.0000
vn 0.1971 -0.9749 -0.1034
vn 0.1971 -0.9749 -0.1034
vn -0.0000 -1.0000 0.0000
vn -0.0000 -1.0000 0.0000
vn -0.0000 -1.0000 0.0000
vn 0.1971 -0.9749 -0.1034
vn 0.1264 -0.9749 -0.1832
vn 0.1264 -0.9749 -0.1832
vn -0.0000 -1.0000 0.0000
vn -0.0000 -1.0000 0.0000
vn -0.0000 -1.0000 0.0000
vn 0.1264 -0.9749 -0.1832
vn 0.0268 -0.9749 -0.2210
vn 0.0268 -0.9749 -0.2210
vn -0.0000 -1.0000 0.0000
vn -0.0000 -1.0000 0.0000
vn -0.0000 -1.0000 0.0000
vn 0.0268 -0.9749 -0.2210
vn -0.0789 -0.9749 -0.2081
vn -0.0789 -0.9749 -0.2081
vn -0.0000 -1.0000 0.0000
vn -0.0000 -1.0000 0.0000
vn -0.0000 -1.0000 0.0000
vn -0.0789 -0.9749 -0.2081
vn -0.1666 -0.9749 -0.1476
vn -0.1666 -0.9749 -0.1476
vn -0.0000 -1.0000 0.0000
vn -0.0000 -1.0000 0.0000
vn -0.0000 -1.0000 0.0000
vn -0.1666 -0.9749 -0.1476
vn -0.2161 -0.9749 -0.0533
vn -0.2161 -0.9749 -0.0533
vn -0.0000 -1.0000 0.0000
vn -0.0000 -1.0000 0.0000
vn -0.0000 -1.0000 0.0000
vn -0.2161 -0.9749 -0.0533
vn -0.2161 -0.9749 0.0533
vn -0.2161 -0.9749 0.0533
vn -0.0000 -1.0000 0.0000
vn -0.0000 -1.0000 0.0000
vn -0.0000 -1.0000 0.0000
vn -0.2161 -0.9749 0.0533
vn -0.1666 -0.9749 0.1476
vn -0.1666 -0.9749 0.1476
vn -0.0000 -1.0000 0.0000
vn -0.0000 -1.0000 0.0000
vn -0.0000 -1.0000 0.0000
vn -0.1666 -0.9749 0.1476
vn -0.0789 -0.9749 0.2081
vn -0.0789 -0.9749 0.2081
vn -0.0000 -1.0000 0.0000
vn -0.0000 -1.0000 0.0000
vn -0.0000 -1.0000 0.0000
vn -0.0789 -0.9749 0.2081
vn 0.0268 -0.9749 0.2210
vn 0.0268 -0.9749 0.2210
vn -0.0000 -1.0000 0.0000
vn -0.0000 -1.0000 0.0000
vn -0.0000 -1.0000 0.0000
vn 0.0268 -0.9749 0.2210
vn 0.1264 -0.9749 0.1832
vn 0.1264 -0.9749 0.1832
vn -0.0000 -1.0000 0.0000
vn -0.0000 -1.0000 0.0000
vn -0.0000 -1.0000 0.0000
vn 0.1264 -0.9749 0.1832
vn 0.1971 -0.9749 0.1034
vn 0.1971 -0.9749 0.1034
vn -0.0000 -1.0000 0.0000
vn -0.0000 -1.0000 0.0000
vn -0.0000 -1.0000 0.0000
vn 0.1971 -0.9749 0.1034
vn 0.2226 -0.9749 -0.0000
vn 0.2226 -0.9749 -0.0000
vn -0.0000 -1.0000 0.0000
vn -0.0000 -1.0000 0.0000
vn 0.1971 0.9749 -0.1034
vn 0.4457 0.8641 -0.2339
vn 0.5033 0.8641 -0.0000
vn 0.5033 0.8641 -0.0000
vn 0.2226 0.9749 -0.0000
vn 0.1971 0.9749 -0.1034
vn 0.2226 0.9749 -0.0000
vn 0.5033 0.8641 -0.0000
vn 0.4457 0.8641 0.2339
vn 0.4457 0.8641 0.2339
vn 0.1971 0.9749 0.1034
vn 0.2226 0.9749 -0.0000
vn 0.1971 0.9749 0.1034
vn 0.4457 0.8641 0.2339
vn 0.2859 0.8641 0.4142
vn 0.2859 0.8641 0.4142
vn 0.1264 0.9749 0.1832
vn 0.1971 0.9749 0.1034
vn 0.1264 0.9749 0.1832
vn 0.2859 0.8641 0.4142
vn 0.0607 0.8641 0.4996
vn 0.0607 0.8641 0.4996
vn 0.0268 0.9749 0.2210
vn 0.1264 0.9749 0.1832
vn 0.0268 0.9749 0.2210
vn 0.0607 0.8641 0.4996
vn -0.1785 0.8641 0.4706
vn -0.1785 0.8641 0.4706
vn -0.0789 0.9749 0.2081
vn 0.0268 0.9749 0.2210
vn -0.0789 0.9749 0.2081
vn -0.1785 0.8641 0.4706
vn -0.3767 0.8641 0.3338
vn -0.3767 0.8641 0.3338
vn -0.1666 0.9749 0.1476
vn -0.0789 0.9749 0.2081
vn -0.1666 0.9749 0.1476
vn -0.3767 0.8641 0.3338
vn -0.4887 0.8641 0.1205
vn -0.4887 0.8641 0.1205
vn -0.2161 0.9749 0.0533
vn -0.1666 0.9749 0.1476
vn -0.2161 0.9749 0.0533
vn -0.4887 0.8641 0.1205
vn -0.4887 0.8641 -0.1205
vn -0.4887 0.8641 -0.1205
vn -0.2161 0.9749 -0.0533
vn -0.2161 0.9749 0.0533
vn -0.2161 0.9749 -0.0533
vn -0.4887 0.8641 -0.1205
vn -0.3767 0.8641 -0.3338
vn -0.3767 0.8641 -0.3338
vn -0.1666 0.9749 -0.1476
vn -0.2161 0.9749 -0.0533
vn -0.1666 0.9749 -0.1476
vn -0.3767 0.8641 -0.3338
vn -0.1785 0.8641 -0.4706
vn -0.1785 0.8641 -0.4706
vn -0.0789 0.9749 -0.2081
vn -0.1666 0.9749 -0.1476
vn -0.0789 0.9749 -0.2081
vn -0.1785 0.8641 -0.4706
vn 0.0607 0.8641 -0.4996
vn 0.0607 0.8641 -0.4996
vn 0.0268 0.9749 -0.2210
vn -0.0789 0.9749 -0.2081
vn 0.0268 0.9749 -0.2210
vn 0.0607 0.8641 -0.4996
vn 0.2859 0.8641 -0.4142
vn 0.2859 0.8641 -0.4142
vn 0.1264 0.9749 -0.1832
vn 0.0268 0.9749 -0.2210
vn 0.1264 0.9749 -0.1832
vn 0.2859 0.8641 -0.4142
vn 0.4457 0.8641 -0.2339
vn 0.4457 0.8641 -0.2339
vn 0.1971 0.9749 -0.1034
vn 0.1264 0.9749 -0.1832
vn 0.2226 -0.9749 -0.0000
vn 0.5033 -0.8641 -0.0000
vn 0.4457 -0.8641 -0.2339
vn 0.4457 -0.8641 -0.2339
vn 0.1971 -0.9749 -0.1034
vn 0.2226 -0.9749 -0.0000
vn 0.1971 -0.9749 -0.1034
vn 0.4457 -0.8641 -0.2339
vn 0.2859 -0.8641 -0.4142
vn 0.2859 -0.8641 -0.4142
vn 0.1264 -0.9749 -0.1832
vn 0.1971 -0.9749 -0.1034
vn 0.1264 -0.9749 -0.1832
vn 0.2859 -0.8641 -0.4142
vn 0.0607 -0.8641 -0.4997
vn 0.0607 -0.8641 -0.4997
vn 0.0268 -0.9749 -0.2210
vn 0.1264 -0.9749 -0.1832
vn 0.0268 -0.9749 -0.2210
vn 0.0607 -0.8641 -0.4997
vn -0.1785 -0.8641 -0.4706
vn -0.1785 -0.8641 -0.4706
vn -0.0789 -0.9749 -0.2081
vn 0.0268 -0.9749 -0.2210
vn -0.0789 -0.9749 -0.2081
vn -0.1785 -0.8641 -0.4706
vn -0.3767 -0.8641 -0.3338
vn -0.3767 -0.8641 -0.3338
vn -0.1666 -0.9749 -0.1476
vn -0.0789 -0.9749 -0.2081
vn -0.1666 -0.9749 -0.1476
vn -0.3767 -0.8641 -0.3338
vn -0.4887 -0.8641 -0.1205
vn -0.4887 -0.8641 -0.1205
vn -0.2161 -0.9749 -0.0533
vn -0.1666 -0.9749 -0.1476
vn -0.2161 -0.9749 -0.0533
vn -0.4887 -0.8641 -0.1205
vn -0.4887 -0.8641 0.1205
vn -0.4887 -0.8641 0.1205
vn -0.2161 -0.9749 0.0533
vn -0.2161 -0.9749 -0.0533
vn -0.2161 -0.9749 0.0533
vn -0.4887 -0.8641 0.1205
vn -0.3767 -0.8641 0.3338
vn -0.3767 -0.8641 0.3338
vn -0.1666 -0.9749 0.1476
vn -0.2161 -0.9749 0.0533
vn -0.1666 -0.9749 0.1476
vn -0.3767 -0.8641 0.3338
vn -0.1785 -0.8641 0.4706
vn -0.1785 -0.8641 0.4706
vn -0.0789 -0.9749 0.2081
vn -0.1666 -0.9749 0.1476
vn -0.0789 -0.9749 0.2081
vn -0.1785 -0.8641 0.4706
vn 0.0607 -0.8641 0.4997
vn 0.0607 -0.8641 0.4997
vn 0.0268 -0.9749 0.2210
vn -0.0789 -0.9749 0.2081
vn 0.0268 -0.9749 0.2210
vn 0.0607 -0.8641 0.4997
vn 0.2859 -0.8641 0.4142
vn 0.2859 -0.8641 0.4142
vn 0.1264 -0.9749 0.1832
vn 0.0268 -0.9749 0.2210
vn 0.1264 -0.9749 0.1832
vn 0.2859 -0.8641 0.4142
vn 0.4457 -0.8641 0.2339
vn 0.4457 -0.8641 0.2339
vn 0.1971 -0.9749 0.1034
vn 0.1264 -0.9749 0.1832
vn 0.1971 -0.9749 0.1034
vn 0.4457 -0.8641 0.2339
vn 0.5033 -0.8641 -0.0000
vn 0.5033 -0.8641 -0.0000
vn 0.2226 -0.9749 -0.0000
vn 0.1971 -0.9749 0.1034
vn -0.8855 0.0000 0.4647
vn -0.8855 0.0000 0.4647
vn -1.0000 0.0000 0.0000
vn -1.0000 0.0000 0.0000
vn -1.0000 0.0000 0.0000
vn -0.8855 0.0000 0.4647
vn -1.0000 0.0000 0.0000
vn -1.0000 0.0000 0.0000
vn -0.8855 0.0000 -0.4647
vn -0.8855 0.0000 -0.4647
vn -0.8855 0.0000 -0.4647
vn -1.0000 0.0000 0.0000
vn -0.8855 0.0000 -0.4647
vn -0.8855 0.0000 -0.4647
vn -0.5681 0.0000 -0.8230
vn -0.5681 0.0000 -0.8230
vn -0.5681 0.0000 -0.8230
vn -0.8855 0.0000 -0.4647
vn -0.5681 0.0000 -0.8230
vn -0.5681 0.0000 -0.8230
vn -0.1205 0.0000 -0.9927
vn -0.1205 0.0000 -0.9927
vn -0.1205 0.0000 -0.9927
vn -0.5681 0.0000 -0.8230
vn -0.1205 0.0000 -0.9927
vn -0.1205 0.0000 -0.9927
vn 0.3546 -0.0000 -0.9350
vn 0.3546 -0.0000 -0.9350
vn 0.3546 -0.0000 -0.9350
vn -0.1205 0.0000 -0.9927
vn 0.3546 -0.0000 -0.9350
vn 0.3546 -0.0000 -0.9350
vn 0.7485 -0.0000 -0.6631
vn 0.7485 -0.0000 -0.6631
vn 0.7485 -0.0000 -0.6631
vn 0.3546 -0.0000 -0.9350
vn 0.7485 -0.0000 -0.6631
vn 0.7485 -0.0000 -0.6631
vn 0.9709 -0.0000 -0.2393
vn 0.9709 -0.0000 -0.2393
vn 0.9709 -0.0000 -0.2393
vn 0.7485 -0.0000 -0.6631
vn 0.9709 -0.0000 -0.2393
vn 0.9709 -0.0000 -0.2393
vn 0.9709 -0.0000 0.2393
vn 0.9709 -0.0000 0.2393
vn 0.9709 -0.0000 0.2393
vn 0.9709 -0.0000 -0.2393
vn 0.9709 -0.0000 0.2393
vn 0.9709 -0.0000 0.2393
vn 0.7485 -0.0000 0.6631
vn 0.7485 -0.0000 0.6631
vn 0.7485 -0.0000 0.6631
vn 0.9709 -0.0000 0.2393
vn 0.7485 -0.0000 0.6631
vn 0.7485 -0.0000 0.6631
vn 0.3546 -0.0000 0.9350
vn 0.3546 -0.0000 0.9350
vn 0.3546 -0.0000 0.9350
vn 0.7485 -0.0000 0.6631
vn 0.3546 -0.0000 0.9350
vn 0.3546 -0.0000 0.9350
vn -0.1205 0.0000 0.9927
vn -0.1205 0.0000 0.9927
vn -0.1205 0.0000 0.9927
vn 0.3546 -0.0000 0.9350
vn -0.1205 0.0000 0.9927
vn -0.1205 0.0000 0.9927
vn -0.5681 0.0000 0.8230
vn -0.5681 0.0000 0.8230
vn -0.5681 0.0000 0.8230
vn -0.1205 0.0000 0.9927
vn -0.5681 0.0000 0.8230
vn -0.5681 0.0000 0.8230
vn -0.8855 0.0000 0.4647
vn -0.8855 0.0000 0.4647
vn -0.8855 0.0000 0.4647
vn -0.5681 0.0000 0.8230
vn -1.0000 0.0000 0.0000
vn -1.0000 0.0000 0.0000
vn -0.8855 0.0000 0.4647
vn -0.8855 0.0000 0.4647
vn -0.8855 0.0000 0.4647
vn -1.0000 0.0000 0.0000
vn -0.8855 0.0000 0.4647
vn -0.8855 0.0000 0.4647
vn -0.5681 0.0000 0.8230
vn -0.5681 0.0000 0.8230
vn -0.5681 0.0000 0.8230
vn -0.8855 0.0000 0.4647
vn -0.5681 0.0000 0.8230
vn -0.5681 0.0000 0.8230
vn -0.1205 0.0000 0.9927
vn -0.1205 0.0000 0.9927
vn -0.1205 0.0000 0.9927
vn -0.5681 0.0000 0.8230
vn -0.1205 0.0000 0.9927
vn -0.1205 0.0000 0.9927
vn 0.3546 -0.0000 0.9350
vn 0.3546 -0.0000 0.9350
vn 0.3546 -0.0000 0.9350
vn -0.1205 0.0000 0.9927
vn 0.3546 -0.0000 0.9350
vn 0.3546 -0.0000 0.9350
vn 0.7485 -0.0000 0.6631
vn 0.7485 -0.0000 0.6631
vn 0.7485 -0.0000 0.6631
vn 0.3546 -0.0000 0.9350
vn 0.7485 -0.0000 0.6631
vn 0.7485 -0.0000 0.6631
vn 0.9709 -0.0000 0.2393
vn 0.9709 -0.0000 0.2393
vn 0.9709 -0.0000 0.2393
vn 0.7485 -0.0000 0.6631
vn 0.9709 -0.0000 0.2393
vn 0.9709 -0.0000 0.2393
vn 0.9709 -0.0000 -0.2393
vn 0.9709 -0.0000 -0.2393
vn 0.9709 -0.0000 -0.2393
vn 0.9709 -0.0000 0.2393
vn 0.9709 -0.0000 -0.2393
vn 0.9709 -0.0000 -0.2393
vn 0.7485 -0.0000 -0.6631
vn 0.7485 -0.0000 -0.6631
vn 0.7485 -0.0000 -0.6631
vn 0.9709 -0.0000 -0.2393
vn 0.7485 -0.0000 -0.6631
vn 0.7485 -0.0000 -0.6631
vn 0.3546 -0.0000 -0.9350
vn 0.3546 -0.0000 -0.9350
vn 0.3546 -0.0000 -0.9350
vn 0.7485 -0.0000 -0.6631
vn 0.3546 -0.0000 -0.9350
vn 0.3546 -0.0000 -0.9350
vn -0.1205 0.0000 -0.9927
vn -0.1205 0.0000 -0.9927
vn -0.1205 0.0000 -0.9927
vn 0.3546 -0.0000 -0.9350
vn -0.1205 0.0000 -0.9927
vn -0.1205 0.0000 -0.9927
vn -0.5681 0.0000 -0.8230
vn -0.5681 0.0000 -0.8230
vn -0.5681 0.0000 -0.8230
vn -0.1205 0.0000 -0.9927
vn -0.5681 0.0000 -0.8230
vn -0.5681 0.0000 -0.8230
vn -0.8855 0.0000 -0.4647
vn -0.8855 0.0000 -0.4647
vn -0.8855 0.0000 -0.4647
vn -0.5681 0.0000 -0.8230
vn -0.8855 0.0000 -0.4647
vn -0.8855 0.0000 -0.4647
vn -1.0000 0.0000 0.0000
vn -1.0000 0.0000 0.0000
vn -1.0000 0.0000 0.0000
vn -0.8855 0.0000 -0.4647
vn -0.0000 -1.0000 0.0000
vn -0.0000 -1.0000 0.0000
vn -0.0000 -1.0000 0.0000
vn -0.0000 -1.0000 0.0000
vn -0.0000 -1.0000 0.0000
vn -0.0000 -1.0000 0.0000
vn -0.0000 -1.0000 0.0000
vn -0.0000 -1.0000 0.0000
vn -0.0000 -1.0000 0.0000
vn -0.0000 -1.0000 0.0000
vn -0.0000 -1.0000 0.0000
vn -0.0000 -1.0000 0.0000
vn -0.0000 -1.0000 0.0000
vn -0.0000 -1.0000 0.0000
vn -0.0000 -1.0000 0.0000
vn -0.0000 -1.0000 0.0000
vn -0.0000 -1.0000 0.0000
vn -0.0000 -1.0000 0.0000
vn -0.0000 -1.0000 0.0000
vn -0.0000 -1.0000 0.0000
vn -0.0000 -1.0000 0.0000
vn -0.0000 -1.0000 0.0000
vn -0.0000 -1.0000 0.0000
vn -0.0000 -1.0000 0.0000
vn -0.0000 -1.0000 0.0000
vn -0.0000 -1.0000 0.0000
vn -0.0000 -1.0000 0.0000
vn -0.0000 -1.0000 0.0000
vn -0.0000 -1.0000 0.0000
vn -0.0000 -1.0000 0.0000
vn -0.0000 -1.0000 0.0000
vn -0.0000 -1.0000 0.0000
vn -0.0000 -1.0000 0.0000
vn -0.0000 -1.0000 0.0000
vn -0.0000 -1.0000 0.0000
vn -0.0000 -1.0000 0.0000
vn -0.0000 -1.0000 0.0000
vn -0.0000 -1.0000 0.0000
vn -0.0000 -1.0000 0.0000
vn 0.0000 1.0000 0.0000
vn 0.0000 1.0000 0.0000
vn 0.0000 1.0000 0.0000
vn 0.0000 1.0000 0.0000
vn 0.0000 1.0000 0.0000
vn 0.0000 1.0000 0.0000
vn 0.0000 1.0000 0.0000
vn 0.0000 1.0000 0.0000
vn 0.0000 1.0000 0.0000
vn 0.0000 1.0000 0.0000
vn 0.0000 1.0000 0.0000
vn 0.0000 1.0000 0.0000
vn 0.0000 1.0000 0.0000
vn 0.0000 1.0000 0.0000
vn 0.0000 1.0000 0.0000
vn 0.0000 1.0000 0.0000
vn 0.0000 1.0000 0.0000
vn 0.0000 1.0000 0.0000
vn 0.0000 1.0000 0.0000
vn 0.0000 1.0000 0.0000
vn 0.0000 1.0000 0.0000
vn 0.0000 1.0000 0.0000
vn 0.0000 1.0000 0.0000
vn 0.0000 1.0000 0.0000
vn 0.0000 1.0000 0.0000
vn 0.0000 1.0000 0.0000
vn 0.0000 1.0000 0.0000
vn 0.0000 1.0000 0.0000
vn 0.0000 1.0000 0.0000
vn 0.0000 1.0000 0.0000
vn 0.0000 1.0000 0.0000
vn 0.0000 1.0000 0.0000
vn 0.0000 1.0000 0.0000
vn 0.0000 1.0000 0.0000
vn 0.0000 1.0000 0.0000
vn 0.0000 1.0000 0.0000
vn 0.0000 1.0000 0.0000
vn 0.0000 1.0000 0.0000
vn 0.0000 1.0000 0.0000
vn -1.0000 0.0000 -0.0000
vn -0.7071 0.0000 0.7071
vn -0.7071 0.0000 0.7071
vn -0.7071 0.0000 0.7071
vn -1.0000 0.0000 0.0000
vn -1.0000 0.0000 -0.0000
vn -0.7071 0.0000 0.7071
vn -0.0000 0.0000 1.0000
vn 0.0000 -0.0000 1.0000
vn 0.0000 -0.0000 1.0000
vn -0.7071 0.0000 0.7071
vn -0.7071 0.0000 0.7071
vn -0.0000 0.0000 1.0000
vn 0.7071 -0.0000 0.7071
vn 0.7071 -0.0000 0.7071
vn 0.7071 -0.0000 0.7071
vn 0.0000 -0.0000 1.0000
vn -0.0000 0.0000 1.0000
vn 0.7071 -0.0000 0.7071
vn 1.0000 -0.0000 -0.0000
vn 1.0000 -0.0000 -0.0000
vn 1.0000 -0.0000 -0.0000
vn 0.7071 -0.0000 0.7071
vn 0.7071 -0.0000 0.7071
vn 1.0000 -0.0000 -0.0000
vn 0.7071 -0.0000 -0.7071
vn 0.7071 -0.0000 -0.7071
vn 0.7071 -0.0000 -0.7071
vn 1.0000 -0.0000 -0.0000
vn 1.0000 -0.0000 -0.0000
vn 0.7071 -0.0000 -0.7071
vn -0.0000 0.0000 -1.0000
vn 0.0000 -0.0000 -1.0000
vn 0.0000 -0.0000 -1.0000
vn 0.7071 -0.0000 -0.7071
vn 0.7071 -0.0000 -0.7071
vn -0.0000 0.0000 -1.0000
vn -0.7071 0.0000 -0.7071
vn -0.7071 0.0000 -0.7071
vn -0.7071 0.0000 -0.7071
vn 0.0000 -0.0000 -1.0000
vn -0.0000 0.0000 -1.0000
vn -0.7071 0.0000 -0.7071
vn -1.0000 0.0000 -0.0000
vn -1.0000 0.0000 0.0000
vn -1.0000 0.0000 0.0000
vn -0.7071 0.0000 -0.7071
vn -0.7071 0.0000 -0.7071
vn 0.0000 -1.0000 0.0000
vn 0.0000 -1.0000 0.0000
vn 0.0000 -1.0000 0.0000
vn -0.0000 -1.0000 0.0000
vn -0.0000 -1.0000 0.0000
vn -0.0000 -1.0000 0.0000
vn -0.0000 -1.0000 0.0000
vn -0.0000 -1.0000 0.0000
vn -0.0000 -1.0000 0.0000
vn -0.0000 -1.0000 0.0000
vn -0.0000 -1.0000 0.0000
vn -0.0000 -1.0000 0.0000
vn -0.0000 -1.0000 0.0000
vn -0.0000 -1.0000 0.0000
vn -0.0000 -1.0000 0.0000
vn -0.0000 -1.0000 0.0000
vn -0.0000 -1.0000 0.0000
vn -0.0000 -1.0000 0.0000
vn 0.0000 -1.0000 0.0000
vn 0.0000 -1.0000 0.0000
vn 0.0000 -1.0000 0.0000
vn 0.0000 -1.0000 0.0000
vn 0.0000 -1.0000 0.0000
vn 0.0000 -1.0000 0.0000
vn 0.0000 1.0000 -0.0000
vn 0.0000 1.0000 -0.0000
vn 0.0000 1.0000 -0.0000
vn 0.0000 1.0000 -0.0000
vn 0.0000 1.0000 -0.0000
vn 0.0000 1.0000 -0.0000
vn -0.0000 1.0000 -0.0000
vn -0.0000 1.0000 -0.0000
vn -0.0000 1.0000 -0.0000
vn -0.0000 1.0000 -0.0000
vn -0.0000 1.0000 -0.0000
vn -0.0000 1.0000 -0.0000
vn -0.0000 1.0000 0.0000
vn -0.0000 1.0000 0.0000
vn -0.0000 1.0000 0.0000
vn -0.0000 1.0000 0.0000
vn -0.0000 1.0000 0.0000
vn -0.0000 1.0000 0.0000
vn -0.0000 1.0000 0.0000
vn -0.0000 1.0000 0.0000
vn -0.0000 1.0000 0.0000
vn 0.0000 1.0000 0.0000
vn 0.0000 1.0000 0.0000
vn 0.0000 1.0000 0.0000
vn -0.5000 0.0000 0.8660
vn 1.0000 -0.0000 -0.0000
vn 1.0000 -0.0000 -0.0000
vn 1.0000 -0.0000 -0.0000
vn -0.5000 -0.0000 0.8660
vn -0.5000 0.0000 0.8660
vn 1.0000 -0.0000 -0.0000
vn -0.5000 0.0000 -0.8660
vn -0.5000 0.0000 -0.8660
vn -0.5000 0.0000 -0.8660
vn 1.0000 -0.0000 -0.0000
vn 1.0000 -0.0000 -0.0000
vn -0.5000 0.0000 -0.8660
vn -0.5000 0.0000 0.8660
vn -0.5000 -0.0000 0.8660
vn -0.5000 -0.0000 0.8660
vn -0.5000 0.0000 -0.8660
vn -0.5000 0.0000 -0.8660
vn 0.0000 -1.0000 0.0000
vn 0.0000 -1.0000 0.0000
vn 0.0000 -1.0000 0.0000
vn -0.0000 1.0000 0.0000
vn -0.0000 1.0000 0.0000
vn -0.0000 1.0000 0.0000
vn -0.5000 0.0000 0.8660
vn 1.0000 -0.0000 -0.0000
vn 1.0000 -0.0000 -0.0000
vn 1.0000 -0.0000 -0.0000
vn -0.5000 0.0000 0.8660
vn -0.5000 0.0000 0.8660
vn 1.0000 -0.0000 -0.0000
vn -0.5000 0.0000 -0.8660
vn -0.5000 0.0000 -0.8660
vn -0.5000 0.0000 -0.8660
vn 1.0000 -0.0000 -0.0000
vn 1.0000 -0.0000 -0.0000
vn -0.5000 0.0000 -0.8660
vn -0.5000 0.0000 0.8660
vn -0.5000 0.0000 0.8660
vn -0.5000 0.0000 0.8660
vn -0.5000 0.0000 -0.8660
vn -0.5000 0.0000 -0.8660
vn -0.0000 -1.0000 0.0000
vn -0.0000 -1.0000 0.0000
vn -0.0000 -1.0000 0.0000
vn 0.0000 1.0000 0.0000
vn 0.0000 1.0000 0.0000
vn 0.0000 1.0000 0.0000
vn -0.5000 -0.0000 0.8660
vn 1.0000 -0.0000 -0.0000
vn 1.0000 -0.0000 -0.0000
vn 1.0000 -0.0000 -0.0000
vn -0.5000 -0.0000 0.8660
vn -0.5000 -0.0000 0.8660
vn 1.0000 -0.0000 -0.0000
vn -0.5000 0.0000 -0.8660
vn -0.5000 -0.0000 -0.8660
vn -0.5000 -0.0000 -0.8660
vn 1.0000 -0.0000 -0.0000
vn 1.0000 -0.0000 -0.0000
vn -0.5000 0.0000 -0.8660
vn -0.5000 -0.0000 0.8660
vn -0.5000 -0.0000 0.8660
vn -0.5000 -0.0000 0.8660
vn -0.5000 -0.0000 -0.8660
vn -0.5000 0.0000 -0.8660
vn 0.0000 -1.0000 0.0000
vn 0.0000 -1.0000 0.0000
vn 0.0000 -1.0000 0.0000
vn -0.0000 1.0000 -0.0000
vn -0.0000 1.0000 -0.0000
vn -0.0000 1.0000 -0.0000
vn -0.5000 0.0000 0.8660
vn 1.0000 -0.0000 -0.0000
vn 1.0000 -0.0000 -0.0000
vn 1.0000 -0.0000 -0.0000
vn -0.5000 0.0000 0.8660
vn -0.5000 0.0000 0.8660
vn 1.0000 -0.0000 -0.0000
vn -0.5000 0.0000 -0.8660
vn -0.5000 0.0000 -0.8660
vn -0.5000 0.0000 -0.8660
vn 1.0000 -0.0000 -0.0000
vn 1.0000 -0.0000 -0.0000
vn -0.5000 0.0000 -0.8660
vn -0.5000 0.0000 0.8660
vn -0.5000 0.0000 0.8660
vn -0.5000 0.0000 0.8660
vn -0.5000 0.0000 -0.8660
vn -0.5000 0.0000 -0.8660
vn -0.0000 -1.0000 0.0000
vn -0.0000 -1.0000 0.0000
vn -0.0000 -1.0000 0.0000
vn 0.0000 1.0000 0.0000
vn 0.0000 1.0000 0.0000
vn 0.0000 1.0000 0.0000
# 2016 vertex normals

vt 0.0000 0.0000 0.0000
vt 1.0000 0.0000 0.0000
vt 0.0000 1.0000 0.0000
vt 1.0000 1.0000 0.0000
vt 0.0000 1.0000 0.0000
vt 0.0000 0.0000 0.0000
vt 1.0000 1.0000 0.0000
vt 0.0000 1.0000 0.0000
vt 0.0000 1.0000 0.0000
vt 0.0000 0.0000 0.0000
vt 0.0000 0.0000 0.0000
vt 1.0000 0.0000 0.0000
vt 0.0000 1.0000 0.0000
vt 0.0000 0.0000 0.0000
vt 1.0000 0.0000 0.0000
vt 1.0000 1.0000 0.0000
vt 0.0000 1.0000 0.0000
vt 0.0000 0.0000 0.0000
vt 1.0000 1.0000 0.0000
vt 0.0000 1.0000 0.0000
vt 0.0000 1.0000 0.0000
vt 0.0000 0.0000 0.0000
vt 0.0000 0.0000 0.0000
vt 1.0000 0.0000 0.0000
vt 0.7500 0.0000 1.0000
vt 0.0833 0.0000 1.0000
vt 0.4167 0.0000 1.0000
vt 0.7500 1.0000 1.0000
vt 0.0833 1.0000 1.0000
vt 0.4167 1.0000 1.0000
vt 1.0833 0.0000 1.0000
vt 1.0833 1.0000 1.0000
vt 0.9330 0.2500 -0.2500
vt 0.0670 0.2500 -0.2500
vt 0.5000 1.0000 -0.2500
vt 0.5000 1.0000 0.2500
vt 0.0670 0.2500 0.2500
vt 0.9330 0.2500 0.2500
vt 0.7500 0.0000 1.0000
vt 1.0833 0.0000 1.0000
vt 1.0833 1.0000 1.0000
vt 0.7500 1.0000 1.0000
vt 0.0833 0.0000 1.0000
vt 0.4167 0.0000 1.0000
vt 0.4167 1.0000 1.0000
vt 0.0833 1.0000 1.0000
vt 0.9330 0.2500 -0.2500
vt 0.0670 0.2500 -0.2500
vt 0.5000 1.0000 -0.2500
vt 0.5000 1.0000 0.2500
vt 0.0670 0.2500 0.2500
vt 0.9330 0.2500 0.2500
vt 0.7500 0.0000 1.0000
vt 0.0833 0.0000 1.0000
vt 0.4167 0.0000 1.0000
vt 0.7500 1.0000 1.0000
vt 0.0833 1.0000 1.0000
vt 0.4167 1.0000 1.0000
vt 1.0833 0.0000 1.0000
vt 1.0833 1.0000 1.0000
vt 0.9330 0.2500 -0.2500
vt 0.0670 0.2500 -0.2500
vt 0.5000 1.0000 -0.2500
vt 0.5000 1.0000 0.2500
vt 0.0670 0.2500 0.2500
vt 0.9330 0.2500 0.2500
vt 0.7500 0.0000 1.0000
vt 1.0833 0.0000 1.0000
vt 1.0833 1.0000 1.0000
vt 0.7500 1.0000 1.0000
vt 0.0833 0.0000 1.0000
vt 0.4167 0.0000 1.0000
vt 0.4167 1.0000 1.0000
vt 0.0833 1.0000 1.0000
vt 0.9330 0.2500 -0.2500
vt 0.0670 0.2500 -0.2500
vt 0.5000 1.0000 -0.2500
vt 0.5000 1.0000 0.2500
vt 0.0670 0.2500 0.2500
vt 0.9330 0.2500 0.2500
vt 0.7500 0.0000 1.0000
vt 1.0833 0.0000 1.0000
vt 1.0833 1.0000 1.0000
vt 0.7500 1.0000 1.0000
vt 0.0833 0.0000 1.0000
vt 0.4167 0.0000 1.0000
vt 0.4167 1.0000 1.0000
vt 0.0833 1.0000 1.0000
vt 0.9330 0.2500 -0.2500
vt 0.0670 0.2500 -0.2500
vt 0.5000 1.0000 -0.2500
vt 0.5000 1.0000 0.2500
vt 0.0670 0.2500 0.2500
vt 0.9330 0.2500 0.2500
vt 0.7500 0.0000 1.0000
vt 1.0833 0.0000 1.0000
vt 1.0833 1.0000 1.0000
vt 0.7500 1.0000 1.0000
vt 0.0833 0.0000 1.0000
vt 0.4167 0.0000 1.0000
vt 0.4167 1.0000 1.0000
vt 0.0833 1.0000 1.0000
vt 0.9330 0.2500 -0.2500
vt 0.0670 0.2500 -0.2500
vt 0.5000 1.0000 -0.2500
vt 0.5000 1.0000 0.2500
vt 0.0670 0.2500 0.2500
vt 0.9330 0.2500 0.2500
vt 0.7500 0.0000 1.0000
vt 1.0833 0.0000 1.0000
vt 1.0833 1.0000 1.0000
vt 0.7500 1.0000 1.0000
vt 0.0833 0.0000 1.0000
vt 0.4167 0.0000 1.0000
vt 0.4167 1.0000 1.0000
vt 0.0833 1.0000 1.0000
vt 0.9330 0.2500 -0.2500
vt 0.0670 0.2500 -0.2500
vt 0.5000 1.0000 -0.2500
vt 0.5000 1.0000 0.2500
vt 0.0670 0.2500 0.2500
vt 0.9330 0.2500 0.2500
vt 0.7500 0.0000 1.0000
vt 1.0833 0.0000 1.0000
vt 1.0833 1.0000 1.0000
vt 0.7500 1.0000 1.0000
vt 0.0833 0.0000 1.0000
vt 0.4167 0.0000 1.0000
vt 0.4167 1.0000 1.0000
vt 0.0833 1.0000 1.0000
vt 0.9330 0.2500 -0.2500
vt 0.0670 0.2500 -0.2500
vt 0.5000 1.0000 -0.2500
vt 0.5000 1.0000 0.2500
vt 0.0670 0.2500 0.2500
vt 0.9330 0.2500 0.2500
vt 0.7500 0.0000 1.0000
vt 1.0833 0.0000 1.0000
vt 1.0833 1.0000 1.0000
vt 0.7500 1.0000 1.0000
vt 0.0833 0.0000 1.0000
vt 0.4167 0.0000 1.0000
vt 0.4167 1.0000 1.0000
vt 0.0833 1.0000 1.0000
vt 0.9330 0.2500 -0.2500
vt 0.0670 0.2500 -0.2500
vt 0.5000 1.0000 -0.2500
vt 0.5000 1.0000 0.2500
vt 0.0670 0.2500 0.2500
vt 0.9330 0.2500 0.2500
vt 0.7500 0.0000 1.0000
vt 1.0833 0.0000 1.0000
vt 1.0833 1.0000 1.0000
vt 0.7500 1.0000 1.0000
vt 0.0833 0.0000 1.0000
vt 0.4167 0.0000 1.0000
vt 0.4167 1.0000 1.0000
vt 0.0833 1.0000 1.0000
vt 0.9330 0.2500 -0.2500
vt 0.0670 0.2500 -0.2500
vt 0.5000 1.0000 -0.2500
vt 0.5000 1.0000 0.2500
vt 0.0670 0.2500 0.2500
vt 0.9330 0.2500 0.2500
vt 0.7500 0.0000 1.0000
vt 0.0833 0.0000 1.0000
vt 0.4167 0.0000 1.0000
vt 0.7500 1.0000 1.0000
vt 0.0833 1.0000 1.0000
vt 0.4167 1.0000 1.0000
vt 1.0833 0.0000 1.0000
vt 1.0833 1.0000 1.0000
vt 0.9330 0.2500 -0.2500
vt 0.0670 0.2500 -0.2500
vt 0.5000 1.0000 -0.2500
vt 0.5000 1.0000 0.2500
vt 0.0670 0.2500 0.2500
vt 0.9330 0.2500 0.2500
vt 0.7500 0.0000 1.0000
vt 0.0833 0.0000 1.0000
vt 0.4167 0.0000 1.0000
vt 0.7500 1.0000 1.0000
vt 0.0833 1.0000 1.0000
vt 0.4167 1.0000 1.0000
vt 1.0833 0.0000 1.0000
vt 1.0833 1.0000 1.0000
vt 0.9330 0.2500 -0.2500
vt 0.0670 0.2500 -0.2500
vt 0.5000 1.0000 -0.2500
vt 0.5000 1.0000 0.2500
vt 0.0670 0.2500 0.2500
vt 0.9330 0.2500 0.2500
vt 0.7500 0.0000 1.0000
vt 0.0833 0.0000 1.0000
vt 0.4167 0.0000 1.0000
vt 0.7500 1.0000 1.0000
vt 0.0833 1.0000 1.0000
vt 0.4167 1.0000 1.0000
vt 1.0833 0.0000 1.0000
vt 1.0833 1.0000 1.0000
vt 0.9330 0.2500 -0.2500
vt 0.0670 0.2500 -0.2500
vt 0.5000 1.0000 -0.2500
vt 0.5000 1.0000 0.2500
vt 0.0670 0.2500 0.2500
vt 0.9330 0.2500 0.2500
vt 0.7500 0.0000 1.0000
vt 0.0833 0.0000 1.0000
vt 0.4167 0.0000 1.0000
vt 0.7500 1.0000 1.0000
vt 0.0833 1.0000 1.0000
vt 0.4167 1.0000 1.0000
vt 1.0833 0.0000 1.0000
vt 1.0833 1.0000 1.0000
vt 0.9330 0.2500 -0.2500
vt 0.0670 0.2500 -0.2500
vt 0.5000 1.0000 -0.2500
vt 0.5000 1.0000 0.2500
vt 0.0670 0.2500 0.2500
vt 0.9330 0.2500 0.2500
vt 0.7500 0.0000 1.0000
vt 0.0833 0.0000 1.0000
vt 0.4167 0.0000 1.0000
vt 0.7500 1.0000 1.0000
vt 0.0833 1.0000 1.0000
vt 0.4167 1.0000 1.0000
vt 1.0833 0.0000 1.0000
vt 1.0833 1.0000 1.0000
vt 0.9330 0.2500 -0.2500
vt 0.0670 0.2500 -0.2500
vt 0.5000 1.0000 -0.2500
vt 0.5000 1.0000 0.2500
vt 0.0670 0.2500 0.2500
vt 0.9330 0.2500 0.2500
vt 0.7500 0.0000 1.0000
vt 0.0833 0.0000 1.0000
vt 0.4167 0.0000 1.0000
vt 0.7500 1.0000 1.0000
vt 0.0833 1.0000 1.0000
vt 0.4167 1.0000 1.0000
vt 1.0833 0.0000 1.0000
vt 1.0833 1.0000 1.0000
vt 0.9330 0.2500 -0.2500
vt 0.0670 0.2500 -0.2500
vt 0.5000 1.0000 -0.2500
vt 0.5000 1.0000 0.2500
vt 0.0670 0.2500 0.2500
vt 0.9330 0.2500 0.2500
vt 0.7500 0.0000 1.0000
vt 0.0833 0.0000 1.0000
vt 0.4167 0.0000 1.0000
vt 0.7500 1.0000 1.0000
vt 0.0833 1.0000 1.0000
vt 0.4167 1.0000 1.0000
vt 1.0833 0.0000 1.0000
vt 1.0833 1.0000 1.0000
vt 0.9330 0.2500 -0.2500
vt 0.0670 0.2500 -0.2500
vt 0.5000 1.0000 -0.2500
vt 0.5000 1.0000 0.2500
vt 0.0670 0.2500 0.2500
vt 0.9330 0.2500 0.2500
vt 0.7500 0.0000 1.0000
vt 1.0833 0.0000 1.0000
vt 1.0833 1.0000 1.0000
vt 0.7500 1.0000 1.0000
vt 0.0833 0.0000 1.0000
vt 0.4167 0.0000 1.0000
vt 0.4167 1.0000 1.0000
vt 0.0833 1.0000 1.0000
vt 0.9330 0.2500 -0.2500
vt 0.0670 0.2500 -0.2500
vt 0.5000 1.0000 -0.2500
vt 0.5000 1.0000 0.2500
vt 0.0670 0.2500 0.2500
vt 0.9330 0.2500 0.2500
vt 0.7500 0.0000 1.0000
vt 0.0833 0.0000 1.0000
vt 0.4167 0.0000 1.0000
vt 0.7500 1.0000 1.0000
vt 0.0833 1.0000 1.0000
vt 0.4167 1.0000 1.0000
vt 1.0833 0.0000 1.0000
vt 1.0833 1.0000 1.0000
vt 0.9330 0.2500 -0.2500
vt 0.0670 0.2500 -0.2500
vt 0.5000 1.0000 -0.2500
vt 0.5000 1.0000 0.2500
vt 0.0670 0.2500 0.2500
vt 0.9330 0.2500 0.2500
vt 0.7500 0.0000 1.0000
vt 0.8269 0.0000 1.0000
vt 0.9038 0.0000 1.0000
vt 0.9808 0.0000 1.0000
vt 0.0577 0.0000 1.0000
vt 0.1346 0.0000 1.0000
vt 0.2115 0.0000 1.0000
vt 0.2885 0.0000 1.0000
vt 0.3654 0.0000 1.0000
vt 0.4423 0.0000 1.0000
vt 0.5192 0.0000 1.0000
vt 0.5962 0.0000 1.0000
vt 0.6731 0.0000 1.0000
vt 0.7500 1.0000 1.0000
vt 0.8269 1.0000 1.0000
vt 0.9038 1.0000 1.0000
vt 0.9808 1.0000 1.0000
vt 0.0577 1.0000 1.0000
vt 0.1346 1.0000 1.0000
vt 0.2115 1.0000 1.0000
vt 0.2885 1.0000 1.0000
vt 0.3654 1.0000 1.0000
vt 0.4423 1.0000 1.0000
vt 0.5192 1.0000 1.0000
vt 0.5962 1.0000 1.0000
vt 0.6731 1.0000 1.0000
vt 1.0577 0.0000 1.0000
vt 1.0577 1.0000 1.0000
vt 0.7324 0.9427 -0.2500
vt 0.9115 0.7840 -0.2500
vt 0.9964 0.5603 -0.2500
vt 0.9675 0.3227 -0.2500
vt 0.8316 0.1257 -0.2500
vt 0.6197 0.0145 -0.2500
vt 0.3803 0.0145 -0.2500
vt 0.1684 0.1257 -0.2500
vt 0.0325 0.3227 -0.2500
vt 0.0036 0.5603 -0.2500
vt 0.0885 0.7840 -0.2500
vt 0.2676 0.9427 -0.2500
vt 0.5000 1.0000 -0.2500
vt 0.5000 1.0000 0.2500
vt 0.2676 0.9427 0.2500
vt 0.0885 0.7840 0.2500
vt 0.0036 0.5603 0.2500
vt 0.0325 0.3227 0.2500
vt 0.1684 0.1257 0.2500
vt 0.3803 0.0145 0.2500
vt 0.6197 0.0145 0.2500
vt 0.8316 0.1257 0.2500
vt 0.9675 0.3227 0.2500
vt 0.9964 0.5603 0.2500
vt 0.9115 0.7840 0.2500
vt 0.7324 0.9427 0.2500
vt 0.2676 0.9427 -0.2500
vt 0.5000 1.0000 -0.2500
vt 0.7324 0.9427 -0.2500
vt 0.9115 0.7840 -0.2500
vt 0.9964 0.5603 -0.2500
vt 0.9675 0.3227 -0.2500
vt 0.8316 0.1257 -0.2500
vt 0.6197 0.0145 -0.2500
vt 0.3803 0.0145 -0.2500
vt 0.1684 0.1257 -0.2500
vt 0.0325 0.3227 -0.2500
vt 0.0036 0.5603 -0.2500
vt 0.0885 0.7840 -0.2500
vt 0.5000 1.0000 0.2500
vt 0.2676 0.9427 0.2500
vt 0.0885 0.7840 0.2500
vt 0.0036 0.5603 0.2500
vt 0.0325 0.3227 0.2500
vt 0.1684 0.1257 0.2500
vt 0.3803 0.0145 0.2500
vt 0.6197 0.0145 0.2500
vt 0.8316 0.1257 0.2500
vt 0.9675 0.3227 0.2500
vt 0.9964 0.5603 0.2500
vt 0.9115 0.7840 0.2500
vt 0.7324 0.9427 0.2500
vt 0.2676 0.9427 -0.2500
vt 0.5000 1.0000 -0.2500
vt 0.7324 0.9427 -0.2500
vt 0.9115 0.7840 -0.2500
vt 0.9964 0.5603 -0.2500
vt 0.9675 0.3227 -0.2500
vt 0.8316 0.1257 -0.2500
vt 0.6197 0.0145 -0.2500
vt 0.3803 0.0145 -0.2500
vt 0.1684 0.1257 -0.2500
vt 0.0325 0.3227 -0.2500
vt 0.0036 0.5603 -0.2500
vt 0.0885 0.7840 -0.2500
vt 0.5000 1.0000 0.2500
vt 0.2676 0.9427 0.2500
vt 0.0885 0.7840 0.2500
vt 0.0036 0.5603 0.2500
vt 0.0325 0.3227 0.2500
vt 0.1684 0.1257 0.2500
vt 0.3803 0.0145 0.2500
vt 0.6197 0.0145 0.2500
vt 0.8316 0.1257 0.2500
vt 0.9675 0.3227 0.2500
vt 0.9964 0.5603 0.2500
vt 0.9115 0.7840 0.2500
vt 0.7324 0.9427 0.2500
vt 0.2676 0.9427 -0.2500
vt 0.5000 1.0000 -0.2500
vt 0.7324 0.9427 -0.2500
vt 0.9115 0.7840 -0.2500
vt 0.9964 0.5603 -0.2500
vt 0.9675 0.3227 -0.2500
vt 0.8316 0.1257 -0.2500
vt 0.6197 0.0145 -0.2500
vt 0.3803 0.0145 -0.2500
vt 0.1684 0.1257 -0.2500
vt 0.0325 0.3227 -0.2500
vt 0.0036 0.5603 -0.2500
vt 0.0885 0.7840 -0.2500
vt 0.5000 1.0000 0.2500
vt 0.2676 0.9427 0.2500
vt 0.0885 0.7840 0.2500
vt 0.0036 0.5603 0.2500
vt 0.0325 0.3227 0.2500
vt 0.1684 0.1257 0.2500
vt 0.3803 0.0145 0.2500
vt 0.6197 0.0145 0.2500
vt 0.8316 0.1257 0.2500
vt 0.9675 0.3227 0.2500
vt 0.9964 0.5603 0.2500
vt 0.9115 0.7840 0.2500
vt 0.7324 0.9427 0.2500
vt 0.5000 0.5000 0.2500
vt 0.5000 0.5000 -0.2500
vt 0.7500 0.0000 1.0000
vt 0.8269 0.0000 1.0000
vt 0.8269 1.0000 1.0000
vt 0.7500 1.0000 1.0000
vt 0.9038 0.0000 1.0000
vt 0.9038 1.0000 1.0000
vt 0.9808 0.0000 1.0000
vt 0.9808 1.0000 1.0000
vt 1.0577 0.0000 1.0000
vt 1.0577 1.0000 1.0000
vt 0.0577 0.0000 1.0000
vt 0.1346 0.0000 1.0000
vt 0.1346 1.0000 1.0000
vt 0.0577 1.0000 1.0000
vt 0.2115 0.0000 1.0000
vt 0.2115 1.0000 1.0000
vt 0.2885 0.0000 1.0000
vt 0.2885 1.0000 1.0000
vt 0.3654 0.0000 1.0000
vt 0.3654 1.0000 1.0000
vt 0.4423 0.0000 1.0000
vt 0.4423 1.0000 1.0000
vt 0.5192 0.0000 1.0000
vt 0.5192 1.0000 1.0000
vt 0.5962 0.0000 1.0000
vt 0.5962 1.0000 1.0000
vt 0.6731 0.0000 1.0000
vt 0.6731 1.0000 1.0000
vt 0.2676 0.9427 -0.2500
vt 0.5000 1.0000 -0.2500
vt 0.5000 1.0000 -0.2500
vt 0.2676 0.9427 -0.2500
vt 0.7324 0.9427 -0.2500
vt 0.7324 0.9427 -0.2500
vt 0.9115 0.7840 -0.2500
vt 0.9115 0.7840 -0.2500
vt 0.9964 0.5603 -0.2500
vt 0.9964 0.5603 -0.2500
vt 0.9675 0.3227 -0.2500
vt 0.9675 0.3227 -0.2500
vt 0.8316 0.1257 -0.2500
vt 0.8316 0.1257 -0.2500
vt 0.6197 0.0145 -0.2500
vt 0.6197 0.0145 -0.2500
vt 0.3803 0.0145 -0.2500
vt 0.3803 0.0145 -0.2500
vt 0.1684 0.1257 -0.2500
vt 0.1684 0.1257 -0.2500
vt 0.0325 0.3227 -0.2500
vt 0.0325 0.3227 -0.2500
vt 0.0036 0.5603 -0.2500
vt 0.0036 0.5603 -0.2500
vt 0.0885 0.7840 -0.2500
vt 0.0885 0.7840 -0.2500
vt 0.5000 1.0000 0.2500
vt 0.2676 0.9427 0.2500
vt 0.2676 0.9427 0.2500
vt 0.5000 1.0000 0.2500
vt 0.0885 0.7840 0.2500
vt 0.0885 0.7840 0.2500
vt 0.0036 0.5603 0.2500
vt 0.0036 0.5603 0.2500
vt 0.0325 0.3227 0.2500
vt 0.0325 0.3227 0.2500
vt 0.1684 0.1257 0.2500
vt 0.1684 0.1257 0.2500
vt 0.3803 0.0145 0.2500
vt 0.3803 0.0145 0.2500
vt 0.6197 0.0145 0.2500
vt 0.6197 0.0145 0.2500
vt 0.8316 0.1257 0.2500
vt 0.8316 0.1257 0.2500
vt 0.9675 0.3227 0.2500
vt 0.9675 0.3227 0.2500
vt 0.9964 0.5603 0.2500
vt 0.9964 0.5603 0.2500
vt 0.9115 0.7840 0.2500
vt 0.9115 0.7840 0.2500
vt 0.7324 0.9427 0.2500
vt 0.7324 0.9427 0.2500
vt 0.5000 1.0000 -0.2500
vt 0.2676 0.9427 -0.2500
vt 0.7324 0.9427 -0.2500
vt 0.9115 0.7840 -0.2500
vt 0.9964 0.5603 -0.2500
vt 0.9675 0.3227 -0.2500
vt 0.8316 0.1257 -0.2500
vt 0.6197 0.0145 -0.2500
vt 0.3803 0.0145 -0.2500
vt 0.1684 0.1257 -0.2500
vt 0.0325 0.3227 -0.2500
vt 0.0036 0.5603 -0.2500
vt 0.0885 0.7840 -0.2500
vt 0.2676 0.9427 0.2500
vt 0.5000 1.0000 0.2500
vt 0.0885 0.7840 0.2500
vt 0.0036 0.5603 0.2500
vt 0.0325 0.3227 0.2500
vt 0.1684 0.1257 0.2500
vt 0.3803 0.0145 0.2500
vt 0.6197 0.0145 0.2500
vt 0.8316 0.1257 0.2500
vt 0.9675 0.3227 0.2500
vt 0.9964 0.5603 0.2500
vt 0.9115 0.7840 0.2500
vt 0.7324 0.9427 0.2500
vt 0.5000 1.0000 -0.2500
vt 0.2676 0.9427 -0.2500
vt 0.7324 0.9427 -0.2500
vt 0.9115 0.7840 -0.2500
vt 0.9964 0.5603 -0.2500
vt 0.9675 0.3227 -0.2500
vt 0.8316 0.1257 -0.2500
vt 0.6197 0.0145 -0.2500
vt 0.3803 0.0145 -0.2500
vt 0.1684 0.1257 -0.2500
vt 0.0325 0.3227 -0.2500
vt 0.0036 0.5603 -0.2500
vt 0.0885 0.7840 -0.2500
vt 0.2676 0.9427 0.2500
vt 0.5000 1.0000 0.2500
vt 0.0885 0.7840 0.2500
vt 0.0036 0.5603 0.2500
vt 0.0325 0.3227 0.2500
vt 0.1684 0.1257 0.2500
vt 0.3803 0.0145 0.2500
vt 0.6197 0.0145 0.2500
vt 0.8316 0.1257 0.2500
vt 0.9675 0.3227 0.2500
vt 0.9964 0.5603 0.2500
vt 0.9115 0.7840 0.2500
vt 0.7324 0.9427 0.2500
vt 0.5000 0.5000 0.2500
vt 0.5000 0.5000 -0.2500
vt 0.7500 0.0000 1.0000
vt 0.8750 0.0000 1.0000
vt 0.0000 0.0000 1.0000
vt 0.1250 0.0000 1.0000
vt 0.2500 0.0000 1.0000
vt 0.3750 0.0000 1.0000
vt 0.5000 0.0000 1.0000
vt 0.6250 0.0000 1.0000
vt 0.7500 1.0000 1.0000
vt 0.8750 1.0000 1.0000
vt 0.0000 1.0000 1.0000
vt 0.1250 1.0000 1.0000
vt 0.2500 1.0000 1.0000
vt 0.3750 1.0000 1.0000
vt 0.5000 1.0000 1.0000
vt 0.6250 1.0000 1.0000
vt 1.0000 0.0000 1.0000
vt 1.0000 1.0000 1.0000
vt 0.5000 0.0000 1.0000
vt 0.5000 1.0000 1.0000
vt 0.7500 0.0000 1.0000
vt 0.0833 0.0000 1.0000
vt 0.4167 0.0000 1.0000
vt 0.7500 1.0000 1.0000
vt 0.0833 1.0000 1.0000
vt 0.4167 1.0000 1.0000
vt 1.0833 0.0000 1.0000
vt 1.0833 1.0000 1.0000
vt 0.9330 0.2500 -0.2500
vt 0.0670 0.2500 -0.2500
vt 0.5000 1.0000 -0.2500
vt 0.5000 1.0000 0.2500
vt 0.0670 0.2500 0.2500
vt 0.9330 0.2500 0.2500
vt 0.7500 0.0000 1.0000
vt 1.0833 0.0000 1.0000
vt 1.0833 1.0000 1.0000
vt 0.7500 1.0000 1.0000
vt 0.0833 0.0000 1.0000
vt 0.4167 0.0000 1.0000
vt 0.4167 1.0000 1.0000
vt 0.0833 1.0000 1.0000
vt 0.9330 0.2500 -0.2500
vt 0.0670 0.2500 -0.2500
vt 0.5000 1.0000 -0.2500
vt 0.5000 1.0000 0.2500
vt 0.0670 0.2500 0.2500
vt 0.9330 0.2500 0.2500
vt 0.7500 0.0000 1.0000
vt 1.0833 0.0000 1.0000
vt 1.0833 1.0000 1.0000
vt 0.7500 1.0000 1.0000
vt 0.0833 0.0000 1.0000
vt 0.4167 0.0000 1.0000
vt 0.4167 1.0000 1.0000
vt 0.0833 1.0000 1.0000
vt 0.9330 0.2500 -0.2500
vt 0.0670 0.2500 -0.2500
vt 0.5000 1.0000 -0.2500
vt 0.5000 1.0000 0.2500
vt 0.0670 0.2500 0.2500
vt 0.9330 0.2500 0.2500
vt 0.7500 0.0000 1.0000
vt 1.0833 0.0000 1.0000
vt 1.0833 1.0000 1.0000
vt 0.7500 1.0000 1.0000
vt 0.0833 0.0000 1.0000
vt 0.4167 0.0000 1.0000
vt 0.4167 1.0000 1.0000
vt 0.0833 1.0000 1.0000
vt 0.9330 0.2500 -0.2500
vt 0.0670 0.2500 -0.2500
vt 0.5000 1.0000 -0.2500
vt 0.5000 1.0000 0.2500
vt 0.0670 0.2500 0.2500
vt 0.9330 0.2500 0.2500
# 634 texture coords

g Plane002
usemtl Material__7382
s 1
f 261/136/1453 262/137/1454 257/132/1455 
f 257/132/1456 258/133/1457 261/136/1458 
s off
f 261/136/1459 258/133/1460 259/134/1461 
f 259/134/1462 260/135/1463 261/136/1464 
f 254/129/1465 253/128/1466 258/133/1467 
f 258/133/1468 257/132/1469 254/129/1470 
f 253/128/1471 256/130/1472 259/134/1473 
f 259/134/1474 258/133/1475 253/128/1476 
f 256/130/1477 255/131/1478 260/135/1479 
f 260/135/1480 259/134/1481 256/130/1482 
f 255/131/1483 251/126/1484 261/136/1485 
f 261/136/1486 260/135/1487 255/131/1488 
f 251/126/1489 252/127/1490 262/137/1491 
f 262/137/1492 261/136/1493 251/126/1494 
f 252/127/1495 254/129/1496 257/132/1497 
f 257/132/1498 262/137/1499 252/127/1500 
s 1
f 252/127/1501 251/126/1502 253/128/1503 
f 253/128/1504 254/129/1505 252/127/1506 
s 2
f 253/128/1507 251/126/1508 255/130/1509 
f 255/130/1510 256/131/1511 253/128/1512 
s 1
f 264/139/1513 263/138/1514 266/141/1515 
f 266/141/1516 265/140/1517 264/139/1518 
s off
f 264/139/1519 268/143/1520 267/142/1521 
f 267/142/1522 263/138/1523 264/139/1524 
f 269/144/1525 266/141/1526 263/138/1527 
f 263/138/1528 270/145/1529 269/144/1530 
f 270/145/1531 263/138/1532 267/142/1533 
f 267/142/1534 271/146/1535 270/145/1536 
f 271/146/1537 267/142/1538 268/143/1539 
f 268/143/1540 272/147/1541 271/146/1542 
f 272/147/1543 268/143/1544 264/139/1545 
f 264/139/1546 273/148/1547 272/147/1548 
f 273/148/1549 264/139/1550 265/140/1551 
f 265/140/1552 274/149/1553 273/148/1554 
f 274/149/1555 265/140/1556 266/141/1557 
f 266/141/1558 269/144/1559 274/149/1560 
s 1
f 274/149/1561 269/144/1562 270/145/1563 
f 270/145/1564 273/148/1565 274/149/1566 
s 2
f 270/145/1567 271/147/1568 272/146/1569 
f 272/146/1570 273/148/1571 270/145/1572 
s 8
f 275/150/1573 276/156/1574 279/157/1575 
f 279/157/1576 278/153/1577 275/150/1578 
f 276/151/1579 277/152/1580 280/155/1581 
f 280/155/1582 279/154/1583 276/151/1584 
f 277/152/1585 275/150/1586 278/153/1587 
f 278/153/1588 280/155/1589 277/152/1590 
s 1
f 277/158/1591 276/159/1592 275/160/1593 
f 278/161/1594 279/162/1595 280/163/1596 
s 8
f 281/164/1597 284/167/1598 283/166/1599 
f 283/166/1600 282/165/1601 281/164/1602 
f 282/168/1603 283/171/1604 286/170/1605 
f 286/170/1606 285/169/1607 282/168/1608 
f 285/169/1609 286/170/1610 284/167/1611 
f 284/167/1612 281/164/1613 285/169/1614 
s 1
f 285/172/1615 281/174/1616 282/173/1617 
f 284/175/1618 286/177/1619 283/176/1620 
s 8
f 287/178/1621 288/184/1622 291/185/1623 
f 291/185/1624 290/181/1625 287/178/1626 
f 288/179/1627 289/180/1628 292/183/1629 
f 292/183/1630 291/182/1631 288/179/1632 
f 289/180/1633 287/178/1634 290/181/1635 
f 290/181/1636 292/183/1637 289/180/1638 
s 1
f 289/186/1639 288/187/1640 287/188/1641 
f 290/189/1642 291/190/1643 292/191/1644 
s 8
f 293/192/1645 294/193/1646 295/194/1647 
f 295/194/1648 296/195/1649 293/192/1650 
f 294/196/1651 297/197/1652 298/198/1653 
f 298/198/1654 295/199/1655 294/196/1656 
f 297/197/1657 293/192/1658 296/195/1659 
f 296/195/1660 298/198/1661 297/197/1662 
s 1
f 297/200/1663 294/201/1664 293/202/1665 
f 296/203/1666 295/204/1667 298/205/1668 
s 8
f 299/206/1669 300/207/1670 301/208/1671 
f 301/208/1672 302/209/1673 299/206/1674 
f 300/210/1675 303/211/1676 304/212/1677 
f 304/212/1678 301/213/1679 300/210/1680 
f 303/211/1681 299/206/1682 302/209/1683 
f 302/209/1684 304/212/1685 303/211/1686 
s 1
f 303/214/1687 300/215/1688 299/216/1689 
f 302/217/1690 301/218/1691 304/219/1692 
s 8
f 305/220/1693 306/221/1694 307/222/1695 
f 307/222/1696 308/223/1697 305/220/1698 
f 306/224/1699 309/225/1700 310/226/1701 
f 310/226/1702 307/227/1703 306/224/1704 
f 309/225/1705 305/220/1706 308/223/1707 
f 308/223/1708 310/226/1709 309/225/1710 
s 1
f 309/228/1711 306/229/1712 305/230/1713 
f 308/231/1714 307/232/1715 310/233/1716 
s 8
f 311/234/1717 314/237/1718 313/236/1719 
f 313/236/1720 312/235/1721 311/234/1722 
f 312/238/1723 313/241/1724 316/240/1725 
f 316/240/1726 315/239/1727 312/238/1728 
f 315/239/1729 316/240/1730 314/237/1731 
f 314/237/1732 311/234/1733 315/239/1734 
s 1
f 315/242/1735 311/244/1736 312/243/1737 
f 314/245/1738 316/247/1739 313/246/1740 
s 8
f 317/248/1741 320/251/1742 319/250/1743 
f 319/250/1744 318/249/1745 317/248/1746 
f 318/252/1747 319/255/1748 322/254/1749 
f 322/254/1750 321/253/1751 318/252/1752 
f 321/253/1753 322/254/1754 320/251/1755 
f 320/251/1756 317/248/1757 321/253/1758 
s 1
f 321/256/1759 317/258/1760 318/257/1761 
f 320/259/1762 322/261/1763 319/260/1764 
s 8
f 323/262/1765 326/265/1766 325/264/1767 
f 325/264/1768 324/263/1769 323/262/1770 
f 324/266/1771 325/269/1772 328/268/1773 
f 328/268/1774 327/267/1775 324/266/1776 
f 327/267/1777 328/268/1778 326/265/1779 
f 326/265/1780 323/262/1781 327/267/1782 
s 1
f 327/270/1783 323/272/1784 324/271/1785 
f 326/273/1786 328/275/1787 325/274/1788 
s 8
f 329/276/1789 332/279/1790 331/278/1791 
f 331/278/1792 330/277/1793 329/276/1794 
f 330/280/1795 331/283/1796 334/282/1797 
f 334/282/1798 333/281/1799 330/280/1800 
f 333/281/1801 334/282/1802 332/279/1803 
f 332/279/1804 329/276/1805 333/281/1806 
s 1
f 333/284/1807 329/286/1808 330/285/1809 
f 332/287/1810 334/289/1811 331/288/1812 
s 8
f 335/290/1813 336/296/1814 339/297/1815 
f 339/297/1816 338/293/1817 335/290/1818 
f 336/291/1819 337/292/1820 340/295/1821 
f 340/295/1822 339/294/1823 336/291/1824 
f 337/292/1825 335/290/1826 338/293/1827 
f 338/293/1828 340/295/1829 337/292/1830 
s 1
f 337/298/1831 336/299/1832 335/300/1833 
f 338/301/1834 339/302/1835 340/303/1836 
s 8
f 341/304/1837 342/310/1838 345/311/1839 
f 345/311/1840 344/307/1841 341/304/1842 
f 342/305/1843 343/306/1844 346/309/1845 
f 346/309/1846 345/308/1847 342/305/1848 
f 343/306/1849 341/304/1850 344/307/1851 
f 344/307/1852 346/309/1853 343/306/1854 
s 1
f 343/312/1855 342/313/1856 341/314/1857 
f 344/315/1858 345/316/1859 346/317/1860 
s 8
f 347/318/1861 348/324/1862 351/325/1863 
f 351/325/1864 350/321/1865 347/318/1866 
f 348/319/1867 349/320/1868 352/323/1869 
f 352/323/1870 351/322/1871 348/319/1872 
f 349/320/1873 347/318/1874 350/321/1875 
f 350/321/1876 352/323/1877 349/320/1878 
s 1
f 349/326/1879 348/327/1880 347/328/1881 
f 350/329/1882 351/330/1883 352/331/1884 
s 8
f 353/332/1885 354/338/1886 357/339/1887 
f 357/339/1888 356/335/1889 353/332/1890 
f 354/333/1891 355/334/1892 358/337/1893 
f 358/337/1894 357/336/1895 354/333/1896 
f 355/334/1897 353/332/1898 356/335/1899 
f 356/335/1900 358/337/1901 355/334/1902 
s 1
f 355/340/1903 354/341/1904 353/342/1905 
f 356/343/1906 357/344/1907 358/345/1908 
s 8
f 359/346/1909 360/352/1910 363/353/1911 
f 363/353/1912 362/349/1913 359/346/1914 
f 360/347/1915 361/348/1916 364/351/1917 
f 364/351/1918 363/350/1919 360/347/1920 
f 361/348/1921 359/346/1922 362/349/1923 
f 362/349/1924 364/351/1925 361/348/1926 
s 1
f 361/354/1927 360/355/1928 359/356/1929 
f 362/357/1930 363/358/1931 364/359/1932 
s 8
f 365/360/1933 366/366/1934 369/367/1935 
f 369/367/1936 368/363/1937 365/360/1938 
f 366/361/1939 367/362/1940 370/365/1941 
f 370/365/1942 369/364/1943 366/361/1944 
f 367/362/1945 365/360/1946 368/363/1947 
f 368/363/1948 370/365/1949 367/362/1950 
s 1
f 367/368/1951 366/369/1952 365/370/1953 
f 368/371/1954 369/372/1955 370/373/1956 
s 8
f 371/374/1957 372/380/1958 375/381/1959 
f 375/381/1960 374/377/1961 371/374/1962 
f 372/375/1963 373/376/1964 376/379/1965 
f 376/379/1966 375/378/1967 372/375/1968 
f 373/376/1969 371/374/1970 374/377/1971 
f 374/377/1972 376/379/1973 373/376/1974 
s 1
f 373/382/1975 372/383/1976 371/384/1977 
f 374/385/1978 375/386/1979 376/387/1980 
s 8
f 377/388/1981 380/391/1982 379/390/1983 
f 379/390/1984 378/389/1985 377/388/1986 
f 378/392/1987 379/395/1988 382/394/1989 
f 382/394/1990 381/393/1991 378/392/1992 
f 381/393/1993 382/394/1994 380/391/1995 
f 380/391/1996 377/388/1997 381/393/1998 
s 1
f 381/396/1999 377/398/2000 378/397/2001 
f 380/399/2002 382/401/2003 379/400/2004 
s 8
f 383/402/2005 384/408/2006 387/409/2007 
f 387/409/2008 386/405/2009 383/402/2010 
f 384/403/2011 385/404/2012 388/407/2013 
f 388/407/2014 387/406/2015 384/403/2016 
f 385/404/2017 383/402/2018 386/405/2019 
f 386/405/2020 388/407/2021 385/404/2022 
s 1
f 385/410/2023 384/411/2024 383/412/2025 
f 386/413/2026 387/414/2027 388/415/2028 
f 389/416/2029 390/417/2030 403/430/2031 
f 403/430/2032 402/429/2033 389/416/2034 
f 390/417/2035 391/418/2036 404/431/2037 
f 404/431/2038 403/430/2039 390/417/2040 
f 391/418/2041 392/419/2042 405/432/2043 
f 405/432/2044 404/431/2045 391/418/2046 
f 392/419/2047 393/442/2048 406/443/2049 
f 406/443/2050 405/432/2051 392/419/2052 
f 393/420/2053 394/421/2054 407/434/2055 
f 407/434/2056 406/433/2057 393/420/2058 
f 394/421/2059 395/422/2060 408/435/2061 
f 408/435/2062 407/434/2063 394/421/2064 
f 395/422/2065 396/423/2066 409/436/2067 
f 409/436/2068 408/435/2069 395/422/2070 
f 396/423/2071 397/424/2072 410/437/2073 
f 410/437/2074 409/436/2075 396/423/2076 
f 397/424/2077 398/425/2078 411/438/2079 
f 411/438/2080 410/437/2081 397/424/2082 
f 398/425/2083 399/426/2084 412/439/2085 
f 412/439/2086 411/438/2087 398/425/2088 
f 399/426/2089 400/427/2090 413/440/2091 
f 413/440/2092 412/439/2093 399/426/2094 
f 400/427/2095 401/428/2096 414/441/2097 
f 414/441/2098 413/440/2099 400/427/2100 
f 401/428/2101 389/416/2102 402/429/2103 
f 402/429/2104 414/441/2105 401/428/2106 
s 2
f 390/455/2107 389/456/2108 416/471/2109 
f 416/471/2110 415/470/2111 390/455/2112 
f 389/456/2113 401/444/2114 417/472/2115 
f 417/472/2116 416/471/2117 389/456/2118 
f 401/444/2119 400/445/2120 418/473/2121 
f 418/473/2122 417/472/2123 401/444/2124 
f 400/445/2125 399/446/2126 419/474/2127 
f 419/474/2128 418/473/2129 400/445/2130 
f 399/446/2131 398/447/2132 420/475/2133 
f 420/475/2134 419/474/2135 399/446/2136 
f 398/447/2137 397/448/2138 421/476/2139 
f 421/476/2140 420/475/2141 398/447/2142 
f 397/448/2143 396/449/2144 422/477/2145 
f 422/477/2146 421/476/2147 397/448/2148 
f 396/449/2149 395/450/2150 423/478/2151 
f 423/478/2152 422/477/2153 396/449/2154 
f 395/450/2155 394/451/2156 424/479/2157 
f 424/479/2158 423/478/2159 395/450/2160 
f 394/451/2161 393/452/2162 425/480/2163 
f 425/480/2164 424/479/2165 394/451/2166 
f 393/452/2167 392/453/2168 426/481/2169 
f 426/481/2170 425/480/2171 393/452/2172 
f 392/453/2173 391/454/2174 427/482/2175 
f 427/482/2176 426/481/2177 392/453/2178 
f 391/454/2179 390/455/2180 415/470/2181 
f 415/470/2182 427/482/2183 391/454/2184 
f 402/457/2185 403/458/2186 429/484/2187 
f 429/484/2188 428/483/2189 402/457/2190 
f 403/458/2191 404/459/2192 430/485/2193 
f 430/485/2194 429/484/2195 403/458/2196 
f 404/459/2197 405/460/2198 431/486/2199 
f 431/486/2200 430/485/2201 404/459/2202 
f 405/460/2203 406/461/2204 432/487/2205 
f 432/487/2206 431/486/2207 405/460/2208 
f 406/461/2209 407/462/2210 433/488/2211 
f 433/488/2212 432/487/2213 406/461/2214 
f 407/462/2215 408/463/2216 434/489/2217 
f 434/489/2218 433/488/2219 407/462/2220 
f 408/463/2221 409/464/2222 435/490/2223 
f 435/490/2224 434/489/2225 408/463/2226 
f 409/464/2227 410/465/2228 436/491/2229 
f 436/491/2230 435/490/2231 409/464/2232 
f 410/465/2233 411/466/2234 437/492/2235 
f 437/492/2236 436/491/2237 410/465/2238 
f 411/466/2239 412/467/2240 438/493/2241 
f 438/493/2242 437/492/2243 411/466/2244 
f 412/467/2245 413/468/2246 439/494/2247 
f 439/494/2248 438/493/2249 412/467/2250 
f 413/468/2251 414/469/2252 440/495/2253 
f 440/495/2254 439/494/2255 413/468/2256 
f 414/469/2257 402/457/2258 428/483/2259 
f 428/483/2260 440/495/2261 414/469/2262 
f 415/470/2263 416/471/2264 442/497/2265 
f 442/497/2266 441/496/2267 415/470/2268 
f 416/471/2269 417/472/2270 443/498/2271 
f 443/498/2272 442/497/2273 416/471/2274 
f 417/472/2275 418/473/2276 444/499/2277 
f 444/499/2278 443/498/2279 417/472/2280 
f 418/473/2281 419/474/2282 445/500/2283 
f 445/500/2284 444/499/2285 418/473/2286 
f 419/474/2287 420/475/2288 446/501/2289 
f 446/501/2290 445/500/2291 419/474/2292 
f 420/475/2293 421/476/2294 447/502/2295 
f 447/502/2296 446/501/2297 420/475/2298 
f 421/476/2299 422/477/2300 448/503/2301 
f 448/503/2302 447/502/2303 421/476/2304 
f 422/477/2305 423/478/2306 449/504/2307 
f 449/504/2308 448/503/2309 422/477/2310 
f 423/478/2311 424/479/2312 450/505/2313 
f 450/505/2314 449/504/2315 423/478/2316 
f 424/479/2317 425/480/2318 451/506/2319 
f 451/506/2320 450/505/2321 424/479/2322 
f 425/480/2323 426/481/2324 452/507/2325 
f 452/507/2326 451/506/2327 425/480/2328 
f 426/481/2329 427/482/2330 453/508/2331 
f 453/508/2332 452/507/2333 426/481/2334 
f 427/482/2335 415/470/2336 441/496/2337 
f 441/496/2338 453/508/2339 427/482/2340 
f 428/483/2341 429/484/2342 455/510/2343 
f 455/510/2344 454/509/2345 428/483/2346 
f 429/484/2347 430/485/2348 456/511/2349 
f 456/511/2350 455/510/2351 429/484/2352 
f 430/485/2353 431/486/2354 457/512/2355 
f 457/512/2356 456/511/2357 430/485/2358 
f 431/486/2359 432/487/2360 458/513/2361 
f 458/513/2362 457/512/2363 431/486/2364 
f 432/487/2365 433/488/2366 459/514/2367 
f 459/514/2368 458/513/2369 432/487/2370 
f 433/488/2371 434/489/2372 460/515/2373 
f 460/515/2374 459/514/2375 433/488/2376 
f 434/489/2377 435/490/2378 461/516/2379 
f 461/516/2380 460/515/2381 434/489/2382 
f 435/490/2383 436/491/2384 462/517/2385 
f 462/517/2386 461/516/2387 435/490/2388 
f 436/491/2389 437/492/2390 463/518/2391 
f 463/518/2392 462/517/2393 436/491/2394 
f 437/492/2395 438/493/2396 464/519/2397 
f 464/519/2398 463/518/2399 437/492/2400 
f 438/493/2401 439/494/2402 465/520/2403 
f 465/520/2404 464/519/2405 438/493/2406 
f 439/494/2407 440/495/2408 466/521/2409 
f 466/521/2410 465/520/2411 439/494/2412 
f 440/495/2413 428/483/2414 454/509/2415 
f 454/509/2416 466/521/2417 440/495/2418 
s 1
f 441/496/2419 442/497/2420 468/523/2421 
f 468/523/2422 467/522/2423 441/496/2424 
f 442/497/2425 443/498/2426 469/524/2427 
f 469/524/2428 468/523/2429 442/497/2430 
f 443/498/2431 444/499/2432 470/525/2433 
f 470/525/2434 469/524/2435 443/498/2436 
f 444/499/2437 445/500/2438 471/526/2439 
f 471/526/2440 470/525/2441 444/499/2442 
f 445/500/2443 446/501/2444 472/527/2445 
f 472/527/2446 471/526/2447 445/500/2448 
f 446/501/2449 447/502/2450 473/528/2451 
f 473/528/2452 472/527/2453 446/501/2454 
f 447/502/2455 448/503/2456 474/529/2457 
f 474/529/2458 473/528/2459 447/502/2460 
f 448/503/2461 449/504/2462 475/530/2463 
f 475/530/2464 474/529/2465 448/503/2466 
f 449/504/2467 450/505/2468 476/531/2469 
f 476/531/2470 475/530/2471 449/504/2472 
f 450/505/2473 451/506/2474 477/532/2475 
f 477/532/2476 476/531/2477 450/505/2478 
f 451/506/2479 452/507/2480 478/533/2481 
f 478/533/2482 477/532/2483 451/506/2484 
f 452/507/2485 453/508/2486 479/534/2487 
f 479/534/2488 478/533/2489 452/507/2490 
f 453/508/2491 441/496/2492 467/522/2493 
f 467/522/2494 479/534/2495 453/508/2496 
f 454/509/2497 455/510/2498 481/536/2499 
f 481/536/2500 480/535/2501 454/509/2502 
f 455/510/2503 456/511/2504 482/537/2505 
f 482/537/2506 481/536/2507 455/510/2508 
f 456/511/2509 457/512/2510 483/538/2511 
f 483/538/2512 482/537/2513 456/511/2514 
f 457/512/2515 458/513/2516 484/539/2517 
f 484/539/2518 483/538/2519 457/512/2520 
f 458/513/2521 459/514/2522 485/540/2523 
f 485/540/2524 484/539/2525 458/513/2526 
f 459/514/2527 460/515/2528 486/541/2529 
f 486/541/2530 485/540/2531 459/514/2532 
f 460/515/2533 461/516/2534 487/542/2535 
f 487/542/2536 486/541/2537 460/515/2538 
f 461/516/2539 462/517/2540 488/543/2541 
f 488/543/2542 487/542/2543 461/516/2544 
f 462/517/2545 463/518/2546 489/544/2547 
f 489/544/2548 488/543/2549 462/517/2550 
f 463/518/2551 464/519/2552 490/545/2553 
f 490/545/2554 489/544/2555 463/518/2556 
f 464/519/2557 465/520/2558 491/546/2559 
f 491/546/2560 490/545/2561 464/519/2562 
f 465/520/2563 466/521/2564 492/547/2565 
f 492/547/2566 491/546/2567 465/520/2568 
f 466/521/2569 454/509/2570 480/535/2571 
f 480/535/2572 492/547/2573 466/521/2574 
s 2
f 480/535/2575 481/536/2576 493/548/2577 
f 481/536/2578 482/537/2579 493/548/2580 
f 482/537/2581 483/538/2582 493/548/2583 
f 483/538/2584 484/539/2585 493/548/2586 
f 484/539/2587 485/540/2588 493/548/2589 
f 485/540/2590 486/541/2591 493/548/2592 
f 486/541/2593 487/542/2594 493/548/2595 
f 487/542/2596 488/543/2597 493/548/2598 
f 488/543/2599 489/544/2600 493/548/2601 
f 489/544/2602 490/545/2603 493/548/2604 
f 490/545/2605 491/546/2606 493/548/2607 
f 491/546/2608 492/547/2609 493/548/2610 
f 492/547/2611 480/535/2612 493/548/2613 
f 467/522/2614 468/523/2615 494/549/2616 
f 468/523/2617 469/524/2618 494/549/2619 
f 469/524/2620 470/525/2621 494/549/2622 
f 470/525/2623 471/526/2624 494/549/2625 
f 471/526/2626 472/527/2627 494/549/2628 
f 472/527/2629 473/528/2630 494/549/2631 
f 473/528/2632 474/529/2633 494/549/2634 
f 474/529/2635 475/530/2636 494/549/2637 
f 475/530/2638 476/531/2639 494/549/2640 
f 476/531/2641 477/532/2642 494/549/2643 
f 477/532/2644 478/533/2645 494/549/2646 
f 478/533/2647 479/534/2648 494/549/2649 
f 479/534/2650 467/522/2651 494/549/2652 
s 1
f 495/550/2653 498/553/2654 497/552/2655 
f 497/552/2656 496/551/2657 495/550/2658 
f 496/551/2659 497/552/2660 500/555/2661 
f 500/555/2662 499/554/2663 496/551/2664 
f 499/554/2665 500/555/2666 502/557/2667 
f 502/557/2668 501/556/2669 499/554/2670 
f 501/556/2671 502/557/2672 504/559/2673 
f 504/559/2674 503/558/2675 501/556/2676 
f 503/560/2677 504/563/2678 506/562/2679 
f 506/562/2680 505/561/2681 503/560/2682 
f 505/561/2683 506/562/2684 508/565/2685 
f 508/565/2686 507/564/2687 505/561/2688 
f 507/564/2689 508/565/2690 510/567/2691 
f 510/567/2692 509/566/2693 507/564/2694 
f 509/566/2695 510/567/2696 512/569/2697 
f 512/569/2698 511/568/2699 509/566/2700 
f 511/568/2701 512/569/2702 514/571/2703 
f 514/571/2704 513/570/2705 511/568/2706 
f 513/570/2707 514/571/2708 516/573/2709 
f 516/573/2710 515/572/2711 513/570/2712 
f 515/572/2713 516/573/2714 518/575/2715 
f 518/575/2716 517/574/2717 515/572/2718 
f 517/574/2719 518/575/2720 520/577/2721 
f 520/577/2722 519/576/2723 517/574/2724 
f 519/576/2725 520/577/2726 498/553/2727 
f 498/553/2728 495/550/2729 519/576/2730 
s 2
f 496/578/2731 522/581/2732 521/580/2733 
f 521/580/2734 495/579/2735 496/578/2736 
f 495/579/2737 521/580/2738 523/583/2739 
f 523/583/2740 519/582/2741 495/579/2742 
f 519/582/2743 523/583/2744 524/585/2745 
f 524/585/2746 517/584/2747 519/582/2748 
f 517/584/2749 524/585/2750 525/587/2751 
f 525/587/2752 515/586/2753 517/584/2754 
f 515/586/2755 525/587/2756 526/589/2757 
f 526/589/2758 513/588/2759 515/586/2760 
f 513/588/2761 526/589/2762 527/591/2763 
f 527/591/2764 511/590/2765 513/588/2766 
f 511/590/2767 527/591/2768 528/593/2769 
f 528/593/2770 509/592/2771 511/590/2772 
f 509/592/2773 528/593/2774 529/595/2775 
f 529/595/2776 507/594/2777 509/592/2778 
f 507/594/2779 529/595/2780 530/597/2781 
f 530/597/2782 505/596/2783 507/594/2784 
f 505/596/2785 530/597/2786 531/599/2787 
f 531/599/2788 503/598/2789 505/596/2790 
f 503/598/2791 531/599/2792 532/601/2793 
f 532/601/2794 501/600/2795 503/598/2796 
f 501/600/2797 532/601/2798 533/603/2799 
f 533/603/2800 499/602/2801 501/600/2802 
f 499/602/2803 533/603/2804 522/581/2805 
f 522/581/2806 496/578/2807 499/602/2808 
f 498/604/2809 535/607/2810 534/606/2811 
f 534/606/2812 497/605/2813 498/604/2814 
f 497/605/2815 534/606/2816 536/609/2817 
f 536/609/2818 500/608/2819 497/605/2820 
f 500/608/2821 536/609/2822 537/611/2823 
f 537/611/2824 502/610/2825 500/608/2826 
f 502/610/2827 537/611/2828 538/613/2829 
f 538/613/2830 504/612/2831 502/610/2832 
f 504/612/2833 538/613/2834 539/615/2835 
f 539/615/2836 506/614/2837 504/612/2838 
f 506/614/2839 539/615/2840 540/617/2841 
f 540/617/2842 508/616/2843 506/614/2844 
f 508/616/2845 540/617/2846 541/619/2847 
f 541/619/2848 510/618/2849 508/616/2850 
f 510/618/2851 541/619/2852 542/621/2853 
f 542/621/2854 512/620/2855 510/618/2856 
f 512/620/2857 542/621/2858 543/623/2859 
f 543/623/2860 514/622/2861 512/620/2862 
f 514/622/2863 543/623/2864 544/625/2865 
f 544/625/2866 516/624/2867 514/622/2868 
f 516/624/2869 544/625/2870 545/627/2871 
f 545/627/2872 518/626/2873 516/624/2874 
f 518/626/2875 545/627/2876 546/629/2877 
f 546/629/2878 520/628/2879 518/626/2880 
f 520/628/2881 546/629/2882 535/607/2883 
f 535/607/2884 498/604/2885 520/628/2886 
f 522/581/2887 548/631/2888 547/630/2889 
f 547/630/2890 521/580/2891 522/581/2892 
f 521/580/2893 547/630/2894 549/632/2895 
f 549/632/2896 523/583/2897 521/580/2898 
f 523/583/2899 549/632/2900 550/633/2901 
f 550/633/2902 524/585/2903 523/583/2904 
f 524/585/2905 550/633/2906 551/634/2907 
f 551/634/2908 525/587/2909 524/585/2910 
f 525/587/2911 551/634/2912 552/635/2913 
f 552/635/2914 526/589/2915 525/587/2916 
f 526/589/2917 552/635/2918 553/636/2919 
f 553/636/2920 527/591/2921 526/589/2922 
f 527/591/2923 553/636/2924 554/637/2925 
f 554/637/2926 528/593/2927 527/591/2928 
f 528/593/2929 554/637/2930 555/638/2931 
f 555/638/2932 529/595/2933 528/593/2934 
f 529/595/2935 555/638/2936 556/639/2937 
f 556/639/2938 530/597/2939 529/595/2940 
f 530/597/2941 556/639/2942 557/640/2943 
f 557/640/2944 531/599/2945 530/597/2946 
f 531/599/2947 557/640/2948 558/641/2949 
f 558/641/2950 532/601/2951 531/599/2952 
f 532/601/2953 558/641/2954 559/642/2955 
f 559/642/2956 533/603/2957 532/601/2958 
f 533/603/2959 559/642/2960 548/631/2961 
f 548/631/2962 522/581/2963 533/603/2964 
f 535/607/2965 561/644/2966 560/643/2967 
f 560/643/2968 534/606/2969 535/607/2970 
f 534/606/2971 560/643/2972 562/645/2973 
f 562/645/2974 536/609/2975 534/606/2976 
f 536/609/2977 562/645/2978 563/646/2979 
f 563/646/2980 537/611/2981 536/609/2982 
f 537/611/2983 563/646/2984 564/647/2985 
f 564/647/2986 538/613/2987 537/611/2988 
f 538/613/2989 564/647/2990 565/648/2991 
f 565/648/2992 539/615/2993 538/613/2994 
f 539/615/2995 565/648/2996 566/649/2997 
f 566/649/2998 540/617/2999 539/615/3000 
f 540/617/3001 566/649/3002 567/650/3003 
f 567/650/3004 541/619/3005 540/617/3006 
f 541/619/3007 567/650/3008 568/651/3009 
f 568/651/3010 542/621/3011 541/619/3012 
f 542/621/3013 568/651/3014 569/652/3015 
f 569/652/3016 543/623/3017 542/621/3018 
f 543/623/3019 569/652/3020 570/653/3021 
f 570/653/3022 544/625/3023 543/623/3024 
f 544/625/3025 570/653/3026 571/654/3027 
f 571/654/3028 545/627/3029 544/625/3030 
f 545/627/3031 571/654/3032 572/655/3033 
f 572/655/3034 546/629/3035 545/627/3036 
f 546/629/3037 572/655/3038 561/644/3039 
f 561/644/3040 535/607/3041 546/629/3042 
s 1
f 548/631/3043 574/657/3044 573/656/3045 
f 573/656/3046 547/630/3047 548/631/3048 
f 547/630/3049 573/656/3050 575/658/3051 
f 575/658/3052 549/632/3053 547/630/3054 
f 549/632/3055 575/658/3056 576/659/3057 
f 576/659/3058 550/633/3059 549/632/3060 
f 550/633/3061 576/659/3062 577/660/3063 
f 577/660/3064 551/634/3065 550/633/3066 
f 551/634/3067 577/660/3068 578/661/3069 
f 578/661/3070 552/635/3071 551/634/3072 
f 552/635/3073 578/661/3074 579/662/3075 
f 579/662/3076 553/636/3077 552/635/3078 
f 553/636/3079 579/662/3080 580/663/3081 
f 580/663/3082 554/637/3083 553/636/3084 
f 554/637/3085 580/663/3086 581/664/3087 
f 581/664/3088 555/638/3089 554/637/3090 
f 555/638/3091 581/664/3092 582/665/3093 
f 582/665/3094 556/639/3095 555/638/3096 
f 556/639/3097 582/665/3098 583/666/3099 
f 583/666/3100 557/640/3101 556/639/3102 
f 557/640/3103 583/666/3104 584/667/3105 
f 584/667/3106 558/641/3107 557/640/3108 
f 558/641/3109 584/667/3110 585/668/3111 
f 585/668/3112 559/642/3113 558/641/3114 
f 559/642/3115 585/668/3116 574/657/3117 
f 574/657/3118 548/631/3119 559/642/3120 
f 561/644/3121 587/670/3122 586/669/3123 
f 586/669/3124 560/643/3125 561/644/3126 
f 560/643/3127 586/669/3128 588/671/3129 
f 588/671/3130 562/645/3131 560/643/3132 
f 562/645/3133 588/671/3134 589/672/3135 
f 589/672/3136 563/646/3137 562/645/3138 
f 563/646/3139 589/672/3140 590/673/3141 
f 590/673/3142 564/647/3143 563/646/3144 
f 564/647/3145 590/673/3146 591/674/3147 
f 591/674/3148 565/648/3149 564/647/3150 
f 565/648/3151 591/674/3152 592/675/3153 
f 592/675/3154 566/649/3155 565/648/3156 
f 566/649/3157 592/675/3158 593/676/3159 
f 593/676/3160 567/650/3161 566/649/3162 
f 567/650/3163 593/676/3164 594/677/3165 
f 594/677/3166 568/651/3167 567/650/3168 
f 568/651/3169 594/677/3170 595/678/3171 
f 595/678/3172 569/652/3173 568/651/3174 
f 569/652/3175 595/678/3176 596/679/3177 
f 596/679/3178 570/653/3179 569/652/3180 
f 570/653/3181 596/679/3182 597/680/3183 
f 597/680/3184 571/654/3185 570/653/3186 
f 571/654/3187 597/680/3188 598/681/3189 
f 598/681/3190 572/655/3191 571/654/3192 
f 572/655/3193 598/681/3194 587/670/3195 
f 587/670/3196 561/644/3197 572/655/3198 
s 2
f 587/670/3199 599/682/3200 586/669/3201 
f 586/669/3202 599/682/3203 588/671/3204 
f 588/671/3205 599/682/3206 589/672/3207 
f 589/672/3208 599/682/3209 590/673/3210 
f 590/673/3211 599/682/3212 591/674/3213 
f 591/674/3214 599/682/3215 592/675/3216 
f 592/675/3217 599/682/3218 593/676/3219 
f 593/676/3220 599/682/3221 594/677/3222 
f 594/677/3223 599/682/3224 595/678/3225 
f 595/678/3226 599/682/3227 596/679/3228 
f 596/679/3229 599/682/3230 597/680/3231 
f 597/680/3232 599/682/3233 598/681/3234 
f 598/681/3235 599/682/3236 587/670/3237 
f 574/657/3238 600/683/3239 573/656/3240 
f 573/656/3241 600/683/3242 575/658/3243 
f 575/658/3244 600/683/3245 576/659/3246 
f 576/659/3247 600/683/3248 577/660/3249 
f 577/660/3250 600/683/3251 578/661/3252 
f 578/661/3253 600/683/3254 579/662/3255 
f 579/662/3256 600/683/3257 580/663/3258 
f 580/663/3259 600/683/3260 581/664/3261 
f 581/664/3262 600/683/3263 582/665/3264 
f 582/665/3265 600/683/3266 583/666/3267 
f 583/666/3268 600/683/3269 584/667/3270 
f 584/667/3271 600/683/3272 585/668/3273 
f 585/668/3274 600/683/3275 574/657/3276 
s 8
f 601/684/3277 602/685/3278 610/693/3279 
f 610/693/3280 609/692/3281 601/684/3282 
f 602/685/3283 603/700/3284 611/701/3285 
f 611/701/3286 610/693/3287 602/685/3288 
f 603/686/3289 604/687/3290 612/695/3291 
f 612/695/3292 611/694/3293 603/686/3294 
f 604/687/3295 605/688/3296 613/696/3297 
f 613/696/3298 612/695/3299 604/687/3300 
f 605/688/3301 606/689/3302 614/697/3303 
f 614/697/3304 613/696/3305 605/688/3306 
f 606/689/3307 607/690/3308 615/698/3309 
f 615/698/3310 614/697/3311 606/689/3312 
f 607/690/3313 608/691/3314 616/699/3315 
f 616/699/3316 615/698/3317 607/690/3318 
f 608/691/3319 601/684/3320 609/692/3321 
f 609/692/3322 616/699/3323 608/691/3324 
s off
f 602/685/3325 601/684/3326 617/702/3327 
f 603/700/3328 602/685/3329 617/702/3330 
f 604/687/3331 603/686/3332 617/702/3333 
f 605/688/3334 604/687/3335 617/702/3336 
f 606/689/3337 605/688/3338 617/702/3339 
f 607/690/3340 606/689/3341 617/702/3342 
f 608/691/3343 607/690/3344 617/702/3345 
f 601/684/3346 608/691/3347 617/702/3348 
f 609/692/3349 610/693/3350 618/703/3351 
f 610/693/3352 611/701/3353 618/703/3354 
f 611/694/3355 612/695/3356 618/703/3357 
f 612/695/3358 613/696/3359 618/703/3360 
f 613/696/3361 614/697/3362 618/703/3363 
f 614/697/3364 615/698/3365 618/703/3366 
f 615/698/3367 616/699/3368 618/703/3369 
f 616/699/3370 609/692/3371 618/703/3372 
s 8
f 619/704/3373 620/710/3374 623/711/3375 
f 623/711/3376 622/707/3377 619/704/3378 
f 620/705/3379 621/706/3380 624/709/3381 
f 624/709/3382 623/708/3383 620/705/3384 
f 621/706/3385 619/704/3386 622/707/3387 
f 622/707/3388 624/709/3389 621/706/3390 
s 1
f 621/712/3391 620/713/3392 619/714/3393 
f 622/715/3394 623/716/3395 624/717/3396 
s 8
f 625/718/3397 626/719/3398 627/720/3399 
f 627/720/3400 628/721/3401 625/718/3402 
f 626/722/3403 629/723/3404 630/724/3405 
f 630/724/3406 627/725/3407 626/722/3408 
f 629/723/3409 625/718/3410 628/721/3411 
f 628/721/3412 630/724/3413 629/723/3414 
s 1
f 629/726/3415 626/727/3416 625/728/3417 
f 628/729/3418 627/730/3419 630/731/3420 
s 8
f 631/732/3421 632/733/3422 633/734/3423 
f 633/734/3424 634/735/3425 631/732/3426 
f 632/736/3427 635/737/3428 636/738/3429 
f 636/738/3430 633/739/3431 632/736/3432 
f 635/737/3433 631/732/3434 634/735/3435 
f 634/735/3436 636/738/3437 635/737/3438 
s 1
f 635/740/3439 632/741/3440 631/742/3441 
f 634/743/3442 633/744/3443 636/745/3444 
s 8
f 637/746/3445 638/747/3446 639/748/3447 
f 639/748/3448 640/749/3449 637/746/3450 
f 638/750/3451 641/751/3452 642/752/3453 
f 642/752/3454 639/753/3455 638/750/3456 
f 641/751/3457 637/746/3458 640/749/3459 
f 640/749/3460 642/752/3461 641/751/3462 
s 1
f 641/754/3463 638/755/3464 637/756/3465 
f 640/757/3466 639/758/3467 642/759/3468 
# 672 faces

