0.0,33.16806190912206
0.1,33.702168797458775
0.2,34.01962568209235
0.3,34.33774196958436
0.4,34.65651741079692
0.5,34.975951746000796
0.6,35.29604470483782
0.7,35.61679600628343
0.8,35.589864165804684
0.9,35.562947679671396
1.0,35.536046527525045
1.1,35.50916068903852
1.2,35.4822901439161
1.3,35.45543487189339
1.4,35.42859485273721
1.5,35.40177006624559
1.6,35.37496049224766
1.7,35.34816611060361
1.8,35.32138690120463
1.9,35.29462284397283
2.0,35.26787391886119
2.1,35.24114010585349
2.2,35.214421384964254
2.3,35.187717736238696
2.4,35.16102913975262
2.5,35.134355575612396
2.6,35.10769702395488
2.7,35.08105346494737
2.8,35.05442487878752
2.9,35.02781124570327
3.0,35.00121254595285
3.1,34.97462875982464
3.2,34.94805986763714
3.3,34.921505849738914
3.4,34.894966686508546
3.5,34.868442358354535
3.6,34.84193284571525
3.7,34.81543812905889
3.8,34.78895818888343
3.9,34.762493005716514
4.0,34.73604256011543
4.1,34.709606832667035
4.2,34.68318580398772
4.3,34.656779454723306
4.4,34.63038776554904
4.5,34.604010717169494
4.6,34.57764829031851
4.7,34.55130046575917
4.8,34.524967224283685
4.9,34.49864854671342
5.0,34.472344413898725
5.1,34.44605480671897
5.2,34.41977970608242
5.3,34.39351909292626
5.4,34.36727294821642
5.5,34.34104125294763
5.6,34.314823988143296
5.7,34.28862113485547
5.8,34.26243267416475
5.9,34.236258587180295
6.0,34.21009885503972
6.1,34.18395345890901
6.2,34.15782237998255
6.3,34.131705599482984
6.4,34.10560309866119
6.5,34.079514858796244
6.6,34.05344086119534
6.7,34.027381087193724
6.8,34.00133551815466
6.9,33.975304135469386
7.0,33.949286920557
7.1,33.923283854864465
7.2,33.897294919866525
7.3,33.871320097065656
7.4,33.845359367992
7.5,33.81941271420333
7.6,33.793480117284965
7.7,33.76756155884976
7.8,33.741657020538014
7.9,33.715766484017415
8.0,33.68988993098299
8.1,33.66402734315708
8.2,33.63817870228926
8.3,33.612343990156255
8.4,33.58652318856194
8.5,33.560716279337285
8.6,33.53492324434024
8.7,33.50914406545573
8.8,33.4833787245956
8.9,33.45762720369855
9.0,33.431889484730085
9.1,33.40616554968247
9.2,33.38045538057463
9.3,33.35475895945219
9.4,33.32907626838733
9.5,33.303407289478784
9.6,33.27775200485176
9.7,33.25211039665791
9.8,33.226482447075284
9.9,33.20086813830821
10.0,33.175267452587335
10.1,33.14968037216952
10.2,33.12410687933781
10.3,33.09854695640134
10.4,33.07300058569536
10.5,33.04746774958108
10.6,33.02194843044573
10.7,32.99644261070243
10.8,32.970950272790155
10.9,32.9454713991737
11.0,32.920005972343645
11.1,32.89455397481623
11.2,32.86911538913341
11.3,32.8436901978627
11.4,32.8182783835972
11.5,32.792879928955514
11.6,32.7674948165817
11.7,32.74212302914523
11.8,32.71676454934093
11.9,32.69141935988892
12.0,32.66608744353459
12.1,32.64076878304855
12.2,32.61546336122654
12.3,32.590171160889426
12.4,32.56489216488314
12.5,32.53962635607859
12.6,32.51437371737168
12.7,32.489134231683224
12.8,32.46390788195885
12.9,32.438694651169065
13.0,32.41349452230911
13.1,32.38830747839893
13.2,32.363133502483166
13.3,32.33797257763106
13.4,32.31282468693642
13.5,32.287689813517595
13.6,32.2625679405174
13.7,32.237459051103066
13.8,32.212363128466215
13.9,32.187280155822805
14.0,32.16221011641306
14.1,32.13715299350144
14.2,32.11210877037663
14.3,32.087077430351414
14.4,32.06205895676267
14.5,32.03705333297136
14.6,32.01206054236243
14.7,31.98708056834474
14.8,31.962113394351114
14.9,31.9371590038382
15.0,31.912217380286464
15.1,31.887288507200154
15.2,31.862372368107224
15.3,31.837468946559298
15.4,31.812578226131638
15.5,31.787700190423084
15.6,31.762834823056025
15.7,31.737982107676313
15.8,31.713142027953257
15.9,31.688314567579567
16.0,31.663499710271303
16.1,31.638697439767835
16.2,31.613907739831802
16.3,31.589130594249028
16.4,31.56436598682854
16.5,31.539613901402497
16.6,31.514874321826117
16.7,31.490147231977673
16.8,31.465432615758402
16.9,31.44073045709253
17.0,31.41604073992716
17.1,31.39136344823224
17.2,31.366698566000565
17.3,31.342046077247684
17.4,31.31740596601188
17.5,31.292778216354105
17.6,31.26816281235796
17.7,31.243559738129633
17.8,31.21896897779787
17.9,31.19439051551392
18.0,31.169824335451487
18.1,31.1452704218067
18.2,31.12072875879808
18.3,31.096199330666465
18.4,31.071682121674986
18.5,31.047177116109026
18.6,31.02268429827617
18.7,30.99820365250615
18.8,30.973735163150845
18.9,30.949278814584197
19.0,30.924834591202178
19.1,30.90040247742274
19.2,30.8759824576858
19.3,30.85157451645318
19.4,30.827178638208558
19.5,30.802794807457442
19.6,30.77842300872712
19.7,30.75406322656661
19.8,30.729715445546645
19.9,30.70537965025957
20.0,30.68105582531939
20.1,30.65674395536167
20.2,30.63244402504349
20.3,30.608156019043427
20.4,30.583879922061495
20.5,30.559615718819128
20.6,30.535363394059125
20.7,30.511122932545604
20.8,30.486894319063957
20.9,30.46267753842084
21.0,30.438472575444095
21.1,30.41427941498272
21.2,30.390098041906857
21.3,30.365928441107698
21.4,30.3417705974975
21.5,30.3176244960095
21.6,30.293490121597905
21.7,30.269367459237838
21.8,30.2452564939253
21.9,30.221157210677124
22.0,30.19706959453097
22.1,30.172993630545225
22.2,30.148929303799008
22.3,30.124876599392124
22.4,30.10083550244501
22.5,30.076805998098717
22.6,30.05278807151484
22.7,30.028781707875506
22.8,30.004786892383333
22.9,29.98080361026137
23.0,29.956831846753076
23.1,29.93287158712229
23.2,29.90892281665315
23.3,29.884985520650115
23.4,29.86105968443787
23.5,29.837145293361328
23.6,29.813242332785578
23.7,29.78935078809583
23.8,29.76547064469739
23.9,29.741601888015637
24.0,29.71774450349596
24.1,29.69389847660375
24.2,29.670063792824298
24.3,29.646240437662854
24.4,29.6224283966445
24.5,29.59862765531418
24.6,29.574838199236584
24.7,29.551060013996217
24.8,29.527293085197265
24.9,29.503537398463603
25.0,29.479792939438745
25.1,29.456059693785818
25.2,29.432337647187524
25.3,29.4086267853461
25.4,29.38492709398326
25.5,29.361238558840185
25.6,29.33756116567748
25.7,29.313894900275137
25.8,29.290239748432494
25.9,29.266595695968192
26.0,29.242962728720162
26.1,29.21934083254555
26.2,29.195729993320757
26.3,29.172130196941286
26.4,29.14854142932182
26.5,29.124963676396096
26.6,29.10139692411694
26.7,29.077841158456184
26.8,29.05429636540465
26.9,29.030762530972105
27.0,29.007239641187244
27.1,28.98372768209762
27.2,28.960226639769648
27.3,28.936736500288546
27.4,28.9132572497583
27.5,28.889788874301633
27.6,28.866331360059984
27.7,28.84288469319343
27.8,28.819448859880715
27.9,28.796023846319148
28.0,28.772609638724617
28.1,28.749206223331516
28.2,28.72581358639277
28.3,28.70243171417973
28.4,28.679060592982175
28.5,28.65570020910827
28.6,28.63235054888453
28.7,28.609011598655812
28.8,28.58568334478522
28.9,28.56236577365415
29.0,28.539058871662185
29.1,28.5157626252271
29.2,28.492477020784804
29.3,28.469202044789338
29.4,28.445937683712817
29.5,28.422683924045398
29.6,28.399440752295256
29.7,28.37620815498854
29.8,28.352986118669342
29.9,28.32977462989966
30.0,28.306573675259383
30.1,28.283383241346243
30.2,28.260203314775772
30.3,28.23703388218129
30.4,28.213874930213855
30.5,28.190726445542232
30.6,28.16758841485288
30.7,28.14446082484989
30.8,28.121343662254958
30.9,28.098236913807376
31.0,28.075140566263986
31.1,28.052054606399125
31.2,28.02897902100462
31.3,28.005913796889747
31.4,27.982858920881196
31.5,27.95981437982304
31.6,27.93678016057671
31.7,27.913756250020942
31.8,27.89074263505178
31.9,27.8677393025825
32.0,27.844746239543614
32.1,27.821763432882815
32.2,27.798790869564964
32.3,27.77582853657205
32.4,27.752876420903135
32.5,27.72993450957437
32.6,27.707002789618926
32.7,27.68408124808697
32.8,27.661169872045633
32.9,27.638268648578997
33.0,27.61537756478804
33.1,27.59249660779061
33.2,27.56962576472141
33.3,27.546765022731943
33.4,27.523914368990496
33.5,27.501073790682103
33.6,27.47824327500851
33.7,27.45542280918816
33.8,27.432612380456145
33.9,27.409811976064184
34.0,27.38702158328059
34.1,27.364241189390235
34.2,27.341470781694536
34.3,27.3187103475114
34.4,27.295959874175203
34.5,27.27321934903677
34.6,27.25048875946334
34.7,27.22776809283853
34.8,27.205057336562298
34.9,27.182356478050927
35.0,27.159665504736992
35.1,27.136984404069327
35.2,27.11431316351299
35.3,27.091651770549245
35.4,27.06900021267552
35.5,27.046358477405395
35.6,27.023726552268545
35.7,27.001104424810737
35.8,26.978492082593778
35.9,26.9558895131955
36.0,26.933296704209727
36.1,26.910713643246257
36.2,26.888140317930798
36.3,26.865576715904968
36.4,26.84302282482627
36.5,26.820478632368047
36.6,26.797944126219456
36.7,26.77541929408543
36.8,26.752904123686687
36.9,26.730398602759642
37.0,26.707902719056435
37.1,26.685416460344854
37.2,26.662939814408343
37.3,26.64047276904596
37.4,26.618015312072345
37.5,26.595567431317683
37.6,26.573129114627697
37.7,26.55070034986362
37.8,26.528281124902126
37.9,26.505871427635356
38.0,26.48347124597085
38.1,26.461080567831544
38.2,26.438699381155725
38.3,26.416327673897005
38.4,26.3939654340243
38.5,26.3716126495218
38.6,26.349269308388948
38.7,26.326935398640387
38.8,26.304610908305953
38.9,26.28229582543065
39.0,26.25999013807462
39.1,26.2376938343131
39.2,26.2154069022364
39.3,26.193129329949894
39.4,26.17086110557397
39.5,26.148602217244008
39.6,26.12635265311037
39.7,26.10411240133835
39.8,26.081881450108153
39.9,26.05965978761487
40.0,26.03744740206845
40.1,26.015244281693693
40.2,25.99305041473017
40.3,25.97086578943225
40.4,25.948690394069054
40.5,25.926524216924413
40.6,25.90436724629687
40.7,25.882219470499635
40.8,25.860080877860543
40.9,25.837951456722074
41.0,25.81583119544127
41.1,25.793720082389754
41.2,25.771618105953685
41.3,25.74952525453373
41.4,25.727441516545028
41.5,25.705366880417195
41.6,25.68330133459425
41.7,25.66124486753466
41.8,25.63919746771122
41.9,25.617159123611117
42.0,25.59512982373585
42.1,25.573109556601214
42.2,25.551098310737274
42.3,25.52909607468836
42.4,25.507102837013015
42.5,25.485118586283967
42.6,25.463143311088135
42.7,25.44117700002657
42.8,25.41921964171445
42.9,25.397271224781033
43.0,25.375331737869665
43.1,25.353401169637717
43.2,25.33147950875658
43.3,25.30956674391164
43.4,25.287662863802254
43.5,25.26576785714171
43.6,25.243881712657217
43.7,25.222004419089867
43.8,25.200135965194622
43.9,25.178276339740286
44.0,25.156425531509477
44.1,25.13458352929859
44.2,25.112750321917815
44.3,25.090925898191053
44.4,25.069110246955923
44.5,25.04730335706374
44.6,25.025505217379497
44.7,25.00371581678181
44.8,24.98193514416291
44.9,24.96016318842863
45.0,24.93839993849836
45.1,24.91664538330504
45.2,24.894899511795114
45.3,24.873162312928542
45.4,24.851433775678736
45.5,24.829713889032558
45.6,24.808002641990278
45.7,24.786300023565577
45.8,24.764606022785507
45.9,24.742920628690452
46.0,24.72124383033414
46.1,24.69957561678358
46.2,24.677915977119074
46.3,24.65626490043416
46.4,24.6346223758356
46.5,24.61298839244338
46.6,24.591362939390653
46.7,24.569746005823724
46.8,24.54813758090204
46.9,24.52653765379814
47.0,24.504946213697675
47.1,24.483363249799332
47.2,24.461788751314845
47.3,24.440222707468966
47.4,24.418665107499436
47.5,24.397115940656956
47.6,24.37557519620518
47.7,24.354042863420684
47.8,24.33251893159293
47.9,24.31100339002426
48.0,24.289496228029876
48.1,24.267997434937794
48.2,24.24650700008884
48.3,24.22502491283662
48.4,24.203551162547512
48.5,24.182085738600616
48.6,24.160628630387748
48.7,24.139179827313406
48.8,24.117739318794776
48.9,24.096307094261668
49.0,24.07488314315653
49.1,24.053467454934392
49.2,24.03206001906288
49.3,24.01066082502215
49.4,23.989269862304926
49.5,23.9678871204164
49.6,23.946512588874274
49.7,23.92514625720871
49.8,23.903788114962303
49.9,23.88243815169008
50.0,23.861096356959465
50.1,23.83976272035024
50.2,23.818437231454556
50.3,23.797119879876902
50.4,23.77581065523405
50.5,23.754509547155074
50.6,23.73321654528131
50.7,23.71193163926633
50.8,23.69065481877594
50.9,23.669386073488134
51.0,23.648125393093085
51.1,23.626872767293126
51.2,23.60562818580271
51.3,23.58439163834842
51.4,23.56316311466891
51.5,23.541942604514922
51.6,23.520730097649217
51.7,23.49952558384661
51.8,23.478329052893894
51.9,23.457140494589858
52.0,23.435959898745256
52.1,23.414787255182773
52.2,23.393622553737014
52.3,23.372465784254473
52.4,23.35131693659353
52.5,23.330176000624416
52.6,23.309042966229196
52.7,23.28791782330173
52.8,23.2668005617477
52.9,23.24569117148453
53.0,23.2245896424414
53.1,23.203495964559224
53.2,23.182410127790614
53.3,23.161332122099875
53.4,23.140261937462977
53.5,23.119199563867518
53.6,23.09814499131275
53.7,23.07709820980949
53.8,23.05605920938017
53.9,23.03502798005876
54.0,23.014004511890775
54.1,22.99298879493326
54.2,22.971980819254753
54.3,22.950980574935265
54.4,22.92998805206628
54.5,22.909003240750703
54.6,22.88802613110287
54.7,22.867056713248502
54.8,22.846094977324707
54.9,22.825140913479945
55.0,22.80419451187402
55.1,22.783255762678035
55.2,22.762324656074405
55.3,22.74140118225681
55.4,22.720485331430194
55.5,22.699577093810735
55.6,22.678676459625823
55.7,22.657783419114047
55.8,22.636897962525182
55.9,22.616020080120133
56.0,22.59514976217096
56.1,22.574286998960837
56.2,22.55343178078403
56.3,22.532584097945886
56.4,22.51174394076281
56.5,22.490911299562246
56.6,22.470086164682648
56.7,22.449268526473475
56.8,22.428458375295158
56.9,22.40765570151909
57.0,22.38686049552761
57.1,22.36607274771397
57.2,22.34529244848233
57.3,22.32451958824772
57.4,22.303754157436046
57.5,22.282996146484045
57.6,22.262245545839278
57.7,22.24150234596013
57.8,22.220766537315743
57.9,22.200038110386043
58.0,22.17931705566169
58.1,22.15860336364409
58.2,22.137897024845344
58.3,22.117198029788252
58.4,22.09650636900627
58.5,22.075822033043515
58.6,22.055145012454744
58.7,22.034475297805315
58.8,22.0138128796712
58.9,21.993157748638925
59.0,21.97250989530558
59.1,21.95186931027881
59.2,21.93123598417676
59.3,21.910609907628086
59.4,21.88999107127193
59.5,21.869379465757888
59.6,21.84877508174602
59.7,21.828177909906792
59.8,21.8075879409211
59.9,21.78700516548021
60.0,21.76642957428578
60.1,21.7458611580498
60.2,21.725299907494612
60.3,21.704745813352872
60.4,21.68419886636753
60.5,21.663659057291827
60.6,21.64312637688925
60.7,21.62260081593354
60.8,21.60208236520867
60.9,21.58157101550881
61.0,21.561066757638322
61.1,21.54056958241175
61.2,21.520079480653774
61.3,21.49959644319923
61.4,21.479120460893057
61.5,21.458651524590294
61.6,21.438189625156074
61.7,21.417734753465588
61.8,21.397286900404065
61.9,21.376846056866775
62.0,21.356412213758997
62.1,21.335985361996
62.2,21.31556549250303
62.3,21.29515259621529
62.4,21.27474666407792
62.5,21.254347687045993
62.6,21.233955656084476
62.7,21.21357056216823
62.8,21.193192396281987
62.9,21.172821149420326
63.0,21.152456812587673
63.1,21.13209937679826
63.2,21.11174883307612
63.3,21.091405172455083
63.4,21.071068385978727
63.5,21.050738464700395
63.6,21.030415399683147
63.7,21.010099181999767
63.8,20.989789802732737
63.9,20.96948725297421
64.0,20.949191523826013
64.1,20.928902606399603
64.2,20.90862049181609
64.3,20.88834517120618
64.4,20.86807663571017
64.5,20.847814876477948
64.6,20.82755988466895
64.7,20.807311651452167
64.8,20.78707016800611
64.9,20.766835425518813
65.0,20.74660741518778
65.1,20.726386128220007
65.2,20.706171555831958
65.3,20.68596368924953
65.4,20.665762519708043
65.5,20.645568038452243
65.6,20.625380236736245
65.7,20.60519910582357
65.8,20.58502463698708
65.9,20.564856821508986
66.0,20.544695650680826
66.1,20.524541115803448
66.2,20.504393208186993
66.3,20.48425191915089
66.4,20.464117240023818
66.5,20.443989162143712
66.6,20.42386767685773
66.7,20.40375277552224
66.8,20.38364444950281
66.9,20.363542690174192
67.0,20.3434474889203
67.1,20.323358837134194
67.2,20.303276726218066
67.3,20.283201147583217
67.4,20.263132092650068
67.5,20.243069552848112
67.6,20.223013519615897
67.7,20.202963984401045
67.8,20.1829209386602
67.9,20.16288437385903
68.0,20.1428542814722
68.1,20.12283065298337
68.2,20.10281347988518
68.3,20.082802753679214
68.4,20.06279846587599
68.5,20.042800607994977
68.6,20.022809171564525
68.7,20.00282414812189
68.8,19.982845529213204
68.9,19.962873306393472
69.0,19.942907471226533
69.1,19.922948015285048
69.2,19.90299493015051
69.3,19.883048207413204
69.4,19.86310783867221
69.5,19.843173815535362
69.6,19.823246129619253
69.7,19.80332477254921
69.8,19.783409735959292
69.9,19.763501011492256
70.0,19.743598590799557
70.1,19.723702465541322
70.2,19.70381262738634
70.3,19.68392906801204
70.4,19.664051779104504
70.5,19.644180752358395
70.6,19.624315979476997
70.7,19.604457452172184
70.8,19.58460516216439
70.9,19.564759101182606
71.0,19.54491926096436
71.1,19.525085633255706
71.2,19.505258209811213
71.3,19.485436982393935
71.4,19.465621942775417
71.5,19.445813082735658
71.6,19.42601039406311
71.7,19.40621386855467
71.8,19.38642349801564
71.9,19.366639274259725
72.0,19.346861189109045
72.1,19.327089234394073
72.2,19.30732340195364
72.3,19.28756368363494
72.4,19.267810071293493
72.5,19.24806255679313
72.6,19.228321132005988
72.7,19.20858578881249
72.8,19.18885651910133
72.9,19.16913331476946
73.0,19.149416167722087
73.1,19.129705069872635
73.2,19.110000013142738
73.3,19.09030098946225
73.4,19.070607990769187
73.5,19.050921009009755
73.6,19.031240036138307
73.7,19.011565064117338
73.8,18.991896084917474
73.9,18.972233090517456
74.0,18.952576072904122
74.1,18.9329250240724
74.2,18.913279936025276
74.3,18.893640800773806
74.4,18.87400761033709
74.5,18.854380356742244
74.6,18.8347590320244
74.7,18.8151436282267
74.8,18.795534137400264
74.9,18.775930551604187
75.0,18.756332862905523
75.1,18.736741063379263
75.2,18.71715514510833
75.3,18.697575100183567
75.4,18.678000920703706
75.5,18.658432598775388
75.6,18.638870126513115
75.7,18.619313496039247
75.8,18.599762699484
75.9,18.580217728985414
76.0,18.560678576689337
76.1,18.541145234749447
76.2,18.521617695327198
76.3,18.502095950591812
76.4,18.4825799927203
76.5,18.463069813897395
76.6,18.443565406315585
76.7,18.42406676217507
76.8,18.404573873683766
76.9,18.38508673305728
77.0,18.36560533251889
77.1,18.34612966429957
77.2,18.32665972063792
77.3,18.3071954937802
77.4,18.287736975980273
77.5,18.268284159499657
77.6,18.248837036607423
77.7,18.229395599580258
77.8,18.20995984070242
77.9,18.19052975226572
78.0,18.171105326569528
78.1,18.151686555920726
78.2,18.132273432633735
78.3,18.11286594903048
78.4,18.09346409744037
78.5,18.074067870200302
78.6,18.054677259654643
78.7,18.035292258155206
78.8,18.01591285806125
78.9,17.99653905173946
79.0,17.977170831563935
79.1,17.957808189916186
79.2,17.938451119185093
79.3,17.91909961176692
79.4,17.8997536600653
79.5,17.880413256491206
79.6,17.861078393462954
79.7,17.841749063406173
79.8,17.822425258753814
79.9,17.803106971946118
80.0,17.78379419543062
80.1,17.76448692166211
80.2,17.74518514310265
80.3,17.72588885222154
80.4,17.706598041495315
80.5,17.687312703407745
80.6,17.668032830449782
80.7,17.648758415119588
80.8,17.629489449922502
80.9,17.610225927371044
81.0,17.59096783998486
81.1,17.571715180290774
81.2,17.552467940822726
81.3,17.533226114121767
81.4,17.513989692736065
81.5,17.494758669220886
81.6,17.475533036138568
81.7,17.456312786058508
81.8,17.437097911557174
81.9,17.41788840521808
82.0,17.39868425963175
82.1,17.379485467395742
82.2,17.360292021114617
82.3,17.341103913399934
82.4,17.321921136870223
82.5,17.302743684150986
82.6,17.283571547874686
82.7,17.264404720680723
82.8,17.24524319521543
82.9,17.226086964132058
83.0,17.20693602009077
83.1,17.18779035575862
83.2,17.16864996380954
83.3,17.149514836924343
83.4,17.130384967790686
83.5,17.11126034910309
83.6,17.09214097356289
83.7,17.073026833878263
83.8,17.05391792276417
83.9,17.034814232942395
84.0,17.01571575714148
84.1,16.99662248809676
84.2,16.97753441855033
84.3,16.958451541251033
84.4,16.93937384895444
84.5,16.920301334422845
84.6,16.901233990425276
84.7,16.882171809737443
84.8,16.86311478514175
84.9,16.844062909427276
85.0,16.825016175389766
85.1,16.80597457583163
85.2,16.7869381035619
85.3,16.767906751396257
85.4,16.748880512156983
85.5,16.72985937867298
85.6,16.710843343779732
85.7,16.691832400319313
85.8,16.672826541140374
85.9,16.65382575909811
86.0,16.63483004705427
86.1,16.61583939787714
86.2,16.59685380444153
86.3,16.57787325962877
86.4,16.55889775632668
86.5,16.539927287429567
86.6,16.520961845838222
86.7,16.502001424459912
86.8,16.483046016208334
86.9,16.464095614003654
87.0,16.44515021077245
87.1,16.426209799447733
87.2,16.407274372968914
87.3,16.3883439242818
87.4,16.369418446338585
87.5,16.35049793209785
87.6,16.331582374524523
87.7,16.31267176658989
87.8,16.293766101271583
87.9,16.274865371553545
88.0,16.255969570426053
88.1,16.237078690885685
88.2,16.21819272593531
88.3,16.19931166858409
88.4,16.180435511847445
88.5,16.16156424874707
88.6,16.1426978723109
88.7,16.123836375573116
88.8,16.10497975157412
88.9,16.086127993360538
89.0,16.067281093985194
89.1,16.048439046507106
89.2,16.029601843991475
89.3,16.010769479509683
89.4,15.991941946139264
89.5,15.973119236963896
89.6,15.95430134507341
89.7,15.935488263563764
89.8,15.916679985537014
89.9,15.897876504101339
90.0,15.879077812371005
90.1,15.86028390346637
90.2,15.841494770513851
90.3,15.822710406645934
90.4,15.803930805001158
90.5,15.785155958724104
90.6,15.766385860965375
90.7,15.747620504881592
90.8,15.728859883635394
90.9,15.710103990395409
91.0,15.69135281833625
91.1,15.672606360638504
91.2,15.653864610488723
91.3,15.63512756107942
91.4,15.616395205609043
91.5,15.597667537281975
91.6,15.578944549308515
91.7,15.56022623490488
91.8,15.541512587293184
91.9,15.522803599701428
92.0,15.504099265363495
92.1,15.48539957751913
92.2,15.46670452941395
92.3,15.4480141142994
92.4,15.429328325432781
92.5,15.410647156077202
92.6,15.391970599501601
92.7,15.37329864898071
92.8,15.354631297795056
92.9,15.33596853923096
93.0,15.317310366580505
93.1,15.298656773141545
93.2,15.280007752217681
93.3,15.261363297118255
93.4,15.242723401158345
93.5,15.224088057658753
93.6,15.205457259945977
93.7,15.186831001352232
93.8,15.168209275215418
93.9,15.149592074879111
94.0,15.130979393692552
94.1,15.112371225010655
94.2,15.093767562193973
94.3,15.075168398608703
94.4,15.056573727626665
94.5,15.0379835426253
94.6,15.019397836987656
94.7,15.000816604102381
94.8,14.982239837363709
94.9,14.963667530171445
95.0,15.93211918012519
95.1,16.905974370930064
95.2,17.39205413034582
95.3,18.370197361997576
95.4,18.865209318931708
95.5,19.363233231535947
95.6,19.864275348230134
95.7,20.36834916219567
95.8,20.87546896104335
95.9,21.38564904513304
96.0,21.898903726742073
96.1,22.41524732922109
96.2,22.934694186137293
96.3,23.457258640405083
96.4,23.982955043403944
96.5,24.509784993002917
96.6,25.037456465859044
96.7,25.56596635108647
96.8,26.095311511564248
96.9,26.625488783966656
97.0,27.156494978795124
97.1,27.688326880411704
97.2,28.22098124707415
97.3,28.754373220831003
97.4,29.288059427257533
97.5,29.822035469058655
97.6,30.13130236373608
97.7,30.441230885418697
97.8,30.751820913046714
97.9,31.063072315452057
98.0,31.374984951318318
98.1,31.687558669140877
98.2,32.000793307187195
98.3,32.31468869345731
98.4,32.629244645644526
98.5,32.94446097109621
98.6,33.26033746677495
98.7,33.576873919219764
98.8,33.89407010450758
98.9,34.211925788214934
99.0,34.53044072537982
99.1,34.84961466046381
99.2,35.169447327314344
99.3,35.489938449127294
99.4,35.46307883101863
99.5,35.43623447153357
99.6,35.40940535046125
99.7,35.38259144762196
99.8,35.355792742867074
99.9,35.329009216078944
100.0,35.30224084717088
100.1,35.2754876160871
100.2,35.24874950280261
100.3,35.222026487323184
100.4,35.195318549685304
100.5,35.168625669956064
100.6,35.141947828233164
100.7,35.11528500464477
100.8,35.08863717934952
100.9,35.062004332536425
101.0,35.03538644442483
101.1,35.008783495264346
101.2,34.982195465334755
101.3,34.955622334946
101.4,34.929064084438096
101.5,34.902520694181085
101.6,34.875992144574944
101.7,34.84947841604956
101.8,34.822979489064636
101.9,34.79649534410969
102.0,34.7700259617039
102.1,34.74357132239613
102.2,34.71713140676484
102.3,34.69070619541801
102.4,34.664295668993084
102.5,34.637899808156945
102.6,34.61151859360583
102.7,34.585152006065236
102.8,34.55880002628993
102.9,34.532462635063844
103.0,34.50613981320005
103.1,34.47983154154064
103.2,34.453537800956724
103.3,34.427258572348364
103.4,34.40099383664452
103.5,34.37474357480292
103.6,34.34850776781014
103.7,34.32228639668139
103.8,34.296079442460595
103.9,34.26988688622022
104.0,34.24370870906131
104.1,34.21754489211337
104.2,34.19139541653433
104.3,34.16526026351048
104.4,34.13913941425643
104.5,34.11303285001503
104.6,34.08694055205735
104.7,34.06086250168255
104.8,34.03479868021791
104.9,34.00874906901874
105.0,33.98271364946828
105.1,33.95669240297773
105.2,33.93068531098613
105.3,33.904692354960304
105.4,33.87871351639486
105.5,33.85274877681205
105.6,33.8267981177618
105.7,33.80086152082159
105.8,33.774938967596434
105.9,33.74903043971883
106.0,33.723135918848655
106.1,33.697255386673184
106.2,33.671388824906984
106.3,33.64553621529187
106.4,33.61969753959685
106.5,33.59387277961809
106.6,33.56806191717882
106.7,33.542264934129314
106.8,33.516481812346846
106.9,33.49071253373561
107.0,33.46495708022665
107.1,33.43921543377784
107.2,33.413487576373825
107.3,33.387773490025985
107.4,33.36207315677232
107.5,33.336386558677454
107.6,33.31071367783257
107.7,33.28505449635534
107.8,33.259408996389915
107.9,33.2337771601068
108.0,33.208158969702865
108.1,33.182554407401284
108.2,33.15696345545145
108.3,33.13138609612894
108.4,33.105822311735494
108.5,33.08027208459891
108.6,33.054735397073024
108.7,33.02921223153767
108.8,33.003702570398595
108.9,32.978206396087415
109.0,32.95272369106159
109.1,32.92725443780434
109.2,32.901798618824635
109.3,32.87635621665709
109.4,32.850927213861965
109.5,32.825511593025084
109.6,32.800109336757785
109.7,32.77472042769689
109.8,32.749344848504634
109.9,32.72398258186862
110.0,32.69863361050181
110.1,32.67329791714238
110.2,32.64797548455376
110.3,32.62266629552455
110.4,32.597370332868465
110.5,32.57208757942429
110.6,32.54681801805586
110.7,32.52156163165194
110.8,32.49631840312627
110.9,32.47108831541743
111.0,32.44587135148883
111.1,32.420667494328676
111.2,32.395476726949894
111.3,32.3702990323901
111.4,32.34513439371152
111.5,32.319982794000985
111.6,32.294844216369874
111.7,32.26971864395402
111.8,32.24460605991372
111.9,32.21950644743365
112.0,32.19441978972284
112.1,32.16934607001464
112.2,32.1442852715666
112.3,32.11923737766048
112.4,32.09420237160224
112.5,32.06918023672191
112.6,32.0441709563736
112.7,32.0191745139354
112.8,31.99419089280939
112.9,31.969220076421585
113.0,31.94426204822184
113.1,31.919316791683855
113.2,31.894384290305098
113.3,31.86946452760679
113.4,31.84455748713383
113.5,31.81966315245475
113.6,31.79478150716167
113.7,31.769912534870272
113.8,31.745056219219755
113.9,31.720212543872744
114.0,31.69538149251529
114.1,31.670563048856813
114.2,31.645757196630058
114.3,31.620963919591027
114.4,31.59618320151897
114.5,31.571415026216307
114.6,31.5466593775086
114.7,31.521916239244533
114.8,31.49718559529579
114.9,31.472467429557085
115.0,31.447761725946116
115.1,31.423068468403464
115.2,31.398387640892594
115.3,31.37371922739979
115.4,31.349063211934126
115.5,31.324419578527415
115.6,31.29978831123417
115.7,31.275169394131535
115.8,31.250562811319284
115.9,31.22596854691975
116.0,31.20138658507775
116.1,31.176816909960632
116.2,31.152259505758142
116.3,31.127714356682425
116.4,31.10318144696796
116.5,31.078660760871553
116.6,31.05415228267224
116.7,31.029655996671288
116.8,31.00517188719215
116.9,30.98069993858039
117.0,30.956240135203675
117.1,30.931792461451696
117.2,30.907356901736165
117.3,30.882933440490753
117.4,30.858522062171044
117.5,30.83412275125451
117.6,30.809735492240442
117.7,30.785360269649914
117.8,30.76099706802578
117.9,30.736645871932584
118.0,30.712306665956543
118.1,30.687979434705486
118.2,30.663664162808836
118.3,30.639360834917557
118.4,30.615069435704118
118.5,30.590789949862437
118.6,30.56652236210785
118.7,30.542266657177066
118.8,30.518022819828154
118.9,30.493790834840443
119.0,30.469570687014542
119.1,30.445362361172272
119.2,30.42116584215662
119.3,30.396981114831675
119.4,30.37280816408268
119.5,30.34864697481588
119.6,30.324497531958535
119.7,30.300359820458905
119.8,30.276233825286155
119.9,30.252119531430353
120.0,30.228016923902402
120.1,30.203925987734028
120.2,30.179846707977724
120.3,30.155779069706718
120.4,30.131723058014924
120.5,30.107678658016916
120.6,30.083645854847873
120.7,30.059624633663546
120.8,30.035614979640222
120.9,30.011616877974692
121.0,29.987630313884196
121.1,29.96365527260637
121.2,29.93969173939927
121.3,29.915739699541252
121.4,29.891799138331
121.5,29.867870041087436
121.6,29.843952393149728
121.7,29.820046179877203
121.8,29.79615138664937
121.9,29.772267998865818
122.0,29.748396001946205
122.1,29.72453538133023
122.2,29.700686122477585
122.3,29.67684821086792
122.4,29.653021632000794
122.5,29.62920637139565
122.6,29.605402414591776
122.7,29.581609747148246
122.8,29.557828354643924
122.9,29.534058222677405
123.0,29.510299336866964
123.1,29.486551682850518
123.2,29.462815246285636
123.3,29.439090012849427
123.4,29.41537596823856
123.5,29.39167309816923
123.6,29.367981388377068
123.7,29.344300824617168
123.8,29.320631392663994
123.9,29.29697307831138
124.0,29.273325867372492
124.1,29.249689745679756
124.2,29.22606469908487
124.3,29.202450713458727
124.4,29.178847774691416
124.5,29.155255868692155
124.6,29.13167498138927
124.7,29.108105098730146
124.8,29.08454620668121
124.9,29.060998291227882
125.0,29.037461338374538
125.1,29.01393533414449
125.2,28.990420264579928
125.3,28.9669161157419
125.4,28.943422873710265
125.5,28.919940524583684
125.6,28.89646905447955
125.7,28.873008449533952
125.8,28.84955869590169
125.9,28.826119779756187
126.0,28.802691687289467
126.1,28.779274404712137
126.2,28.755867918253344
126.3,28.732472214160715
126.4,28.709087278700366
126.5,28.685713098156835
126.6,28.662349658833055
126.7,28.638996947050327
126.8,28.615654949148276
126.9,28.59232365148484
127.0,28.56900304043618
127.1,28.54569310239672
127.2,28.522393823779055
127.3,28.49910519101394
127.4,28.475827190550255
127.5,28.452559808854975
127.6,28.429303032413127
127.7,28.406056847727744
127.8,28.38282124131987
127.9,28.359596199728493
128.0,28.336381709510526
128.1,28.313177757240762
128.2,28.28998432951185
128.3,28.26680141293426
128.4,28.24362899413625
128.5,28.220467059763838
128.6,28.19731559648075
128.7,28.17417459096841
128.8,28.151044029925885
128.9,28.12792390006987
129.0,28.104814188134668
129.1,28.081714880872095
129.2,28.058625965051522
129.3,28.035547427459807
129.4,28.012479254901262
129.5,27.989421434197617
129.6,27.96637395218801
129.7,27.943336795728918
129.8,27.920309951694165
129.9,27.897293406974867
130.0,27.874287148479393
130.1,27.85129116313336
130.2,27.828305437879568
130.3,27.805329959677987
130.4,27.782364715505746
130.5,27.759409692357043
130.6,27.736464877243176
130.7,27.71353025719245
130.8,27.690605819250216
130.9,27.667691550478775
131.0,27.644787437957387
131.1,27.621893468782226
131.2,27.599009630066345
131.3,27.576135908939637
131.4,27.55327229254883
131.5,27.530418768057434
131.6,27.507575322645724
131.7,27.484741943510688
131.8,27.46191861786602
131.9,27.439105332942077
132.0,27.416302075985843
132.1,27.393508834260913
132.2,27.370725595047453
132.3,27.34795234564217
132.4,27.325189073358274
132.5,27.30243576552546
132.6,27.279692409489872
132.7,27.25695899261408
132.8,27.234235502277034
132.9,27.211521925874052
133.0,27.188818250816773
133.1,27.166124464533134
133.2,27.143440554467325
133.3,27.12076650807982
133.4,27.098102312847256
133.5,27.075447956262465
133.6,27.052803425834433
133.7,27.030168709088258
133.8,27.007543793565112
133.9,26.984928666822256
134.0,26.962323316432954
134.1,26.939727729986487
134.2,26.917141895088104
134.3,26.894565799358983
134.4,26.87199943043623
134.5,26.84944277597282
134.6,26.826895823637592
134.7,26.804358561115194
134.8,26.78183097610608
134.9,26.759313056326473
135.0,26.736804789508323
135.1,26.714306163399293
135.2,26.691817165762725
135.3,26.66933778437761
135.4,26.646868007038563
135.5,26.624407821555778
135.6,26.60195721575503
135.7,26.579516177477622
135.8,26.557084694580368
135.9,26.534662754935557
136.0,26.512250346430918
136.1,26.489847456969617
136.2,26.46745407447021
136.3,26.445070186866612
136.4,26.422695782108082
136.5,26.400330848159175
136.6,26.377975372999746
136.7,26.35562934462489
136.8,26.333292751044926
136.9,26.31096558028537
137.0,26.28864782038691
137.1,26.266339459405383
137.2,26.24404048541172
137.3,26.221750886491947
137.4,26.199470650747163
137.5,26.177199766293473
137.6,26.154938221261997
137.7,26.132686003798835
137.8,26.110443102065034
137.9,26.088209504236545
138.0,26.06598519850424
138.1,26.043770173073842
138.2,26.021564416165916
138.3,25.999367916015824
138.4,25.977180660873735
138.5,25.95500263900457
138.6,25.93283383868798
138.7,25.91067424821832
138.8,25.88852385590462
138.9,25.86638265007056
139.0,25.844250619054453
139.1,25.822127751209198
139.2,25.800014034902276
139.3,25.7779094585157
139.4,25.755814010446013
139.5,25.73372767910423
139.6,25.711650452915855
139.7,25.68958232032082
139.8,25.667523269773465
139.9,25.64547328974251
140.0,25.62343236871106
140.1,25.601400495176534
140.2,25.579377657650657
140.3,25.557363844659438
140.4,25.535359044743146
140.5,25.513363246456272
140.6,25.491376438367524
140.7,25.46939860905978
140.8,25.44742974713007
140.9,25.425469841189543
141.0,25.403518879863462
141.1,25.381576851791166
141.2,25.35964374562602
141.3,25.337719550035445
141.4,25.31580425370084
141.5,25.29389784531758
141.6,25.27200031359499
141.7,25.25011164725632
141.8,25.228231835038716
141.9,25.206360865693195
142.0,25.18449872798462
142.1,25.162645410691677
142.2,25.140800902606856
142.3,25.118965192536397
142.4,25.09713826930031
142.5,25.075320121732318
142.6,25.05351073867984
142.7,25.031710109003974
142.8,25.00991822157945
142.9,24.98813506529464
143.0,24.966360629051497
143.1,24.944594901765562
143.2,24.922837872365918
143.3,24.901089529795165
143.4,24.879349863009423
143.5,24.85761886097827
143.6,24.835896512684734
143.7,24.814182807125285
143.8,24.79247773330978
143.9,24.770781280261467
144.0,24.74909343701694
144.1,24.72741419262613
144.2,24.705743536152276
144.3,24.68408145667188
144.4,24.66242794327472
144.5,24.640782985063804
144.6,24.61914657115536
144.7,24.597518690678775
144.8,24.575899332776622
144.9,24.554288486604612
145.0,24.53268614133156
145.1,24.511092286139384
145.2,24.489506910223056
145.3,24.467930002790606
145.4,24.44636155306308
145.5,24.424801550274527
145.6,24.403249983671955
145.7,24.381706842515342
145.8,24.360172116077575
145.9,24.33864579364445
146.0,24.317127864514656
146.1,24.295618317999732
146.2,24.27411714342404
146.3,24.252624330124767
146.4,24.23113986745189
146.5,24.209663744768147
146.6,24.18819595144901
146.7,24.166736476882686
146.8,24.145285310470072
146.9,24.12384244162473
147.0,24.102407859772896
147.1,24.080981554353407
147.2,24.059563514817718
147.3,24.038153730629865
147.4,24.016752191266452
147.5,23.995358886216614
147.6,23.973973804982002
147.7,23.952596937076766
147.8,23.931228272027507
147.9,23.9098677993733
148.0,23.88851550866562
148.1,23.867171389468375
148.2,23.84583543135782
148.3,23.8245076239226
148.4,23.803187956763683
148.5,23.781876419494345
148.6,23.760573001740166
148.7,23.739277693138995
148.8,23.71799048334093
148.9,23.69671136200828
149.0,23.675440318815582
149.1,23.654177343449536
149.2,23.632922425609014
149.3,23.611675555005036
149.4,23.59043672136072
149.5,23.56920591441129
149.6,23.547983123904046
149.7,23.526768339598334
149.8,23.505561551265536
149.9,23.484362748689037
150.0,23.463171921664223
150.1,23.44198905999843
150.2,23.420814153510953
150.3,23.399647192033004
150.4,23.378488165407703
150.5,23.35733706349004
150.6,23.336193876146876
150.7,23.315058593256907
150.8,23.293931204710642
150.9,23.272811700410394
151.0,23.251700070270246
151.1,23.230596304216046
151.2,23.209500392185358
151.3,23.18841232412747
151.4,23.167332090003363
151.5,23.14625967978568
151.6,23.125195083458713
151.7,23.104138291018398
151.8,23.083089292472266
151.9,23.06204807783944
152.0,23.041014637150607
152.1,23.019988960448
152.2,22.99897103778538
152.3,22.977960859228023
152.4,22.95695841485267
152.5,22.935963694747546
152.6,22.914976689012295
152.7,22.893997387758006
152.8,22.87302578110717
152.9,22.852061859193647
153.0,22.831105612162666
153.1,22.8101570301708
153.2,22.78921610338595
153.3,22.7682828219873
153.4,22.747357176165337
153.5,22.726439156121796
153.6,22.705528752069654
153.7,22.68462595423311
153.8,22.663730752847574
153.9,22.642843138159627
154.0,22.621963100427017
154.1,22.601090629918627
154.2,22.580225716914473
154.3,22.559368351705665
154.4,22.5385185245944
154.5,22.51767622589393
154.6,22.496841445928556
154.7,22.4760141750336
154.8,22.455194403555396
154.9,22.43438212185125
155.0,22.41357732028944
155.1,22.392779989249192
155.2,22.371990119120646
155.3,22.351207700304858
155.4,22.33043272321377
155.5,22.309665178270194
155.6,22.288905055907783
155.7,22.26815234657102
155.8,22.247407040715213
155.9,22.22666912880643
156.0,22.205938601321545
156.1,22.185215448748156
156.2,22.164499661584614
156.3,22.143791230339982
156.4,22.12309014553401
156.5,22.102396397697117
156.6,22.0817099773704
156.7,22.061030875105583
156.8,22.040359081465006
156.9,22.019694587021615
157.0,21.999037382358942
157.1,21.97838745807107
157.2,21.957744804762637
157.3,21.937109413048812
157.4,21.916481273555252
157.5,21.89586037691812
157.6,21.87524671378403
157.7,21.854640274810066
157.8,21.83404105066374
157.9,21.81344903202297
158.0,21.792864209576088
158.1,21.772286574021777
158.2,21.751716116069097
158.3,21.731152826437448
158.4,21.710596695856545
158.5,21.690047715066417
158.6,21.669505874817368
158.7,21.64897116586997
158.8,21.628443578995054
158.9,21.60792310497368
159.0,21.58740973459711
159.1,21.56690345866681
159.2,21.546404267994433
159.3,21.52591215340177
159.4,21.50542710572076
159.5,21.484949115793476
159.6,21.464478174472085
159.7,21.444014272618848
159.8,21.42355740110609
159.9,21.403107550816195
160.0,21.382664712641564
160.1,21.36222887748463
160.2,21.341800036257816
160.3,21.32137817988354
160.4,21.30096329929416
160.5,21.280555385432002
160.6,21.260154429249308
160.7,21.239760421708223
160.8,21.21937335378081
160.9,21.198993216448972
161.0,21.1786200007045
161.1,21.15825369754901
161.2,21.137894297993952
161.3,21.117541793060568
161.4,21.0971961737799
161.5,21.076857431192757
161.6,21.05652555634969
161.7,21.036200540311004
161.8,21.01588237414672
161.9,20.99557104893655
162.0,20.97526655576991
162.1,20.95496888574586
162.2,20.934678029973128
162.3,20.91439397957007
162.4,20.894116725664663
162.5,20.873846259394476
162.6,20.85358257190667
162.7,20.833325654357964
162.8,20.813075497914625
162.9,20.792832093752466
163.0,20.7725954330568
163.1,20.75236550702245
163.2,20.732142306853703
163.3,20.711925823764332
163.4,20.691716048977543
163.5,20.671512973725996
163.6,20.651316589251724
163.7,20.631126886806204
163.8,20.610943857650263
163.9,20.590767493054113
164.0,20.570597784297302
164.1,20.550434722668715
164.2,20.530278299466552
164.3,20.510128505998313
164.4,20.489985333580783
164.5,20.469848773540008
164.6,20.449718817211288
164.7,20.429595455939154
164.8,20.409478681077367
164.9,20.389368483988864
165.0,20.369264856045792
165.1,20.349167788629455
165.2,20.329077273130306
165.3,20.308993300947943
165.4,20.28891586349108
165.5,20.268844952177545
165.6,20.248780558434234
165.7,20.228722673697135
165.8,20.208671289411278
165.9,20.188626397030745
166.0,20.168587988018633
166.1,20.148556053847052
166.2,20.1285305859971
166.3,20.108511575958865
166.4,20.08849901523138
166.5,20.06849289532263
166.6,20.04849320774953
166.7,20.028499944037904
166.8,20.008513095722485
166.9,19.98853265434687
167.0,19.968558611463536
167.1,19.948590958633805
167.2,19.92862968742784
167.3,19.908674789424616
167.4,19.888726256211925
167.5,19.86878407938633
167.6,19.848848250553182
167.7,19.82891876132658
167.8,19.808995603329375
167.9,19.78907876819313
168.0,19.769168247558135
168.1,19.749264033073363
168.2,19.729366116396477
168.3,19.7094744891938
168.4,19.68958914314031
168.5,19.669710069919617
168.6,19.649837261223947
168.7,19.62997070875414
168.8,19.61011040421961
168.9,19.590256339338367
169.0,19.57040850583696
169.1,19.550566895450494
169.2,19.530731499922595
169.3,19.51090231100541
169.4,19.491079320459583
169.5,19.471262520054236
169.6,19.451451901566966
169.7,19.431647456783818
169.8,19.411849177499285
169.9,19.392057055516275
170.0,19.372271082646115
170.1,19.352491250708518
170.2,19.33271755153159
170.3,19.31294997695178
170.4,19.293188518813913
170.5,19.273433168971124
170.6,19.253683919284878
170.7,19.233940761624957
170.8,19.214203687869425
170.9,19.19447268990462
171.0,19.174747759625156
171.1,19.155028888933877
171.2,19.13531606974188
171.3,19.115609293968454
171.4,19.09590855354112
171.5,19.07621384039557
171.6,19.05652514647568
171.7,19.03684246373348
171.8,19.017165784129155
171.9,18.997495099631017
172.0,18.977830402215506
172.1,18.958171683867146
172.2,18.938518936578554
172.3,18.918872152350446
172.4,18.89923132319157
172.5,18.879596441118743
172.6,18.859967498156784
172.7,18.840344486338555
172.8,18.82072739770493
172.9,18.80111622430474
173.0,18.781510958194822
173.1,18.761911591439958
173.2,18.742318116112884
173.3,18.722730524294274
173.4,18.703148808072708
173.5,18.683572959544684
173.6,18.66400297081459
173.7,18.644438833994688
173.8,18.624880541205098
173.9,18.605328084573802
174.0,18.585781456236614
174.1,18.566240648337168
174.2,18.54670565302691
174.3,18.52717646246507
174.4,18.50765306881868
174.5,18.488135464262523
174.6,18.468623640979146
174.7,18.449117591158814
174.8,18.429617306999546
174.9,18.410122780707056
175.0,18.39063400449476
175.1,18.37115097058377
175.2,18.351673671202853
175.3,18.332202098588446
175.4,18.31273624498462
175.5,18.293276102643098
175.6,18.2738216638232
175.7,18.254372920791848
175.8,18.234929865823574
175.9,18.21549249120047
176.0,18.19606078921222
176.1,18.176634752156012
176.2,18.157214372336615
176.3,18.13779964206629
176.4,18.118390553664828
176.5,18.098987099459517
176.6,18.079589271785128
176.7,18.06019706298389
176.8,18.040810465405503
176.9,18.0214294714071
177.0,18.002054073353268
177.1,17.982684263615987
177.2,17.96332003457466
177.3,17.943961378616066
177.4,17.924608288134383
177.5,17.905260755531142
177.6,17.885918773215213
177.7,17.86658233360284
177.8,17.847251429117566
177.9,17.827926052190254
178.0,17.808606195259085
178.1,17.789291850769498
178.2,17.769983011174233
178.3,17.750679668933273
178.4,17.73138181651387
178.5,17.712089446390504
178.6,17.692802551044867
178.7,17.67352112296588
178.8,17.65424515464965
178.9,17.63497463859948
179.0,17.615709567325833
179.1,17.596449933346353
179.2,17.577195729185796
179.3,17.557946947376088
179.4,17.538703580456264
179.5,17.519465620972454
179.6,17.500233061477918
179.7,17.481005894532966
179.8,17.461784112705
179.9,17.442567708568475
180.0,17.423356674704895
180.1,17.404151003702793
180.2,17.38495068815772
180.3,17.365755720672254
180.4,17.34656609385596
180.5,17.327381800325377
180.6,17.30820283270403
180.7,17.289029183622393
180.8,17.2698608457179
180.9,17.250697811634915
181.0,17.231540074024718
181.1,17.212387625545496
181.2,17.193240458862352
181.3,17.174098566647263
181.4,17.15496194157908
181.5,17.13583057634352
181.6,17.116704463633145
181.7,17.097583596147352
181.8,17.078467966592363
181.9,17.059357567681214
182.0,17.040252392133752
182.1,17.021152432676594
182.2,17.002057682043148
182.3,16.982968132973582
182.4,16.96388377821481
182.5,16.944804610520503
182.6,16.925730622651034
182.7,16.906661807373517
182.8,16.887598157461756
182.9,16.868539665696257
183.0,16.849486324864202
183.1,16.830438127759436
183.2,16.811395067182467
183.3,16.79235713594045
183.4,16.773324326847174
183.5,16.754296632723037
183.6,16.735274046395062
183.7,16.716256560696863
183.8,16.697244168468632
183.9,16.67823686255715
184.0,16.65923463581576
184.1,16.64023748110434
184.2,16.621245391289314
184.3,16.60225835924364
184.4,16.583276377846794
184.5,16.564299439984737
184.6,16.54532753854994
184.7,16.526360666441352
184.8,16.507398816564393
184.9,16.48844198183094
185.0,16.4694901551593
185.1,16.450543329474236
185.2,16.43160149770693
185.3,16.41266465279497
185.4,16.393732787682342
185.5,16.374805895319437
185.6,16.355883968663008
185.7,16.33696700067617
185.8,16.318054984328416
185.9,16.29914791259555
186.0,16.28024577845974
186.1,16.261348574909455
186.2,16.24245629493948
186.3,16.223568931550886
186.4,16.204686477751054
186.5,16.185808926553623
186.6,16.166936270978503
186.7,16.148068504051853
186.8,16.129205618806072
186.9,16.110347608279806
187.0,16.09149446551789
187.1,16.072646183571386
187.2,16.053802755497568
187.3,16.034964174359867
187.4,16.01613043322791
187.5,15.997301525177477
187.6,15.978477443290501
187.7,15.959658180655067
187.8,15.940843730365374
187.9,15.922034085521753
188.0,15.90322923923064
188.1,15.88442918460457
188.2,15.865633914762167
188.3,15.846843422828123
188.4,15.828057701933199
188.5,15.809276745214214
188.6,15.790500545814027
188.7,15.77172909688153
188.8,15.752962391571629
188.9,15.734200423045255
189.0,15.715443184469326
189.1,15.696690669016755
189.2,15.677942869866431
189.3,15.659199780203215
189.4,15.64046139321791
189.5,15.621727702107282
189.6,15.602998700074025
189.7,15.584274380326757
189.8,15.56555473608001
189.9,15.546839760554217
190.0,15.52812944697571
190.1,15.509423788576694
190.2,15.490722778595254
190.3,15.472026410275324
190.4,15.453334676866701
190.5,15.434647571625014
190.6,15.41596508781172
190.7,15.397287218694094
190.8,15.378613957545229
190.9,15.359945297643998
191.0,15.341281232275078
191.1,15.322621754728909
191.2,15.303966858301703
191.3,15.285316536295433
191.4,15.266670782017798
191.5,15.248029588782249
191.6,15.229392949907956
191.7,15.210760858719796
191.8,15.192133308548366
191.9,15.173510292729937
192.0,15.154891804606475
192.1,15.136277837525617
192.2,15.117668384840655
192.3,15.09906343991054
192.4,15.080462996099861
192.5,15.061867046778836
192.6,15.043275585323313
192.7,15.024688605114736
192.8,15.006106099540167
192.9,14.987528061992247
193.0,14.968954485869206
193.1,15.937438242725698
193.2,16.911309118337556
193.3,17.39742148361893
193.4,18.375580416996506
193.5,18.870625148834247
193.6,19.368681992962276
193.7,19.86975710055171
193.8,20.37386406118138
193.9,20.88101716260559
194.0,21.391230705318705
194.1,21.90451900172341
194.2,22.42089637528643
194.3,22.940377159681628
194.4,23.46297569792053
194.5,23.98870634147002
194.6,24.5155455018061
194.7,25.04322615155334
194.8,25.571745179539114
194.9,26.101099448355992
195.0,26.631285794392145
195.1,27.162301027863222
195.2,27.694141932845888
195.3,28.226805267312894
195.4,28.760200478349034
195.5,29.293889874082126
195.6,29.827869057108444
195.7,30.13714844598591
195.8,30.447089459676057
195.9,30.757691976928573
196.0,31.06895586638414
196.1,31.380880986534343
196.2,31.693467185681804
196.3,32.006714301900494
196.4,32.32062216299617
196.5,32.63519058646714
196.6,32.95041937946505
196.7,33.26630833875603
196.8,33.5828572506819
196.9,33.90006589112166
197.0,34.217934025453225
197.1,34.536461408515216
197.2,34.85564778456912
197.3,35.17549288726162
197.4,35.49599643958709
197.5,35.469133378410824
197.6,35.44228558041928
197.7,35.4154530253946
197.8,35.388635693150036
197.9,35.36183356352995
198.0,35.33504661640973
198.1,35.30827483169569
198.2,35.28151818932511
198.3,35.25477666926605
198.4,35.22805025151736
198.5,35.20133891610859
198.6,35.17464264309995
198.7,35.14796141258223
198.8,35.121295204676734
198.9,35.09464399953526
199.0,35.06800777733995
199.1,35.04138651830333
199.2,35.01478020266818
199.3,34.988188810707484
199.4,34.961612322724406
199.5,34.93505071905218
199.6,34.90850398005408
199.7,34.88197208612333
199.8,34.85545501768309
199.9,34.82895275518636
200.0,34.8024652791159
200.1,34.77599256998425
200.2,34.74953460833356
200.3,34.72309137473564
200.4,34.6966628497918
200.5,34.670249014132864
200.6,34.64384984841907
200.7,34.617465333340036
200.8,34.591095449614684
200.9,34.56474017799119
201.0,34.5383994992469
201.1,34.51207339418832
201.2,34.485761843651
201.3,34.45946482849954
201.4,34.43318232962748
201.5,34.40691432795722
201.6,34.38066080444007
201.7,34.354421740056054
201.8,34.32819711581396
201.9,34.301986912751225
202.0,34.275791111933906
202.1,34.2496096944566
202.2,34.223442641442404
202.3,34.197289934042836
202.4,34.1711515534378
202.5,34.14502748083553
202.6,34.118917697472504
202.7,34.09282218461344
202.8,34.066740923551166
202.9,34.04067389560664
203.0,34.01462108212885
203.1,33.98858246449475
203.2,33.96255802410923
203.3,33.936547742405054
203.4,33.91055160084281
203.5,33.884569580910814
203.6,33.85860166412511
203.7,33.83264783202939
203.8,33.80670806619491
203.9,33.7807823482205
204.0,33.754870659732454
204.1,33.7289729823845
204.2,33.703089297857716
204.3,33.67721958786053
204.4,33.65136383412861
204.5,33.62552201842485
204.6,33.599694122539304
204.7,33.57388012828909
204.8,33.54808001751841
204.9,33.52229377209844
205.0,33.496521373927294
205.1,33.470762804929976
205.2,33.445018047058326
205.3,33.419287082290964
205.4,33.393569892633224
205.5,33.36786646011712
205.6,33.34217676680129
205.7,33.31650079477091
205.8,33.29083852613771
205.9,33.26518994303985
206.0,33.239555027641906
206.1,33.213933762134815
206.2,33.188326128735824
206.3,33.16273210968841
206.4,33.13715168726227
206.5,33.11158484375324
206.6,33.086031561483246
206.7,33.06049182280025
206.8,33.03496561007824
206.9,33.00945290571711
207.0,32.98395369214266
207.1,32.95846795180654
207.2,32.93299566718615
207.3,32.90753682078466
207.4,32.88209139513091
207.5,32.85665937277937
207.6,32.83124073631013
207.7,32.80583546832875
207.8,32.780443551466334
207.9,32.755064968379386
208.0,32.7296997017498
208.1,32.704347734284795
208.2,32.67900904871689
208.3,32.653683627803844
208.4,32.62837145432855
208.5,32.60307251109909
208.6,32.5777867809486
208.7,32.55251424673525
208.8,32.52725489134221
208.9,32.502008697677574
209.0,32.47677564867434
209.1,32.45155572729032
209.2,32.42634891650814
209.3,32.40115519933514
209.4,32.37597455880339
209.5,32.350806977969576
209.6,32.32565243991497
209.7,32.300510927745414
209.8,32.27538242459126
209.9,32.25026691360726
210.0,32.225164377972625
210.1,32.20007480089089
210.2,32.17499816558992
210.3,32.14993445532181
210.4,32.124883653362886
210.5,32.099845743013645
210.6,32.07482070759869
210.7,32.04980853046669
210.8,32.02480919499036
210.9,31.999822684566382
211.0,31.97484898261535
211.1,31.949888072581754
211.2,31.924939937933935
211.3,31.900004562164003
211.4,31.87508192878782
211.5,31.85017202134495
211.6,31.825274823398594
211.7,31.80039031853558
211.8,31.775518490366277
211.9,31.750659322524566
212.0,31.725812798667803
212.1,31.70097890247678
212.2,31.67615761765564
212.3,31.651348927931863
212.4,31.626552817056222
212.5,31.60176926880272
212.6,31.57699826696857
212.7,31.552239795374113
212.8,31.527493837862817
212.9,31.50276037830119
213.0,31.478039400578773
213.1,31.45333088860807
213.2,31.4286348263245
213.3,31.403951197686386
213.4,31.37927998667486
213.5,31.354621177293875
213.6,31.32997475357012
213.7,31.30534069955298
213.8,31.28071899931451
213.9,31.256109636949375
214.0,31.23151259657483
214.1,31.206927862330634
214.2,31.182355418379057
214.3,31.15779524890479
214.4,31.133247338114934
214.5,31.108711670238954
214.6,31.084188229528603
214.7,31.059677000257928
214.8,31.03517796672318
214.9,31.010691113242803
215.0,30.986216424157384
215.1,30.961753883829605
215.2,30.937303476644217
215.3,30.912865187007966
215.4,30.888438999349557
215.5,30.864024898119652
215.6,30.839622867790776
215.7,30.815232892857313
215.8,30.790854957835446
215.9,30.766489047263114
216.0,30.742135145699958
216.1,30.717793237727328
216.2,30.69346330794817
216.3,30.66914534098706
216.4,30.644839321490096
216.5,30.620545234124904
216.6,30.596263063580565
216.7,30.5719927945676
216.8,30.547734411817903
216.9,30.52348790008471
217.0,30.499253244142587
217.1,30.475030428787345
217.2,30.450819438836014
217.3,30.42662025912681
217.4,30.40243287451908
217.5,30.378257269893297
217.6,30.354093430150964
217.7,30.329941340214635
217.8,30.305800985027822
217.9,30.28167234955498
218.0,30.25755541878145
218.1,30.233450177713447
218.2,30.209356611378034
218.3,30.185274704823
218.4,30.16120444311691
218.5,30.13714581134902
218.6,30.113098794629238
218.7,30.089063378088102
218.8,30.06503954687674
218.9,30.041027286166806
219.0,30.01702658115046
219.1,29.993037417040338
219.2,29.969059779069497
219.3,29.945093652491384
219.4,29.92113902257979
219.5,29.897195874628807
219.6,29.873264193952814
219.7,29.849343965886394
219.8,29.825435175784353
219.9,29.80153780902164
220.0,29.777651850993315
220.1,29.753777287114524
220.2,29.729914102820455
220.3,29.706062283566293
220.4,29.682221814827184
220.5,29.6583926820982
220.6,29.63457487089431
220.7,29.610768366750328
220.8,29.586973155220882
220.9,29.563189221880382
221.0,29.53941655232295
221.1,29.51565513216244
221.2,29.491904947032346
221.3,29.468165982585802
221.4,29.444438224495524
221.5,29.420721658453783
221.6,29.397016270172358
221.7,29.373322045382512
221.8,29.349638969834945
221.9,29.325967029299758
222.0,29.302306209566428
222.1,29.27865649644375
222.2,29.255017875759833
222.3,29.231390333362018
222.4,29.20777385511688
222.5,29.184168426910183
222.6,29.160574034646817
222.7,29.13699066425082
222.8,29.113418301665288
222.9,29.08985693285235
223.0,29.06630654379315
223.1,29.042767120487785
223.2,29.019238648955312
223.3,28.99572111523366
223.4,28.97221450537963
223.5,28.948718805468847
223.6,28.925234001595737
223.7,28.901760079873473
223.8,28.87829702643393
223.9,28.854844827427684
224.0,28.83140346902397
224.1,28.80797293741062
224.2,28.78455321879406
224.3,28.761144299399245
224.4,28.737746165469648
224.5,28.714358803267217
224.6,28.690982199072327
224.7,28.667616339183795
224.8,28.644261209918767
224.9,28.62091679761274
225.0,28.597583088619526
225.1,28.57426006931119
225.2,28.55094772607804
225.3,28.52764604532856
225.4,28.504355013489423
225.5,28.48107461700543
225.6,28.457804842339474
225.7,28.43454567597251
225.8,28.41129710440353
225.9,28.388059114149517
226.0,28.364831691745405
226.1,28.341614823744067
226.2,28.318408496716273
226.3,28.295212697250662
226.4,28.272027411953676
226.5,28.248852627449565
226.6,28.225688330380347
226.7,28.202534507405762
226.8,28.17939114520324
226.9,28.156258230467884
227.0,28.13313574991241
227.1,28.110023690267145
227.2,28.086922038279972
227.3,28.063830780716312
227.4,28.040749904359064
227.5,28.01767939600862
227.6,27.99461924248278
227.7,27.97156943061676
227.8,27.94852994726314
227.9,27.92550077929183
228.0,27.902481913590048
228.1,27.879473337062276
228.2,27.856475036630247
228.3,27.833486999232882
228.4,27.810509211826297
228.5,27.78754166138374
228.6,27.764584334895577
228.7,27.741637219369245
228.8,27.718700301829223
228.9,27.695773569317016
229.0,27.672857008891107
229.1,27.649950607626945
229.2,27.627054352616874
229.3,27.60416823097016
229.4,27.581292229812902
229.5,27.558426336288026
229.6,27.535570537555266
229.7,27.512724820791117
229.8,27.489889173188796
229.9,27.46706358195825
230.0,27.44424803432607
230.1,27.421442517535496
230.2,27.398647018846386
230.3,27.375861525535164
230.4,27.353086024894807
230.5,27.33032050423481
230.6,27.307564950881165
230.7,27.2848193521763
230.8,27.262083695479085
230.9,27.23935796816478
231.0,27.216642157625014
231.1,27.193936251267754
231.2,27.171240236517257
231.3,27.148554100814064
231.4,27.12587783161496
231.5,27.10321141639296
231.6,27.080554842637245
231.7,27.057908097853147
231.8,27.035271169562144
231.9,27.01264404530179
232.0,26.990026712625713
232.1,26.96741915910358
232.2,26.94482137232106
232.3,26.922233339879803
232.4,26.899655049397396
232.5,26.877086488507352
232.6,26.85452764485908
232.7,26.83197850611784
232.8,26.809439059964724
232.9,26.78690929409662
233.0,26.7643891962262
233.1,26.741878754081874
233.2,26.719377955407758
233.3,26.69688678796366
233.4,26.674405239525054
233.5,26.651933297883023
233.6,26.629470950844265
233.7,26.607018186231027
233.8,26.584574991881134
233.9,26.562141355647892
234.0,26.5397172654001
234.1,26.517302709022022
234.2,26.494897674413348
234.3,26.472502149489152
234.4,26.450116122179896
234.5,26.427739580431375
234.6,26.405372512204707
234.7,26.383014905476294
234.8,26.36066674823779
234.9,26.338328028496097
235.0,26.315998734273304
235.1,26.293678853606682
235.2,26.27136837454865
235.3,26.249067285166745
235.4,26.226775573543588
235.5,26.20449322777688
235.6,26.182220235979344
235.7,26.15995658627873
235.8,26.13770226681775
235.9,26.115457265754088
236.0,26.093221571260337
236.1,26.070995171524
236.2,26.048778054747455
236.3,26.026570209147927
236.4,26.004371622957446
236.5,25.98218228442285
236.6,25.96000218180573
236.7,25.93783130338242
236.8,25.91566963744395
236.9,25.89351717229606
237.0,25.871373896259122
237.1,25.84923979766816
237.2,25.82711486487278
237.3,25.804999086237174
237.4,25.782892450140086
237.5,25.76079494497478
237.6,25.738706559149016
237.7,25.71662728108504
237.8,25.69455709921952
237.9,25.67249600200355
238.0,25.650443977902622
238.1,25.628401015396587
238.2,25.606367102979647
238.3,25.5843422291603
238.4,25.562326382461343
238.5,25.540319551419824
238.6,25.51832172458704
238.7,25.49633289052849
238.8,25.474353037823857
238.9,25.45238215506698
239.0,25.43042023086584
239.1,25.408467253842506
239.2,25.386523212633143
239.3,25.36458809588797
239.4,25.34266189227124
239.5,25.320744590461196
239.6,25.298836179150058
239.7,25.27693664704402
239.8,25.255045982863187
239.9,25.23316417534158
240.0,25.21129121322709
240.1,25.18942708528146
240.2,25.167571780280262
240.3,25.14572528701287
240.4,25.123887594282433
240.5,25.102058690905857
240.6,25.080238565713774
240.7,25.058427207550512
240.8,25.036624605274096
240.9,25.014830747756182
241.0,24.993045623882068
241.1,24.971269222550642
241.2,24.94950153267439
241.3,24.927742543179342
241.4,24.905992243005052
241.5,24.884250621104595
241.6,24.862517666444514
241.7,24.840793368004807
241.8,24.819077714778917
241.9,24.797370695773694
242.0,24.775672300009354
242.1,24.753982516519496
242.2,24.732301334351035
242.3,24.71062874256421
242.4,24.68896473023255
242.5,24.66730928644283
242.6,24.645662400295084
242.7,24.624024060902553
242.8,24.602394257391666
242.9,24.580772978902022
243.0,24.55916021458637
243.1,24.537555953610582
243.2,24.515960185153617
243.3,24.494372898407505
243.4,24.472794082577344
243.5,24.45122372688123
243.6,24.42966182055029
243.7,24.408108352828616
243.8,24.386563312973255
243.9,24.365026690254187
244.0,24.343498473954316
244.1,24.321978653369413
244.2,24.300467217808116
244.3,24.27896415659191
244.4,24.257469459055095
244.5,24.235983114544755
244.6,24.21450511242075
244.7,24.19303544205569
244.8,24.17157409283492
244.9,24.150121054156465
245.0,24.12867631543104
245.1,24.107239866082022
245.2,24.085811695545406
245.3,24.064391793269813
245.4,24.042980148716445
245.5,24.02157675135907
245.6,24.000181590684
245.7,23.97879465619006
245.8,23.95741593738859
245.9,23.936045423803392
246.0,23.914683104970717
246.1,23.893328970439256
246.2,23.87198300977011
246.3,23.850645212536758
246.4,23.829315568325054
246.5,23.807994066733173
246.6,23.78668069737164
246.7,23.765375449863257
246.8,23.7440783138431
246.9,23.72278927895851
247.0,23.701508334869043
247.1,23.680235471246487
247.2,23.658970677774803
247.3,23.637713944150125
247.4,23.616465260080716
247.5,23.595224615286984
247.6,23.573991999501423
247.7,23.552767402468614
247.8,23.531550813945177
247.9,23.510342223699798
248.0,23.489141621513145
248.1,23.467948997177906
248.2,23.446764340498728
248.3,23.425587641292207
248.4,23.404418889386875
248.5,23.383258074623157
248.6,23.36210518685338
248.7,23.34096021594173
248.8,23.31982315176423
248.9,23.29869398420873
249.0,23.27757270317489
249.1,23.25645929857414
249.2,23.235353760329666
249.3,23.214256078376394
249.4,23.193166242660983
249.5,23.172084243141764
249.6,23.15101006978876
249.7,23.129943712583646
249.8,23.10888516151972
249.9,23.087834406601907
250.0,23.066791437846724
250.1,23.045756245282245
250.2,23.02472881894811
250.3,23.00370914889548
250.4,22.982697225187025
250.5,22.961693037896914
250.6,22.940696577110774
250.7,22.9197078329257
250.8,22.898726795450177
250.9,22.877753454804132
251.0,22.856787801118877
251.1,22.83582982453707
251.2,22.814879515212727
251.3,22.793936863311195
251.4,22.773001859009124
251.5,22.752074492494444
251.6,22.73115475396636
251.7,22.710242633635318
251.8,22.689338121722987
251.9,22.66844120846225
252.0,22.64755188409718
252.1,22.626670138882996
252.2,22.605795963086088
252.3,22.584929346983944
252.4,22.564070280865185
252.5,22.543218755029514
252.6,22.522374759787684
252.7,22.501538285461507
252.8,22.480709322383827
252.9,22.459887860898498
253.0,22.439073891360348
253.1,22.418267404135193
253.2,22.397468389599776
253.3,22.376676838141787
253.4,22.355892740159828
253.5,22.33511608606338
253.6,22.31434686627281
253.7,22.293585071219322
253.8,22.272830691344968
253.9,22.252083717102607
254.0,22.231344138955894
254.1,22.210611947379256
254.2,22.189887132857887
254.3,22.169169685887717
254.4,22.148459596975375
254.5,22.127756856638218
254.6,22.107061455404267
254.7,22.086373383812198
254.8,22.065692632411345
254.9,22.045019191761664
255.0,22.02435305243371
255.1,22.003694205008625
255.2,21.983042640078114
255.3,21.96239834824445
255.4,21.941761320120406
255.5,21.921131546329296
255.6,21.900509017504902
255.7,21.879893724291488
255.8,21.859285657343786
255.9,21.838684807326953
256.0,21.818091164916567
256.1,21.7975047207986
256.2,21.77692546566942
256.3,21.756353390235738
256.4,21.73578848521463
256.5,21.715230741333485
256.6,21.694680149330008
256.7,21.67413669995218
256.8,21.65360038395827
256.9,21.633071192116795
257.0,21.612549115206512
257.1,21.592034144016377
257.2,21.571526269345572
257.3,21.55102548200344
257.4,21.53053177280949
257.5,21.510045132593383
257.6,21.489565552194907
257.7,21.469093022463948
257.8,21.448627534260492
257.9,21.428169078454598
258.0,21.407717645926382
258.1,21.387273227565995
258.2,21.36683581427361
258.3,21.346405396959398
258.4,21.325981966543516
258.5,21.305565513956093
258.6,21.285156030137202
258.7,21.264753506036854
258.8,21.244357932614964
258.9,21.22396930084136
259.0,21.20358760169573
259.1,21.183212826167637
259.2,21.16284496525648
259.3,21.142484009971486
259.4,21.1221299513317
259.5,21.101782780365955
259.6,21.08144248811286
259.7,21.061109065620766
259.8,21.04078250394779
259.9,21.020462794161755
260.0,21.000149927340193
260.1,20.97984389457033
260.2,20.959544686949062
260.3,20.939252295582932
260.4,20.91896671158813
260.5,20.898687926090464
260.6,20.878415930225337
260.7,20.858150715137754
260.8,20.83789227198228
260.9,20.817640591923034
261.0,20.79739566613367
261.1,20.777157485797368
261.2,20.756926042106798
261.3,20.736701326264125
261.4,20.716483329480983
261.5,20.69627204297845
261.6,20.676067457987052
261.7,20.655869565746716
261.8,20.63567835750679
261.9,20.615493824526
262.0,20.595315958072437
262.1,20.575144749423547
262.2,20.55498018986611
262.3,20.534822270696232
262.4,20.514670983219315
262.5,20.494526318750044
262.6,20.474388268612383
262.7,20.454256824139556
262.8,20.43413197667401
262.9,20.414013717567414
263.0,20.393902038180652
263.1,20.37379692988379
263.2,20.353698384056074
263.3,20.33360639208589
263.4,20.313520945370776
263.5,20.29344203531739
263.6,20.273369653341508
263.7,20.253303790867992
263.8,20.23324443933077
263.9,20.21319159017284
264.0,20.193145234846245
264.1,20.17310536481204
264.2,20.15307197154032
264.3,20.13304504651016
264.4,20.113024581209604
264.5,20.09301056713568
264.6,20.07300299579436
264.7,20.053001858700547
264.8,20.033007147378044
264.9,20.013018853359586
265.0,19.99303696818677
265.1,19.973061483410085
265.2,19.953092390588846
265.3,19.933129681291227
265.4,19.913173347094226
265.5,19.893223379583638
265.6,19.873279770354053
265.7,19.853342511008844
265.8,19.833411593160132
265.9,19.813487008428805
266.0,19.793568748444454
266.1,19.773656804845405
266.2,19.753751169278686
266.3,19.733851833399985
266.4,19.713958788873686
266.5,19.69407202737282
266.6,19.674191540579034
266.7,19.654317320182628
266.8,19.6344493578825
266.9,19.61458764538613
267.0,19.59473217440959
267.1,19.57488293667751
267.2,19.55503992392306
267.3,19.53520312788795
267.4,19.515372540322403
267.5,19.495548152985158
267.6,19.47572995764341
267.7,19.455917946072862
267.8,19.43611211005765
267.9,19.41631244139037
268.0,19.39651893187203
268.1,19.376731573312057
268.2,19.356950357528277
268.3,19.337175276346898
268.4,19.317406321602494
268.5,19.297643485138003
268.6,19.27788675880469
268.7,19.25813613446215
268.8,19.23839160397828
268.9,19.218653159229277
269.0,19.198920792099624
269.1,19.17919449448206
269.2,19.159474258277584
269.3,19.139760075395422
269.4,19.12005193775303
269.5,19.10034983727607
269.6,19.08065376589839
269.7,19.060963715562025
269.8,19.041279678217165
269.9,19.021601645822162
270.0,19.001929610343492
270.1,18.98226356375576
270.2,18.962603498041677
270.3,18.942949405192046
270.4,18.923301277205734
270.5,18.903659106089698
270.6,18.88402288385893
270.7,18.86439260253644
270.8,18.844768254153298
270.9,18.825149830748547
271.0,18.805537324369244
271.1,18.785930727070415
271.2,18.76633003091505
271.3,18.746735227974103
271.4,18.727146310326443
271.5,18.70756327005888
271.6,18.68798609926612
271.7,18.668414790050782
271.8,18.64884933452335
271.9,18.629289724802184
272.0,18.60973595301348
272.1,18.590188011291293
272.2,18.57064589177749
272.3,18.551109586621763
272.4,18.531579087981594
272.5,18.512054388022243
272.6,18.492535478916757
272.7,18.473022352845923
272.8,18.45351500199828
272.9,18.434013418570093
273.0,18.41451759476534
273.1,18.39502752279571
273.2,18.37554319488057
273.3,18.35606460324697
273.4,18.336591740129617
273.5,18.317124597770867
273.6,18.297663168420705
273.7,18.27820744433675
273.8,18.258757417784214
273.9,18.23931308103591
274.0,18.21987442637223
274.1,18.20044144608113
274.2,18.181014132458124
274.3,18.16159247780627
274.4,18.142176474436145
274.5,18.122766114665843
274.6,18.103361390820957
274.7,18.083962295234574
274.8,18.064568820247246
274.9,18.045180958206988
275.0,18.02579870146926
275.1,18.006422042396963
275.2,17.987050973360414
275.3,17.96768548673734
275.4,17.948325574912875
275.5,17.92897123027951
275.6,17.909622445237122
275.7,17.890279212192937
275.8,17.870941523561527
275.9,17.8516093717648
276.0,17.832282749231965
276.1,17.812961648399547
276.2,17.79364606171136
276.3,17.774335981618503
276.4,17.75503140057932
276.5,17.73573231105943
276.6,17.716438705531672
276.7,17.69715057647613
276.8,17.677867916380077
276.9,17.658590717738026
277.0,17.63931897305164
277.1,17.62005267482978
277.2,17.600791815588458
277.3,17.58153638785084
277.4,17.562286384147228
277.5,17.543041797015057
277.6,17.523802618998864
277.7,17.504568842650293
277.8,17.48534046052807
277.9,17.466117465198007
278.0,17.44689984923296
278.1,17.42768760521285
278.2,17.40848072572462
278.3,17.389279203362253
278.4,17.370083030726725
278.5,17.35089220042603
278.6,17.331706705075145
278.7,17.312526537296026
278.8,17.293351689717575
278.9,17.274182154975655
279.0,17.25501792571307
279.1,17.235858994579544
279.2,17.216705354231706
279.3,17.1975569973331
279.4,17.17841391655415
279.5,17.159276104572164
279.6,17.14014355407131
279.7,17.121016257742614
279.8,17.101894208283923
279.9,17.08277739839993
280.0,17.063665820802132
280.1,17.04455946820884
280.2,17.02545833334515
280.3,17.006362408942934
280.4,16.987271687740837
280.5,16.96818616248426
280.6,16.94910582592534
280.7,16.93003067082295
280.8,16.91096068994268
280.9,16.891895876056836
281.0,16.872836221944407
281.1,16.853781720391062
281.2,16.834732364189158
281.3,16.81568814613771
281.4,16.796649059042355
281.5,16.777615095715397
281.6,16.75858624897574
281.7,16.739562511648916
281.8,16.72054387656705
281.9,16.70153033656886
282.0,16.682521884499646
282.1,16.663518513211265
282.2,16.64452021556212
282.3,16.62552698441717
282.4,16.606538812647894
282.5,16.5875556931323
282.6,16.568577618754883
282.7,16.549604582406662
282.8,16.530636576985113
282.9,16.511673595394203
283.0,16.49271563054435
283.1,16.473762675352415
283.2,16.45481472274171
283.3,16.435871765641963
283.4,16.416933796989326
283.5,16.398000809726348
283.6,16.379072796801964
283.7,16.36014975117149
283.8,16.34123166579663
283.9,16.32231853364542
284.0,16.303410347692253
284.1,16.284507100917857
284.2,16.265608786309283
284.3,16.24671539685989
284.4,16.227826925569346
284.5,16.2089433654436
284.6,16.190064709494877
284.7,16.17119095074168
284.8,16.15232208220875
284.9,16.1334580969271
285.0,16.114598987933945
285.1,16.095744748272743
285.2,16.076895370993153
285.3,16.05805084915104
285.4,16.039211175808457
285.5,16.020376344033625
285.6,16.001546346900938
285.7,15.98272117749095
285.8,15.963900828890354
285.9,15.945085294191983
286.0,15.926274566494774
286.1,15.907468638903792
286.2,15.888667504530199
286.3,15.869871156491245
286.4,15.851079587910252
286.5,15.832292791916622
286.6,15.813510761645807
286.7,15.794733490239299
286.8,15.775960970844634
286.9,15.757193196615367
287.0,15.738430160711063
287.1,15.719671856297293
287.2,15.700918276545623
287.3,15.682169414633595
287.4,15.66342526374472
287.5,15.644685817068469
287.6,15.625951067800266
287.7,15.607221009141455
287.8,15.588495634299331
287.9,15.569774936487093
288.0,15.551058908923846
288.1,15.532347544834593
288.2,15.513640837450211
288.3,15.49493878000746
288.4,15.476241365748962
288.5,15.457548587923187
288.6,15.438860439784449
288.7,15.420176914592902
288.8,15.401498005614503
288.9,15.382823706121037
289.0,15.364154009390074
289.1,15.345488908704978
289.2,15.326828397354893
289.3,15.308172468634732
289.4,15.289521115845165
289.5,15.270874332292614
289.6,15.252232111289223
289.7,15.233594446152877
289.8,15.214961330207167
289.9,15.196332756781393
290.0,15.17770871921056
290.1,15.15908921083535
290.2,15.140474225002112
290.3,15.121863755062874
290.4,15.103257794375311
290.5,15.084656336302736
290.6,15.066059374214104
290.7,15.047466901483986
290.8,15.02887891149258
290.9,15.010295397625672
291.0,14.99171635327465
291.1,14.973141771836472
291.2,15.941650957145875
291.3,16.915534254853036
291.4,17.401672443757843
291.5,18.379843812622735
291.6,18.874914501952684
291.7,19.37299742761054
291.8,19.87409866374608
291.9,20.378231876285124
292.0,20.885411353095563
292.1,21.395651394778206
292.2,21.908966313834938
292.3,22.425370433824334
292.4,22.944878088504677
292.5,23.46750362096432
292.6,23.993261382739302
292.7,24.520107837624433
292.8,25.047795755112833
292.9,25.57632202380473
293.0,26.105683506065827
293.1,26.635877038057682
293.2,27.16689942976963
293.3,27.698747465052296
293.4,28.231417901652726
293.5,28.76481567623436
293.6,29.298507597517805
293.7,29.832489268013344
293.8,30.141778551930173
293.9,30.451729458920724
294.0,30.762341867583803
294.1,31.073615646408605
294.2,31.385550653734654
294.3,31.698146737711888
294.4,32.011403736261016
294.5,32.32532147703395
294.6,32.63989977737456
294.7,32.95513844427946
294.8,33.27103727435917
294.9,33.587596053799324
295.0,33.9048145583222
295.1,34.222692553148335
295.2,34.5412297929585
295.3,34.860426021855695
295.4,35.18028097332759
295.5,35.50079437020897
295.6,35.473928581704904
295.7,35.44707805999869
295.8,35.420242784866886
295.9,35.39342273611722
296.0,35.36661789358847
296.1,35.3398282371505
296.2,35.31305374670414
296.3,35.28629440218111
296.4,35.259550183543986
296.5,35.23282107078612
296.6,35.206107043931596
296.7,35.17940808303514
296.8,35.152724168182104
296.9,35.12605527948835
297.0,35.0994013971002
297.1,35.07276250119443
297.2,35.04613857197811
297.3,35.019529589688645
297.4,34.99293553459363
297.5,34.966356386990846
297.6,34.939792127208136
297.7,34.91324273560345
297.8,34.88670819256465
297.9,34.86018847850955
298.0,34.833683573885835
298.1,34.80719345917097
298.2,34.780718114872165
298.3,34.7542575215263
298.4,34.72781165969986
298.5,34.70138050998892
298.6,34.674964053019046
298.7,34.64856226944522
298.8,34.622175139951814
298.9,34.595802645252526
299.0,34.56944476609031
299.1,34.54310148323731
299.2,34.51677277749483
299.3,34.490458629693244
299.4,34.464159020691966
299.5,34.43787393137935
299.6,34.411603342672684
299.7,34.3853472355181
299.8,34.3591055908905
299.9,34.33287838979356
300.0,34.30666561325959
300.1,34.28046724234954
300.2,34.25428325815292
300.3,34.22811364178772
300.4,34.20195837440041
300.5,34.17581743716584
300.6,34.14969081128717
300.7,34.123578477995856
300.8,34.09748041855157
300.9,34.071396614242126
301.0,34.04532704638346
301.1,34.01927169631956
301.2,33.99323054542239
301.3,33.967203575091865
301.4,33.94119076675577
301.5,33.91519210186973
301.6,33.889207561917104
301.7,33.86323712840901
301.8,33.837280782884186
301.9,33.81133850690898
302.0,33.785410282077315
302.1,33.759496090010565
302.2,33.733595912357565
302.3,33.70770973079453
302.4,33.68183752702501
302.5,33.65597928277981
302.6,33.63013497981696
302.7,33.60430459992164
302.8,33.578488124906194
302.9,33.55268553660994
303.0,33.52689681689929
303.1,33.50112194766752
303.2,33.47536091083486
303.3,33.44961368834834
303.4,33.423880262181825
303.5,33.398160614335865
303.6,33.37245472683772
303.7,33.346762581741274
303.8,33.32108416112698
303.9,33.295419447101814
304.0,33.26976842179924
304.1,33.244131067379115
304.2,33.218507366027666
304.3,33.192897299957444
304.4,33.167300851407255
304.5,33.14171800264212
304.6,33.11614873595321
304.7,33.09059303365778
304.8,33.065050878099186
304.9,33.03952225164673
305.0,33.01400713669571
305.1,32.9885055156673
305.2,32.96301737100852
305.3,32.9375426851922
305.4,32.91208144071691
305.5,32.8866336201069
305.6,32.86119920591208
305.7,32.83577818070795
305.8,32.81037052709554
305.9,32.7849762277014
306.0,32.759595265177495
306.1,32.73422762220119
306.2,32.70887328147519
306.3,32.68353222572751
306.4,32.65820443771137
306.5,32.632889900205214
306.6,32.60758859601261
306.7,32.58230050796224
306.8,32.5570256189078
306.9,32.53176391172801
307.0,32.50651536932649
307.1,32.48127997463183
307.2,32.4560577105974
307.3,32.43084856020138
307.4,32.40565250644674
307.5,32.38046953236111
307.6,32.35529962099678
307.7,32.33014275543066
307.8,32.3049989187642
307.9,32.27986809412335
308.0,32.25475026465856
308.1,32.229645413544645
308.2,32.20455352398081
308.3,32.17947457919057
308.4,32.15440856242171
308.5,32.12935545694622
308.6,32.104315246060295
308.7,32.07928791308424
308.8,32.05427344136241
308.9,32.02927181426326
309.0,32.004283015179176
309.1,31.979307027526485
309.2,31.954343834745426
309.3,31.929393420300077
309.4,31.9044557676783
309.5,31.879530860391736
309.6,31.854618681975705
309.7,31.829719215989215
309.8,31.804832446014856
309.9,31.779958355658803
310.0,31.75509692855074
310.1,31.730248148343854
310.2,31.705411998714727
310.3,31.680588463363346
310.4,31.655777526013036
310.5,31.630979170410413
310.6,31.606193380325337
310.7,31.581420139550872
310.8,31.556659431903242
310.9,31.53191124122177
311.0,31.507175551368885
311.1,31.482452346229987
311.2,31.45774160971349
311.3,31.433043325750745
311.4,31.40835747829597
311.5,31.383684051326238
311.6,31.35902302884142
311.7,31.33437439486415
311.8,31.309738133439772
311.9,31.285114228636292
312.0,31.260502664544365
312.1,31.23590342527718
312.2,31.211316494970504
312.3,31.186741857782575
312.4,31.162179497894098
312.5,31.137629399508164
312.6,31.11309154685025
312.7,31.08856592416813
312.8,31.064052515731873
312.9,31.03955130583378
313.0,31.01506227878834
313.1,30.99058541893217
313.2,30.966120710624033
313.3,30.94166813824471
313.4,30.91722768619704
313.5,30.89279933890583
313.6,30.86838308081781
313.7,30.843978896401605
313.8,30.819586770147694
313.9,30.795206686568374
314.0,30.77083863019769
314.1,30.74648258559143
314.2,30.72213853732706
314.3,30.69780647000368
314.4,30.67348636824201
314.5,30.64917821668431
314.6,30.62488199999435
314.7,30.600597702857396
314.8,30.57632530998014
314.9,30.552064806090662
315.0,30.527816175938398
315.1,30.503579404294086
315.2,30.47935447594977
315.3,30.45514137571868
315.4,30.430940088435257
315.5,30.40675059895508
315.6,30.382572892154855
315.7,30.358406952932327
315.8,30.334252766206298
315.9,30.310110316916543
316.0,30.28597959002377
316.1,30.261860570509608
316.2,30.23775324337656
316.3,30.213657593647937
316.4,30.189573606367848
316.5,30.165501266601154
316.6,30.141440559433406
316.7,30.117391469970837
316.8,30.09335398334031
316.9,30.06932808468927
317.0,30.04531375918571
317.1,30.021310992018144
317.2,29.997319768395545
317.3,29.973340073547327
317.4,29.949371892723295
317.5,29.925415211193613
317.6,29.901470014248748
317.7,29.87753628719946
317.8,29.853614015376742
317.9,29.82970318413178
318.0,29.805803778835926
318.1,29.781915784880663
318.2,29.758039187677547
318.3,29.734173972658187
318.4,29.7103201252742
318.5,29.686477630997178
318.6,29.662646475318642
318.7,29.638826643750004
318.8,29.61501812182254
318.9,29.591220895087343
319.0,29.567434949115274
319.1,29.54366026949697
319.2,29.519896841842737
319.3,29.496144651782586
319.4,29.472403684966135
319.5,29.448673927062615
319.6,29.4249553637608
319.7,29.401247980769003
319.8,29.377551763814996
319.9,29.353866698646016
320.0,29.33019277102871
320.1,29.306529966749086
320.2,29.2828782716125
320.3,29.2592376714436
320.4,29.235608152086318
320.5,29.211989699403784
320.6,29.188382299278345
320.7,29.164785937611477
320.8,29.141200600323806
320.9,29.117626273355015
321.0,29.094062942663832
321.1,29.07051059422803
321.2,29.04696921404434
321.3,29.0234387881284
321.4,28.999919302514776
321.5,28.976410743256913
321.6,28.952913096427082
321.7,28.929426348116355
321.8,28.905950484434538
321.9,28.882485491510188
322.0,28.85903135549055
322.1,28.835588062541515
322.2,28.812155598847607
322.3,28.78873395061192
322.4,28.76532310405612
322.5,28.74192304542037
322.6,28.718533760963332
322.7,28.695155236962087
322.8,28.671787459712153
322.9,28.64843041552741
323.0,28.6250840907401
323.1,28.601748471700734
323.2,28.578423544778136
323.3,28.55510929635936
323.4,28.531805712849646
323.5,28.50851278067243
323.6,28.48523048626927
323.7,28.461958816099834
323.8,28.438697756641858
323.9,28.415447294391107
324.0,28.39220741586136
324.1,28.368978107584347
324.2,28.345759356109753
324.3,28.322551148005136
324.4,28.299353469855944
324.5,28.276166308265452
324.6,28.25298964985474
324.7,28.22982348126265
324.8,28.206667789145754
324.9,28.183522560178343
325.0,28.160387781052336
325.1,28.137263438477333
325.2,28.114149519180515
325.3,28.09104600990663
325.4,28.06795289741797
325.5,28.044870168494327
325.6,28.021797809932952
325.7,27.998735808548556
325.8,27.975684151173233
325.9,27.952642824656472
326.0,27.929611815865087
326.1,27.906591111683213
326.2,27.88358069901226
326.3,27.860580564770867
326.4,27.837590695894907
326.5,27.814611079337418
326.6,27.791641702068592
326.7,27.768682551075738
326.8,27.745733613363235
326.9,27.722794875952548
327.0,27.69986632588213
327.1,27.676947950207442
327.2,27.65403973600089
327.3,27.631141670351823
327.4,27.608253740366475
327.5,27.58537593316794
327.6,27.562508235896157
327.7,27.539650635707854
327.8,27.516803119776533
327.9,27.493965675292436
328.0,27.471138289462505
328.1,27.44832094951038
328.2,27.425513642676325
328.3,27.402716356217233
328.4,27.379929077406572
328.5,27.357151793534367
328.6,27.33438449190717
328.7,27.31162715984802
328.8,27.288879784696412
328.9,27.2661423538083
329.0,27.243414854556004
329.1,27.22069727432824
329.2,27.19798960053005
329.3,27.175291820582796
329.4,27.15260392192411
329.5,27.129925892007893
329.6,27.10725771830424
329.7,27.084599388299452
329.8,27.061950889495986
329.9,27.039312209412437
330.0,27.016683335583487
330.1,26.994064255559913
330.2,26.971454956908506
330.3,26.94885542721208
330.4,26.926265654069436
330.5,26.903685625095324
330.6,26.881115327920412
330.7,26.858554750191267
330.8,26.836003879570324
330.9,26.81346270373584
331.0,26.79093121038191
331.1,26.76840938721837
331.2,26.745897221970825
331.3,26.7233947023806
331.4,26.700901816204695
331.5,26.67841855121579
331.6,26.655944895202175
331.7,26.633480835967777
331.8,26.61102636133207
331.9,26.58858145913008
332.0,26.566146117212355
332.1,26.543720323444948
332.2,26.52130406570935
332.3,26.498897331902505
332.4,26.47650010993673
332.5,26.45411238773975
332.6,26.431734153254634
332.7,26.409365394439757
332.8,26.387006099268795
332.9,26.364656255730686
333.0,26.3423158518296
333.1,26.319984875584918
333.2,26.297663315031215
333.3,26.275351158218193
333.4,26.253048393210697
333.5,26.230755008088657
333.6,26.208470990947088
333.7,26.18619632989603
333.8,26.16393101306055
333.9,26.14167502858069
334.0,26.119428364611462
334.1,26.097191009322795
334.2,26.074962950899554
334.3,26.05274417754144
334.4,26.030534677463038
334.5,26.008334438893733
334.6,25.986143450077723
334.7,25.963961699273966
334.8,25.94178917475617
334.9,25.919625864812744
335.0,25.897471757746793
335.1,25.875326841876092
335.2,25.853191105533035
335.3,25.831064537064634
335.4,25.80894712483248
335.5,25.78683885721272
335.6,25.76473972259603
335.7,25.742649709387585
335.8,25.720568806007037
335.9,25.69849700088849
336.0,25.676434282480464
336.1,25.65438063924588
336.2,25.63233605966203
336.3,25.610300532220545
336.4,25.58827404542738
336.5,25.566256587802776
336.6,25.544248147881248
336.7,25.522248714211553
336.8,25.500258275356636
336.9,25.478276819893665
337.0,25.456304336413954
337.1,25.43434081352295
337.2,25.41238623984022
337.3,25.39044060399942
337.4,25.368503894648242
337.5,25.346576100448445
337.6,25.32465721007577
337.7,25.302747212219955
337.8,25.280846095584696
337.9,25.258953848887618
338.0,25.237070460860252
338.1,25.215195920248025
338.2,25.193330215810196
338.3,25.171473336319877
338.4,25.149625270563973
338.5,25.12778600734318
338.6,25.105955535471956
338.7,25.084133843778474
338.8,25.062320921104632
338.9,25.040516756305998
339.0,25.018721338251794
339.1,24.996934655824894
339.2,24.975156697921754
339.3,24.953387453452443
339.4,24.93162691134056
339.5,24.909875060523266
339.6,24.888131889951204
339.7,24.866397388588524
339.8,24.844671545412826
339.9,24.822954349415156
340.0,24.801245789599957
340.1,24.77954585498507
340.2,24.75785453460171
340.3,24.73617181749441
340.4,24.71449769272104
340.5,24.692832149352746
340.6,24.671175176473948
340.7,24.64952676318231
340.8,24.627886898588713
340.9,24.60625557181725
341.0,24.584632772005158
341.1,24.56301848830284
341.2,24.54141270987383
341.3,24.519815425894738
341.4,24.498226625555283
341.5,24.47664629805822
341.6,24.45507443261933
341.7,24.433511018467414
341.8,24.411956044844242
341.9,24.39040950100456
342.0,24.36887137621605
342.1,24.34734165975929
342.2,24.325820340927766
342.3,24.30430740902781
342.4,24.282802853378634
342.5,24.26130666331223
342.6,24.239818828173412
342.7,24.21833933731977
342.8,24.196868180121626
342.9,24.175405345962062
343.0,24.153950824236837
343.1,24.13250460435439
343.2,24.111066675735852
343.3,24.089637027814963
343.4,24.068215650038088
343.5,24.046802531864188
343.6,24.025397662764792
343.7,24.004001032223975
343.8,23.982612629738323
343.9,23.961232444816947
344.0,23.939860466981415
344.1,23.918496685765774
344.2,23.897141090716495
344.3,23.875793671392444
344.4,23.854454417364916
344.5,23.833123318217535
344.6,23.8118003635463
344.7,23.79048554295952
344.8,23.7691788460778
344.9,23.747880262534043
345.0,23.726589781973384
345.1,23.70530739405322
345.2,23.684033088443147
345.3,23.662766854824948
345.4,23.64150868289259
345.5,23.620258562352173
345.6,23.59901648292194
345.7,23.57778243433222
345.8,23.556556406325434
345.9,23.535338388656076
346.0,23.51412837109066
346.1,23.492926343407728
346.2,23.47173229539782
346.3,23.45054621686344
346.4,23.42936809761906
346.5,23.408197927491088
346.6,23.38703569631782
346.7,23.365881393949454
346.8,23.34473501024807
346.9,23.32359653508757
347.0,23.302465958353707
347.1,23.281343269944028
347.2,23.260228459767855
347.3,23.239121517746288
347.4,23.218022433812155
347.5,23.196931197910015
347.6,23.175847799996124
347.7,23.15477223003841
347.8,23.13370447801648
347.9,23.11264453392156
348.0,23.091592387756492
348.1,23.070548029535725
348.2,23.049511449285273
348.3,23.02848263704271
348.4,23.007461582857147
348.5,22.986448276789197
348.6,22.965442708910977
348.7,22.944444869306075
348.8,22.92345474806953
348.9,22.902472335307806
349.0,22.881497621138788
349.1,22.860530595691742
349.2,22.839571249107316
349.3,22.8186195715375
349.4,22.797675553145606
349.5,22.776739184106276
349.6,22.75581045460543
349.7,22.734889354840263
349.8,22.71397587501921
349.9,22.693070005361935
350.0,22.672171736099333
350.1,22.651281057473458
350.2,22.630397959737568
350.3,22.60952243315603
350.4,22.588654468004382
350.5,22.567794054569237
350.6,22.546941183148327
350.7,22.526095844050438
350.8,22.505258027595406
350.9,22.484427724114113
351.0,22.46360492394843
351.1,22.44278961745125
351.2,22.4219817949864
351.3,22.401181446928703
351.4,22.38038856366389
351.5,22.359603135588603
351.6,22.33882515311039
351.7,22.318054606647667
351.8,22.29729148662972
351.9,22.27653578349666
352.0,22.255787487699408
352.1,22.235046589699706
352.2,22.214313079970058
352.3,22.19358694899373
352.4,22.172868187264733
352.5,22.1521567852878
352.6,22.13145273357836
352.7,22.110756022662546
352.8,22.090066643077126
352.9,22.06938458536953
353.0,22.04870984009782
353.1,22.02804239783066
353.2,22.0073822491473
353.3,21.98672938463757
353.4,21.96608379490185
353.5,21.945445470551043
353.6,21.92481440220658
353.7,21.90419058050037
353.8,21.883573996074823
353.9,21.862964639582792
354.0,21.84236250168757
354.1,21.82176757306288
354.2,21.80117984439285
354.3,21.780599306371972
354.4,21.76002594970513
354.5,21.73945976510754
354.6,21.718900743304758
354.7,21.698348875032636
354.8,21.67780415103734
354.9,21.657266562075296
355.0,21.63673609891319
355.1,21.616212752327947
355.2,21.595696513106716
355.3,21.57518737204685
355.4,21.554685319955873
355.5,21.534190347651485
355.6,21.513702445961528
355.7,21.493221605723996
355.8,21.47274781778696
355.9,21.452281073008614
356.0,21.43182136225722
356.1,21.411368676411097
356.2,21.39092300635861
356.3,21.37048434299813
356.4,21.350052677238057
356.5,21.329627999996767
356.6,21.3092103022026
356.7,21.288799574793867
356.8,21.268395808718797
356.9,21.24799899493554
357.0,21.227609124412147
357.1,21.207226188126562
357.2,21.186850177066578
357.3,21.16648108222984
357.4,21.146118894623825
357.5,21.125763605265824
357.6,21.105415205182922
357.7,21.085073685411984
357.8,21.064739036999626
357.9,21.044411251002217
358.0,21.02409031848585
358.1,21.003776230526334
358.2,20.98346897820915
358.3,20.963168552629476
358.4,20.942874944892136
358.5,20.9225881461116
358.6,20.90230814741195
358.7,20.882034939926893
358.8,20.861768514799707
358.9,20.84150886318325
359.0,20.821255976239947
359.1,20.801009845141746
359.2,20.780770461070123
359.3,20.760537815216065
359.4,20.740311898780035
359.5,20.720092702971986
359.6,20.699880219011302
359.7,20.679674438126828
359.8,20.659475351556818
359.9,20.639282950548935
360.0,20.61909722636022
360.1,20.598918170257107
360.2,20.57874577351537
360.3,20.558580027420117
360.4,20.5384209232658
360.5,20.51826845235615
360.6,20.498122606004213
360.7,20.47798337553229
360.8,20.457850752271952
360.9,20.437724727563996
361.0,20.417605292758452
361.1,20.397492439214552
361.2,20.377386158300734
361.3,20.357286441394596
361.4,20.3371932798829
361.5,20.317106665161546
361.6,20.297026588635575
361.7,20.276953041719132
361.8,20.25688601583545
361.9,20.236825502416846
362.0,20.2167714929047
362.1,20.19672397874944
362.2,20.176682951410516
362.3,20.156648402356403
362.4,20.136620323064577
362.5,20.116598705021485
362.6,20.09658353972255
362.7,20.076574818672142
362.8,20.056572533383573
362.9,20.03657667537907
363.0,20.016587236189768
363.1,19.996604207355684
363.2,19.976627580425706
363.3,19.95665734695759
363.4,19.936693498517933
363.5,19.91673602668214
363.6,19.89678492303445
363.7,19.876840179167885
363.8,19.856901786684244
363.9,19.83696973719409
364.0,19.81704402231674
364.1,19.79712463368025
364.2,19.777211562921376
364.3,19.757304801685592
364.4,19.737404341627048
364.5,19.717510174408574
364.6,19.697622291701645
364.7,19.677740685186386
364.8,19.657865346551553
364.9,19.63799626749449
365.0,19.618133439721177
365.1,19.598276854946132
365.2,19.57842650489246
365.3,19.558582381291814
365.4,19.53874447588438
365.5,19.51891278041885
365.6,19.499087286652458
365.7,19.479267986350887
365.8,19.45945487128832
365.9,19.43964793324739
366.0,19.419847164019178
366.1,19.40005255540319
366.2,19.380264099207366
366.3,19.36048178724802
366.4,19.34070561134987
366.5,19.320935563345994
366.6,19.30117163507784
366.7,19.281413818395187
366.8,19.26166210515614
366.9,19.241916487227122
367.0,19.222176956482844
367.1,19.202443504806315
367.2,19.1827161240888
367.3,19.16299480622982
367.4,19.14327954313713
367.5,19.12357032672673
367.6,19.103867148922806
367.7,19.084170001657753
367.8,19.06447887687214
367.9,19.044793766514708
368.0,19.025114662542347
368.1,19.005441556920086
368.2,18.98577444162109
368.3,18.9661133086266
368.4,18.94645814992599
368.5,18.9268089575167
368.6,18.907165723404216
368.7,18.887528439602107
368.8,18.867897098131966
368.9,18.848271691023406
369.0,18.828652210314065
369.1,18.809038648049558
369.2,18.78943099628349
369.3,18.76982924707744
369.4,18.750233392500927
369.5,18.730643424631417
369.6,18.711059335554303
369.7,18.691481117362883
369.8,18.67190876215836
369.9,18.65234226204982
370.0,18.632781609154208
370.1,18.613226795596333
370.2,18.593677813508844
370.3,18.574134655032214
370.4,18.55459731231474
370.5,18.535065777512504
370.6,18.51554004278939
370.7,18.496020100317047
370.8,18.476505942274887
370.9,18.456997560850063
371.0,18.437494948237465
371.1,18.417998096639696
371.2,18.398506998267067
371.3,18.379021645337573
371.4,18.359542030076902
371.5,18.34006814471838
371.6,18.320599981503005
371.7,18.30113753267941
371.8,18.281680790503835
371.9,18.262229747240152
372.0,18.24278439515981
372.1,18.223344726541853
372.2,18.203910733672885
372.3,18.18448240884707
372.4,18.16505974436613
372.5,18.145642732539283
372.6,18.126231365683292
372.7,18.10682563612241
372.8,18.087425536188384
372.9,18.068031058220438
373.0,18.048642194565257
373.1,18.029258937576977
373.2,18.00988127961716
373.3,17.990509213054814
373.4,17.971142730266333
373.5,17.95178182363553
373.6,17.932426485553584
373.7,17.91307670841906
373.8,17.893732484637866
373.9,17.874393806623264
374.0,17.855060666795858
374.1,17.835733057583546
374.2,17.816410971421565
374.3,17.797094400752414
374.4,17.777783338025884
374.5,17.758477775699042
374.6,17.7391777062362
374.7,17.719883122108914
374.8,17.700594015795975
374.9,17.681310379783376
375.0,17.66203220656433
375.1,17.64275948863923
375.2,17.62349221851565
375.3,17.604230388708324
375.4,17.58497399173915
375.5,17.565723020137153
375.6,17.546477466438496
375.7,17.527237323186444
375.8,17.508002582931386
375.9,17.488773238230777
376.0,17.46954928164915
376.1,17.450330705758127
376.2,17.43111750313635
376.3,17.411909666369514
376.4,17.392707188050355
376.5,17.373510060778603
376.6,17.354318277160996
376.7,17.335131829811264
376.8,17.315950711350105
376.9,17.296774914405194
377.0,17.277604431611156
377.1,17.258439255609538
377.2,17.239279379048845
377.3,17.22012479458448
377.4,17.20097549487874
377.5,17.181831472600834
377.6,17.162692720426836
377.7,17.14355923103968
377.8,17.124430997129178
377.9,17.10530801139195
378.0,17.08619026653148
378.1,17.06707775525805
378.2,17.047970470288757
378.3,17.028868404347477
378.4,17.00977155016488
378.5,16.9906799004784
378.6,16.97159344803223
378.7,16.952512185577316
378.8,16.933436105871323
378.9,16.91436520167864
379.0,16.895299465770375
379.1,16.87623889092431
379.2,16.85718346992495
379.3,16.83813319556345
379.4,16.819088060637622
379.5,16.80004805795194
379.6,16.78101318031751
379.7,16.761983420552063
379.8,16.742958771479945
379.9,16.723939225932106
380.0,16.704924776746093
380.1,16.685915416766026
380.2,16.666911138842583
380.3,16.647911935833008
380.4,16.628917800601094
380.5,16.609928726017152
380.6,16.590944704958016
380.7,16.571965730307046
380.8,16.552991794954075
380.9,16.53402289179544
381.0,16.515059013733946
381.1,16.49610015367886
381.2,16.477146304545897
381.3,16.458197459257217
381.4,16.439253610741407
381.5,16.420314751933457
381.6,16.401380875774784
381.7,16.382451975213186
381.8,16.363528043202844
381.9,16.344609072704312
382.0,16.3256950566845
382.1,16.306785988116673
382.2,16.287881859980423
382.3,16.268982665261674
382.4,16.25008839695266
382.5,16.23119904805192
382.6,16.21231461156428
382.7,16.193435080500862
382.8,16.17456044787903
382.9,16.155690706722424
383.0,16.136825850060927
383.1,16.11796587093066
383.2,16.099110762373957
383.3,16.080260517439374
383.4,16.061415129181675
383.5,16.042574590661797
383.6,16.02373889494687
383.7,16.00490803511019
383.8,15.986082004231204
383.9,15.967260795395509
384.0,15.948444401694838
384.1,15.929632816227052
384.2,15.91082603209612
384.3,15.892024042412107
384.4,15.873226840291181
384.5,15.854434418855586
384.6,15.835646771233636
384.7,15.816863890559693
384.8,15.798085769974186
384.9,15.779312402623571
385.0,15.760543781660322
385.1,15.741779900242939
385.2,15.72302075153592
385.3,15.70426632870976
385.4,15.685516624940933
385.5,15.666771633411884
385.6,15.648031347311022
385.7,15.629295759832708
385.8,15.610564864177238
385.9,15.59183865355084
386.0,15.573117121165657
386.1,15.554400260239742
386.2,15.535688063997037
386.3,15.516980525667385
386.4,15.498277638486492
386.5,15.479579395695932
386.6,15.460885790543133
386.7,15.442196816281372
386.8,15.42351246616975
386.9,15.404832733473196
387.0,15.38615761146245
387.1,15.367487093414052
387.2,15.348821172610334
387.3,15.33015984233941
387.4,15.31150309589516
387.5,15.292850926577229
387.6,15.274203327691007
387.7,15.255560292547628
387.8,15.236921814463946
387.9,15.218287886762532
388.0,15.199658502771678
388.1,15.18103365582536
388.2,15.162413339263246
388.3,15.143797546430688
388.4,15.125186270678688
388.5,15.106579505363916
388.6,15.08797724384868
388.7,15.069379479500926
388.8,15.050786205694234
388.9,15.032197415807785
389.0,15.01361310322637
389.1,14.995033261340383
389.2,14.976457883545788
389.3,15.944987206662097
389.4,16.918880341817466
389.5,17.405038981477514
389.6,18.383220198391527
389.7,18.878311444487593
389.8,19.376415025139085
389.9,19.877536953498872
390.0,20.381690955955552
390.1,20.888891320466897
390.2,21.39915234771798
390.3,21.912488350289195
390.4,22.42891365181183
390.5,22.94844258611095
390.6,23.471089496335704
390.7,23.996868734076866
390.8,24.523720965622598
390.9,25.051414638540034
391.0,25.579946641249517
391.1,26.109313835937105
391.2,26.63951305858488
391.3,27.170541119002948
391.4,27.70239480086295
391.5,28.235070861733167
391.6,28.768470666264196
391.7,29.302164587406523
391.8,29.836148227602312
391.9,30.145445347617834
392.0,30.455404089328322
392.1,30.76602433121315
392.2,31.07730594164152
392.3,31.389248778832503
392.4,31.70185269081515
392.5,32.01511751538877
392.6,32.32904308008346
392.7,32.643629202120735
392.8,32.95887568837446
392.9,33.274782335331935
393.0,33.591348929055094
393.1,33.90857524514206
393.2,34.2264610486888
393.3,34.545006094250994
393.4,34.86421012580619
393.5,35.18407287671609
393.6,35.5045940696891
393.7,35.47772612102854
393.8,35.450873442027685
393.9,35.42403601245867
394.0,35.39721381212481
394.1,35.370406820860524
394.2,35.34361501853129
394.3,35.31683838503352
394.4,35.29007690029459
394.5,35.26333054427273
394.6,35.23659929695693
394.7,35.20988313836695
394.8,35.18318204855318
394.9,35.15649600759664
395.0,35.12982499560887
395.1,35.10316899273193
395.2,35.076527979138255
395.3,35.04990193503066
395.4,35.02329084064225
395.5,34.996694676236345
395.6,34.97011342210647
395.7,34.94354705857624
395.8,34.91699556599932
395.9,34.89045892475937
396.0,34.863937115269984
396.1,34.8374301179746
396.2,34.81093791334649
396.3,34.784460481888665
396.4,34.7579978041338
396.5,34.73154986064422
396.6,34.7051166320118
396.7,34.678698098857936
396.8,34.65229424183346
396.9,34.625905041618594
397.0,34.59953047892291
397.1,34.57317053448521
397.2,34.546825189073516
397.3,34.52049442348503
397.4,34.494178218546004
397.5,34.467876555111744
397.6,34.44158941406653
397.7,34.41531677632356
397.8,34.389058622824884
397.9,34.36281493454135
398.0,34.33658569247254
398.1,34.31037087764675
398.2,34.28417047112089
398.3,34.257984453980406
398.4,34.2318128073393
398.5,34.205655512339995
398.6,34.17951255015332
398.7,34.153383901978465
398.8,34.12726954904287
398.9,34.101169472602216
399.0,34.07508365394036
399.1,34.04901207436925
399.2,34.02295471522893
399.3,33.996911557887394
399.4,33.97088258374062
399.5,33.94486777421245
399.6,33.91886711075457
399.7,33.89288057484643
399.8,33.86690814799523
399.9,33.8409498117358
400.0,33.81500554763059
400.1,33.78907533726963
400.2,33.763159162270405
400.3,33.737257004277886
400.4,33.711368844964404
400.5,33.68549466602965
400.6,33.65963444920058
400.7,33.63378817623139
400.8,33.607955828903435
400.9,33.58213738902517
401.0,33.55633283843216
401.1,33.53054215898696
401.2,33.50476533257907
401.3,33.4790023411249
401.4,33.453253166567684
401.5,33.4275177908775
401.6,33.40179619605114
401.7,33.376088364112086
401.8,33.35039427711045
401.9,33.324713917122956
402.0,33.299047266252806
402.1,33.27339430662973
402.2,33.24775502040988
402.3,33.22212938977573
402.4,33.19651739693613
402.5,33.170919024126164
402.6,33.14533425360715
402.7,33.11976306766656
402.8,33.094205448617984
402.9,33.06866137880107
403.0,33.043130840581476
403.1,33.01761381635081
403.2,32.9921102885266
403.3,32.966620239552206
403.4,32.94114365189682
403.5,32.91568050805537
403.6,32.89023079054848
403.7,32.864794481922445
403.8,32.839371564749136
403.9,32.813962021626
404.0,32.78856583517594
404.1,32.76318298804736
404.2,32.73781346291405
404.3,32.712457242475104
404.4,32.68711430945497
404.5,32.66178464660332
404.6,32.63646823669504
404.7,32.61116506253011
404.8,32.585875106933706
404.9,32.56059835275596
405.0,32.53533478287208
405.1,32.510084380182164
405.2,32.48484712761125
405.3,32.45962300810924
405.4,32.43441200465081
405.5,32.40921410023541
405.6,32.38402927788718
405.7,32.35885752065494
405.8,32.33369881161212
405.9,32.3085531338567
406.0,32.28342047051118
406.1,32.25830080472254
406.2,32.233194119662144
406.3,32.20810039852577
406.4,32.18301962453348
406.5,32.157951780929636
406.6,32.132896850982824
406.7,32.10785481798581
406.8,32.08282566525547
406.9,32.0578093761328
407.0,32.03280593398283
407.1,32.00781532219455
407.2,31.982837524180944
407.3,31.957872523378853
407.4,31.932920303248977
407.5,31.907980847275844
407.6,31.883054138967715
407.7,31.85814016185657
407.8,31.833238899498063
407.9,31.80835033547146
408.0,31.783474453379608
408.1,31.758611236848875
408.2,31.7337606695291
408.3,31.708922735093584
408.4,31.684097417239002
408.5,31.65928469968539
408.6,31.634484566176063
408.7,31.609697000477592
408.8,31.584921986379776
408.9,31.560159507695563
409.0,31.535409548261022
409.1,31.510672091935298
409.2,31.48594712260056
409.3,31.46123462416197
409.4,31.436534580547626
409.5,31.411846975708535
409.6,31.38717179361853
409.7,31.362509018274263
409.8,31.337858633695145
409.9,31.31322062392332
410.0,31.288594973023596
410.1,31.263981665083417
410.2,31.239380684212794
410.3,31.214792014544305
410.4,31.190215640233014
410.5,31.165651545456456
410.6,31.141099714414562
410.7,31.11656013132964
410.8,31.092032780446306
410.9,31.067517646031497
411.0,31.04301471237436
411.1,31.018523963786254
411.2,30.994045384600685
411.3,30.96957895917326
411.4,30.945124671881665
411.5,30.92068250712562
411.6,30.896252449326834
411.7,30.871834482928914
411.8,30.847428592397424
411.9,30.82303476221974
412.0,30.798652976905085
412.1,30.774283220984426
412.2,30.749925479010486
412.3,30.725579735557655
412.4,30.701245975221997
412.5,30.676924182621157
412.6,30.652614342394354
412.7,30.62831643920233
412.8,30.604030457727305
412.9,30.57975638267295
413.0,30.55549419876433
413.1,30.531243890747845
413.2,30.507005443391257
413.3,30.48277884148357
413.4,30.45856406983503
413.5,30.43436111327708
413.6,30.410169956662326
413.7,30.385990584864473
413.8,30.361822982778307
413.9,30.33766713531964
414.0,30.313523027425276
414.1,30.289390644052997
414.2,30.265269970181457
414.3,30.241160990810204
414.4,30.217063690959623
414.5,30.192978055670878
414.6,30.1689040700059
414.7,30.14484171904732
414.8,30.120790987898452
414.9,30.09675186168324
415.0,30.07272432554621
415.1,30.048708364652477
415.2,30.024703964187626
415.3,30.000711109357763
415.4,29.976729785389416
415.5,29.9527599775295
415.6,29.928801671045296
415.7,29.904854851224414
415.8,29.880919503374738
415.9,29.856995612824413
416.0,29.83308316492177
416.1,29.80918214503531
416.2,29.785292538553673
416.3,29.761414330885575
416.4,29.7375475074598
416.5,29.713692053725136
416.6,29.68984795515035
416.7,29.666015197224134
416.8,29.642193765455108
416.9,29.61838364537174
417.0,29.594584822522318
417.1,29.57079728247492
417.2,29.547021010817375
417.3,29.52325599315723
417.4,29.499502215121698
417.5,29.47575966235763
417.6,29.452028320531483
417.7,29.42830817532927
417.8,29.404599212456542
417.9,29.380901417638334
418.0,29.35721477661912
418.1,29.333539275162813
418.2,29.309874899052687
418.3,29.28622163409137
418.4,29.26257946610077
418.5,29.238948380922093
418.6,29.21532836441577
418.7,29.191719402461413
418.8,29.168121480957826
418.9,29.144534585822914
419.0,29.120958702993665
419.1,29.09739381842613
419.2,29.07383991809537
419.3,29.050296987995438
419.4,29.02676501413931
419.5,29.003243982558903
419.6,28.979733879304966
419.7,28.956234690447115
419.8,28.93274640207375
419.9,28.909269000292053
420.0,28.88580247122793
420.1,28.862346801025975
420.2,28.83890197584946
420.3,28.815467981880268
420.4,28.79204480531887
420.5,28.76863243238431
420.6,28.745230849314137
420.7,28.721840042364388
420.8,28.69845999780956
420.9,28.675090701942562
421.0,28.651732141074678
421.1,28.628384301535533
421.2,28.605047169673096
421.3,28.58172073185359
421.4,28.55840497446148
421.5,28.535099883899456
421.6,28.511805446588365
421.7,28.488521648967225
421.8,28.465248477493134
421.9,28.441985918641265
422.0,28.418733958904856
422.1,28.39549258479513
422.2,28.37226178284128
422.3,28.34904153959046
422.4,28.3258318416077
422.5,28.302632675475927
422.6,28.27944402779589
422.7,28.25626588518616
422.8,28.233098234283066
422.9,28.209941061740672
423.0,28.186794354230766
423.1,28.163658098442784
423.2,28.140532281083825
423.3,28.117416888878584
423.4,28.094311908569324
423.5,28.071217326915868
423.6,28.04813313069552
423.7,28.02505930670308
423.8,28.00199584175079
423.9,27.978942722668283
424.0,27.955899936302593
424.1,27.932867469518083
424.2,27.909845309196445
424.3,27.88683344223665
424.4,27.863831855554903
424.5,27.84084053608463
424.6,27.817859470776458
424.7,27.79488864659815
424.8,27.771928050534598
424.9,27.74897766958778
425.0,27.726037490776726
425.1,27.703107501137502
425.2,27.680187687723162
425.3,27.65727803760373
425.4,27.634378537866148
425.5,27.61148917561426
425.6,27.58860993796879
425.7,27.5657408120673
425.8,27.542881785064136
425.9,27.52003284413043
426.0,27.49719397645407
426.1,27.474365169239633
426.2,27.451546409708392
426.3,27.42873768509827
426.4,27.405938982663816
426.5,27.38315028967615
426.6,27.360371593422943
426.7,27.337602881208444
426.8,27.31484414035334
426.9,27.292095358194818
427.0,27.269356522086483
427.1,27.24662761939836
427.2,27.223908637516846
427.3,27.201199563844675
427.4,27.178500385800906
427.5,27.155811090820873
427.6,27.133131666356167
427.7,27.1104620998746
427.8,27.087802378860196
427.9,27.06515249081313
428.0,27.042512423249697
428.1,27.019882163702324
428.2,26.99726169971951
428.3,26.974651018865767
428.4,26.952050108721664
428.5,26.929458956883746
428.6,26.906877550964495
428.7,26.884305878592343
428.8,26.86174392741161
428.9,26.839191685082486
429.0,26.816649139280997
429.1,26.79411627769899
429.2,26.771593088044085
429.3,26.749079558039657
429.4,26.726575675424805
429.5,26.70408142795432
429.6,26.681596803398666
429.7,26.65912178954393
429.8,26.636656374191826
429.9,26.614200545159626
430.0,26.59175429028018
430.1,26.569317597401824
430.2,26.54689045438842
430.3,26.5244728491193
430.4,26.502064769489195
430.5,26.47966620340827
430.6,26.457277138802073
430.7,26.43489756361149
430.8,26.412527465792742
430.9,26.390166833317352
431.0,26.36781565417209
431.1,26.345473916358976
431.2,26.32314160789525
431.3,26.300818716813332
431.4,26.278505231160793
431.5,26.256201139000332
431.6,26.233906428409757
431.7,26.21162108748194
431.8,26.189345104324804
431.9,26.167078467061295
432.0,26.144821163829334
432.1,26.122573182781824
432.2,26.100334512086597
432.3,26.07810513992639
432.4,26.05588505449882
432.5,26.03367424401636
432.6,26.011472696706306
432.7,25.989280400810767
432.8,25.967097344586612
432.9,25.94492351630546
433.0,25.922758904253648
433.1,25.900603496732213
433.2,25.878457282056843
433.3,25.856320248557886
433.4,25.83419238458027
433.5,25.81207367848354
433.6,25.789964118641777
433.7,25.76786369344361
433.8,25.745772391292164
433.9,25.72369020060504
434.0,25.701617109814308
434.1,25.679553107366452
434.2,25.657498181722346
434.3,25.635452321357267
434.4,25.61341551476081
434.5,25.591387750436915
434.6,25.569369016903803
434.7,25.54735930269397
434.8,25.52535859635415
434.9,25.503366886445303
435.0,25.481384161542575
435.1,25.459410410235286
435.2,25.43744562112689
435.3,25.415489782834957
435.4,25.39354288399114
435.5,25.37160491324117
435.6,25.349675859244797
435.7,25.327755710675806
435.8,25.305844456221944
435.9,25.28394208458494
436.0,25.26204858448045
436.1,25.240163944638038
436.2,25.21828815380116
436.3,25.196421200727144
436.4,25.17456307418713
436.5,25.152713762966076
436.6,25.130873255862742
436.7,25.10904154168962
436.8,25.087218609272963
436.9,25.06540444745271
437.0,25.043599045082512
437.1,25.021802391029674
437.2,25.000014474175114
437.3,24.978235283413394
437.4,24.95646480765264
437.5,24.934703035814554
437.6,24.912949956834375
437.7,24.89120555966084
437.8,24.86946983325619
437.9,24.84774276659613
438.0,24.826024348669797
438.1,24.80431456847975
438.2,24.78261341504194
438.3,24.760920877385686
438.4,24.73923694455364
438.5,24.717561605601787
438.6,24.695894849599405
438.7,24.674236665629035
438.8,24.652587042786465
438.9,24.630945970180715
439.0,24.609313436934
439.1,24.58768943218171
439.2,24.566073945072386
439.3,24.5444669647677
439.4,24.522868480442433
439.5,24.501278481284437
439.6,24.479696956494617
439.7,24.45812389528694
439.8,24.43655928688835
439.9,24.415003120538792
440.0,24.39345538549118
440.1,24.371916071011352
440.2,24.35038516637808
440.3,24.328862660883015
440.4,24.307348543830695
440.5,24.285842804538486
440.6,24.26434543233659
440.7,24.24285641656801
440.8,24.221375746588524
440.9,24.19990341176666
441.0,24.17843940148369
441.1,24.156983705133577
441.2,24.135536312122994
441.3,24.114097211871265
441.4,24.092666393810337
441.5,24.071243847384814
441.6,24.049829562051865
441.7,24.02842352728124
441.8,24.007025732555253
441.9,23.985636167368714
442.0,23.964254821228955
442.1,23.942881683655802
442.2,23.921516744181524
442.3,23.900159992350847
442.4,23.87881141772089
442.5,23.85747100986118
442.6,23.836138758353613
442.7,23.814814652792425
442.8,23.79349868278419
442.9,23.77219083794779
443.0,23.750891107914363
443.1,23.729599482327348
443.2,23.708315950842383
443.3,23.687040503127346
443.4,23.665773128862305
443.5,23.644513817739504
443.6,23.62326255946333
443.7,23.602019343750307
443.8,23.58078416032906
443.9,23.559556998940305
444.0,23.53833784933682
444.1,23.517126701283427
444.2,23.49592354455697
444.3,23.474728368946288
444.4,23.453541164252208
444.5,23.4323619202875
444.6,23.411190626876884
444.7,23.390027273856976
444.8,23.36887185107631
444.9,23.347724348395264
445.0,23.326584755686085
445.1,23.305453062832846
445.2,23.284329259731425
445.3,23.263213336289482
445.4,23.242105282426447
445.5,23.22100508807351
445.6,23.199912743173556
445.7,23.178828237681195
445.8,23.15775156156271
445.9,23.13668270479605
446.0,23.1156216573708
446.1,23.09456840928816
446.2,23.073522950560953
446.3,23.05248527121354
446.4,23.031455361281875
446.5,23.01043321081343
446.6,22.989418809867203
446.7,22.96841214851368
446.8,22.94741321683483
446.9,22.926422004924063
447.0,22.905438502886252
447.1,22.884462700837645
447.2,22.863494588905912
447.3,22.842534157230094
447.4,22.821581395960568
447.5,22.800636295259068
447.6,22.77969884529862
447.7,22.75876903626355
447.8,22.737846858349453
447.9,22.71693230176319
448.0,22.696025356722842
448.1,22.675126013457703
448.2,22.65423426220826
448.3,22.63335009322617
448.4,22.612473496774264
448.5,22.591604463126473
448.6,22.570742982567868
448.7,22.54988904539459
448.8,22.52904264191387
448.9,22.508203762443983
449.0,22.48737239731425
449.1,22.466548536865005
449.2,22.445732171447553
449.3,22.424923291424204
449.4,22.40412188716821
449.5,22.383327949063762
449.6,22.36254146750597
449.7,22.34176243290084
449.8,22.32099083566525
449.9,22.30022666622695
450.0,22.27946991502452
450.1,22.25872057250736
450.2,22.237978629135675
450.3,22.21724407538045
450.4,22.19651690172343
450.5,22.175797098657114
450.6,22.155084656684718
450.7,22.13437956632016
450.8,22.11368181808805
450.9,22.092991402523666
451.0,22.07230831017294
451.1,22.051632531592407
451.2,22.030964057349255
451.3,22.01030287802123
451.4,21.98964898419667
451.5,21.969002366474452
451.6,21.948363015464007
451.7,21.92773092178527
451.8,21.907106076068686
451.9,21.886488468955164
452.0,21.86587809109609
452.1,21.84527493315327
452.2,21.82467898579897
452.3,21.804090239715826
452.4,21.783508685596892
452.5,21.762934314145568
452.6,21.742367116075613
452.7,21.721807082111123
452.8,21.701254202986497
452.9,21.68070846944644
453.0,21.66016987224593
453.1,21.63963840215021
453.2,21.61911404993476
453.3,21.59859680638527
453.4,21.578086662297654
453.5,21.557583608478
453.6,21.537087635742584
453.7,21.5165987349178
453.8,21.49611689684021
453.9,21.475642112356468
454.0,21.455174372323338
454.1,21.434713667607653
454.2,21.414259989086318
454.3,21.393813327646267
454.4,21.373373674184467
454.5,21.352941019607897
454.6,21.332515354833525
454.7,21.312096670788286
454.8,21.29168495840908
454.9,21.271280208642736
455.0,21.25088241244601
455.1,21.23049156078554
455.2,21.21010764463788
455.3,21.189730654989418
455.4,21.169360582836426
455.5,21.14899741918499
455.6,21.128641155051003
455.7,21.10829178146017
455.8,21.087949289447977
455.9,21.067613670059668
456.0,21.047284914350225
456.1,21.026963013384375
456.2,21.00664795823655
456.3,20.98633973999086
456.4,20.96603834974112
456.5,20.945743778590785
456.6,20.925456017652966
456.7,20.905175058050386
456.8,20.88490089091539
456.9,20.864633507389907
457.0,20.84437289862545
457.1,20.82411905578308
457.2,20.803871970033402
457.3,20.78363163255655
457.4,20.763398034542167
457.5,20.74317116718937
457.6,20.722951021706773
457.7,20.70273758931243
457.8,20.682530861233857
457.9,20.662330828707965
458.0,20.642137482981088
458.1,20.621950815308956
458.2,20.601770816956666
458.3,20.58159747919867
458.4,20.561430793318774
458.5,20.541270750610085
458.6,20.52111734237505
458.7,20.500970559925374
458.8,20.480830394582068
458.9,20.46069683767538
459.0,20.44056988054481
459.1,20.42044951453909
459.2,20.40033573101615
459.3,20.380228521343117
459.4,20.3601278768963
459.5,20.34003378906117
459.6,20.319946249232334
459.7,20.299865248813543
459.8,20.27979077921765
459.9,20.259722831866604
460.0,20.239661398191444
460.1,20.219606469632268
460.2,20.199558037638226
460.3,20.17951609366749
460.4,20.159480629187275
460.5,20.139451635673762
460.6,20.119429104612145
460.7,20.09941302749658
460.8,20.07940339583017
460.9,20.059400201124962
461.0,20.039403434901924
461.1,20.01941308869093
461.2,19.99942915403074
461.3,19.979451622469
461.4,19.959480485562203
461.5,19.939515734875698
461.6,19.919557361983653
461.7,19.899605358469056
461.8,19.87965971592368
461.9,19.859720425948083
462.0,19.839787480151603
462.1,19.81986087015232
462.2,19.799940587577044
462.3,19.780026624061303
462.4,19.76011897124935
462.5,19.7402176207941
462.6,19.720322564357154
462.7,19.700433793608777
462.8,19.680551300227872
462.9,19.660675075901963
463.0,19.640805112327197
463.1,19.620941401208317
463.2,19.601083934258643
463.3,19.581232703200065
463.4,19.561387699763035
463.5,19.541548915686523
463.6,19.52171634271803
463.7,19.501889972613565
463.8,19.482069797137637
463.9,19.46225580806322
464.0,19.44244799717175
464.1,19.42264635625313
464.2,19.402850877105664
464.3,19.38306155153609
464.4,19.363278371359556
464.5,19.34350132839958
464.6,19.32373041448807
464.7,19.303965621465288
464.8,19.28420694117983
464.9,19.26445436548863
465.0,19.24470788625693
465.1,19.224967495358282
465.2,19.205233184674512
465.3,19.18550494609572
465.4,19.16578277152027
465.5,19.146066652854742
465.6,19.126356582013976
465.7,19.106652550921005
465.8,19.08695455150706
465.9,19.06726257571155
466.0,19.047576615482072
466.1,19.02789666277436
466.2,19.00822270955229
466.3,18.988554747787877
466.4,18.968892769461238
466.5,18.949236766560574
466.6,18.92958673108219
466.7,18.90994265503045
466.8,18.89030453041777
466.9,18.870672349264606
467.0,18.85104610359945
467.1,18.83142578545879
467.2,18.811811386887133
467.3,18.792202899936946
467.4,18.772600316668683
467.5,18.753003629150733
467.6,18.73341282945945
467.7,18.713827909679104
467.8,18.694248861901883
467.9,18.67467567822786
468.0,18.65510835076501
468.1,18.635546871629163
468.2,18.615991232944026
468.3,18.596441426841146
468.4,18.57689744545988
468.5,18.557359280947423
468.6,18.537826925458763
468.7,18.518300371156673
468.8,18.49877961021171
468.9,18.479264634802185
469.0,18.45975543711416
469.1,18.440252009341435
469.2,18.420754343685516
469.3,18.40126243235563
469.4,18.381776267568682
469.5,18.362295841549276
469.6,18.342821146529662
469.7,18.323352174749754
469.8,18.30388891845709
469.9,18.284431369906862
470.0,18.264979521361838
470.1,18.24553336509242
470.2,18.226092893376563
470.3,18.20665809849981
470.4,18.187228972755257
470.5,18.167805508443546
470.6,18.148387697872856
470.7,18.128975533358872
470.8,18.109569007224795
470.9,18.09016811180131
471.0,18.07077283942659
471.1,18.051383182446248
471.2,18.03199913321338
471.3,18.012620684088496
471.4,17.993247827439554
471.5,17.97388055564191
471.6,17.954518861078316
471.7,17.935162736138917
471.8,17.915812173221234
471.9,17.896467164730144
472.0,17.87712770307787
472.1,17.857793780683963
472.2,17.83846538997531
472.3,17.819142523386095
472.4,17.799825173357803
472.5,17.78051333233919
472.6,17.7612069927863
472.7,17.74190614716241
472.8,17.722610787938066
472.9,17.703320907591017
473.0,17.68403649860626
473.1,17.664757553475983
473.2,17.64548406469956
473.3,17.62621602478354
473.4,17.60695342624167
473.5,17.587696261594818
473.6,17.56844452337101
473.7,17.54919820410539
473.8,17.529957296340235
473.9,17.51072179262491
474.0,17.491491685515882
474.1,17.472266967576697
474.2,17.45304763137795
474.3,17.433833669497307
474.4,17.414625074519467
474.5,17.39542183903616
474.6,17.37622395564614
474.7,17.357031416955145
474.8,17.33784421557592
474.9,17.31866234412818
475.0,17.29948579523862
475.1,17.280314561540873
475.2,17.26114863567552
475.3,17.241988010290083
475.4,17.222832678038966
475.5,17.20368263158352
475.6,17.184537863591963
475.7,17.165398366739407
475.8,17.146264133707813
475.9,17.127135157186014
476.0,17.108011429869688
476.1,17.088892944461332
476.2,17.069779693670274
476.3,17.050671670212637
476.4,17.03156886681135
476.5,17.012471276196123
476.6,16.99337889110344
476.7,16.97429170427653
476.8,16.955209708465382
476.9,16.936132896426717
477.0,16.91706126092397
477.1,16.897994794727303
477.2,16.87893349061357
477.3,16.85987734136631
477.4,16.84082633977573
477.5,16.821780478638725
477.6,16.802739750758807
477.7,16.783704148946153
477.8,16.764673666017558
477.9,16.745648294796435
478.0,16.726628028112803
478.1,16.707612858803273
478.2,16.688602779711026
478.3,16.66959778368583
478.4,16.650597863583997
478.5,16.63160301226839
478.6,16.6126132226084
478.7,16.593628487479947
478.8,16.574648799765463
478.9,16.55567415235387
479.0,16.536704538140587
479.1,16.5177399500275
479.2,16.49878038092296
479.3,16.479825823741777
479.4,16.460876271405198
479.5,16.441931716840898
479.6,16.42299215298298
479.7,16.404057572771936
479.8,16.385127969154667
479.9,16.366203335084446
480.0,16.347283663520944
480.1,16.328368947430157
480.2,16.309459179784458
480.3,16.290554353562545
480.4,16.27165446174945
480.5,16.252759497336502
480.6,16.233869453321365
480.7,16.214984322707974
480.8,16.196104098506556
480.9,16.1772287737336
481.0,16.15835834141185
481.1,16.13949279457032
481.2,16.120632126244235
481.3,16.10177632947507
481.4,16.082925397310486
481.5,16.06407932280437
481.6,16.045238099016792
481.7,16.026401719014004
481.8,16.007570175868434
481.9,15.988743462658656
482.0,15.969921572469401
482.1,15.95110449839154
482.2,15.932292233522057
482.3,15.913484770964066
482.4,15.894682103826772
482.5,15.875884225225478
482.6,15.85709112828157
482.7,15.838302806122508
482.8,15.819519251881797
482.9,15.800740458699007
483.0,15.78196641971974
483.1,15.763197128095625
483.2,15.744432576984309
483.3,15.725672759549441
483.4,15.70691766896067
483.5,15.688167298393628
483.6,15.669421641029912
483.7,15.650680690057088
483.8,15.631944438668683
483.9,15.613212880064147
484.0,15.594486007448875
484.1,15.57576381403417
484.2,15.557046293037253
484.3,15.538333437681235
484.4,15.519625241195122
484.5,15.500921696813789
484.6,15.48222279777799
484.7,15.463528537334321
484.8,15.444838908735228
484.9,15.426153905239
485.0,15.407473520109734
485.1,15.388797746617355
485.2,15.37012657803758
485.3,15.351460007651925
485.4,15.332798028747678
485.5,15.314140634617921
485.6,15.295487818561474
485.7,15.276839573882912
485.8,15.25819589389256
485.9,15.239556771906464
486.0,15.220922201246395
486.1,15.20229217523983
486.2,15.183666687219947
486.3,15.165045730525605
486.4,15.146429298501351
486.5,15.12781738449739
486.6,15.10920998186959
486.7,15.09060708397947
486.8,15.072008684194179
486.9,15.053414775886495
487.0,15.034825352434803
487.1,15.016240407223115
487.2,14.997659933641017
487.3,14.9790839250837
487.4,15.947629195281335
487.5,16.921530120622723
487.6,17.40770495518527
487.7,18.385893970677145
487.8,18.881001495622257
487.9,19.37912143290715
488.0,19.880259747381
488.1,20.384430213313067
488.2,20.891647118732283
488.3,21.40192476439042
488.4,21.915277462930014
488.5,22.431719538039886
488.6,22.95126532359797
488.7,23.473929162801532
488.8,23.99972540728465
488.9,24.526582213238775
489.0,25.05428044375055
489.1,25.582816987097882
489.2,26.11218870532453
489.3,26.64239243427049
489.4,27.17342498360393
489.5,27.705283136854735
489.6,28.237963651449643
489.7,28.771365063351894
489.8,29.305060568036417
489.9,29.83904576789145
490.0,30.148349093183214
490.1,30.45831403907718
490.2,30.768940483958048
490.3,31.08022829610003
490.4,31.39217733362685
490.5,31.70478744447178
490.6,32.018058466338
490.7,32.33199022665911
490.8,32.64658254255979
490.9,32.96183522081669
491.0,33.27774805781948
491.1,33.59432083953216
491.2,33.911553341454535
491.3,34.22944532858391
491.4,34.547996555376926
491.5,34.86720676571175
491.6,35.187075692850364
491.7,35.5076030594011
491.8,35.48073339994421
491.9,35.4538790124136
492.0,35.42703987657792
492.1,35.400215972237
492.2,35.37340727922177
492.3,35.34661377739423
492.4,35.31983544664735
492.5,35.293072266905035
492.6,35.26632421812206
492.7,35.23959128028398
492.8,35.212873433407104
492.9,35.18617065753841
493.0,35.15948293275547
493.1,35.132810239166446
493.2,35.10615255690995
493.3,35.07950986615503
493.4,35.052882147101116
493.5,35.0262693799779
493.6,34.99967154504533
493.7,34.973088622593565
493.8,34.94652059294285
493.9,34.91996743644349
494.0,34.8934291334758
494.1,34.866905664449995
494.2,34.840397009806196
494.3,34.813903150014326
494.4,34.787424065574065
494.5,34.76095973701478
494.6,34.73451014489548
494.7,34.708075269804745
494.8,34.681655092360664
494.9,34.65524959321077
495.0,34.628858753032006
495.1,34.60248255253064
495.2,34.576120972442226
495.3,34.54977399353151
495.4,34.52344159659242
495.5,34.49712376244799
495.6,34.47082047195024
495.7,34.44453170598023
495.8,34.41825744544791
495.9,34.3919976712921
496.0,34.36575236448046
496.1,34.33952150600933
496.2,34.3133050769038
496.3,34.28710305821757
496.4,34.2609154310329
496.5,34.2347421764606
496.6,34.20858327563992
496.7,34.18243870973851
496.8,34.156308459952385
496.9,34.13019250750582
497.0,34.10409083365135
497.1,34.07800341966967
497.2,34.05193024686959
497.3,34.02587129658799
497.4,33.999826550189766
497.5,33.97379598906776
497.6,33.94777959464268
497.7,33.921777348363115
497.8,33.89578923170541
497.9,33.86981522617364
498.0,33.843855313299564
498.1,33.81790947464255
498.2,33.79197769178952
498.3,33.76605994635491
498.4,33.740156219980605
498.5,33.71426649433589
498.6,33.688390751117375
498.7,33.662528972048975
498.8,33.63668113888183
498.9,33.61084723339427
499.0,33.58502723739172
499.1,33.5592211327067
499.2,33.53342890119875
499.3,33.50765052475435
499.4,33.481885985286894
499.5,33.45613526473665
499.6,33.43039834507068
499.7,33.40467520828277
499.8,33.37896583639343
499.9,33.35327021144979
500.0,33.32758831552559
500.1,33.30192013072109
500.2,33.27626563916305
500.3,33.25062482300463
500.4,33.22499766442539
500.5,33.19938414563123
500.6,33.1737842488543
500.7,33.14819795635297
500.8,33.122625250411815
500.9,33.09706611334147
501.0,33.071520527478675
501.1,33.0459884751862
501.2,33.020469938852735
501.3,32.994964900892896
501.4,32.96947334374719
501.5,32.943995249881894
501.6,32.918530601789044
501.7,32.893079381986425
501.8,32.86764157301742
501.9,32.842217157451074
502.0,32.81680611788195
502.1,32.791408436930126
502.2,32.766024097241136
502.3,32.740653081485924
502.4,32.71529537236077
502.5,32.68995095258728
502.6,32.664619804912306
502.7,32.639301912107896
502.8,32.61399725697125
502.9,32.58870582232471
503.0,32.56342759101564
503.1,32.53816254591641
503.2,32.51291066992435
503.3,32.48767194596172
503.4,32.46244635697562
503.5,32.437233885937964
503.6,32.41203451584541
503.7,32.38684822971937
503.8,32.36167501060589
503.9,32.33651484157565
504.0,32.31136770572386
504.1,32.286233586170304
504.2,32.26111246605922
504.3,32.23600432855925
504.4,32.210909156863416
504.5,32.18582693418908
504.6,32.1607576437779
504.7,32.13570126889573
504.8,32.11065779283264
504.9,32.08562719890281
505.0,32.06060947044455
505.1,32.03560459082016
505.2,32.010612543415995
505.3,31.985633311642324
505.4,31.960666878933345
505.5,31.935713228747083
505.6,31.910772344565384
505.7,31.885844209893865
505.8,31.860928808261846
505.9,31.83602612322234
506.0,31.811136138351973
506.1,31.786258837250955
506.2,31.761394203543016
506.3,31.73654222087538
506.4,31.711702872918714
506.5,31.686876143367098
506.6,31.662062015937927
506.7,31.63726047437192
506.8,31.612471502433053
506.9,31.587695083908514
507.0,31.562931202608677
507.1,31.538179842367015
507.2,31.513440987040095
507.3,31.488714620507515
507.4,31.46400072667187
507.5,31.43929928945869
507.6,31.4146102928164
507.7,31.389933720716297
507.8,31.365269557152473
507.9,31.340617786141802
508.0,31.31597839172388
508.1,31.291351357960988
508.2,31.266736668938012
508.3,31.242134308762477
508.4,31.21754426156441
508.5,31.19296651149637
508.6,31.168401042733365
508.7,31.14384783947283
508.8,31.119306885934567
508.9,31.09477816636072
509.0,31.070261665015693
509.1,31.04575736618616
509.2,31.021265254181
509.3,30.99678531333124
509.4,30.972317527990022
509.5,30.94786188253255
509.6,30.923418361356088
509.7,30.898986948879873
509.8,30.874567629545087
509.9,30.85016038781482
510.0,30.82576520817401
510.1,30.801382075129425
510.2,30.77701097320963
510.3,30.752651886964895
510.4,30.72830480096718
510.5,30.70396969981014
510.6,30.679646568108996
510.7,30.655335390500557
510.8,30.631036151643155
510.9,30.606748836216607
511.0,30.58247342892218
511.1,30.558209914482553
511.2,30.53395827764175
511.3,30.50971850316513
511.4,30.48549057583932
511.5,30.461274480472188
511.6,30.437070201892816
511.7,30.412877724951425
511.8,30.38869703451937
511.9,30.364528115489083
512.0,30.34037095277402
512.1,30.316225531308657
512.2,30.292091836048396
512.3,30.26796985196957
512.4,30.243859564069407
512.5,30.219760957365942
512.6,30.195674016898018
512.7,30.17159872772523
512.8,30.14753507492791
512.9,30.123483043607052
513.0,30.099442618884293
513.1,30.07541378590187
513.2,30.051396529822572
513.3,30.02739083582972
513.4,30.003396689127108
513.5,29.979414074938973
513.6,29.95544297850996
513.7,29.93148338510507
513.8,29.907535280009647
513.9,29.883598648529297
514.0,29.859673475989897
514.1,29.835759747737526
514.2,29.811857449138426
514.3,29.787966565578976
514.4,29.76408708246567
514.5,29.74021898522502
514.6,29.716362259303594
514.7,29.69251689016791
514.8,29.66868286330445
514.9,29.644860164219594
515.0,29.621048778439583
515.1,29.597248691510497
515.2,29.5734598889982
515.3,29.54968235648832
515.4,29.525916079586167
515.5,29.50216104391679
515.6,29.47841723512483
515.7,29.45468463887454
515.8,29.43096324084976
515.9,29.407253026753857
516.0,29.383553982309675
516.1,29.35986609325952
516.2,29.336189345365117
516.3,29.312523724407583
516.4,29.288869216187386
516.5,29.265225806524274
516.6,29.24159348125731
516.7,29.21797222624475
516.8,29.194362027364086
516.9,29.170762870511954
517.0,29.14717474160411
517.1,29.123597626575442
517.2,29.100031511379843
517.3,29.076476381990272
517.4,29.05293222439863
517.5,29.029399024615795
517.6,29.005876768671552
517.7,28.98236544261454
517.8,28.958865032512282
517.9,28.935375524451075
518.0,28.911896904535986
518.1,28.888429158890833
518.2,28.86497227365812
518.3,28.84152623499903
518.4,28.81809102909336
518.5,28.794666642139514
518.6,28.77125306035445
518.7,28.747850269973657
518.8,28.724458257251086
518.9,28.701077008459187
519.0,28.677706509888793
519.1,28.65434674784914
519.2,28.630997708667806
519.3,28.607659378690695
519.4,28.584331744281993
519.5,28.561014791824135
519.6,28.53770850771776
519.7,28.514412878381695
519.8,28.49112789025291
519.9,28.46785352978649
520.0,28.444589783455594
520.1,28.421336637751423
520.2,28.398094079183196
520.3,28.3748620942781
520.4,28.351640669581275
520.5,28.328429791655754
520.6,28.305229447082457
520.7,28.282039622460143
520.8,28.258860304405385
520.9,28.235691479552525
521.0,28.212533134553645
521.1,28.189385256078552
521.2,28.166247830814715
521.3,28.143120845467255
521.4,28.120004286758892
521.5,28.096898141429925
521.6,28.073802396238207
521.7,28.050717037959096
521.8,28.027642053385435
521.9,28.0045774293275
522.0,27.98152315261301
522.1,27.95847921008702
522.2,27.93544558861197
522.3,27.912422275067613
522.4,27.889409256350977
522.5,27.866406519376355
522.6,27.84341405107524
522.7,27.820431838396324
522.8,27.797459868305463
522.9,27.774498127785634
523.0,27.751546603836893
523.1,27.72860528347639
523.2,27.705674153738258
523.3,27.68275320167366
523.4,27.65984241435072
523.5,27.636941778854492
523.6,27.614051282286933
523.7,27.591170911766863
523.8,27.568300654429965
523.9,27.545440497428707
524.0,27.522590427932357
524.1,27.499750433126916
524.2,27.476920500215105
524.3,27.454100616416312
524.4,27.43129076896662
524.5,27.408490945118686
524.6,27.385701132141808
524.7,27.3629213173218
524.8,27.34015148796104
524.9,27.31739163137839
525.0,27.29464173490918
525.1,27.271901785905193
525.2,27.249171771734602
525.3,27.22645167978198
525.4,27.203741497448238
525.5,27.181041212150596
525.6,27.158350811322585
525.7,27.13567028241397
525.8,27.112999612890743
525.9,27.09033879023512
526.0,27.06768780194546
526.1,27.045046635536277
526.2,27.022415278538176
526.3,26.999793718497852
526.4,26.977181942978042
526.5,26.95457993955751
526.6,26.931987695831015
526.7,26.909405199409264
