v  -0.0229751940039 -0.00985598602278 11.6494392113
v  0.0229751940039 0.00985598602278 11.6494392113
v  -0.434170360739 0.901176804023 11.6658224361
v  -0.388597859984 0.921747345458 11.6658224361
f -1 -2 -4 -3
v  -0.843389706333 1.81496401674 11.6822054763
v  -0.797049110699 1.83374031021 11.6822056607
v  -1.29568636624 2.69114823432 11.6985888445
v  -1.25851025819 2.72458379908 11.6985888862
f -1 -2 -4 -3
v  -1.96852112072 3.43773068684 11.7149721253
v  -1.92455875415 3.46154896398 11.7149721108
v  -2.29857490542 4.38663529963 11.7313553258
v  -2.25166364504 4.40393656113 11.7313553354
f -1 -2 -4 -3
v  -2.7035338619 5.29238091802 11.7477384152
v  -2.66413566614 5.32316698907 11.7477385647
v  -3.47231564106 5.93229697212 11.7641214078
v  -3.432459738 5.96248814617 11.7641217717
f -1 -2 -4 -3
v  -3.89514181539 6.8370938662 11.7805048819
v  -3.85525006964 6.86723766525 11.7805050114
v  -4.57815756228 7.56943311489 11.7968891314
v  -4.53808993723 7.5993427358 11.7968882508
f -1 -2 -4 -3
v  -5.00355943053 8.47900732388 11.813271465
v  -4.95797458247 8.49955048886 11.8132714593
v  -5.42407116302 9.37878105698 11.8187194314
v  -5.38406690214 9.40877537496 11.8187194441
f -1 -2 -4 -3
v  -6.10692721633 10.1110163937 11.8241677635
v  -6.06696977479 10.1410730546 11.8241674347
v  -6.53082515331 11.0167050186 11.8296153235
v  -6.4892935187 11.0445460553 11.8296154157
f -1 -2 -4 -3
v  -7.20939311816 11.7492149801 11.8350633884
v  -7.17080117393 11.7810058882 11.8350633979
v  -7.6420378219 12.6524534522 11.8405112789
v  -7.59853526161 12.6771015201 11.8405113848
f -1 -2 -4 -3
v  -8.30956181543 13.3894480283 11.8459593495
v  -8.27216683118 13.4226386167 11.8459593672
v  -8.77410906926 14.2782213927 11.8514073522
v  -8.72771088263 14.2968549183 11.8514073522
f -1 -2 -4 -3
v  -9.17016937647 15.1938094359 11.856855048
v  -9.12721070947 15.219393668 11.8568553405
v  -9.83795193539 15.931340043 11.8623033067
v  -9.80064426095 15.9646287412 11.8623033214
f -1 -2 -4 -3
v  -10.2872141237 16.826660525 11.8677512411
v  -10.2421776438 16.848379537 11.867751306
v  -10.93612814 17.573372045 11.866435649
v  -10.899803014 17.6077302351 11.8664356425
f -1 -2 -4 -3
v  -11.4260886335 18.4470393633 11.8651199793
v  -11.3794889847 18.46516318 11.8651199787
v  -11.8129694708 19.3688029781 11.8638043302
v  -11.7688469247 19.3923232019 11.8638043147
f -1 -2 -4 -3
v  -12.4644224994 20.1153529848 11.862488656
v  -12.4281678854 20.1497855706 11.8624886511
v  -12.956279729 20.9878546304 11.8611729879
v  -12.9096689024 21.0059496808 11.8611729872
f -1 -2 -4 -3
v  -13.3425709795 21.9100175548 11.8598573354
v  -13.2983747511 21.9333990303 11.8598573233
v  -13.9925968427 22.6574093876 11.8585416646
v  -13.9564074658 22.6919105325 11.8585416596
f -1 -2 -4 -3
v  -14.4865214472 23.5286563109 11.8572259965
v  -14.4399050276 23.5467369476 11.8572259957
v  -14.8722080013 24.4512343659 11.8559103403
v  -14.8279369711 24.4744738985 11.8559103318
f -1 -2 -4 -3
v  -15.5283966079 25.194779533 11.854594675
v  -15.4920658901 25.2291318101 11.8545946682
v  -15.9747796816 26.0885581995 11.8481737071
v  -15.9267362986 26.1024085914 11.8481736844
f -1 -2 -4 -3
v  -16.3158251831 27.0295035774 11.8417527489
v  -16.2700687581 27.0496616916 11.8417527006
v  -16.908266743 27.8134668514 11.8353317368
v  -16.8734904074 27.8493918634 11.8353317175
f -1 -2 -4 -3
v  -17.4750573239 28.6377769584 11.8289107443
v  -17.4286167742 28.6563046495 11.8289107341
v  -17.8495509956 29.5692762043 11.8224896324
v  -17.8034951716 29.5887405582 11.8224897517
f -1 -2 -4 -3
v  -18.4363398186 30.355673998 11.816068787
v  -18.4015813103 30.3916162586 11.816068767
v  -19.0052616391 31.1785453478 11.8096477937
v  -18.9588397439 31.1971197293 11.8096477837
f -1 -2 -4 -3
v  -19.3796231155 32.1101892462 11.8032266884
v  -19.3335339259 32.1295744622 11.8032268012
v  -19.9643628564 32.8979002695 11.7968058358
v  -19.9296126816 32.9338505874 11.7968058166
f -1 -2 -4 -3
v  -20.5353259323 33.719396831 11.7903848431
v  -20.4889235114 33.7380198097 11.7903848332
v  -20.9339594509 34.6372625404 11.7800790561
v  -20.8885287395 34.6581443619 11.7800790505
f -1 -2 -4 -3
v  -21.2760348332 35.5825344971 11.7697732848
v  -21.2282043696 35.5971031877 11.7697732677
v  -21.7755323998 36.4160549501 11.7594674877
v  -21.7408662009 36.4520862512 11.7594674851
f -1 -2 -4 -3
v  -22.3984365829 37.2021057194 11.7491617078
v  -22.3527133874 37.2223390926 11.7491617025
v  -22.7892391351 38.1248584378 11.7388559197
v  -22.743667116 38.1454300463 11.7388559197
f -1 -2 -4 -3
v  -23.1835706486 39.0470431596 11.7285501309
v  -23.1371774904 39.0656892012 11.7285501371
v  -23.7437828724 39.8506334766 11.7182443689
v  -23.709033853 39.8865849111 11.7182443543
f -1 -2 -4 -3
v  -24.3425847998 40.6536442103 11.7079385831
v  -24.2967410979 40.6736030428 11.7079385717
v  -24.6840914356 41.6015232204 11.6976327859
v  -24.6360532147 41.6153915056 11.697632789
f -1 -2 -4 -3
v  -25.1246351328 42.4711706981 11.6873270414
v  -25.0885110797 42.5057402336 11.6873270054
v  -25.7856132833 43.2284025195 11.6647355339
v  -25.7411692337 43.2513094279 11.6647346626
f -1 -2 -4 -3
v  -26.1794498777 44.1511448071 11.6421422909
v  -26.1338764715 44.1717133425 11.6421422909
v  -26.5801733809 45.0701641006 11.6195502645
v  -26.5335170258 45.0881414344 11.6195499309
f -1 -2 -4 -3
v  -27.0914600451 45.9061404404 11.5969575766
v  -27.0560621661 45.9414531883 11.5969575755
v  -27.7292600397 46.6803670466 11.5743649214
v  -27.6841590275 46.7019517332 11.5743652141
f -1 -2 -4 -3
v  -28.1235054062 47.6020221494 11.5517728775
v  -28.078224458 47.623226765 11.5517728601
v  -28.4950451695 48.5351512393 11.5291810687
v  -28.4470135689 48.5490424357 11.5291804982
f -1 -2 -4 -3
v  -28.9077122094 49.4221240845 11.5065883136
v  -28.8704840135 49.4555016433 11.5065881428
v  -29.5823621688 50.1677058546 11.4839957715
v  -29.5388514144 50.1923394548 11.4839957867
f -1 -2 -4 -3
v  -29.9770245227 51.0924841015 11.4614031924
v  -29.9305170831 51.1108432424 11.4614034296
v  -30.4428501876 51.9594824548 11.4280503117
v  -30.405960455 51.9932337159 11.4280502382
f -1 -2 -4 -3
v  -31.1117007527 52.7088908443 11.3946987112
v  -31.0682780876 52.7336793932 11.3946970796
v  -31.5120546707 53.6290450747 11.3613439081
v  -31.4667269422 53.6501495062 11.3613438582
f -1 -2 -4 -3
v  -31.9027113494 54.553308015 11.3279917367
v  -31.8549169518 54.5679945924 11.327990666
v  -32.2682428524 55.470100352 11.294637783
v  -32.2282521555 55.5001127521 11.2946374737
f -1 -2 -4 -3
v  -32.9546539458 56.2012921216 11.2612822895
v  -32.9136909943 56.2299633023 11.2612842461
v  -33.3713763931 57.1150889378 11.227931097
v  -33.3258036131 57.1356588605 11.227931097
f -1 -2 -4 -3
v  -33.7811453756 58.0284479067 11.1945782344
v  -33.7348821905 58.0474141321 11.1945779073
v  -34.2271841621 58.9094077734 11.1612248176
v  -34.1892453416 58.9419753323 11.1612247152
f -1 -2 -4 -3
v  -34.9055310777 59.6496073803 11.1278730937
v  -34.8633793473 59.6765003463 11.1278715522
v  -35.3078356067 60.5712320754 11.0856859762
v  -35.2610880739 60.5889709642 11.0856859725
f -1 -2 -4 -3
v  -35.6441612844 61.5126217633 11.0435005206
v  -35.5977035861 61.531106413 11.0435004186
v  -36.0605827088 62.413770187 11.0013149915
v  -36.0202429044 62.4433116863 11.0013148637
f -1 -2 -4 -3
v  -36.7429354491 63.1456977139 10.959129357
v  -36.7033061993 63.1761857863 10.9591293129
v  -37.1731477355 64.0529799492 10.9169438031
v  -37.1274213405 64.0732060906 10.9169437582
f -1 -2 -4 -3
v  -37.589521892 64.9554586114 10.8747582952
v  -37.5490694661 64.9848457045 10.8747582038
v  -38.2716966641 65.6872835698 10.8325726995
v  -38.2321774418 65.7179141276 10.8325726526
f -1 -2 -4 -3
v  -38.7044402384 66.5944353412 10.7903871031
v  -38.6579490916 66.6128357017 10.7903870982
v  -39.041925796 67.5363711069 10.7482015403
v  -38.9950717962 67.5538268423 10.7482015448
f -1 -2 -4 -3
v  -39.4324213088 68.4530112249 10.7060192799
v  -39.3896072581 68.4788367368 10.7060159518
v  -40.1002778007 69.1907191939 10.6630946318
v  -40.0629952769 69.2240360577 10.6630945221
f -1 -2 -4 -3
v  -40.5670615825 70.0781907165 10.6201730508
v  -40.5206362187 70.0967564267 10.6201730508
v  -40.9746013532 70.9905623461 10.5772515796
v  -40.9290290795 71.0111333905 10.5772515796
f -1 -2 -4 -3
v  -41.3807940165 71.9005146552 10.5343329715
v  -41.3389212468 71.9278399393 10.5343300627
v  -42.0632340284 72.6308394616 10.4914087297
v  -42.0241618238 72.6620382247 10.4914086409
f -1 -2 -4 -3
v  -42.4507029622 73.5561086096 10.4484871947
v  -42.4028020466 73.5704439606 10.4484871682
v  -42.8331757736 74.476223567 10.4055656984
v  -42.7878747253 74.4973852074 10.4055656984
f -1 -2 -4 -3
v  -43.2463088991 75.3872948582 10.3626442275
v  -43.2007358969 75.4078642888 10.3626442275
v  -43.6455799886 76.3023594468 10.3197241517
v  -43.6025570669 76.3278354788 10.3197227397
f -1 -2 -4 -3
v  -44.3126751656 77.0402481896 10.276801406
v  -44.2754252186 77.073601472 10.2768012879
v  -44.7847010561 77.925824654 10.2415735538
v  -44.7379704934 77.9436082 10.241573535
f -1 -2 -4 -3
v  -45.1249051842 78.8672988489 10.2063457144
v  -45.0777877235 78.8840304027 10.2063457838
v  -45.4966543837 79.794325006 10.1711189377
v  -45.4521613568 79.8171366381 10.1711180235
f -1 -2 -4 -3
v  -46.1353418999 80.5490640883 10.1358904192
v  -46.0996761705 80.5841062878 10.135890281
v  -46.6467233013 81.4094490816 10.1006625679
v  -46.6000630404 81.4274162755 10.1006625289
f -1 -2 -4 -3
v  -47.0479098216 82.3250024212 10.0654347777
v  -47.0023368513 82.3455719224 10.0654347777
v  -47.4421732364 83.2440633009 10.0302070973
v  -47.3981224129 83.2677175807 10.0302070255
f -1 -2 -4 -3
v  -48.1023763815 83.9853469041 9.99497944447
v  -48.065785732 84.0194221792 9.99497927658
v  -48.5416381085 84.8831167199 9.95975163672
v  -48.4935937265 84.896963646 9.95975152229
f -1 -2 -4 -3
v  -48.8847614823 85.8230544801 9.92452416177
v  -48.839110943 85.8434512508 9.92452376963
v  -49.4827531511 86.603421205 9.90470141717
v  -49.4479355478 86.6393062229 9.90470135193
f -1 -2 -4 -3
v  -50.0434966418 87.4317786755 9.88487896532
v  -49.9970054602 87.4501789482 9.88487893265
v  -50.438207472 88.3512179396 9.86505651318
v  -50.39263555 88.3717897632 9.86505651318
f -1 -2 -4 -3
v  -50.8549317114 89.2604390863 9.84523410079
v  -50.8093351549 89.2809562506 9.84523409365
v  -51.1858405426 90.2095759305 9.82541154162
v  -51.1383574543 90.2252397844 9.82541167534
f -1 -2 -4 -3
v  -51.7273926532 91.0177577514 9.80558934352
v  -51.6931391403 91.0541816015 9.80558925354
v  -52.3174695576 91.8269002187 9.78576686182
v  -52.271204884 91.8458628128 9.78576683509
f -1 -2 -4 -3
v  -52.7098593754 92.747978052 9.76594441549
v  -52.664284857 92.7685441229 9.76594441549
v  -53.1012530867 93.6711197623 9.74612171322
v  -53.0553164209 93.6908636913 9.74612199858
f -1 -2 -4 -3
v  -53.7019325742 94.4483849755 9.72629972735
v  -53.6674642425 94.4846056066 9.72629957624
v  -54.2291380261 95.2945029923 9.72186370375
v  -54.1814072282 95.3093949678 9.72186368888
f -1 -2 -4 -3
v  -54.5649003737 96.2353803949 9.71742781572
v  -54.5194169908 96.2561472407 9.71742780128
v  -54.9659347998 97.1548005004 9.71299193475
v  -54.9194326463 97.1731730265 9.71299191356
f -1 -2 -4 -3
v  -55.5135233784 97.9666489162 9.70855602938
v  -55.4786924376 98.0025209885 9.70855602615
v  -56.1205094362 98.7632738166 9.70412014223
v  -56.0746112766 98.7831070955 9.70412013864
f -1 -2 -4 -3
v  -56.5155190616 99.6836295718 9.6996842592
v  -56.4702005648 99.7047538197 9.69968425106
v  -56.8892659954 100.613335255 9.69524836597
v  -56.8419584991 100.629521693 9.6952483635
f -1 -2 -4 -3
v  -57.235356665 101.55216283 9.69081247943
v  -57.1888157192 101.570436866 9.6908124759
v  -57.7653146388 102.377057351 9.68637658846
v  -57.7301827912 102.412634778 9.68637658837
f -1 -2 -4 -3
v  -58.3922897495 103.159309402 9.68194093442
v  -58.3468538328 103.180179895 9.68194070319
v  -58.7864129715 104.080662037 9.68798092002
v  -58.7411243263 104.101850209 9.68798092822
f -1 -2 -4 -3
v  -59.152353144 105.016243041 9.69402102764
v  -59.104308323 105.030088443 9.6940211567
v  -59.5799006475 105.893941316 9.70006135105
v  -59.5433002285 105.928006097 9.70006138342
f -1 -2 -4 -3
v  -60.2476920369 106.64553816 9.70610161365
v  -60.2036501924 106.669209153 9.70610161051
v  -60.6435371173 107.567666836 9.71214183788
v  -60.597961944 107.588231456 9.71214183788
f -1 -2 -4 -3
v  -61.0457727313 108.485832338 9.71818196854
v  -60.9991137761 108.503802922 9.71818206586
v  -61.5459996101 109.329261828 9.72422229069
v  -61.510328044 109.364298086 9.72422229271
f -1 -2 -4 -3
v  -62.1922385883 110.097073499 9.73026248537
v  -62.1474598646 110.119319081 9.7302625196
v  -62.5871030702 111.0187528 9.73630274575
v  -62.5418216569 111.039956423 9.73630274751
f -1 -2 -4 -3
v  -62.9632447608 111.949820357 9.74234280705
v  -62.915240442 111.963805541 9.74234297717
v  -63.3639228255 112.844298253 9.75510124708
v  -63.3261175738 112.877020768 9.75510136258
f -1 -2 -4 -3
v  -64.0432338339 113.585436967 9.7678597574
v  -64.0002216196 113.610931073 9.76785974785
v  -64.4451459567 114.505375054 9.78061813437
v  -64.399571149 114.525940484 9.78061813404
f -1 -2 -4 -3
v  -64.8507661656 115.421534268 9.79337631735
v  -64.8041804672 115.439693913 9.79337652111
v  -65.327835859 116.280768419 9.8061348876
v  -65.2914118583 116.315021772 9.80613490699
f -1 -2 -4 -3
v  -65.9906925238 117.035307819 9.8188928037
v  -65.9470060749 117.059628472 9.81889328567
v  -66.3702701913 117.968117336 9.83165173081
v  -66.3225763109 117.983127125 9.83165167953
f -1 -2 -4 -3
v  -66.726845254 118.890682344 9.84440996647
v  -66.6861361106 118.919712771 9.84441006735
v  -67.4127385312 119.620561574 9.85716842469
v  -67.3725019999 119.650243581 9.85716845173
f -1 -2 -4 -3
v  -67.8353345846 120.531631102 9.86992683866
v  -67.7897614268 120.552200188 9.86992683866
v  -68.2459153407 121.444310508 9.88797694737
v  -68.1998041972 121.463643444 9.88797707712
f -1 -2 -4 -3
v  -68.6839276077 122.331055903 9.90602726082
v  -68.6454554165 122.362991627 9.90602731722
v  -69.364913318 123.068129717 9.924076979
v  -69.3233073398 123.09585953 9.92407754616
f -1 -2 -4 -3
v  -69.7735125458 123.98692734 9.94212779213
v  -69.7268547822 124.004901018 9.94212779451
v  -70.1096475543 124.928677314 9.96017800435
v  -70.0630852025 124.946896738 9.9601780336
f -1 -2 -4 -3
v  -70.5193359037 125.833994938 9.97822822534
v  -70.4783549409 125.862640368 9.97822827323
v  -71.2000014015 126.565925838 9.99627848535
v  -71.1609679366 126.597173056 9.99627851097
f -1 -2 -4 -3
v  -71.6375677422 127.469534886 10.0143287388
v  -71.5916327745 127.489282766 10.0143287505
v  -72.0483885315 128.375583845 10.0323789565
v  -72.0072879004 128.404057309 10.0323789899
f -1 -2 -4 -3
v  -72.7286084353 129.107626333 10.050429201
v  -72.6896789309 129.139002975 10.0504292278
v  -73.1675829831 130.010507697 10.0655636508
v  -73.1216138217 130.030175849 10.0655636595
f -1 -2 -4 -3
v  -73.5783156256 130.923051647 10.0806979945
v  -73.5318326356 130.941472603 10.0806980895
v  -73.9004278353 131.86967012 10.095832114
v  -73.8556196325 131.891856263 10.095832526
f -1 -2 -4 -3
v  -74.5532001121 132.613573791 10.1109668221
v  -74.5169053999 132.647964107 10.1109669519
v  -75.0324031442 133.494093415 10.1261013815
v  -74.9858867612 133.512429885 10.126101384
f -1 -2 -4 -3
v  -75.4385601609 134.407096158 10.1412358151
v  -75.3929870194 134.42766528 10.1412358151
v  -75.841008341 135.319777005 10.1563694963
v  -75.7985364619 135.34616146 10.1563702568
f -1 -2 -4 -3
v  -76.5133309999 136.055033137 10.1715046416
v  -76.4755882916 136.087827771 10.1715046769
v  -76.9711820526 136.947633376 10.1866391082
v  -76.9248682649 136.966475697 10.1866391085
f -1 -2 -4 -3
v  -77.3732347954 137.860526727 10.2017729835
v  -77.329646634 137.885023098 10.2017735432
v  -77.959735119 138.666493776 10.2116041108
v  -77.9197370339 138.696496329 10.2116041133
f -1 -2 -4 -3
v  -78.4376388896 139.547936414 10.2214346864
v  -78.3912991547 139.566714831 10.2214346871
v  -78.8417643362 140.46210844 10.2312652608
v  -78.7961910526 140.482677247 10.2312652608
f -1 -2 -4 -3
v  -79.2357936006 141.381369554 10.2410958294
v  -79.1916846875 141.404915335 10.2410958346
v  -79.8874170543 142.12785259 10.2509263715
v  -79.8511452267 142.162267042 10.2509264081
f -1 -2 -4 -3
v  -80.3789440984 143.000564067 10.260756977
v  -80.3323372755 143.018669427 10.2607569821
v  -80.7876423264 143.91304435 10.2705876
v  -80.7417528922 143.932897809 10.2705875559
f -1 -2 -4 -3
v  -81.1089382238 144.864340216 10.2804182165
v  -81.062231526 144.882186347 10.2804181288
v  -81.7029240887 145.641518853 10.2902485977
v  -81.6684211283 145.677706499 10.2902487039
f -1 -2 -4 -3
v  -82.2458584568 146.482201998 10.3000792597
v  -82.1992393177 146.500275622 10.300079277
v  -82.6227821569 147.41131201 10.3020229698
v  -82.5772589373 147.431991383 10.3020229219
f -1 -2 -4 -3
v  -83.2360914939 148.180946238 10.3039665595
v  -83.2010234461 148.216586552 10.3039665678
v  -83.7760483043 149.023011965 10.30591021
v  -83.7294339013 149.0410978 10.3059102132
f -1 -2 -4 -3
v  -84.173242552 149.940864849 10.3078538585
v  -84.1276697466 149.961434715 10.3078538585
v  -84.5706597317 150.859100857 10.3097975111
v  -84.5254973471 150.880556836 10.3097975039
f -1 -2 -4 -3
v  -85.128610112 151.679846566 10.3117411487
v  -85.0892292961 151.710654866 10.3117411493
v  -85.6479537468 152.537491196 10.3136848424
v  -85.6018361872 152.556808823 10.3136847947
f -1 -2 -4 -3
v  -86.0465473621 153.454889634 10.31562844
v  -86.0009741376 153.475458572 10.31562844
v  -86.4376566125 154.378006496 10.3175721173
v  -86.3918534082 154.398058092 10.3175720851
f -1 -2 -4 -3
v  -87.0384131053 155.155541783 10.3195157234
v  -87.0035271834 155.191360388 10.3195157306
v  -87.5923668927 155.988416427 10.309406572
v  -87.5458281652 156.006696111 10.309406555
f -1 -2 -4 -3
v  -87.9737115529 156.915019131 10.2992972852
v  -87.9279517812 156.935169647 10.2992973799
v  -88.5092706543 157.748117579 10.2891882049
v  -88.4699928814 157.779057142 10.2891882036
f -1 -2 -4 -3
v  -89.0527761615 158.591096339 10.2790789361
v  -89.0070455484 158.611312941 10.2790790274
v  -89.4497429614 159.509893645 10.2689698521
v  -89.404170002 159.53046317 10.2689698521
f -1 -2 -4 -3
v  -89.8436379373 160.432260752 10.258860654
v  -89.7972836136 160.451003128 10.2588606766
v  -90.4077278329 161.233308574 10.2487515173
v  -90.3729987336 161.269279252 10.2487515005
f -1 -2 -4 -3
v  -90.9992831201 162.040721929 10.2386423367
v  -90.9531251491 162.059942796 10.2386423249
v  -91.3910172265 162.962319251 10.2285331491
v  -91.3454443452 162.982888949 10.2285331491
f -1 -2 -4 -3
v  -91.7888222079 163.881386307 10.2184238555
v  -91.7429013152 163.901166894 10.2184239737
v  -92.3155989134 164.71943849 10.1938535433
v  -92.2763046371 164.750357091 10.1938535414
f -1 -2 -4 -3
v  -92.8673486219 165.557248975 10.1692830485
v  -92.8218137076 165.577902584 10.1692831091
v  -93.2515371709 166.484999776 10.1447130589
v  -93.2049154868 166.503066834 10.1447126745
f -1 -2 -4 -3
v  -93.7775322259 167.311133378 10.1201422464
v  -93.7424235874 167.346733708 10.1201422456
v  -94.4033670567 168.094217907 10.0955707948
v  -94.3578978538 168.115015782 10.0955718035
f -1 -2 -4 -3
v  -94.7942073593 169.017297971 10.0710013816
v  -94.7486342774 169.037867225 10.0710013816
v  -95.1899212971 169.93886803 10.0464310547
v  -95.1434231209 169.957250619 10.0464309488
f -1 -2 -4 -3
v  -95.7433626183 170.74652298 10.0218606011
v  -95.7090927917 170.782931482 10.0218605168
v  -96.3259165413 171.557662548 9.99729012233
v  -96.2787874123 171.574361207 9.99729008619
f -1 -2 -4 -3
v  -96.6435413892 172.509756571 9.97272014281
v  -96.5968014319 172.527515411 9.97271964882
v  -97.1275416981 173.365321867 9.93516687696
v  -97.0911900276 173.399651971 9.93516682087
f -1 -2 -4 -3
v  -97.7885050306 174.121438853 9.89761534309
v  -97.7444864101 174.145153006 9.89761401244
v  -98.1843857489 175.043561384 9.86006115659
v  -98.1388122594 175.064129735 9.86006115659
f -1 -2 -4 -3
v  -98.5868187065 175.961626746 9.82250892763
v  -98.5401613021 175.979601356 9.82250832047
v  -99.0863858278 176.805507654 9.78495550494
v  -99.0506963973 176.840525715 9.78495549149
f -1 -2 -4 -3
v  -99.7345052191 177.572001684 9.74740302829
v  -99.690036432 177.594860532 9.74740266394
v  -100.10915113 178.505006571 9.70984992192
v  -100.062038981 178.521753076 9.70984982693
f -1 -2 -4 -3
v  -100.448990839 179.445411646 9.67229697392
v  -100.402262408 179.463200792 9.67229699435
v  -100.910738863 180.31595536 9.63474427334
v  -100.873451152 180.349266419 9.63474416064
f -1 -2 -4 -3
v  -101.583978428 181.061373966 9.59719339981
v  -101.54099625 181.086918681 9.59719136906
v  -101.98320208 181.984039245 9.55556347651
v  -101.936798647 182.002659703 9.55556456546
f -1 -2 -4 -3
v  -102.439146405 182.857970976 9.51393791421
v  -102.401774053 182.891187046 9.51393780034
v  -103.113240802 183.602580849 9.47231335474
v  -103.07035484 183.628286767 9.4723110822
f -1 -2 -4 -3
v  -103.515883348 184.522237669 9.43068427441
v  -103.470309767 184.542805817 9.43068427371
v  -103.923554163 185.436647744 9.38905773203
v  -103.877277941 185.455582138 9.3890575096
f -1 -2 -4 -3
v  -104.377199937 186.317689597 9.34743076123
v  -104.336729997 186.347052567 9.3474307458
v  -104.974018861 187.123212358 9.30580490859
v  -104.931394474 187.149349719 9.30580399085
f -1 -2 -4 -3
v  -105.389004322 188.036783055 9.26417558356
v  -105.3431119 188.056629606 9.26417720782
v  -105.818143853 188.930022431 9.22255057323
v  -105.778980985 188.961107311 9.22255045269
f -1 -2 -4 -3
v  -106.500959623 189.664104933 9.18092336822
v  -106.460123119 189.692955928 9.18092368426
v  -106.919075369 190.577215296 9.14251942286
v  -106.873501769 190.597783401 9.14251942286
f -1 -2 -4 -3
v  -107.329087123 191.490380744 9.10411550654
v  -107.282862035 191.509439632 9.10411515637
v  -107.773734608 192.372027937 9.06571100149
v  -107.73606917 192.404911288 9.06571088655
f -1 -2 -4 -3
v  -108.451199944 193.114404118 9.02730944126
v  -108.407715038 193.139083318 9.02730667776
v  -108.785516093 194.062043592 8.98890237198
v  -108.738421849 194.078840384 8.98890235318
f -1 -2 -4 -3
v  -109.190733139 194.973904955 8.95049808691
v  -109.145203928 194.994571134 8.95049808603
v  -109.606812276 195.876900326 8.91209389477
v  -109.566301342 195.90620671 8.91209381751
f -1 -2 -4 -3
v  -110.28885327 196.608709663 8.87368959618
v  -110.249389263 196.639411327 8.87368955208
v  -110.720890156 197.515100109 8.83528532014
v  -110.675102386 197.535186923 8.83528528359
f -1 -2 -4 -3
v  -111.135769969 198.418444466 8.7968811145
v  -111.095244094 198.447730187 8.79688101494
v  -111.821938496 199.148564789 8.76116881207
v  -111.781522122 199.178001444 8.76116877043
f -1 -2 -4 -3
v  -112.189304482 200.083439049 8.72545652358
v  -112.141566779 200.098308877 8.72545652222
v  -112.579911264 201.000349347 8.68974427562
v  -112.53456752 201.021419348 8.68974427507
f -1 -2 -4 -3
v  -112.979693325 201.915688253 8.65403300179
v  -112.93656618 201.94098745 8.65403201608
v  -113.645629786 202.654187031 8.61831988312
v  -113.608473506 202.68764463 8.61831978184
f -1 -2 -4 -3
v  -114.115092358 203.540097786 8.58260753472
v  -114.068639329 203.558594167 8.58260753357
v  -114.522274176 204.452626859 8.54689528616
v  -114.476701936 204.473197978 8.54689528616
f -1 -2 -4 -3
v  -114.927391581 205.363357509 8.51118525609
v  -114.885349841 205.390422101 8.5111830045
v  -115.608898129 206.094034753 8.47547087193
v  -115.570004512 206.12545587 8.47547079376
f -1 -2 -4 -3
v  -115.999383645 207.017794044 8.43975857142
v  -115.951465064 207.032070234 8.43975854461
v  -116.360754581 207.948633404 8.40070667714
v  -116.316136744 207.971199942 8.40070441146
f -1 -2 -4 -3
v  -116.996220696 208.70533817 8.36165047669
v  -116.960667386 208.740494424 8.3616503208
v  -117.511913077 209.562997466 8.32259625578
v  -117.465249943 209.580957194 8.32259620799
f -1 -2 -4 -3
v  -117.912462432 210.478900552 8.28354209606
v  -117.866889609 210.49947038 8.28354209606
v  -118.306093457 211.398508435 8.244487905
v  -118.261883803 211.421864515 8.24448798466
f -1 -2 -4 -3
v  -118.955870373 212.146046223 8.20543402175
v  -118.919691283 212.180558155 8.20543387254
v  -119.455322942 213.015056622 8.16637981631
v  -119.408590748 213.032835883 8.16637975914
f -1 -2 -4 -3
v  -119.773826447 213.968284955 8.12732425399
v  -119.726609969 213.984735008 8.12732565956
v  -120.337321785 214.763402771 8.08827182894
v  -120.303073965 214.799831974 8.08827153215
f -1 -2 -4 -3
v  -120.908482401 215.585408401 8.04921748879
v  -120.862027902 215.603901088 8.04921742276
v  -121.302701653 216.505179469 8.00567713879
v  -121.257128368 216.525748272 8.00567713879
f -1 -2 -4 -3
v  -121.693503593 217.428156409 7.96213604973
v  -121.647919433 217.448701099 7.96213686211
v  -122.304264113 218.199396543 7.9185967532
v  -122.269236306 218.235076408 7.91859657027
f -1 -2 -4 -3
v  -122.852212894 219.037248273 7.87505637841
v  -122.805724358 219.055655231 7.87505628649
v  -123.200024472 219.978003966 7.8315160057
v  -123.15271268 219.994177845 7.83151600263
f -1 -2 -4 -3
v  -123.552267269 220.914508887 7.78797570936
v  -123.506152598 220.93383341 7.78797571868
v  -124.122769345 221.712713859 7.74443550787
v  -124.088039518 221.748683835 7.74443543399
f -1 -2 -4 -3
v  -124.712364696 222.521493749 7.70089520305
v  -124.666182527 222.540656401 7.70089515068
v  -125.086840455 223.453839166 7.65735469185
v  -125.040486249 223.472581832 7.65735486808
f -1 -2 -4 -3
v  -125.650863742 224.254947587 7.61381465418
v  -125.616128828 224.290912651 7.61381458206
v  -126.24239786 225.062385333 7.58434984974
v  -126.196242536 225.081612556 7.58434981552
f -1 -2 -4 -3
v  -126.638730604 225.981745787 7.55488509497
v  -126.593371217 226.002782089 7.55488504841
v  -126.988811136 226.923924653 7.52542052381
v  -126.940854491 226.938072451 7.52542027892
f -1 -2 -4 -3
v  -127.462540118 227.773166286 7.49595552043
v  -127.427366101 227.808702021 7.49595551421
v  -128.10331397 228.546083603 7.46649051573
v  -128.058060311 228.567346395 7.46649074458
f -1 -2 -4 -3
v  -128.483310517 229.477110574 7.43702666393
v  -128.436658811 229.495099968 7.43702597524
v  -128.998305545 230.310591802 7.40756121332
v  -128.962989184 230.345986076 7.40756121332
f -1 -2 -4 -3
v  -129.633108943 231.087060271 7.37809585592
v  -129.587907094 231.108432984 7.37809643913
v  -130.02443389 232.010235882 7.3486316791
v  -129.978861082 232.030805743 7.3486316791
f -1 -2 -4 -3
v  -130.421518228 232.931152141 7.31916715565
v  -130.374944913 232.949343522 7.31916691184
v  -130.963361253 233.746400088 7.31616775669
v  -130.929002189 233.782724387 7.31616775004
f -1 -2 -4 -3
v  -131.5582701 234.549430043 7.31316859156
v  -131.511344557 234.566692528 7.31316858823
v  -131.880051441 235.497813326 7.31016941488
v  -131.834238516 235.517842703 7.3101694263
f -1 -2 -4 -3
v  -132.288398034 236.412852931 7.30717030927
v  -132.241752961 236.430859517 7.3071702641
v  -132.779327106 237.262571705 7.30417110458
v  -132.743388999 237.297334507 7.30417110238
f -1 -2 -4 -3
v  -133.432253347 238.02516584 7.30117200009
v  -133.387778767 238.048013415 7.30117194141
v  -133.818573634 238.953648273 7.29817283374
v  -133.771934179 238.971669406 7.29817277828
f -1 -2 -4 -3
v  -134.310342894 239.802423495 7.29517361697
v  -134.274937703 239.837728912 7.29517361661
v  -134.953184099 240.572428235 7.29217443286
v  -134.907505473 240.592762029 7.29217445428
f -1 -2 -4 -3
v  -135.273215164 241.523339501 7.28917530721
v  -135.227008544 241.542443122 7.28917529303
v  -135.684399427 242.435340712 7.30322069589
v  -135.638089435 242.454192361 7.30322068452
f -1 -2 -4 -3
v  -136.133241528 243.314278645 7.31726603452
v  -136.095477037 243.347048193 7.31726607669
v  -136.810472502 244.055762172 7.33131069802
v  -136.768027986 244.082190625 7.33131145312
f -1 -2 -4 -3
v  -137.214476221 244.976183645 7.34535685359
v  -137.168190208 244.995094093 7.34535685971
v  -137.661772465 245.85622166 7.35940220917
v  -137.623916364 245.888885334 7.35940225192
f -1 -2 -4 -3
v  -138.33967167 246.596916599 7.37344696453
v  -138.297438562 246.623681588 7.37344763186
v  -138.74099063 247.518978891 7.38749303382
v  -138.694229112 247.536680883 7.38749303494
f -1 -2 -4 -3
v  -139.077331997 248.460316358 7.40153839083
v  -139.030890873 248.47884261 7.40153842685
v  -139.494834754 249.360782623 7.41558377582
v  -139.454595582 249.390461049 7.41558381904
f -1 -2 -4 -3
v  -140.177424777 250.092724227 7.42962919612
v  -140.137701147 250.123089227 7.42962920992
v  -140.606443049 251.000578359 7.45310649923
v  -140.560749923 251.020879548 7.45310652587
f -1 -2 -4 -3
v  -141.017521939 251.912546693 7.47658377138
v  -140.97159557 251.932314561 7.47658384067
v  -141.44788717 252.804880194 7.5000610882
v  -141.408827299 252.836094398 7.50006115736
f -1 -2 -4 -3
v  -142.130486146 253.53937487 7.52353850266
v  -142.089531245 253.568057548 7.52353847256
v  -142.54612384 254.454946222 7.54701578265
v  -142.499565959 254.473177067 7.54701578742
f -1 -2 -4 -3
v  -142.882331439 255.396963119 7.57049307895
v  -142.835669293 255.414925419 7.57049310299
v  -143.285657894 256.306137643 7.59397037676
v  -143.244029127 256.333833234 7.59397041899
f -1 -2 -4 -3
v  -143.963377886 257.039059304 7.61744769132
v  -143.924927948 257.071021817 7.61744773316
v  -144.409343155 257.938235904 7.64092504272
v  -144.363224421 257.957550726 7.64092504933
f -1 -2 -4 -3
v  -144.814835892 258.84769938 7.66440037256
v  -144.773061895 258.875175427 7.66440242444
v  -145.491913599 259.580845108 7.70649066707
v  -145.45356183 259.612925348 7.70649074604
f -1 -2 -4 -3
v  -145.942604566 260.478555529 7.74857912834
v  -145.895960375 260.496564399 7.74857912977
v  -146.28134268 261.420181655 7.79066756459
v  -146.234346875 261.437251931 7.79066751214
f -1 -2 -4 -3
v  -146.662063572 262.342338321 7.83275380046
v  -146.618361104 262.366630177 7.83275591615
v  -147.317337397 263.087149367 7.87484413753
v  -147.280925986 263.121416103 7.87484427634
f -1 -2 -4 -3
v  -147.804956917 263.962241114 7.91693264297
v  -147.7583694 263.980396094 7.91693266
v  -148.209594269 264.875983347 7.95902104266
v  -148.164020718 264.896551561 7.95902104266
f -1 -2 -4 -3
v  -148.608714939 265.791136672 8.00110807262
v  -148.565678801 265.816590373 8.00110944168
v  -149.275716899 266.529055459 8.04319768972
v  -149.238479035 266.562422232 8.04319780613
f -1 -2 -4 -3
v  -149.747966674 267.414501289 8.08528616736
v  -149.701235426 267.432283033 8.08528619015
v  -150.064946291 268.366800539 8.14661833816
v  -150.018284153 268.384762856 8.14661598579
f -1 -2 -4 -3
v  -150.661200243 269.142639008 8.20794515149
v  -150.626667836 269.178798556 8.20794582367
v  -151.20200261 269.98470824 8.26927552825
v  -151.155376027 270.002762653 8.26927563527
f -1 -2 -4 -3
v  -151.599742828 270.902240669 8.3306054496
v  -151.554167215 270.922804313 8.3306054496
v  -151.99129839 271.823813171 8.39193617133
v  -151.946444116 271.845906024 8.39193525627
f -1 -2 -4 -3
v  -152.626461864 272.580018438 8.45326481415
v  -152.590855289 272.615120743 8.45326507903
v  -153.140204145 273.438922509 8.51459482339
v  -153.093544577 273.456891502 8.51459489504
f -1 -2 -4 -3
v  -153.546222865 274.352676355 8.57592493682
v  -153.500490421 274.372888816 8.57592471018
v  -153.871469733 275.303373768 8.63725510793
v  -153.82432176 275.320019148 8.63725451936
f -1 -2 -4 -3
v  -154.439808475 276.095611729 8.69858383893
v  -154.405545302 276.132026491 8.69858434446
v  -155.00668931 276.920479756 8.76502310107
v  -154.960198799 276.938881725 8.76502321701
f -1 -2 -4 -3
v  -155.381442032 277.851618054 8.83146348694
v  -155.335479714 277.871302194 8.8314620814
v  -155.973751007 278.634512257 8.89790074568
v  -155.938948773 278.67041218 8.89790097285
f -1 -2 -4 -3
v  -156.536764799 279.461354884 8.96433974118
v  -156.490292043 279.479801644 8.96433984927
v  -156.93121423 280.380967633 9.03077872657
v  -156.885642198 280.401539214 9.03077872657
f -1 -2 -4 -3
v  -157.328226604 281.299934608 9.0972180032
v  -157.282676521 281.320554744 9.09721760149
v  -157.873007778 282.127902419 9.16365646809
v  -157.833711643 282.158818657 9.16365648149
f -1 -2 -4 -3
v  -158.407075365 282.976689264 9.23009641385
v  -158.3611669 282.996498676 9.23009536275
v  -158.804510435 283.894995709 9.29653423634
v  -158.758938429 283.915567347 9.29653423634
f -1 -2 -4 -3
v  -159.197003464 284.817873697 9.36297357026
v  -159.150832364 284.837063005 9.36297310849
v  -159.775996869 285.609294467 9.41619343308
v  -159.741265152 285.645262616 9.41619357267
f -1 -2 -4 -3
v  -160.35277607 286.426853431 9.46941395261
v  -160.306434241 286.445626678 9.46941402969
v  -160.732694616 287.354945334 9.52263489683
v  -160.68668434 287.374517111 9.52263448542
f -1 -2 -4 -3
v  -161.253633493 288.196323683 9.57585494345
v  -161.21431097 288.22720635 9.57585494576
v  -161.810476269 289.03088898 9.62907530675
v  -161.765086674 289.051860023 9.62907540302
f -1 -2 -4 -3
v  -162.207702309 289.950021932 9.68229586172
v  -162.162129499 289.970591788 9.68229586172
v  -162.604243196 290.871203191 9.73551595538
v  -162.557694596 290.889457721 9.73551632288
f -1 -2 -4 -3
v  -163.145409783 291.687259114 9.78873675421
v  -163.11051724 291.723071269 9.78873677795
v  -163.758154059 292.479790582 9.84195719949
v  -163.712371297 292.499888809 9.84195723546
f -1 -2 -4 -3
v  -164.152736281 293.400505442 9.89517759819
v  -164.107425761 293.421646794 9.89517769368
v  -164.511887697 294.338976891 9.9381637143
v  -164.463856916 294.352870921 9.93816440417
f -1 -2 -4 -3
v  -164.958414136 295.204920323 9.98115098954
v  -164.922491112 295.239698713 9.98115110333
v  -165.616067074 295.964818727 10.0241364258
v  -165.571455836 295.987398307 10.0241377852
f -1 -2 -4 -3
v  -166.009199008 296.887744675 10.0671245103
v  -165.963625785 296.908313617 10.0671245103
v  -166.409181485 297.807165171 10.1101106229
v  -166.36253227 297.825161024 10.1101112187
f -1 -2 -4 -3
v  -166.925488793 298.639767076 10.1530979186
v  -166.890199677 298.675188514 10.1530979186
v  -167.559240654 299.417018323 10.1960855894
v  -167.514005033 299.438319462 10.1960846338
f -1 -2 -4 -3
v  -167.94273026 300.345348866 10.2390709846
v  -167.896394724 300.364137643 10.2390713279
v  -168.422354584 301.210760548 10.2820580262
v  -168.382525117 301.24098659 10.2820580308
f -1 -2 -4 -3
v  -169.008364087 302.025406549 10.3250435035
v  -168.964392092 302.049207046 10.3250447198
v  -169.41241046 302.942753145 10.3575994927
v  -169.366837491 302.963322649 10.3575994927
f -1 -2 -4 -3
v  -169.817663748 303.859153441 10.3901537242
v  -169.771061915 303.877271639 10.3901542524
v  -170.297814541 304.716271544 10.4227089653
v  -170.261504449 304.750645622 10.4227090086
f -1 -2 -4 -3
v  -170.957958339 305.473063643 10.4552626412
v  -170.913892253 305.496689478 10.4552637466
v  -171.35523297 306.394207466 10.4878185203
v  -171.309935295 306.415376326 10.4878185237
f -1 -2 -4 -3
v  -171.739867322 307.321358578 10.5203722644
v  -171.691958036 307.33566593 10.5203732854
v  -172.119535079 308.229088813 10.5529277116
v  -172.080533451 308.260375759 10.552928043
f -1 -2 -4 -3
v  -172.804582711 308.963586212 10.5854819661
v  -172.762643446 308.990809328 10.5854827811
v  -173.212906609 309.881938379 10.618037534
v  -173.166744805 309.901150039 10.6180375546
f -1 -2 -4 -3
v  -173.653291342 310.766954585 10.6505922114
v  -173.614987785 310.799092374 10.6505923132
v  -174.333641924 311.504915263 10.6732303531
v  -174.291815734 311.532311794 10.6732313118
f -1 -2 -4 -3
v  -174.743875418 312.421482298 10.6958703481
v  -174.698300668 312.442047856 10.6958703481
v  -175.153135308 313.334886927 10.7185092592
v  -175.10697086 313.354092234 10.7185093659
f -1 -2 -4 -3
v  -175.59530034 314.22303098 10.7411483735
v  -175.554429997 314.25183402 10.7411483839
v  -176.194569449 315.025902111 10.7637871449
v  -176.152499109 315.052922224 10.7637873994
f -1 -2 -4 -3
v  -176.61714042 315.935587469 10.7864264148
v  -176.571503411 315.956014494 10.7864264196
v  -177.028184653 316.847682484 10.8090653467
v  -176.982235214 316.867396667 10.809065437
f -1 -2 -4 -3
v  -177.459455857 317.739357765 10.8317043887
v  -177.420468451 317.770662432 10.8317044562
v  -178.141921675 318.474119693 10.8543433907
v  -178.100885966 318.502686641 10.8543434717
f -1 -2 -4 -3
v  -178.558231508 319.38839856 10.8769824814
v  -178.512421296 319.408434139 10.8769824911
v  -178.982467298 320.288012915 10.8913986663
v  -178.940735845 320.315553538 10.8913986727
f -1 -2 -4 -3
v  -179.581806274 321.088940965 10.9058149781
v  -179.540647506 321.117330326 10.9058148552
v  -180.0219612 321.990371982 10.9202310353
v  -179.97589859 322.009820271 10.9202310358
f -1 -2 -4 -3
v  -180.431684928 322.902016303 10.9346472174
v  -180.386111352 322.922584462 10.9346472174
v  -180.84339697 323.808025362 10.9490621138
v  -180.802339923 323.836561635 10.9490634207
f -1 -2 -4 -3
v  -181.523788291 324.54001762 10.9634795591
v  -181.484822896 324.57134968 10.9634795802
v  -181.96227574 325.443152621 10.9778957536
v  -181.916317557 325.462846413 10.9778957622
f -1 -2 -4 -3
v  -182.372895713 326.35456684 10.9923119912
v  -182.327264866 326.375007629 10.9923119439
v  -182.791830492 327.257723834 11.0067275261
v  -182.749750553 327.284728995 11.0067281298
f -1 -2 -4 -3
v  -183.389889773 328.058796236 11.0211444965
v  -183.349028237 328.087611767 11.0211443081
v  -183.83746989 328.956472877 11.0327604249
v  -183.79130028 328.975665769 11.0327604249
f -1 -2 -4 -3
v  -184.233841041 329.872264193 11.0443760522
v  -184.190778564 329.897673307 11.0443765491
v  -184.90050319 330.610380016 11.0559926285
v  -184.863288794 330.64377296 11.0559926609
f -1 -2 -4 -3
v  -185.368747107 331.497005229 11.0676087791
v  -185.322307579 331.515535481 11.0676087794
v  -185.776069109 332.409474523 11.0792248975
v  -185.730496065 332.43004386 11.0792248975
f -1 -2 -4 -3
v  -186.181679825 333.319846046 11.0908402695
v  -186.139715975 333.347031251 11.0908410276
v  -186.863605446 334.050375547 11.1024571085
v  -186.824627779 334.08169234 11.1024571332
f -1 -2 -4 -3
v  -187.25268428 334.974842684 11.1140732441
v  -187.204774532 334.989148487 11.114073252
v  -187.634592052 335.895183991 11.12568937
v  -187.589294238 335.916352555 11.12568937
f -1 -2 -4 -3
v  -188.03046608 336.813975013 11.1373054855
v  -187.986382051 336.83756735 11.1373054882
v  -188.682599993 337.560144224 11.1497315444
v  -188.646307583 337.59453697 11.1497315904
f -1 -2 -4 -3
v  -189.173513234 338.433234417 11.1621576871
v  -189.126909979 338.451348959 11.1621576933
v  -189.560066685 339.355210579 11.1745836672
v  -189.515908203 339.378663264 11.174583797
f -1 -2 -4 -3
v  -190.210841809 340.102163807 11.1870098511
v  -190.174616352 340.136627066 11.187009898
v  -190.708903191 340.972036477 11.1994359832
v  -190.662168412 340.989808942 11.1994360009
f -1 -2 -4 -3
v  -191.051181485 341.913388915 11.211862129
v  -191.003962839 341.929832744 11.2118621033
v  -191.414580769 342.844720441 11.2242880965
v  -191.36937079 342.86607595 11.2242882069
f -1 -2 -4 -3
v  -192.031251013 343.61318278 11.2367142594
v  -191.996171556 343.648811865 11.2367143085
v  -192.570484939 344.45571916 11.2491403906
v  -192.523867622 344.473797484 11.249140411
f -1 -2 -4 -3
v  -192.947213731 345.384976503 11.2615665099
v  -192.901662606 345.405594336 11.2615665106
v  -193.559313921 346.155382228 11.2614249479
v  -193.524263452 346.19103983 11.2614249473
f -1 -2 -4 -3
v  -194.100629905 346.996568737 11.2612833815
v  -194.054023489 347.014675144 11.2612833813
v  -194.503071641 347.912213223 11.261141815
v  -194.457504367 347.932795341 11.2611418152
f -1 -2 -4 -3
v  -194.835481959 348.860871545 11.2610002484
v  -194.787937965 348.87634955 11.2610002492
v  -195.37104024 349.672655379 11.2608586836
v  -195.336756138 349.709050438 11.2608586831
f -1 -2 -4 -3
v  -195.965984967 350.47844343 11.2607171172
v  -195.919782268 350.49755653 11.260717117
v  -196.340389164 351.410771448 11.2605755503
v  -196.294050606 351.429552769 11.260575551
f -1 -2 -4 -3
v  -196.905855999 352.210942302 11.2604339852
v  -196.871124788 352.246910941 11.2604339849
v  -197.496016266 353.019331938 11.260292419
v  -197.449842026 353.038513688 11.2602924189
f -1 -2 -4 -3
v  -197.887942453 353.940807794 11.2601508528
v  -197.84236943 353.961377178 11.2601508528
v  -198.279725325 354.863896842 11.2354795599
v  -198.233673208 354.883369965 11.235479855
f -1 -2 -4 -3
v  -198.87351406 355.645516734 11.2108090309
v  -198.839136182 355.681823228 11.2108088506
v  -199.409310493 356.486334097 11.1861379273
v  -199.361647543 356.501441817 11.1861378515
f -1 -2 -4 -3
v  -199.731440188 357.436277684 11.1614670812
v  -199.684841163 357.454403105 11.1614668487
v  -200.25320641 358.266594143 11.1367958503
v  -200.217920386 358.302018662 11.1367958503
f -1 -2 -4 -3
v  -200.886879182 359.043904945 11.1121242898
v  -200.84164098 359.065200602 11.1121248434
v  -201.278104902 359.967087644 11.0874538495
v  -201.232530442 359.987653844 11.0874538495
f -1 -2 -4 -3
v  -201.675002834 360.888089069 11.0627830397
v  -201.628440668 360.906308969 11.0627828473
v  -202.213487988 361.705944007 11.0381118569
v  -202.17855827 361.741719904 11.0381118484
f -1 -2 -4 -3
v  -202.831366146 362.495248238 11.0134408629
v  -202.785923287 362.51610361 11.0134408481
v  -203.181049199 363.440222385 10.9746903597
v  -203.133012677 363.454096552 10.974688655
f -1 -2 -4 -3
v  -203.597211744 364.325015025 10.9359367582
v  -203.560138251 364.358564334 10.9359364847
v  -204.270279892 365.072024258 10.8971842825
v  -204.226633924 365.096417483 10.8971843072
f -1 -2 -4 -3
v  -204.668280247 365.993414551 10.8584321276
v  -204.622707266 366.013984027 10.8584321276
v  -205.072019178 366.910724002 10.8196805868
v  -205.025376529 366.928736867 10.8196799442
f -1 -2 -4 -3
v  -205.562459858 367.760787589 10.7809277964
v  -205.526503504 367.795531518 10.780927767
v  -206.215710255 368.523127993 10.7421763867
v  -206.171254066 368.546011334 10.7421755998
f -1 -2 -4 -3
v  -206.611458295 369.444677085 10.7034234078
v  -206.566170571 369.465867226 10.7034234071
v  -206.991721206 370.373861773 10.6646723801
v  -206.943756187 370.387981153 10.6646712209
f -1 -2 -4 -3
v  -207.382116494 371.274822544 10.6259194262
v  -207.34375616 371.306892542 10.6259190438
v  -208.064682934 372.012493982 10.5981395657
v  -208.022159657 372.038795521 10.5981381511
f -1 -2 -4 -3
v  -208.467907999 372.933276982 10.5703559717
v  -208.421605503 372.952147034 10.5703571977
v  -208.916408914 373.812479237 10.5425763586
v  -208.878620209 373.845220859 10.5425762749
f -1 -2 -4 -3
v  -209.593786515 374.553805531 10.5147968682
v  -209.551366779 374.580273737 10.5147953814
v  -209.999702708 375.472153229 10.4870144284
v  -209.954129566 375.49272235 10.4870144284
f -1 -2 -4 -3
v  -210.408181956 376.386073461 10.4592336481
v  -210.361950427 376.405116721 10.4592335047
v  -210.856369701 377.270475169 10.4314525927
v  -210.815718482 377.299586651 10.431452581
f -1 -2 -4 -3
v  -211.454456148 378.074686971 10.4036721338
v  -211.412091448 378.101243178 10.4036716619
v  -211.873015048 378.986369143 10.3758907459
v  -211.827301484 379.006624268 10.3758907338
f -1 -2 -4 -3
v  -212.296719257 379.883688965 10.3481098807
v  -212.257052566 379.914128309 10.3481098098
v  -212.979780803 380.616484351 10.3416752005
v  -212.939479401 380.646078219 10.3416754578
f -1 -2 -4 -3
v  -213.402875427 381.527197379 10.3352411153
v  -213.357302808 381.547767658 10.3352411153
v  -213.813560651 382.439799169 10.3288068129
v  -213.767465379 382.459169917 10.3288067682
f -1 -2 -4 -3
v  -214.250624703 383.32719698 10.3223724405
v  -214.21209348 383.359061456 10.3223724205
v  -214.931897831 384.063913102 10.3159382629
v  -214.890354661 384.091736923 10.3159380764
f -1 -2 -4 -3
v  -215.340610929 384.983220348 10.3095037334
v  -215.293622491 385.000310892 10.3095037261
v  -215.669153021 385.924552035 10.3030697864
v  -215.625383397 385.948722679 10.3030693729
f -1 -2 -4 -3
v  -216.337629372 386.660277747 10.2966350721
v  -216.300257491 386.693494347 10.2966350319
v  -216.795587267 387.553095511 10.2902006843
v  -216.749289882 387.571978099 10.290200684
f -1 -2 -4 -3
v  -217.204395303 388.464949508 10.2837663367
v  -217.158822622 388.485519649 10.2837663367
v  -217.615368721 389.371505432 10.2841896398
v  -217.574198359 389.399877977 10.2841896765
f -1 -2 -4 -3
v  -218.295279282 390.103657247 10.2846130143
v  -218.256410372 390.135108922 10.284613015
v  -218.737548626 391.005907642 10.2850363541
v  -218.690965393 391.024073612 10.2850363541
f -1 -2 -4 -3
v  -219.075700864 391.947652856 10.2854596936
v  -219.028765542 391.964888736 10.2854596933
v  -219.460623564 392.867451787 10.2858830061
v  -219.41730598 392.89242351 10.2858830327
f -1 -2 -4 -3
v  -220.122044629 393.608708823 10.2863063703
v  -220.085258715 393.642573207 10.2863063716
v  -220.600014987 394.489605833 10.2867297107
v  -220.553489613 394.507919477 10.2867297108
f -1 -2 -4 -3
v  -220.990727339 395.408739901 10.2871530373
v  -220.947102747 395.433171337 10.28715305
v  -221.650325102 396.150665261 10.2875763876
v  -221.613617942 396.184614995 10.287576389
f -1 -2 -4 -3
v  -222.130093441 397.030480547 10.2879997281
v  -222.083552615 397.048754888 10.2879997282
v  -222.539860991 397.942523108 10.2783700234
v  -222.49387342 397.962148176 10.2783700649
f -1 -2 -4 -3
v  -222.859822229 398.893684512 10.26874034
v  -222.813409897 398.912282776 10.2687404023
v  -223.46721937 399.663067576 10.259110848
v  -223.432491459 399.699039402 10.2591107382
f -1 -2 -4 -3
v  -223.996902125 400.512311151 10.2494810905
v  -223.950248547 400.53029569 10.2494810754
v  -224.396151036 401.428960368 10.2398514122
v  -224.350577796 401.449529273 10.2398514122
f -1 -2 -4 -3
v  -224.788567379 402.349638574 10.23022166
v  -224.74403454 402.372372388 10.2302217499
v  -225.431659041 403.101095348 10.2205921255
v  -225.395769126 403.135907903 10.220592086
f -1 -2 -4 -3
v  -225.940417511 403.964297876 10.2109624392
v  -225.893708592 403.982138194 10.2109624226
v  -226.283653791 404.905593173 10.2013327416
v  -226.236404405 404.921948461 10.2013327595
f -1 -2 -4 -3
v  -226.644206302 405.838318588 10.1917031438
v  -226.598759249 405.85916482 10.191703096
v  -227.251374353 406.612829877 10.184358223
v  -227.216447254 406.648608331 10.184358196
f -1 -2 -4 -3
v  -227.801737945 407.448080144 10.1770133082
v  -227.755177875 407.466305398 10.1770132958
v  -228.197674373 408.366728238 10.1696683956
v  -228.152101082 408.387297027 10.1696683956
f -1 -2 -4 -3
v  -228.594752267 409.285384471 10.1623234573
v  -228.549404499 409.306445808 10.1623234957
v  -229.146955411 410.109254975 10.154978597
v  -229.107623752 410.140126006 10.1549785952
f -1 -2 -4 -3
v  -229.672989962 410.96290236 10.1476335405
v  -229.626957303 410.982421435 10.1476336946
v  -230.070926906 411.880768157 10.1402887948
v  -230.025351252 411.901331711 10.1402887948
f -1 -2 -4 -3
v  -230.462453484 412.803898852 10.1329437965
v  -230.416470789 412.823535344 10.1329438954
v  -231.053657382 413.587476706 10.1255990189
v  -231.018869953 413.623390976 10.1255989942
f -1 -2 -4 -3
v  -231.617919803 414.41347345 10.118254106
v  -231.571454682 414.431939433 10.1182540941
v  -232.017305834 415.330866796 10.1291322559
v  -231.971846997 415.351687319 10.1291322567
f -1 -2 -4 -3
v  -232.357060699 416.276990857 10.140010422
v  -232.309285005 416.291738162 10.1400104192
v  -232.864765445 417.10555722 10.1508885739
v  -232.830216238 417.141700715 10.1508885819
f -1 -2 -4 -3
v  -233.481563301 417.895995845 10.1617667371
v  -233.435715144 417.915944441 10.1617667444
v  -233.872500774 418.81849884 10.172644907
v  -233.826927839 418.83906842 10.172644907
f -1 -2 -4 -3
v  -234.266047572 419.741009424 10.1835231068
v  -234.219722064 419.75982291 10.1835230692
v  -234.838926447 420.536021982 10.1944011724
v  -234.804690586 420.572462424 10.1944012328
f -1 -2 -4 -3
v  -235.39967104 421.361184028 10.2052793707
v  -235.35225286 421.377043292 10.2052793946
v  -235.727394109 422.306144486 10.2161575605
v  -235.68177198 422.326604722 10.2161575573
f -1 -2 -4 -3
v  -236.144113845 423.215268611 10.2270357199
v  -236.098540703 423.235837733 10.2270357199
v  -236.54033622 424.136599487 10.2576745146
v  -236.493808641 424.154907529 10.257674694
f -1 -2 -4 -3
v  -237.089499112 424.947056732 10.2883135752
v  -237.055201358 424.983438926 10.2883136662
v  -237.676629609 425.755210515 10.3189525964
v  -237.629573181 425.772112957 10.3189526372
f -1 -2 -4 -3
v  -237.999511095 426.702905505 10.3495917097
v  -237.953744105 426.72303962 10.3495916099
v  -238.407047041 427.618501885 10.3802301111
v  -238.360390785 427.636479476 10.3802305855
f -1 -2 -4 -3
v  -238.904671527 428.463688337 10.4108695422
v  -238.868930784 428.498654024 10.4108695555
v  -239.552837767 429.230006713 10.4415082268
v  -239.508138012 429.25241055 10.4415085235
f -1 -2 -4 -3
v  -239.947815812 430.151698394 10.4721474946
v  -239.902535579 430.172904538 10.4721475005
v  -240.335559699 431.075605773 10.5027864037
v  -240.288362965 431.092112387 10.5027864729
f -1 -2 -4 -3
v  -240.676875805 432.015732265 10.5334254283
v  -240.630132252 432.033481638 10.5334254457
v  -241.158277165 432.873032134 10.563952927
v  -241.121830741 432.907261627 10.5639529779
f -1 -2 -4 -3
v  -241.820824611 433.627835443 10.5944793176
v  -241.77691253 433.6517463 10.5944804882
v  -242.218711102 434.5488103 10.6250080322
v  -242.173404402 434.569959839 10.6250080409
f -1 -2 -4 -3
v  -242.612267215 435.47018311 10.6555354741
v  -242.565158174 435.486938356 10.6555355725
v  -242.952062343 436.410595793 10.6860631223
v  -242.905335569 436.428389292 10.6860631044
f -1 -2 -4 -3
v  -243.413189282 437.281562357 10.7165905445
v  -243.375869618 437.314837613 10.7165906372
v  -244.086844527 438.026502541 10.7471166027
v  -244.044064821 438.052384905 10.747118142
f -1 -2 -4 -3
v  -244.481793593 438.951334029 10.777646128
v  -244.434945223 438.968804868 10.7776457013
v  -244.818885251 439.892082583 10.8081731278
v  -244.772563115 439.910904369 10.808173232
f -1 -2 -4 -3
v  -245.230728719 440.802318804 10.8387007631
v  -245.185154945 440.822886525 10.8387007631
v  -245.642914243 441.713141627 10.8476404883
v  -245.597568673 441.734207698 10.8476404901
f -1 -2 -4 -3
v  -246.036125875 442.636147239 10.8565799317
v  -245.988393984 442.651035708 10.8565802172
v  -246.395757678 443.556729759 10.8655198693
v  -246.355305917 443.586117768 10.8655199449
f -1 -2 -4 -3
v  -247.081999038 444.2869456 10.8744596544
v  -247.041508361 444.316279966 10.8744596703
v  -247.502441755 445.198976716 10.883399397
v  -247.456918591 445.219656213 10.8833993975
f -1 -2 -4 -3
v  -247.909722042 446.113823514 10.8923390787
v  -247.863015048 446.131668868 10.8923391242
v  -248.245938333 447.055387757 10.9012788332
v  -248.199431486 447.073748398 10.9012788513
f -1 -2 -4 -3
v  -248.655578547 447.966287811 10.9102185782
v  -248.610004161 447.986854176 10.910218578
v  -249.06721626 448.8774242 10.9191583026
v  -249.021809785 448.898358671 10.9191583049
f -1 -2 -4 -3
v  -249.466664289 449.797245633 10.9280977653
v  -249.419141836 449.812789649 10.9280980311
v  -249.812586939 450.726815091 10.9153093624
v  -249.770863464 450.754367798 10.9153092923
f -1 -2 -4 -3
v  -250.49560376 451.456570578 10.9025205986
v  -250.456315954 451.487497399 10.9025205562
v  -250.928775255 452.363678929 10.8897318188
v  -250.882285935 452.382083905 10.8897318173
f -1 -2 -4 -3
v  -251.266229433 453.305628389 10.8769430779
v  -251.219375241 453.323083608 10.8769430791
v  -251.668625909 454.218822837 10.864154254
v  -251.623191908 454.239697499 10.8641543409
f -1 -2 -4 -3
v  -252.081395435 455.130945625 10.8513656676
v  -252.035048946 455.149707366 10.8513656032
v  -252.418771952 456.073076983 10.83857687
v  -252.371940495 456.090593108 10.8385768647
f -1 -2 -4 -3
v  -252.821795427 456.986068065 10.8257880398
v  -252.776347766 457.00691297 10.8257881264
v  -253.234200494 457.898373378 10.8129994557
v  -253.187822319 457.917056656 10.8129993887
f -1 -2 -4 -3
v  -253.571319663 458.840522077 10.8002106563
v  -253.524512098 458.858101948 10.8002106503
v  -253.97507934 459.753261347 10.7726019088
v  -253.929618187 459.774076811 10.7726020971
f -1 -2 -4 -3
v  -254.386957342 460.665824854 10.7449936968
v  -254.340546079 460.684425786 10.7449935453
v  -254.723881237 461.607963709 10.7173850064
v  -254.677098462 461.625609443 10.7173849917
f -1 -2 -4 -3
v  -255.128276215 462.520498438 10.6897762512
v  -255.082800457 462.541281977 10.6897764385
v  -255.539733099 463.433270206 10.662168037
v  -255.493288751 463.451788375 10.6621678867
f -1 -2 -4 -3
v  -255.876426377 464.375411829 10.6345593499
v  -255.829667912 464.393121883 10.6345593331
v  -256.283485621 465.28779995 10.6069503574
v  -256.237315396 465.306991364 10.6069507776
f -1 -2 -4 -3
v  -256.621888278 466.229885941 10.5793422443
v  -256.574985041 466.24720894 10.5793422274
v  -257.026332329 467.142737733 10.5517331802
v  -256.980425896 467.162551853 10.5517336719
f -1 -2 -4 -3
v  -257.367788725 468.084161688 10.5241251471
v  -257.320766469 468.101158965 10.5241251216
v  -257.764092665 468.99946445 10.4936954831
v  -257.718750974 469.020538866 10.4936956668
f -1 -2 -4 -3
v  -258.194456037 469.908669918 10.4632661741
v  -258.146473451 469.922729484 10.4632662111
v  -258.200175518 470.91313533 10.4328372802
v  -258.150230475 470.915478959 10.4328367489
f -1 -2 -4 -3
v  -258.563828734 471.826775786 10.4024078492
v  -258.518457123 471.847785711 10.4024073073
v  -258.906016693 472.768700216 10.3719779777
v  -258.859027669 472.785789148 10.3719778473
f -1 -2 -4 -3
v  -259.307927118 473.68222288 10.341547831
v  -259.262184537 473.702412389 10.3415483902
v  -259.680076943 474.615501296 10.3111197731
v  -259.632402607 474.630573047 10.3111189457
f -1 -2 -4 -3
v  -259.736248374 475.613776893 10.2806901836
v  -259.686305922 475.616175133 10.2806894686
v  -260.034747933 476.555487851 10.2502600564
v  -259.98867991 476.574923315 10.2502600284
f -1 -2 -4 -3
v  -260.442496637 477.468658027 10.2198305554
v  -260.396884121 477.489139685 10.2198305736
v  -260.818182789 478.400495109 10.1890218614
v  -260.770676059 478.416087114 10.189021049
f -1 -2 -4 -3
v  -260.884361263 479.39821163 10.1582119642
v  -260.834366674 479.398947217 10.1582115018
v  -261.175186041 480.339804237 10.1274020378
v  -261.128998624 480.358954236 10.1274019795
f -1 -2 -4 -3
v  -261.546708634 481.27239545 10.0965932201
v  -261.499858553 481.289861701 10.0965924521
v  -261.653089419 482.265660337 10.0657829321
v  -261.603170995 482.262805349 10.0657829166
f -1 -2 -4 -3
v  -261.895346342 483.215387193 10.0349734006
v  -261.849182774 483.234594612 10.0349733855
v  -262.322824514 484.123248446 10.004164793
v  -262.277699668 484.144783262 10.0041638635
f -1 -2 -4 -3
v  -262.42240054 485.116048585 9.97335436562
v  -262.372540554 485.112309357 9.97335432213
v  -262.639739209 486.066197697 9.94254500523
v  -262.594160812 486.08675517 9.94254478981
f -1 -2 -4 -3
v  -262.809738063 487.049249621 9.91173535266
v  -262.759945718 487.044697431 9.9117352588
v  -263.037712854 487.996409565 9.88728578845
v  -262.992048163 488.016774633 9.88728555448
f -1 -2 -4 -3
v  -263.223172043 488.978196077 9.86283590752
v  -263.173212683 488.97618056 9.86283585133
v  -263.17673848 489.982638377 9.83838614659
v  -263.126785043 489.980481028 9.83838614691
f -1 -2 -4 -3
v  -263.405160552 490.932294552 9.81393660085
v  -263.359571009 490.952827294 9.81393644133
v  -263.607671316 491.91083272 9.78948678682
v  -263.557697899 491.90920249 9.78948673819
f -1 -2 -4 -3
v  -263.561642576 492.915635302 9.76503703343
v  -263.511710358 492.913032685 9.76503703368
v  -263.772545554 493.868241477 9.74058744966
v  -263.72698773 493.888844504 9.74058732818
f -1 -2 -4 -3
v  -263.991845907 494.843458653 9.71613766493
v  -263.94185975 494.842282173 9.71613762502
v  -263.9649 495.845284011 9.69168792045
v  -263.9149 495.845284011 9.69168792045
f -1 -2 -4 -3
v  -263.9649 496.845284011 9.66723821604
v  -263.9149 496.845284011 9.66723821604
v  -263.9649 497.845284011 9.67015334435
v  -263.9149 497.845284011 9.67015334435
f -1 -2 -4 -3
v  -263.9649 498.845284011 9.67306847267
v  -263.9149 498.845284011 9.67306847267
v  -263.9649 499.845284011 9.67598360098
v  -263.9149 499.845284011 9.67598360098
f -1 -2 -4 -3
v  -263.9649 500.845284011 9.6788987293
v  -263.9149 500.845284011 9.6788987293
v  -263.9649 501.845284011 9.68181385761
v  -263.9149 501.845284011 9.68181385761
f -1 -2 -4 -3
v  -263.9649 502.845284011 9.68472898593
v  -263.9149 502.845284011 9.68472898593
v  -263.9649 503.845284011 9.68764411424
v  -263.9149 503.845284011 9.68764411424
f -1 -2 -4 -3
v  -263.9649 504.845284011 9.69055924256
v  -263.9149 504.845284011 9.69055924256
v  -263.9649 505.845284011 9.69347437088
v  -263.9149 505.845284011 9.69347437088
f -1 -2 -4 -3
v  -263.979271547 506.845094719 9.69638956312
v  -263.929376871 506.848338366 9.69638949915
v  -263.865085355 507.837760748 9.73750763832
v  -263.820745485 507.814652829 9.73750798213
f -1 -2 -4 -3
v  -263.55089511 508.759830067 9.77862630555
v  -263.500895332 508.759681145 9.77862647096
v  -263.592745996 509.762352969 9.81974431428
v  -263.542843914 509.765480623 9.819744961
f -1 -2 -4 -3
v  -263.50628625 510.75987731 9.86086325712
v  -263.461160768 510.738343827 9.86086343679
v  -263.178880308 511.677488674 9.90198180091
v  -263.128907039 511.679123398 9.90198192676
f -1 -2 -4 -3
v  -263.136942358 512.679750538 9.94310023968
v  -263.089762406 512.663196019 9.94310040761
v  -262.802122253 513.613785098 9.98421858272
v  -262.752246846 513.610257519 9.98421890199
f -1 -2 -4 -3
v  -262.742184235 514.611167876 10.0253378319
v  -262.695380474 514.593577878 10.0253373845
v  -262.417709631 515.546557181 10.0664556372
v  -262.367805699 515.543459187 10.0664558692
f -1 -2 -4 -3
v  -262.415779601 516.551183986 10.1075714403
v  -262.367823719 516.537033601 10.1075742415
v  -262.032197083 517.463805845 10.1870201549
v  -261.982307078 517.46049112 10.187021011
f -1 -2 -4 -3
v  -262.031517946 518.468254441 10.2664645634
v  -261.983340562 518.454877609 10.2664675534
v  -261.613494155 519.380586114 10.3459142807
v  -261.566669996 519.363050489 10.3459142903
f -1 -2 -4 -3
v  -261.276179279 520.322750162 10.4253606138
v  -261.229847074 520.303953173 10.4253609347
v  -260.867030251 521.235419975 10.5048077426
v  -260.820805132 521.216361162 10.5048075835
f -1 -2 -4 -3
v  -260.52595288 522.171332983 10.5842496835
v  -260.477138079 522.160511006 10.5842542752
v  -260.493187131 523.16825002 10.6637007652
v  -260.444672696 523.156152515 10.6637008752
f -1 -2 -4 -3
v  -260.140455348 524.108819571 10.7431471123
v  -260.094103767 524.090070413 10.7431475247
v  -259.732019199 525.021229687 10.8225938175
v  -259.685458862 525.003005113 10.8225941712
f -1 -2 -4 -3
v  -259.395966246 525.963001353 10.902041003
v  -259.34930524 525.945036092 10.9020408171
v  -258.987731753 526.877343771 10.994087741
v  -258.942180765 526.856725636 10.9940877483
f -1 -2 -4 -3
v  -258.579346995 527.788616726 11.0861341198
v  -258.532757845 527.770465938 11.0861346825
v  -258.243249868 528.730456338 11.1781817572
v  -258.196616629 528.712419125 11.1781816128
f -1 -2 -4 -3
v  -257.832894132 529.648455429 11.2702219884
v  -257.791446105 529.620490073 11.2702284385
v  -257.151305282 530.384727958 11.3622752855
v  -257.112682642 530.352974349 11.3622754784
f -1 -2 -4 -3
v  -256.715483562 531.273029974 11.4543221155
v  -256.669415845 531.253593786 11.4543224069
v  -256.304812977 532.184472644 11.5463690899
v  -256.258436892 532.16578418 11.5463693413
f -1 -2 -4 -3
v  -255.98229159 533.135069852 11.6384142137
v  -255.937247758 533.113366092 11.6384162299
v  -255.325266726 533.894496832 11.7304631359
v  -255.289214657 533.859852232 11.7304632051
f -1 -2 -4 -3
v  -254.869184701 534.766623154 11.82250889
v  -254.823433498 534.74645319 11.8225101184
v  -254.233868231 535.542943878 11.8909852997
v  -254.198196721 535.507907562 11.8909852997
f -1 -2 -4 -3
v  -253.674147995 536.361161961 11.9594600609
v  -253.632289487 536.333814834 11.9594604558
v  -252.996952354 537.102309178 12.0279355476
v  -252.959221223 537.069501225 12.0279356277
f -1 -2 -4 -3
v  -252.554342885 537.985606323 12.0964100448
v  -252.509114948 537.964288874 12.0964107768
v  -251.899875777 538.747473302 12.1648858931
v  -251.863692241 538.712966031 12.164885955
f -1 -2 -4 -3
v  -251.442596174 539.619043745 12.2333599603
v  -251.396636002 539.599354596 12.2333610993
v  -250.734011712 540.322261299 12.3018362753
v  -250.704069635 540.282217922 12.3018362818
f -1 -2 -4 -3
v  -250.029923383 541.024724243 12.3703114397
v  -249.992095411 540.992027997 12.3703114453
v  -249.477727919 541.851072137 12.438786413
v  -249.435307871 541.82460443 12.4387866058
f -1 -2 -4 -3
v  -248.828053843 542.617490615 12.5072617665
v  -248.792225327 542.582614871 12.5072617726
v  -248.075764173 543.280188365 12.5385361
v  -248.044761583 543.240960322 12.5385360936
f -1 -2 -4 -3
v  -247.29730253 543.907543375 12.5698103746
v  -247.264913779 543.86945179 12.5698104149
v  -246.614689579 544.63136179 12.6010847312
v  -246.576745556 544.598800292 12.6010847357
f -1 -2 -4 -3
v  -245.88390419 545.317978822 12.6323592529
v  -245.852890803 545.278759314 12.6323590567
v  -245.110280861 545.951161164 12.6636333779
v  -245.078325339 545.912705415 12.6636333779
f -1 -2 -4 -3
v  -244.341133266 546.590235559 12.6949076989
v  -244.309180902 546.551777186 12.6949076989
v  -243.572003946 547.229325106 12.72618202
v  -243.540048014 547.190869698 12.72618202
f -1 -2 -4 -3
v  -242.802854499 547.868398165 12.757456341
v  -242.770902604 547.829939403 12.757456341
v  -242.033688224 548.507445878 12.788730662
v  -242.001735358 548.468987922 12.788730662
f -1 -2 -4 -3
v  -241.272412941 549.156551333 12.8200049369
v  -241.240153445 549.118350221 12.8200049829
v  -240.421679559 549.686509444 12.8316258551
v  -240.398512286 549.642200557 12.8316258579
f -1 -2 -4 -3
v  -239.631774304 550.285604264 12.8432467309
v  -239.598777201 550.24803844 12.8432467326
v  -238.878717655 550.950618384 12.8548671159
v  -238.848138919 550.91105905 12.8548676003
f -1 -2 -4 -3
v  -237.955546841 551.34325363 12.8664884788
v  -237.941244971 551.295342708 12.8664884822
v  -237.115260939 551.837961551 12.8781093344
v  -237.080693151 551.801835826 12.8781093572
f -1 -2 -4 -3
v  -236.294009695 552.415239957 12.8897302308
v  -236.271192303 552.370749884 12.8897302317
v  -235.415629268 552.892457161 12.9013511065
v  -235.391400063 552.848719928 12.9013511065
f -1 -2 -4 -3
v  -234.540879383 553.377032728 12.9129719813
v  -234.516650914 553.333295086 12.9129719813
v  -233.666115114 553.861583969 12.924592856
v  -233.641888772 553.817845149 12.924592856
f -1 -2 -4 -3
v  -232.79646534 554.356468478 12.9362136991
v  -232.77228078 554.312706542 12.9362137306
v  -231.866128429 554.731113811 12.9360488346
v  -231.850182141 554.683724826 12.9360488347
f -1 -2 -4 -3
v  -230.961052888 555.13806635 12.9358839385
v  -230.935680087 555.094982467 12.9358839385
v  -230.094452649 555.640848337 12.935719044
v  -230.070489832 555.596964588 12.9357190424
f -1 -2 -4 -3
v  -229.168983929 556.02746175 12.9355541452
v  -229.152433666 555.980280305 12.9355541462
v  -228.210252049 556.318978797 12.9353892496
v  -228.197826946 556.270547228 12.9353892501
f -1 -2 -4 -3
v  -227.262663921 556.630576639 12.9352243553
v  -227.245286326 556.583693602 12.9352243539
v  -226.371128426 557.069562655 12.935059458
v  -226.344363873 557.027329271 12.9350594577
f -1 -2 -4 -3
v  -225.413221031 557.356324315 12.9348945619
v  -225.407499274 557.306652779 12.9348945616
v  -224.490435378 557.671983378 12.9347296667
v  -224.462341791 557.63062216 12.9347296654
f -1 -2 -4 -3
v  -223.546907373 558.001869481 12.9345647695
v  -223.539898522 557.952363158 12.9345647693
v  -222.571117588 558.202004129 12.9140399557
v  -222.556528712 558.154179818 12.9140399557
f -1 -2 -4 -3
v  -221.587418646 558.402326748 12.8935151339
v  -221.580360546 558.352827422 12.8935151419
v  -220.666489361 558.728295201 12.8729904519
v  -220.638391157 558.686937119 12.8729903266
f -1 -2 -4 -3
v  -219.724231405 559.061623168 12.8524655378
v  -219.717183282 559.012122421 12.8524655145
v  -218.750528116 559.270859732 12.8319407096
v  -218.734647233 559.223448788 12.8319407008
f -1 -2 -4 -3
v  -217.75397108 559.367300405 12.8114158954
v  -217.756696352 559.317374731 12.8114158871
v  -216.778612259 559.479863781 12.7908910868
v  -216.762549239 559.432514236 12.7908910733
f -1 -2 -4 -3
v  -215.799023299 559.698324898 12.7703662641
v  -215.790778324 559.649009379 12.7703662597
v  -214.831359773 559.936254162 12.7498414591
v  -214.816441915 559.888531447 12.7498414461
f -1 -2 -4 -3
v  -213.831340123 560.002112926 12.7293166334
v  -213.833636163 559.952165671 12.7293166323
v  -212.846533562 560.098849235 12.6825789951
v  -212.8355305 560.050074932 12.6825789938
f -1 -2 -4 -3
v  -211.850610741 560.217974318 12.6358408107
v  -211.853346408 560.168049213 12.6358413576
v  -210.867592646 560.328075725 12.5891037226
v  -210.856756656 560.279264032 12.5891037169
f -1 -2 -4 -3
v  -209.871020919 560.438497816 12.5423654123
v  -209.872707385 560.388526266 12.5423660788
v  -208.871377489 560.4297 12.49562844
v  -208.871377489 560.3797 12.49562844
f -1 -2 -4 -3
v  -207.871377489 560.4297 12.4488908016
v  -207.871377489 560.3797 12.4488908016
v  -206.871377489 560.4297 12.4021531632
v  -206.871377489 560.3797 12.4021531632
f -1 -2 -4 -3
v  -205.871377489 560.4297 12.3554155247
v  -205.871377489 560.3797 12.3554155247
v  -204.871377489 560.4297 12.3086778863
v  -204.871377489 560.3797 12.3086778863
f -1 -2 -4 -3
v  -203.871377489 560.4297 12.2619402478
v  -203.871377489 560.3797 12.2619402478
v  -202.871377489 560.4297 12.2079616752
v  -202.871377489 560.3797 12.2079616752
f -1 -2 -4 -3
v  -201.871421925 560.440545108 12.1539830891
v  -201.870134312 560.39056169 12.1539831027
v  -200.876844768 560.310571497 12.1000045309
v  -200.887843027 560.261796111 12.1000045301
f -1 -2 -4 -3
v  -199.89198721 560.214413639 12.0460259588
v  -199.889681319 560.164466838 12.0460259576
v  -198.892537262 560.139663381 11.9920474407
v  -198.909113825 560.09249117 11.9920473849
f -1 -2 -4 -3
v  -197.921154571 560.002053172 11.938068826
v  -197.918500118 559.952123683 11.9380688124
v  -196.923962624 559.908402058 11.884090308
v  -196.941000079 559.861394344 11.8840902394
f -1 -2 -4 -3
v  -195.949874904 559.792889268 11.8301117092
v  -195.947134804 559.742964406 11.8301116671
v  -194.954342514 559.688322334 11.7761331309
v  -194.97033129 559.640947667 11.7761330946
f -1 -2 -4 -3
v  -193.984425205 559.461951986 11.7221545223
v  -193.993011003 559.412694661 11.7221545223
v  -192.999362469 559.288856745 11.6718469316
v  -193.007878164 559.239587252 11.6718469275
f -1 -2 -4 -3
v  -192.018928352 559.080559381 11.6215396022
v  -192.033252185 559.03265502 11.6215393332
v  -191.049444207 558.852546465 11.571231738
v  -191.05771178 558.803234729 11.571231738
f -1 -2 -4 -3
v  -190.068638226 558.645643418 11.5209243439
v  -190.083113684 558.597784656 11.5209241434
v  -189.095337868 558.435316687 11.4706165584
v  -189.102110908 558.385777552 11.4706165485
f -1 -2 -4 -3
v  -188.141569601 558.133897005 11.4203091516
v  -188.16933707 558.092316148 11.4203089526
v  -187.229122028 557.788465932 11.3700013784
v  -187.235095968 557.738824094 11.3700013588
f -1 -2 -4 -3
v  -186.263957909 557.522227627 11.3196939198
v  -186.291221848 557.480314889 11.3196937642
v  -185.358022897 557.157309125 11.26938617
v  -185.36431214 557.107706248 11.26938617
f -1 -2 -4 -3
v  -184.386764412 556.909977809 11.2190786619
v  -184.413272833 556.86758319 11.2190785753
v  -183.486762666 556.52649714 11.1692967038
v  -183.493485669 556.476951189 11.1692966998
f -1 -2 -4 -3
v  -182.508047522 556.305168495 11.1195146083
v  -182.530992702 556.260744192 11.1195148215
v  -181.647002999 555.783951977 11.0697339665
v  -181.673735059 555.741698019 11.0697329403
f -1 -2 -4 -3
v  -180.726156267 555.455355359 11.0199510879
v  -180.732186288 555.405720302 11.0199510746
v  -179.757880211 555.199895589 10.9701692583
v  -179.783676546 555.157063952 10.9701692002
f -1 -2 -4 -3
v  -178.869197047 554.756411884 10.9203873256
v  -178.885410643 554.709113689 10.9203873247
v  -177.934005873 554.394059865 10.8706060764
v  -177.957384395 554.349862074 10.8706054542
f -1 -2 -4 -3
v  -177.066074781 553.893071356 10.8208236465
v  -177.091555796 553.850051386 10.8208235745
v  -176.165719836 553.475694652 10.7710417002
v  -176.181840226 553.428364608 10.7710417002
f -1 -2 -4 -3
v  -175.230200969 553.114044543 10.7212605723
v  -175.25243005 553.069257625 10.7212598269
v  -174.395105541 552.554107129 10.6814498266
v  -174.429503797 552.517819941 10.6814512287
f -1 -2 -4 -3
v  -173.582696081 552.007597118 10.6416427048
v  -173.599639112 551.960555289 10.6416426187
v  -172.637000522 551.669461184 10.6018351853
v  -172.659439252 551.624778935 10.6018340269
f -1 -2 -4 -3
v  -171.763026431 551.181755093 10.5620254074
v  -171.785807399 551.137246357 10.562025414
v  -170.927555732 550.625442592 10.5222156072
v  -170.962065176 550.589261128 10.5222168187
f -1 -2 -4 -3
v  -170.109624348 550.08883298 10.4824082758
v  -170.12621189 550.041664628 10.4824082081
v  -169.164273258 549.749722467 10.4426007104
v  -169.185891068 549.704637322 10.4425996094
f -1 -2 -4 -3
v  -168.317576086 549.20731149 10.4027899634
v  -168.351484799 549.170566433 10.4027910037
v  -167.518413897 548.636635927 10.3629825212
v  -167.536401974 548.589983713 10.3629823997
f -1 -2 -4 -3
v  -166.571161463 548.305711689 10.3231744173
v  -166.591955214 548.2602406 10.3231738002
v  -165.708287984 547.790426261 10.2984024877
v  -165.739977543 547.75175105 10.2984026802
f -1 -2 -4 -3
v  -164.932010856 547.169987623 10.2736315799
v  -164.956106714 547.126176784 10.2736315657
v  -164.080753234 546.639538817 10.248860916
v  -164.114914451 546.603028391 10.2488604487
f -1 -2 -4 -3
v  -163.274045046 546.084585032 10.2240893743
v  -163.290225469 546.037275478 10.2240893334
v  -162.331443574 545.73433202 10.1993181918
v  -162.359148163 545.692709241 10.1993182172
f -1 -2 -4 -3
v  -161.564093239 545.093908734 10.1745471348
v  -161.590022332 545.051157335 10.1745471015
v  -160.702761056 544.581167536 10.1497767815
v  -160.735977518 544.543795532 10.149775989
f -1 -2 -4 -3
v  -159.913109807 543.994006372 10.1250049516
v  -159.931076685 543.947345989 10.125004869
v  -158.964628253 543.661847785 10.1002362441
v  -158.988970438 543.61817333 10.1002338117
f -1 -2 -4 -3
v  -158.193476146 543.021569337 10.075462747
v  -158.221751967 542.980332486 10.0754626369
v  -157.326468828 542.522206212 10.0616611052
v  -157.357348933 542.482881677 10.061661416
f -1 -2 -4 -3
v  -156.554938467 541.891585146 10.0478607168
v  -156.581128071 541.848992839 10.0478601968
v  -155.674870211 541.418842434 10.0340589862
v  -155.698114171 541.374573728 10.0340589821
f -1 -2 -4 -3
v  -154.79778493 540.933776046 10.0202579141
v  -154.824917603 540.891778212 10.0202577644
v  -154.025957819 540.295939295 10.0064565586
v  -154.055528016 540.255620522 10.0064565447
f -1 -2 -4 -3
v  -153.158812323 539.79906516 9.99265533657
v  -153.188734771 539.759007113 9.99265532641
v  -152.38938922 539.164130279 9.97885487091
v  -152.415839751 539.121699518 9.97885409788
f -1 -2 -4 -3
v  -151.52531625 538.65752193 9.96505303967
v  -151.557368002 538.619146349 9.96505289026
v  -150.748497592 538.036115091 9.95125167278
v  -150.774293146 537.993282983 9.95125167047
f -1 -2 -4 -3
v  -149.868993752 537.561661954 9.93745041446
v  -149.892710668 537.517644823 9.93745045181
v  -148.992277908 537.074737084 9.9301671029
v  -149.020965105 537.033785348 9.93016693618
f -1 -2 -4 -3
v  -148.222205234 536.433341064 9.92288337724
v  -148.254287384 536.394990892 9.92288341736
v  -147.453849031 535.797670162 9.91560024317
v  -147.481663219 535.756120542 9.91559989502
f -1 -2 -4 -3
v  -146.586601148 535.29872066 9.90831630722
v  -146.616935321 535.258973484 9.90831638256
v  -145.823128098 534.649403616 9.901032894
v  -145.856033993 534.611757872 9.90103286601
f -1 -2 -4 -3
v  -145.044748714 534.030136918 9.8937493504
v  -145.07096001 533.987557957 9.89374934879
v  -144.166967985 533.553523468 9.8864657791
v  -144.19049615 533.509405157 9.88646583155
f -1 -2 -4 -3
v  -143.28764504 533.071583819 9.87918251156
v  -143.315485849 533.030052032 9.87918231667
v  -142.5143884 532.433511639 9.87189886307
v  -142.546537461 532.395217542 9.87189879697
f -1 -2 -4 -3
v  -141.745415456 531.794423541 9.86461528007
v  -141.77736972 531.755966747 9.86461528007
v  -140.978973217 531.155094047 9.86717429827
v  -141.007752614 531.114207053 9.86717434178
f -1 -2 -4 -3
v  -140.111349567 530.658163327 9.86973347839
v  -140.141160942 530.618022551 9.86973340342
v  -139.34550965 530.012489715 9.87229246415
v  -139.377460754 529.974030295 9.87229246415
f -1 -2 -4 -3
v  -138.576303118 529.373486778 9.87485152551
v  -138.60825687 529.335029559 9.87485152551
v  -137.807537053 528.733065571 9.87741057991
v  -137.840259641 528.695260384 9.87741058686
f -1 -2 -4 -3
v  -137.032443099 528.108671966 9.87996964774
v  -137.05898805 528.066300212 9.87996964824
v  -136.156195384 527.630052529 9.88252873198
v  -136.179600797 527.585868973 9.88252870961
f -1 -2 -4 -3
v  -135.275319046 527.151223656 9.8850877125
v  -135.302505644 527.109260709 9.88508777031
v  -134.498967376 526.51648189 9.8876468075
v  -134.531333051 526.478370696 9.88764683242
f -1 -2 -4 -3
v  -133.730247298 525.877292222 9.89020589368
v  -133.762199868 525.83883402 9.89020589368
v  -132.961078913 525.2382451 9.90598881062
v  -132.993032428 525.199787684 9.90598881062
f -1 -2 -4 -3
v  -132.191960182 524.599138118 9.92177172756
v  -132.22391474 524.560681569 9.92177172756
v  -131.422802532 523.960079841 9.93755464451
v  -131.4547563 523.921622634 9.93755464451
f -1 -2 -4 -3
v  -130.653682901 523.32097326 9.95333756145
v  -130.685638384 523.282517478 9.95333756145
v  -129.88456848 522.681864552 9.96912047839
v  -129.916521603 522.64340681 9.96912047839
f -1 -2 -4 -3
v  -129.115361775 522.042865647 9.98490339533
v  -129.147313788 522.004406982 9.98490339533
v  -128.346241623 521.403758903 10.0006863123
v  -128.378196127 521.365302308 10.0006863123
f -1 -2 -4 -3
v  -127.577083694 520.764700771 10.0164692292
v  -127.609037594 520.726243675 10.0164692292
v  -126.807964678 520.125593627 10.0322521462
v  -126.839920118 520.08713781 10.0322521462
f -1 -2 -4 -3
v  -126.038849546 519.486485938 10.0480350631
v  -126.070802467 519.448028028 10.0480350631
v  -125.26964231 518.847487161 10.0704874403
v  -125.301594623 518.809028745 10.0704874403
f -1 -2 -4 -3
v  -124.500523132 518.208379742 10.0929398175
v  -124.532477446 518.169922989 10.0929398175
v  -123.731364896 517.569321646 10.1153921946
v  -123.763318935 517.530864665 10.1153921946
f -1 -2 -4 -3
v  -122.962246443 516.930214013 10.1378445718
v  -122.994201837 516.891758158 10.1378445718
v  -122.193129685 516.291106968 10.160296949
v  -122.22508385 516.252650091 10.160296949
f -1 -2 -4 -3
v  -121.423972077 515.652049377 10.1827493262
v  -121.455924727 515.613591242 10.1827493262
v  -120.653481686 515.011581042 10.2052013289
v  -120.688311296 514.975707677 10.2052017001
f -1 -2 -4 -3
v  -119.987295984 514.26406041 10.2276538711
v  -120.023619628 514.229700653 10.2276540818
v  -119.231002467 513.616122873 10.2501064558
v  -119.262308546 513.577136601 10.2501064577
f -1 -2 -4 -3
v  -118.460721562 512.97768466 10.2725588349
v  -118.492677197 512.939229005 10.2725588349
v  -117.691609673 512.338572242 10.2979281524
v  -117.723563601 512.300115168 10.2979281524
f -1 -2 -4 -3
v  -116.916717403 511.704351715 10.3232972852
v  -116.950240296 511.667254334 10.3232974687
v  -116.225278963 510.976898437 10.3486667097
v  -116.263620362 510.944805803 10.3486667873
f -1 -2 -4 -3
v  -115.681710669 510.14008418 10.3740358245
v  -115.71935251 510.107173821 10.3740361137
v  -114.916748722 509.502489516 10.3994054012
v  -114.948615416 509.463960127 10.3994054224
f -1 -2 -4 -3
v  -114.145928103 508.862382504 10.4247743645
v  -114.180682539 508.826436306 10.4247747372
v  -113.479422651 508.11503847 10.4501438168
v  -113.51580223 508.080737943 10.4501440591
f -1 -2 -4 -3
v  -112.72380086 507.466458576 10.475513373
v  -112.755087114 507.427456392 10.4755133751
v  -111.95340547 506.828134304 10.5008826926
v  -111.985358714 506.789676663 10.5008826926
f -1 -2 -4 -3
v  -111.17836647 506.194159428 10.5262518359
v  -111.211799192 506.156980763 10.526252009
v  -110.485846709 505.467733543 10.5628577205
v  -110.524140164 505.435583716 10.5628578221
f -1 -2 -4 -3
v  -109.94218821 504.630492285 10.5994632319
v  -109.980262178 504.598082827 10.5994636463
v  -109.176407185 503.991908004 10.6360693235
v  -109.21082249 503.955636986 10.6360694448
f -1 -2 -4 -3
v  -108.50917386 503.244822937 10.6726748292
v  -108.545679479 503.210656583 10.6726752613
v  -107.755017779 502.594864314 10.7092810679
v  -107.786257394 502.555824764 10.7092810709
f -1 -2 -4 -3
v  -106.978145323 501.962411252 10.7458865549
v  -107.011414004 501.925085727 10.7458868809
v  -106.301469092 501.22269925 10.782492327
v  -106.338929212 501.189582195 10.7824926969
f -1 -2 -4 -3
v  -105.548343319 500.572357409 10.8190984693
v  -105.57977267 500.533470446 10.819098507
v  -104.967996874 499.760894129 10.8557033895
v  -105.008720119 499.731883488 10.8557043425
f -1 -2 -4 -3
v  -104.310778492 499.012446604 10.8923101305
v  -104.346249491 498.977207305 10.8923101316
v  -103.555414573 498.362314252 10.9292606836
v  -103.586601084 498.323232267 10.9292606854
f -1 -2 -4 -3
v  -102.778012474 497.73055262 10.9662109257
v  -102.811125575 497.693089005 10.9662112372
v  -102.099576056 496.992371498 11.0031614466
v  -102.137128446 496.959359106 11.0031617946
f -1 -2 -4 -3
v  -101.363490982 496.324774143 11.0401123458
v  -101.394461552 496.285520814 11.0401123468
v  -100.567111557 495.711255427 11.0770629222
v  -100.5994876 495.673153041 11.0770629009
f -1 -2 -4 -3
v  -100.079261952 494.841280622 11.1140132084
v  -100.125497797 494.822247846 11.11401346
v  -99.3933190002 494.151870122 11.1509634563
v  -99.422679252 494.111398211 11.1509640118
f -1 -2 -4 -3
v  -98.6088847454 493.525722399 11.1879141251
v  -98.6415200227 493.487841815 11.1879145597
v  -97.9245108414 492.792857448 11.224864878
v  -97.9623365212 492.76015855 11.2248651168
f -1 -2 -4 -3
v  -97.1961493795 492.117499879 11.2618156694
v  -97.2271257204 492.078251105 11.2618156694
v  -96.4221034873 491.482941031 11.2835459467
v  -96.4540593462 491.444485562 11.2835459467
f -1 -2 -4 -3
v  -95.6455508325 490.852289781 11.3052761987
v  -95.6773299691 490.813688143 11.3052762236
v  -94.929139938 490.149850718 11.3270065435
v  -94.9664547255 490.116569993 11.3270065008
f -1 -2 -4 -3
v  -94.3588758834 489.324021321 11.3487359541
v  -94.4027002978 489.299950162 11.3487367907
v  -93.652559601 488.64280928 11.3704670091
v  -93.6827866504 488.602980578 11.3704670549
f -1 -2 -4 -3
v  -92.8706872247 488.015342218 11.3921971255
v  -92.9032479637 487.977397544 11.3921973307
v  -92.1851626786 487.283537527 11.413927483
v  -92.2230249999 487.250881063 11.4139276093
f -1 -2 -4 -3
v  -91.4581500011 486.606806294 11.4356578857
v  -91.4891342424 486.567563756 11.4356578857
v  -90.6839041191 485.972484094 11.4573881628
v  -90.7158570013 485.934026152 11.4573881628
f -1 -2 -4 -3
v  -89.9074222727 485.341798016 11.4791184176
v  -89.9391507163 485.3031547 11.4791184397
v  -89.2060009362 484.625189931 11.4847228842
v  -89.244181895 484.592906585 11.4847228702
f -1 -2 -4 -3
v  -88.4967247177 483.930150481 11.4903273006
v  -88.527981635 483.891124782 11.4903273007
v  -87.7206937 483.298070605 11.4959317312
v  -87.7526500733 483.259615564 11.4959317312
f -1 -2 -4 -3
v  -86.9400730812 482.672275747 11.5015361489
v  -86.9705965757 482.632673773 11.5015361616
v  -86.3102605974 481.898079666 11.5071405907
v  -86.35464994 481.875066925 11.5071405921
f -1 -2 -4 -3
v  -85.599534856 481.222834179 11.5127449857
v  -85.630367735 481.183472604 11.5127450224
v  -84.9084385706 480.495213822 11.5183494528
v  -84.9463128857 480.462571269 11.518349453
f -1 -2 -4 -3
v  -84.1818146224 479.818082511 11.5239538834
v  -84.2128045764 479.778844484 11.5239538834
v  -83.4075142004 479.183831327 11.5295583138
v  -83.4394630066 479.145369999 11.5295583138
f -1 -2 -4 -3
v  -82.6383601975 478.544760174 11.5351627443
v  -82.6703165595 478.506305123 11.5351627443
v  -81.8692188605 477.905685484 11.5385451539
v  -81.9011712667 477.867227146 11.5385451539
f -1 -2 -4 -3
v  -81.1000839104 477.266595654 11.5419275634
v  -81.1320396877 477.228140117 11.5419275634
v  -80.3309749215 476.627478254 11.545309973
v  -80.3629304571 476.589022517 11.545309973
f -1 -2 -4 -3
v  -79.5617937687 475.988454226 11.5486923826
v  -79.5937426573 475.949992966 11.5486923826
v  -78.7851939589 475.357808724 11.5520747878
v  -78.8170142512 475.319241004 11.5520747921
f -1 -2 -4 -3
v  -78.0859327292 474.639084277 11.555457207
v  -78.1240894797 474.606772323 11.5554572017
v  -77.3743752057 473.946419245 11.5588396113
v  -77.4055827487 473.907354053 11.5588396113
f -1 -2 -4 -3
v  -76.5985562415 473.314054511 11.5622220209
v  -76.6305119126 473.275598886 11.5622220209
v  -75.8294198623 472.67497291 11.5656044304
v  -75.861372505 472.636514769 11.5656044304
f -1 -2 -4 -3
v  -75.0602542215 472.035923819 11.56898684
v  -75.0922064974 471.997465373 11.56898684
v  -74.291088377 471.396874183 11.5789401798
v  -74.3230410632 471.358416078 11.5789401798
f -1 -2 -4 -3
v  -73.5219504144 470.757788337 11.5888935197
v  -73.5539061192 470.719332741 11.5888935197
v  -72.7528380707 470.118674792 11.5988468595
v  -72.7847937152 470.080219145 11.5988468595
f -1 -2 -4 -3
v  -71.9837007087 469.479594374 11.6088001993
v  -72.0156533247 469.441136211 11.6088001993
v  -71.2145349394 468.840545409 11.6187535391
v  -71.2464872167 468.802086965 11.6187535391
f -1 -2 -4 -3
v  -70.4453692176 468.201495594 11.628706879
v  -70.4773219361 468.163037516 11.628706879
v  -69.676232239 467.562408577 11.6386602188
v  -69.7081879634 467.523952996 11.6386602188
f -1 -2 -4 -3
v  -68.9071198922 466.923295085 11.6486135586
v  -68.9390755073 466.884839413 11.6486135586
v  -68.1379783448 466.284219991 11.6585668985
v  -68.1699306498 466.245761569 11.6585668985
f -1 -2 -4 -3
v  -67.3688448981 465.645127772 11.6685202383
v  -67.4008011434 465.606672625 11.6685202383
v  -66.5996758701 465.006090137 11.6701660287
v  -66.6316244985 464.967628661 11.6701660287
f -1 -2 -4 -3
v  -65.8305111978 464.367031823 11.6718118191
v  -65.8624673845 464.328576627 11.6718118191
v  -65.0614017089 463.727915394 11.6734576095
v  -65.0933572918 463.689459696 11.6734576095
f -1 -2 -4 -3
v  -64.2922590705 463.088841563 11.6751033999
v  -64.3242113927 463.050383155 11.6751033999
v  -63.5231236015 462.449752098 11.6767491903
v  -63.5550795496 462.411296704 11.6767491903
f -1 -2 -4 -3
v  -62.7539862008 461.810672092 11.6783949806
v  -62.7859387619 461.772213883 11.6783949806
v  -61.9848201615 461.171623388 11.680040771
v  -62.016772447 461.13316495 11.680040771
f -1 -2 -4 -3
v  -61.2156547737 460.532573091 11.6816865614
v  -61.247607579 460.494115085 11.6816865614
v  -60.4465201417 459.893483302 11.6833323518
v  -60.4784759013 459.855027751 11.6833323518
f -1 -2 -4 -3
v  -59.6774077229 459.254370016 11.6849781422
v  -59.7093632559 459.215914276 11.6849781422
v  -58.908263582 458.615297908 11.6669002695
v  -58.9402159379 458.576839529 11.6669002695
f -1 -2 -4 -3
v  -58.1538661388 457.953670907 11.6488221067
v  -58.1866657674 457.915932539 11.6488223997
v  -57.2776944418 457.517461944 11.6307445826
v  -57.2914426604 457.469389223 11.6307445237
f -1 -2 -4 -3
v  -56.3781863836 457.078891428 11.612666676
v  -56.410738316 457.040939199 11.6126666517
v  -55.6247224039 456.417562201 11.594588779
v  -55.656677887 456.37910642 11.594588779
f -1 -2 -4 -3
v  -54.8556096218 455.778448827 11.5765109062
v  -54.8875653935 455.739993286 11.5765109062
v  -54.0864791289 455.139360028 11.5584330336
v  -54.1184319852 455.100902064 11.5584330336
f -1 -2 -4 -3
v  -53.3173145051 454.500309913 11.5403551609
v  -53.3492667976 454.461851481 11.5403551609
v  -52.5481480989 453.861261122 11.5222772883
v  -52.5801006363 453.822802893 11.5222772883
f -1 -2 -4 -3
v  -51.7790059267 453.222179975 11.5041994156
v  -51.8109618434 453.183724554 11.5041994156
v  -51.0145176361 452.575832775 11.472661237
v  -51.0475252682 452.538276201 11.4726612154
f -1 -2 -4 -3
v  -50.2033315933 452.00905651 11.441123018
v  -50.2253918542 451.964186198 11.4411230152
v  -49.3725293363 451.447882622 11.4095848172
v  -49.4054205098 451.410224014 11.4095848151
f -1 -2 -4 -3
v  -48.60994306 450.801190592 11.3780466149
v  -48.6418916586 450.762729091 11.3780466149
v  -47.8489041889 450.150320253 11.3465083335
v  -47.8816795742 450.112560829 11.3465084151
f -1 -2 -4 -3
v  -47.0261289846 449.597009961 11.3149702162
v  -47.0498544096 449.552997415 11.3149702145
v  -46.1416327484 449.129357809 11.283432028
v  -46.1644625065 449.08487408 11.2834320143
f -1 -2 -4 -3
v  -45.2942403949 448.593422341 11.2518936265
v  -45.3263432697 448.555089517 11.2518938134
v  -44.5329839267 447.944122888 11.220355614
v  -44.5649368506 447.90566498 11.220355614
f -1 -2 -4 -3
v  -43.7638181137 447.305074677 11.1888174138
v  -43.7957700095 447.266615915 11.1888174138
v  -42.9986345671 446.659588902 11.167015136
v  -43.03168582 446.622070711 11.1670151079
f -1 -2 -4 -3
v  -42.1930562585 446.084501878 11.1452128022
v  -42.2152416459 446.0396933 11.1452128022
v  -41.3568346999 445.531579193 11.1234104977
v  -41.3896116383 445.493821117 11.1234104963
f -1 -2 -4 -3
v  -40.6070421748 444.864081078 11.1016082496
v  -40.6407406578 444.827143127 11.1016081899
v  -39.753086267 444.389354742 11.0798058981
v  -39.767184669 444.341383552 11.0798058845
f -1 -2 -4 -3
v  -38.8347020369 443.98710318 11.0580035887
v  -38.8657926521 443.947944864 11.0580035789
v  -38.08038113 443.325366395 11.0362012728
v  -38.112330479 443.286905517 11.036201273
f -1 -2 -4 -3
v  -37.3137275924 442.681821216 11.014399014
v  -37.3467677822 442.644293282 11.0143989671
v  -36.5196122785 442.089300682 10.9925966653
v  -36.5424114339 442.04480126 10.9925966613
f -1 -2 -4 -3
v  -35.6822083695 441.536692549 10.9707942647
v  -35.7167861821 441.500576418 10.9707943598
v  -34.8549720014 441.018920059 10.9673528281
v  -34.8698171305 440.971174671 10.9673528279
f -1 -2 -4 -3
v  -33.9232406577 440.644137305 10.9639113327
v  -33.9526785217 440.60372181 10.9639113009
v  -33.167238919 439.982194575 10.9604697816
v  -33.2001119125 439.944520097 10.9604697728
f -1 -2 -4 -3
v  -32.3841693159 439.372189786 10.9570282478
v  -32.4081536125 439.328317774 10.9570282452
v  -31.5274502525 438.852268265 10.9535867348
v  -31.5593500644 438.813766291 10.9535867178
f -1 -2 -4 -3
v  -30.7726009982 438.19065502 10.9501452809
v  -30.8068629392 438.154239098 10.9501451894
v  -29.9559304332 437.649980584 10.9467036676
v  -29.9719369399 437.602611905 10.9467036625
f -1 -2 -4 -3
v  -29.0143832517 437.2971147 10.9432621318
v  -29.0424252391 437.255718481 10.9432621349
v  -28.2470043741 436.657295482 10.9398206114
v  -28.2726949552 436.614400331 10.9398206074
f -1 -2 -4 -3
v  -27.3849153025 436.146918523 10.9363791257
v  -27.4171374518 436.108685905 10.9363790802
v  -26.6041478292 435.534398055 10.9409146283
v  -26.6275467838 435.490211078 10.94091463
f -1 -2 -4 -3
v  -25.7560736232 435.000026204 10.9454501931
v  -25.7895495469 434.962886434 10.94545018
v  -24.9630724267 434.404544964 10.9499857292
v  -24.987714522 434.36103902 10.9499857301
f -1 -2 -4 -3
v  -24.0806111645 433.93363134 10.9545212789
v  -24.1043591441 433.88963096 10.9545212802
v  -23.2158275428 433.425433869 10.9590567427
v  -23.2473654904 433.386634927 10.9590568295
f -1 -2 -4 -3
v  -22.440624063 432.803048442 10.9635923776
v  -22.4649240973 432.759350521 10.9635923803
v  -21.5878092055 432.275205477 10.9681278241
v  -21.6218782524 432.238609029 10.9681279306
f -1 -2 -4 -3
v  -20.7834754578 431.715854601 10.9726634718
v  -20.7998591189 431.668615045 10.9726634806
v  -19.8397783864 431.368413391 10.977199036
v  -19.8670906435 431.326532123 10.9771990307
f -1 -2 -4 -3
v  -19.0723162223 430.727495854 10.9817345734
v  -19.098520345 430.684912477 10.9817345808
v  -18.2086787692 430.220118366 10.991072176
v  -18.2406520669 430.181677395 10.9910722772
f -1 -2 -4 -3
v  -17.4317272364 429.599715985 11.0004099717
v  -17.4568054375 429.556459958 11.0004099753
v  -16.5509271239 429.125817319 11.0097476726
v  -16.5751523128 429.08207786 11.0097476726
f -1 -2 -4 -3
v  -15.6762264457 428.641438394 11.0190853637
v  -15.7002032806 428.597562302 11.01908537
v  -14.8084774827 428.13902677 11.0284229369
v  -14.8388400548 428.099301284 11.0284230663
f -1 -2 -4 -3
v  -14.0455789773 427.487910215 11.0377606212
v  -14.0791991146 427.450900941 11.0377607647
v  -13.261055564 426.888628656 11.0470984202
v  -13.2806707269 426.842636859 11.0470984625
f -1 -2 -4 -3
v  -12.3116798953 426.563504253 11.0564360513
v  -12.3338275897 426.518677034 11.0564361573
v  -11.5333238597 425.930449179 11.0657738101
v  -11.5635057157 425.890586219 11.0657738575
f -1 -2 -4 -3
v  -10.666688439 425.433731997 11.0751115441
v  -10.696386514 425.393507323 11.075111554
v  -9.897458732 424.797322265 11.0922952574
v  -9.9247594873 424.755433499 11.0922958673
f -1 -2 -4 -3
v  -9.02131250135 424.318392457 11.1094801695
v  -9.04554129022 424.274654993 11.1094801695
v  -8.14656035255 423.833822757 11.1266644771
v  -8.17078836817 423.790084864 11.1266644771
f -1 -2 -4 -3
v  -7.26966330239 423.347988809 11.1438482302
v  -7.29812262068 423.306878382 11.1438487785
v  -6.50038410168 422.709192871 11.1610319645
v  -6.52874596429 422.66801515 11.1610331114
f -1 -2 -4 -3
v  -5.63367591778 422.208507377 11.1782179492
v  -5.66530718187 422.169784475 11.1782174063
v  -4.85735202832 421.594239222 11.195401654
v  -4.8776576202 421.548548053 11.1954017085
f -1 -2 -4 -3
v  -3.90827500673 421.270398943 11.2125862821
v  -3.92964893082 421.225197667 11.2125860205
v  -3.1264220839 420.641588902 11.2297702473
v  -3.15723597267 420.602212459 11.2297703244
f -1 -2 -4 -3
v  -2.26072484078 420.144450453 11.246954574
v  -2.29018047204 420.104047906 11.2469546299
v  -1.49211227649 419.511736916 11.2608176541
v  -1.51511287812 419.467341282 11.2608176861
f -1 -2 -4 -3
v  -0.546892541436 419.186283803 11.274680722
v  -0.565813876496 419.14000224 11.2746807399
v  0.250061183247 418.578105943 11.288543776
v  0.217449619846 418.540204941 11.2885437951
f -1 -2 -4 -3
v  1.10873432284 418.075716945 11.3024067961
v  1.08181954154 418.033579141 11.3024068487
v  1.88051512992 417.437624073 11.3162698909
v  1.85094850525 417.39730268 11.3162699043
f -1 -2 -4 -3
v  2.74927582728 416.949543129 11.3301329589
v  2.72504702102 416.905805675 11.3301329589
v  3.62402710749 416.464971703 11.3439960135
v  3.59979894035 416.421233894 11.3439960135
f -1 -2 -4 -3
v  4.5045864933 415.987351225 11.3578588822
v  4.47817071477 415.944898821 11.3578590663
v  5.27961343644 415.352239889 11.3717221121
v  5.24896781457 415.312732347 11.3717221229
f -1 -2 -4 -3
v  6.1430969415 414.857390033 11.3855851775
v  6.11886877215 414.813652226 11.3855851775
v  7.01784342219 414.372811255 11.383101316
v  6.99361700398 414.329072478 11.383101316
f -1 -2 -4 -3
v  7.89262998742 413.888303847 11.3806174546
v  7.86840447654 413.844564567 11.3806174546
v  8.77163710522 413.407033083 11.3781336426
v  8.74419983006 413.365233611 11.3781335936
f -1 -2 -4 -3
v  9.54283444913 412.768654256 11.3756498871
v  9.51328668302 412.728319041 11.3756497299
v  10.4117056104 412.280729763 11.3731658701
v  10.3874776677 412.23699183 11.3731658701
f -1 -2 -4 -3
v  11.2864590383 411.796160477 11.3706820087
v  11.2622302624 411.752423005 11.3706820087
v  12.166969275 411.318436975 11.3681981807
v  12.1405354732 411.27599579 11.3681981476
f -1 -2 -4 -3
v  12.9419947399 410.683345643 11.3657142877
v  12.9113714894 410.643820758 11.3657142857
v  13.8073104079 410.186358231 11.3632304333
v  13.7785669189 410.145445985 11.3632304244
f -1 -2 -4 -3
v  14.5749122185 409.550273503 11.3607465683
v  14.5511147336 409.506299878 11.3607465621
v  15.5183386928 409.22276139 11.3435949005
v  15.5000112492 409.17624145 11.3435948723
f -1 -2 -4 -3
v  16.3200461421 408.621554851 11.326443193
v  16.2870485917 408.583989419 11.3264431809
v  17.1759758294 408.116290518 11.3092915518
v  17.1496762892 408.073766005 11.3092914911
f -1 -2 -4 -3
v  17.9493984135 407.479456946 11.2921398172
v  17.9193664529 407.439480937 11.2921397991
v  18.8160343941 406.988897611 11.2749881099
v  18.7920325515 406.945035194 11.2749881084
f -1 -2 -4 -3
v  19.698517242 406.515604802 11.2578365005
v  19.6732151667 406.472479346 11.257836418
v  20.4884339427 405.898198416 11.2406847292
v  20.4556752716 405.86042449 11.2406847267
f -1 -2 -4 -3
v  21.3397801653 405.387685482 11.2235330795
v  21.3147342932 405.344410729 11.2235330364
v  22.1180527582 404.755651687 11.2063813627
v  22.0870752534 404.716403831 11.2063813448
f -1 -2 -4 -3
v  22.9793830781 404.258088974 11.1892296623
v  22.9552843727 404.214279701 11.1892296541
v  23.854241383 403.773558891 11.1712163356
v  23.8300161741 403.729819444 11.1712163356
f -1 -2 -4 -3
v  24.7358283226 403.298888329 11.1532031565
v  24.7105842394 403.2557289 11.1532030182
v  25.5182848605 402.672007019 11.1351897078
v  25.4864687007 402.63343589 11.1351896984
f -1 -2 -4 -3
v  26.3774464023 402.170122674 11.1171764324
v  26.3509342896 402.127730365 11.1171763808
v  27.1454503449 401.52853405 11.0991631568
v  27.1185783632 401.486368939 11.0991630599
f -1 -2 -4 -3
v  28.0799822681 401.189009328 11.0811498053
v  28.063366799 401.141850806 11.0811497434
v  28.899105391 400.614446684 11.0631364256
v  28.8651451107 400.577749281 11.0631364244
f -1 -2 -4 -3
v  29.7440802408 400.096171633 11.0451231565
v  29.719547977 400.052603663 11.0451231064
v  30.5182540323 399.458183493 11.0271098864
v  30.4885598551 399.417955942 11.0271097862
f -1 -2 -4 -3
v  31.4384019539 399.096971185 11.0090965711
v  31.4232222969 399.049331097 11.009096469
v  32.2787414902 398.556595101 10.9924234104
v  32.2442253723 398.520420005 10.9924233842
f -1 -2 -4 -3
v  33.1090558858 398.018896064 10.9757503326
v  33.085946485 397.974556966 10.9757503003
v  33.9094062864 397.41389688 10.9590772159
v  33.8763993693 397.376339678 10.9590772159
f -1 -2 -4 -3
v  34.6598979135 396.750594525 10.942403752
v  34.6292353736 396.711100113 10.9424041349
v  35.5659476281 396.364936265 10.9257311424
v  35.5516860821 396.317013324 10.9257310469
f -1 -2 -4 -3
v  36.427578339 395.860298912 10.9090580105
v  36.3930158542 395.824168113 10.9090579625
v  37.2427202533 395.301129704 10.892384895
v  37.2204267876 395.2563748 10.8923848785
f -1 -2 -4 -3
v  38.0484002043 394.704113852 10.875711795
v  38.015247836 394.66668498 10.8757117942
v  38.8828724749 394.170821066 10.8590387138
v  38.8600238841 394.126347008 10.8590387098
f -1 -2 -4 -3
v  39.7605325246 393.689454485 10.8423656255
v  39.7363038767 393.645716943 10.8423656255
v  40.6408826315 393.214918359 10.8254091853
v  40.6176039586 393.170667897 10.8254091825
f -1 -2 -4 -3
v  41.4502299755 392.623121359 10.8084527396
v  41.4167916022 392.585947778 10.8084527396
v  42.2825122812 392.087985271 10.7914963214
v  42.2596576174 392.043514333 10.7914962967
f -1 -2 -4 -3
v  43.0704629705 391.465473167 10.7745398888
v  43.0382281458 391.427251235 10.7745398533
v  43.967800052 391.06768224 10.7575835202
v  43.9537181274 391.019706211 10.7575834102
f -1 -2 -4 -3
v  44.8357656466 390.573926258 10.7406270181
v  44.8012805983 390.537721542 10.7406269675
v  45.6463679087 390.008112458 10.723670537
v  45.6242116354 389.963289478 10.7236705248
f -1 -2 -4 -3
v  46.4637864925 389.427144756 10.7067140827
v  46.4307400708 389.389622309 10.7067140818
v  47.2125620481 388.759638524 10.6897572674
v  47.1801125409 388.721598683 10.6897576424
f -1 -2 -4 -3
v  48.0950315192 388.334191263 10.6728012641
v  48.0812732699 388.286121412 10.6728011954
v  48.9838606968 387.877177438 10.6564307631
v  48.9499454623 387.840438401 10.6564307232
f -1 -2 -4 -3
v  49.7797669241 387.289138397 10.640060252
v  49.757713213 387.244264865 10.6400602505
v  50.6036670674 386.718080497 10.6236897783
v  50.5700881108 386.681033855 10.6236897778
f -1 -2 -4 -3
v  51.4209482412 386.160278714 10.6073193055
v  51.3981443777 386.115781705 10.6073193051
v  52.3006571274 385.682175353 10.5909488324
v  52.2764342328 385.638434624 10.5909488324
f -1 -2 -4 -3
v  53.1791328552 385.20510741 10.5745783399
v  53.1563099366 385.160620171 10.5745783597
v  54.0056441596 384.637611812 10.5582078881
v  53.9720559469 384.600573562 10.5582078869
f -1 -2 -4 -3
v  54.8196837338 384.076789734 10.5418374223
v  54.797602418 384.03192978 10.5418374142
v  55.6256765503 383.47814834 10.5254669423
v  55.5918613046 383.44131725 10.5254669415
f -1 -2 -4 -3
v  56.4968211994 383.036661833 10.5090965289
v  56.4830709744 382.988589686 10.5090964682
v  57.3916446483 382.590478856 10.491946173
v  57.3579985705 382.553493163 10.4919461371
f -1 -2 -4 -3
v  58.1835019446 381.996071775 10.4747958055
v  58.1613685395 381.951237498 10.4747958051
v  59.0115467382 381.431119232 10.4576454742
v  58.9779475933 381.394090899 10.4576454733
f -1 -2 -4 -3
v  59.8249266855 380.867612855 10.4404951416
v  59.802068447 380.823143754 10.4404951416
v  60.7112065441 380.401377023 10.4233448687
v  60.6879193219 380.35713106 10.4233448097
f -1 -2 -4 -3
v  61.5558119113 379.860492424 10.4061943946
v  61.5228359666 379.822908025 10.4061944775
v  62.3456932234 379.263155243 10.3890441466
v  62.3232263785 379.218487124 10.389044146
f -1 -2 -4 -3
v  63.182518399 378.711402137 10.3718934999
v  63.1489661222 378.674331331 10.3718938146
v  63.9875732432 378.135544739 10.3547434826
v  63.9645134942 378.091179798 10.3547434823
f -1 -2 -4 -3
v  64.8684440086 377.659570986 10.3375931505
v  64.844215387 377.615833429 10.3375931505
v  65.7454063095 377.180115088 10.3208498325
v  65.7226286997 377.135604635 10.3208498494
f -1 -2 -4 -3
v  66.5842746485 376.630832438 10.3019833885
v  66.5509054224 376.593596773 10.3019836864
v  67.3852532148 376.050619314 10.2831175245
v  67.363154552 376.005767903 10.2831175238
f -1 -2 -4 -3
v  68.2055386758 375.472311531 10.2642513638
v  68.1711180371 375.436045574 10.2642513609
v  69.0567797059 374.99671635 10.245385218
v  69.042787801 374.94871399 10.2453851979
f -1 -2 -4 -3
v  69.9692821307 374.583437922 10.2265190537
v  69.9367835359 374.545440009 10.2265190355
v  70.7496816443 373.970310137 10.207652874
v  70.7269853688 373.925758155 10.2076528725
f -1 -2 -4 -3
v  71.5903345485 373.424439006 10.1887864343
v  71.5568425146 373.387313763 10.1887867098
v  72.3916225941 372.842923126 10.1699205477
v  72.3684321628 372.798626355 10.1699205468
f -1 -2 -4 -3
v  73.2727839235 372.367556024 10.151054384
v  73.2485552851 372.323818476 10.151054384
v  74.1493067856 371.887351978 10.1343224028
v  74.12649087 371.842861147 10.1343224082
f -1 -2 -4 -3
v  74.9958385284 371.350077613 10.1253227735
v  74.9636941561 371.31177958 10.1253228333
v  75.7531749896 370.694465453 10.1163232763
v  75.7201266281 370.656944714 10.1163232588
f -1 -2 -4 -3
v  76.5546249092 370.111269749 10.1073236855
v  76.531067348 370.067167126 10.1073236842
v  77.4362106933 369.636983021 10.0983241095
v  77.4119842145 369.593244277 10.0983241095
f -1 -2 -4 -3
v  78.3119037272 369.155264805 10.0893245367
v  78.2889209467 369.110859943 10.0893245349
v  79.1622653312 368.623555879 10.0803249374
v  79.1294011775 368.585873689 10.0803249601
f -1 -2 -4 -3
v  79.9513361087 368.024775409 10.0713253863
v  79.9287252622 367.98018001 10.0713253855
v  80.7856958928 367.467482171 10.062325508
v  80.7511002003 367.431383167 10.0623258134
f -1 -2 -4 -3
v  81.6173280693 366.957525125 10.0533262362
v  81.6026900088 366.909715846 10.0533262362
v  82.5449532933 366.574068667 10.0518970513
v  82.5140982094 366.534724495 10.0518969864
f -1 -2 -4 -3
v  83.3169035115 365.945726962 10.0598890488
v  83.29316274 365.901722692 10.0598893675
v  84.1652542531 365.410488485 10.0678816714
v  84.1309457901 365.374116389 10.0678817442
f -1 -2 -4 -3
v  84.9764282299 364.863759389 10.075874114
v  84.9606000912 364.81633081 10.0758741233
v  85.9167710859 364.507995758 10.0838660226
v  85.8883828986 364.46683618 10.0838664912
f -1 -2 -4 -3
v  86.6843635658 363.86904639 10.0918588742
v  86.6589193492 363.826004645 10.091858882
v  87.5423511686 363.348468102 10.0998506405
v  87.5078963155 363.312234649 10.099851264
f -1 -2 -4 -3
v  88.3429898004 362.802152737 10.1078434819
v  88.3326600184 362.753231417 10.1078436424
v  89.3361272359 362.633454509 10.1158360442
v  89.3159977561 362.58768548 10.1158360207
f -1 -2 -4 -3
v  90.2197094756 362.184799994 10.123828387
v  90.2084456844 362.136085243 10.1238283995
v  91.2072991276 362.019517118 10.1473386039
v  91.1962405198 361.970755379 10.1473385582
f -1 -2 -4 -3
v  92.1687456395 361.734337826 10.1708486766
v  92.1515003219 361.687405971 10.1708487168
v  93.1047914709 361.385184978 10.1943585691
v  93.0894610757 361.337593182 10.1943588798
f -1 -2 -4 -3
v  94.0579976941 361.077883967 10.2178687041
v  94.0334305398 361.034335662 10.2178690314
v  94.9420670819 360.620842617 10.2413791923
v  94.9239240236 360.574250456 10.2413791932
f -1 -2 -4 -3
v  95.88510008 360.293994025 10.2648889229
v  95.8712038661 360.245963875 10.2648893547
v  96.846065796 360.013463191 10.2883994611
v  96.829927435 359.966139272 10.2883995107
f -1 -2 -4 -3
v  97.7803743529 359.646855453 10.3119086599
v  97.7568609846 359.602729253 10.3119096553
v  98.6663687252 359.21343893 10.3354197824
v  98.6568342999 359.1643564 10.3354198288
f -1 -2 -4 -3
v  99.6554241385 359.036553835 10.3589279254
v  99.6370492075 358.990052632 10.3589299308
v  100.535051712 358.560281276 10.3838877418
v  100.515974222 358.514063862 10.3838877438
f -1 -2 -4 -3
v  101.474365904 358.221495295 10.4088454985
v  101.458581708 358.174052075 10.4088455005
v  102.43496357 357.942681192 10.4338032932
v  102.418132746 357.895599101 10.4338032573
f -1 -2 -4 -3
v  103.371026086 357.591459875 10.4587609826
v  103.354788094 357.544170049 10.458761014
v  104.32852321 357.295612068 10.4837180784
v  104.304475092 357.251775006 10.4837187611
f -1 -2 -4 -3
v  105.217131027 356.872205318 10.508676489
v  105.208396304 356.822974183 10.5086765276
v  106.20492731 356.68595032 10.5336343384
v  106.184122063 356.64048449 10.5336342855
f -1 -2 -4 -3
v  107.089215445 356.24366756 10.5585919984
v  107.079575508 356.194605644 10.5585920411
v  108.078516243 356.067329319 10.5835469612
v  108.059873872 356.020934686 10.5835497071
f -1 -2 -4 -3
v  108.961552684 355.613624048 10.608507507
v  108.949722173 355.565043815 10.6085075542
v  109.948641968 355.448084123 10.6246114775
v  109.937693751 355.39929748 10.6246112057
f -1 -2 -4 -3
v  110.915021273 355.198482041 10.6407147599
v  110.907080495 355.149116628 10.6407148527
v  111.901505296 355.009386215 10.656816899
v  111.883288325 354.962822904 10.6568184497
f -1 -2 -4 -3
v  112.78454024 354.55376684 10.6729221241
v  112.772164118 354.505322731 10.6729221502
v  113.770493481 354.389014281 10.6890261742
v  113.761429421 354.339842716 10.6890258012
f -1 -2 -4 -3
v  114.755172352 354.211664136 10.7051294296
v  114.745254216 354.162657702 10.705129448
v  115.722113948 353.956741066 10.7212329769
v  115.711600463 353.907858895 10.7212330975
f -1 -2 -4 -3
v  116.705984604 353.779521555 10.7373367926
v  116.696221393 353.730484021 10.7373367462
v  117.672904607 353.524842306 10.7534402641
v  117.66268531 353.475897787 10.7534403955
f -1 -2 -4 -3
v  118.657120567 353.347905166 10.7695440596
v  118.647098716 353.298919836 10.7695440441
v  119.623773271 353.093246623 10.7803254085
v  119.613830342 353.044245213 10.7803254889
f -1 -2 -4 -3
v  120.608256647 352.916192243 10.791106932
v  120.59795219 352.867265582 10.7911069333
v  121.573314478 352.680985685 10.8018883669
v  121.571246838 352.631028454 10.8018883781
f -1 -2 -4 -3
v  122.575140944 352.692045531 10.8126697531
v  122.570669162 352.642245901 10.8126698218
v  123.562964934 352.516768257 10.8234512751
v  123.55204629 352.467974987 10.8234512673
f -1 -2 -4 -3
v  124.529280869 352.259911311 10.8342327132
v  124.518464923 352.211095173 10.834232712
v  125.509590993 352.071656793 10.8450140552
v  125.502889683 352.022107904 10.845014157
f -1 -2 -4 -3
v  126.507671205 352.043421957 10.8557956
v  126.501307828 351.993828536 10.8557956013
v  127.492850211 351.857893137 10.8665770403
v  127.482046895 351.809074203 10.8665770459
f -1 -2 -4 -3
v  128.457490549 351.620472414 10.8773584795
v  128.455187925 351.570525463 10.8773584907
v  129.459073362 351.632042165 10.8904589026
v  129.454886013 351.582217812 10.8904589006
f -1 -2 -4 -3
v  130.447247624 351.458235743 10.9035593271
v  130.436333717 351.409441413 10.9035593105
v  131.410995359 351.204074992 10.9166589608
v  131.406055504 351.154319612 10.9166597306
f -1 -2 -4 -3
v  132.410289556 351.216056989 10.9297601222
v  132.408073907 351.166106104 10.9297601304
v  133.381207848 350.987176173 10.9428604935
v  133.377626381 350.937304607 10.9428605409
f -1 -2 -4 -3
v  134.381469041 350.999484001 10.9559613769
v  134.378621637 350.949565143 10.9559609555
v  135.371391144 350.834078266 10.9690614281
v  135.360528374 350.785272526 10.9690613603
f -1 -2 -4 -3
v  136.335452092 350.574123361 10.9821609923
v  136.328303643 350.524637003 10.9821617853
v  137.33268335 350.581307583 10.9952621662
v  137.331661288 350.531318031 10.9952621802
f -1 -2 -4 -3
v  138.30506911 350.355407275 11.0083625137
v  138.300092119 350.305655596 11.0083625914
v  139.304325713 350.367317732 11.021836726
v  139.302139997 350.317365528 11.0218367346
f -1 -2 -4 -3
v  140.277538368 350.128470698 11.0353108788
v  140.26663404 350.079674227 11.0353108791
v  141.257799643 349.942635575 11.0487847926
v  141.252091389 349.892962486 11.0487850246
f -1 -2 -4 -3
v  142.255292309 349.946015306 11.0622591607
v  142.255036259 349.896015961 11.0622591678
v  143.23256383 349.728896516 11.0757332562
v  143.22058524 349.680352583 11.075733313
f -1 -2 -4 -3
v  144.211531795 349.535020327 11.0892072909
v  144.204286806 349.48554801 11.0892074572
v  145.208866249 349.505598297 11.1026815985
v  145.203113486 349.455930343 11.1026816009
f -1 -2 -4 -3
v  146.195397306 349.326619609 11.1161557356
v  146.184645736 349.277789252 11.1161557453
v  147.161664035 349.070366957 11.1296298416
v  147.151208426 349.021472374 11.1296298898
f -1 -2 -4 -3
v  148.144557738 348.890634839 11.1431040395
v  148.135751155 348.841416508 11.1431040341
v  149.129462361 348.714874436 11.1466304982
v  149.119987429 348.665780387 11.1466305013
f -1 -2 -4 -3
v  150.098047991 348.462828165 11.1501569326
v  150.086025298 348.414295136 11.1501569688
v  151.080070018 348.282213746 11.1536834674
v  151.070941772 348.233054057 11.1536834358
f -1 -2 -4 -3
v  152.04845127 348.029983958 11.1572098426
v  152.03703592 347.981304498 11.1572099034
v  153.031276897 347.851089984 11.1607363934
v  153.021945533 347.801968445 11.1607363701
f -1 -2 -4 -3
v  153.99895716 347.597600814 11.164262805
v  153.988174118 347.548777398 11.1642628374
v  154.982462707 347.419810337 11.1677893188
v  154.972908065 347.370731738 11.1677893045
f -1 -2 -4 -3
v  155.951321974 347.160481165 11.1713157644
v  155.935255768 347.113132701 11.1713157716
v  156.888268724 346.809393526 11.1748422396
v  156.871304839 346.762359213 11.1748422388
f -1 -2 -4 -3
v  157.84760608 346.530334594 11.178368684
v  157.831684677 346.482937243 11.1783687059
v  158.784807955 346.179578829 11.1763971998
v  158.767740779 346.132581898 11.1763972004
f -1 -2 -4 -3
v  159.743887968 345.900222984 11.1744256354
v  159.728120399 345.852774235 11.1744256946
v  160.68139951 345.549944014 11.1724541885
v  160.664231781 345.502983721 11.1724541892
f -1 -2 -4 -3
v  161.64000429 345.269918886 11.170482622
v  161.624588672 345.222354628 11.1704826831
v  162.584133495 344.934041768 11.1685111882
v  162.565438905 344.887668151 11.1685111781
f -1 -2 -4 -3
v  163.473997063 344.472485598 11.1665396803
v  163.448924847 344.429226102 11.1665396724
v  164.345892082 343.988289058 11.1645682104
v  164.325679419 343.942556704 11.1645681665
f -1 -2 -4 -3
v  165.285521647 343.649372599 11.162596628
v  165.267873226 343.602590837 11.1625966611
v  166.180895567 343.193439213 11.160625138
v  166.153444016 343.151649114 11.1606251556
f -1 -2 -4 -3
v  166.948366877 342.550839546 11.1586536568
v  166.920734912 342.509168519 11.1586536506
v  167.872532592 342.192993107 11.1688493276
v  167.856988786 342.145470585 11.168849351
f -1 -2 -4 -3
v  168.780183237 341.760780488 11.1790452673
v  168.753712469 341.71836235 11.179045053
v  169.567136552 341.13884543 11.189240737
v  169.53427442 341.101161478 11.1892407529
f -1 -2 -4 -3
v  170.32709392 340.489944043 11.1994363987
v  170.296351079 340.450512105 11.1994364541
v  171.189317129 339.990750163 11.2096321311
v  171.162512725 339.94854206 11.2096321544
f -1 -2 -4 -3
v  171.965365959 339.355314283 11.2198277209
v  171.933051471 339.317159679 11.2198278562
v  172.73785693 338.718032714 11.230023466
v  172.703642862 338.681571809 11.2300235559
f -1 -2 -4 -3
v  173.406971441 337.972303615 11.2402191493
v  173.37016763 337.938458682 11.2402192581
v  174.157208317 337.318618001 11.2504149577
v  174.126073763 337.279494612 11.2504149585
f -1 -2 -4 -3
v  174.935176089 336.687591772 11.2606105773
v  174.902218 336.649991714 11.2606106589
v  175.615375704 335.950960501 11.2859152054
v  175.577728716 335.918056028 11.2859154237
f -1 -2 -4 -3
v  176.372290567 335.303379854 11.3112201326
v  176.341294451 335.264146694 11.3112201857
v  176.873524045 334.443190679 11.3365249049
v  176.827002552 334.42486718 11.3365249507
f -1 -2 -4 -3
v  177.556808605 333.754350817 11.3618290807
v  177.527037955 333.714179828 11.361829714
v  178.279729137 333.053102897 11.3871347754
v  178.242034681 333.020252813 11.3871344779
f -1 -2 -4 -3
v  178.760299122 332.172829886 11.4124392387
v  178.713460888 332.15533189 11.4124392399
v  179.429816853 331.476480485 11.4377427201
v  179.400634645 331.435880008 11.4377440024
f -1 -2 -4 -3
v  179.945824779 330.62675341 11.4630487815
v  179.899194912 330.608707482 11.4630487664
v  180.561255242 329.860778508 11.4883533676
v  180.525892451 329.825430622 11.48835353
f -1 -2 -4 -3
v  181.065049196 328.996892932 11.5136582935
v  181.018248634 328.979294427 11.5136582935
v  181.656863851 328.216199741 11.5431641345
v  181.621946402 328.18041187 11.5431642851
f -1 -2 -4 -3
v  182.207535523 327.381164923 11.5726702259
v  182.160973879 327.362943691 11.5726702758
v  182.583018836 326.450806227 11.6021769715
v  182.537237527 326.43070469 11.6021762603
f -1 -2 -4 -3
v  183.184867317 325.673962621 11.6316821436
v  183.149968425 325.638156653 11.6316822583
v  183.737617019 324.840291167 11.6611881994
v  183.691070561 324.822031176 11.661188249
f -1 -2 -4 -3
v  184.112996348 323.90978935 11.6906949325
v  184.067177436 323.889773674 11.6906942336
v  184.720024024 323.136505408 11.7202000003
v  184.685447686 323.100387866 11.7202002321
f -1 -2 -4 -3
v  185.238970426 322.285332232 11.7497061162
v  185.191181316 322.270628456 11.7497062222
v  185.576961366 321.345550597 11.7792120998
v  185.531510101 321.324713549 11.7792122134
f -1 -2 -4 -3
v  185.977216461 320.425736566 11.808718146
v  185.930767758 320.407229324 11.8087182045
v  186.531423248 319.618222999 11.8222319728
v  186.496641297 319.582303424 11.8222319873
f -1 -2 -4 -3
v  187.13223907 318.81725026 11.8357457571
v  187.086230008 318.797675627 11.83574577
v  187.507346234 317.884834516 11.8492594927
v  187.460881131 317.866368488 11.8492595534
f -1 -2 -4 -3
v  188.05953003 317.075990788 11.8627733229
v  188.024733703 317.040085139 11.8627733359
v  188.665578315 316.278138547 11.8762871063
v  188.619873376 316.257863968 11.8762871186
f -1 -2 -4 -3
v  189.024600948 315.339937457 11.8898008418
v  188.977324095 315.323661734 11.8898009015
v  189.368575636 314.400457458 11.9033146685
v  189.321915014 314.382491202 11.9033146845
f -1 -2 -4 -3
v  189.879308954 313.56280115 11.9168284649
v  189.843774803 313.527625532 11.9168284673
v  190.521676112 312.792029234 11.9303422891
v  190.476739736 312.77010386 11.9303422507
f -1 -2 -4 -3
v  190.90414634 311.861949493 11.9438557138
v  190.857483559 311.843988843 11.9438560341
v  191.407484229 311.020640746 11.9510047777
v  191.371896736 310.985519096 11.9510047793
f -1 -2 -4 -3
v  192.051347979 310.251006194 11.9581535217
v  192.006471951 310.228957562 11.9581535255
v  192.434337758 309.321135814 11.9653021054
v  192.387675881 309.303172819 11.9653022729
f -1 -2 -4 -3
v  192.935697263 308.478491088 11.9724510161
v  192.900058373 308.443421592 11.9724510182
v  193.581035616 307.709986543 11.9795997374
v  193.536218564 307.687818279 11.9795997641
f -1 -2 -4 -3
v  193.964499205 306.780311103 11.9867483474
v  193.917839824 306.762341624 11.9867485117
v  194.463920066 305.936347234 11.9938972545
v  194.428228047 305.901331811 11.9938972571
f -1 -2 -4 -3
v  195.110716448 305.168965373 12.0010459536
v  195.065960746 305.14667351 12.0010460026
v  195.494676932 304.239492376 12.0081945902
v  195.448019016 304.221519095 12.0081947505
f -1 -2 -4 -3
v  195.992077993 303.394166564 12.0153434928
v  195.956330168 303.359208117 12.015343496
v  196.635248 302.623606368 12.0272729849
v  196.589463813 302.603511388 12.0272730964
f -1 -2 -4 -3
v  197.090092634 301.750305907 12.0392026859
v  197.053521172 301.716210041 12.0392027001
v  197.752317586 300.99470535 12.0511314586
v  197.70761403 300.972309097 12.0511322835
f -1 -2 -4 -3
v  198.189722906 300.107496475 12.0630618832
v  198.152113652 300.07454888 12.0630619042
v  198.865417913 299.363996605 12.0749904247
v  198.822247531 299.338771259 12.0749914766
f -1 -2 -4 -3
v  199.29152659 298.466163174 12.0869210765
v  199.25268631 298.434676151 12.0869211085
v  199.973732323 297.730871734 12.0988505455
v  199.932532118 297.702542542 12.0988507071
f -1 -2 -4 -3
v  200.397916251 296.831357981 12.1107800487
v  200.360699452 296.797967715 12.1107803184
v  201.165017355 296.185863172 12.1227098665
v  201.12314401 296.158538768 12.1227099124
f -1 -2 -4 -3
v  201.588791318 295.284782725 12.1346394713
v  201.549914471 295.253340862 12.1346395172
v  202.271021711 294.549584594 12.1570284445
v  202.229860428 294.521198879 12.1570286936
f -1 -2 -4 -3
v  202.693005951 293.644475556 12.1794178502
v  202.652184132 293.615603786 12.1794178806
v  203.361546642 292.906207754 12.201807062
v  203.326725152 292.870326509 12.2018070625
f -1 -2 -4 -3
v  204.138037149 292.271232408 12.2241964417
v  204.101039857 292.237599086 12.2241962502
v  204.568919353 291.367873368 12.2465845305
v  204.527046077 291.34054886 12.2465854525
f -1 -2 -4 -3
v  205.226162624 290.621490735 12.2689746074
v  205.191259942 290.585688461 12.2689746087
v  206.003664121 289.988708031 12.2913642144
v  205.968691514 289.952974059 12.2913638018
f -1 -2 -4 -3
v  206.444934622 289.090920529 12.3137512667
v  206.402102554 289.065124912 12.3137530142
v  207.193938653 288.445322951 12.3361417906
v  207.161142376 288.407581672 12.3361421501
f -1 -2 -4 -3
v  207.890225708 287.719109949 12.3585310416
v  207.851030044 287.688066433 12.3585313348
v  208.326233299 286.816289631 12.3851907978
v  208.281845961 286.793273024 12.3851912925
f -1 -2 -4 -3
v  209.05416471 286.157298591 12.4118506832
v  209.022820044 286.118343336 12.411851227
v  209.734676727 285.419551403 12.4385111752
v  209.697229681 285.386419564 12.4385111781
f -1 -2 -4 -3
v  210.496695168 284.776456019 12.4651710764
v  210.464983208 284.737799175 12.4651711244
v  210.981725854 283.905370901 12.4918307456
v  210.935729463 283.885766514 12.4918310793
f -1 -2 -4 -3
v  211.682131068 283.228414478 12.5184903472
v  211.651869863 283.18861172 12.518491018
v  212.372277323 282.499000112 12.5451509647
v  212.334502668 282.466242282 12.545150966
f -1 -2 -4 -3
v  213.102298172 281.825322246 12.5718109127
v  213.071329045 281.786067779 12.571810913
v  213.899116321 281.213052132 12.5984694271
v  213.867522277 281.174298856 12.598470847
f -1 -2 -4 -3
v  214.406261003 280.355900444 12.6251308111
v  214.359477303 280.338257162 12.6251308068
v  215.078534435 279.659322332 12.6381339605
v  215.049018845 279.618963566 12.6381342736
f -1 -2 -4 -3
v  215.778961274 278.939346214 12.651137738
v  215.740962878 278.906848186 12.651137738
v  216.50055616 278.257083432 12.6641412036
v  216.469521514 278.217880743 12.6641412036
f -1 -2 -4 -3
v  217.28241889 277.631719683 12.6771446176
v  217.250906212 277.592900215 12.677144669
v  218.004577324 276.935370526 12.6901481602
v  217.967491214 276.901835165 12.6901481347
f -1 -2 -4 -3
v  218.585873958 276.116618036 12.7031515509
v  218.541518095 276.09354083 12.703151601
v  219.274039455 275.420683594 12.716155046
v  219.243923159 275.380771081 12.7161550659
f -1 -2 -4 -3
v  220.057934111 274.795619304 12.7291584133
v  220.025755618 274.757349936 12.7291585308
v  220.749745094 274.069708482 12.742161968
v  220.711709681 274.037253785 12.742161997
f -1 -2 -4 -3
v  221.469422604 273.385463393 12.7551654624
v  221.438359951 273.346282893 12.7551654624
v  222.244479098 272.752116475 12.7551000022
v  222.212526569 272.713658239 12.7551000022
f -1 -2 -4 -3
v  223.0136427 272.113064382 12.7550345421
v  222.981689999 272.074606289 12.7550345421
v  223.78969368 271.482130615 12.754969082
v  223.75820527 271.443291459 12.754969082
f -1 -2 -4 -3
v  224.497822317 270.772181904 12.7549036215
v  224.459616579 270.739927888 12.7549036218
v  225.200481988 270.070144892 12.7548381617
v  225.16903441 270.031272668 12.7548381616
f -1 -2 -4 -3
v  225.976938664 269.438726137 12.7547727015
v  225.94498635 269.400267723 12.7547727015
v  226.746082094 268.79964623 12.7547072414
v  226.714126131 268.761190848 12.7547072414
f -1 -2 -4 -3
v  227.515214875 268.160560937 12.7546417812
v  227.483262567 268.122102517 12.7546417812
v  228.284355316 267.521476978 12.754576321
v  228.252398912 267.483021962 12.754576321
f -1 -2 -4 -3
v  229.053511017 266.882423484 12.7545108609
v  229.021562408 266.843961991 12.7545108609
v  229.822686187 266.243377694 12.7530807039
v  229.79072991 266.204922572 12.7530807039
f -1 -2 -4 -3
v  230.591816451 265.604289701 12.751650547
v  230.559864154 265.565831273 12.751650547
v  231.360958474 264.965208067 12.75022039
v  231.329002494 264.926752698 12.75022039
f -1 -2 -4 -3
v  232.130092665 264.326124502 12.7487902331
v  232.098140372 264.287666071 12.7487902331
v  232.899231515 263.687038628 12.7473600761
v  232.867275125 263.6485836 12.7473600761
f -1 -2 -4 -3
v  233.668390241 263.047988787 12.7459299191
v  233.636441658 263.009527273 12.7459299191
v  234.437562455 262.408939361 12.7444997622
v  234.405606128 262.370484281 12.7444997622
f -1 -2 -4 -3
v  235.200727252 261.761043278 12.7430696041
v  235.167896449 261.723332028 12.7430696052
v  236.023714225 261.211394546 12.741639449
v  236.001598244 261.166551672 12.7416394483
f -1 -2 -4 -3
v  236.84285132 260.632920503 12.7402092914
v  236.80981885 260.595385774 12.7402092913
v  237.606613222 259.987928281 12.7493270516
v  237.574657204 259.949472945 12.7493270516
f -1 -2 -4 -3
v  238.375790396 259.348900027 12.7584448119
v  238.343841578 259.310438708 12.7584448119
v  239.144944031 258.709828447 12.7675625722
v  239.112987674 258.671373393 12.7675625722
f -1 -2 -4 -3
v  239.914085561 258.07075398 12.7766803325
v  239.88213315 258.032295646 12.7766803325
v  240.674017056 257.419024676 12.7857981334
v  240.641806054 257.380782665 12.7857980926
f -1 -2 -4 -3
v  241.514242182 256.893102195 12.7949158524
v  241.491790278 256.848426564 12.7949158532
v  242.366437104 256.363794448 12.8040336705
v  242.333461315 256.326209912 12.8040336137
f -1 -2 -4 -3
v  243.156251413 255.766379903 12.8131513734
v  243.13379085 255.721708625 12.8131513738
v  243.998579404 255.222945557 12.8222692475
v  243.965974621 255.185038722 12.8222691343
f -1 -2 -4 -3
v  244.760209949 254.57468157 12.8313868944
v  244.728257647 254.536223145 12.8313868944
v  245.529352396 253.935600456 12.8437371175
v  245.497396421 253.897145084 12.8437371175
f -1 -2 -4 -3
v  246.298486162 253.296516371 12.8560873406
v  246.266533865 253.258057942 12.8560873406
v  247.067625491 252.657431072 12.8684375637
v  247.035669096 252.618976048 12.8684375637
f -1 -2 -4 -3
v  247.831050559 252.009831224 12.8807877929
v  247.798180706 251.972154005 12.8807877868
v  248.651872034 251.457071124 12.8931380048
v  248.62979897 251.412207109 12.89313801
f -1 -2 -4 -3
v  249.473210003 250.881814886 12.9054882323
v  249.440194902 250.844264878 12.9054882331
v  250.227839806 250.224032155 12.9178385035
v  250.19541968 250.18596727 12.9178384559
f -1 -2 -4 -3
v  251.063951727 249.692202415 12.9301886787
v  251.041469189 249.647542193 12.9301886793
v  251.920260851 249.169316071 12.9425389047
v  251.887567538 249.131485564 12.9425389024
f -1 -2 -4 -3
v  252.706153588 248.565528405 12.954889124
v  252.683419416 248.52099575 12.9548891255
v  253.552322666 248.028182587 12.9602109193
v  253.519858343 247.99015539 12.9602108769
f -1 -2 -4 -3
v  254.313743753 247.379490541 12.9655326282
v  254.281791043 247.341032455 12.9655326282
v  255.082907164 246.74043858 12.9708543795
v  255.050954638 246.701980342 12.9708543795
f -1 -2 -4 -3
v  255.846949787 246.093545209 12.9761761297
v  255.813983329 246.055952488 12.9761761309
v  256.662031745 245.53250123 12.9814978811
v  256.640004443 245.487614729 12.9814978822
f -1 -2 -4 -3
v  257.480649205 244.953576447 12.9868196335
v  257.446997085 244.916596252 12.9868196335
v  258.304802836 244.406345878 12.9921413848
v  258.282243784 244.361724255 12.9921413849
f -1 -2 -4 -3
v  259.166475349 243.892004721 12.9974630921
v  259.134239217 243.853783892 12.9974631359
v  259.947380431 243.279882457 13.002784886
v  259.924166943 243.235597765 13.0027848876
f -1 -2 -4 -3
v  260.798539503 242.75062186 13.0081066391
v  260.766303992 242.712400507 13.0081066389
v  261.559842445 242.101523122 13.008211511
v  261.527890149 242.063064693 13.008211511
f -1 -2 -4 -3
v  262.324710164 241.455640441 13.0083163831
v  262.291677775 241.41810564 13.0083163832
v  263.133021071 240.884616393 13.0084212553
v  263.110910314 240.839770942 13.0084212553
f -1 -2 -4 -3
v  263.958956746 240.3163588 13.0085261275
v  263.925194587 240.279479041 13.0085261275
v  264.771474512 239.750040234 13.0086309996
v  264.747632207 239.706090894 13.0086309996
f -1 -2 -4 -3
v  265.65564295 239.281914766 13.0087358717
v  265.632741466 239.237467921 13.0087358717
v  266.506294436 238.75108896 13.0088407442
v  266.474374993 238.712603259 13.0088407439
f -1 -2 -4 -3
v  267.264311532 238.096119305 13.0089456157
v  267.231252034 238.058608378 13.008945616
v  268.064855601 237.513433307 13.0090504882
v  268.042461302 237.468728773 13.0090504882
f -1 -2 -4 -3
v  268.905878644 236.967952723 13.0091553115
v  268.873233837 236.93008035 13.0091553602
v  269.656410714 236.301189231 13.0056055977
v  269.622497057 236.264448737 13.0056055627
f -1 -2 -4 -3
v  270.502464265 235.812627223 13.0020557662
v  270.488107177 235.764732818 13.0020557657
v  271.426731169 235.422227376 12.9985058859
v  271.396278349 235.382571029 12.9985059672
f -1 -2 -4 -3
v  272.180057324 234.757475557 12.9949561937
v  272.147070798 234.719900444 12.9949561712
v  272.969094107 234.157021289 12.9914063754
v  272.945843543 234.112756051 12.9914063739
f -1 -2 -4 -3
v  273.812530758 233.613873941 12.9878565481
v  273.778056907 233.577658563 12.9878565768
v  274.631084574 233.080530509 12.9843067811
v  274.615755983 233.032938132 12.9843067793
f -1 -2 -4 -3
v  275.567263664 232.715238677 12.9807571122
v  275.537875901 232.674786737 12.9807569849
v  276.335769743 232.079322805 12.9772073699
v  276.311020544 232.0358777 12.9772071828
f -1 -2 -4 -3
v  277.196311367 231.566144252 12.9736574165
v  277.164734075 231.527377325 12.9736573877
v  277.952999968 230.906877597 12.9688619381
v  277.918786477 230.870416151 12.9688618081
f -1 -2 -4 -3
v  278.760923934 230.350437239 12.9640662427
v  278.744171929 230.303327045 12.9640662301
v  279.706279644 230.007508862 12.9592706445
v  279.679667212 229.965179457 12.9592706515
f -1 -2 -4 -3
v  280.474111863 229.365999454 12.9544750832
v  280.447417682 229.323721556 12.9544750729
v  281.338992383 228.861168699 12.9496795257
v  281.307269233 228.822521037 12.9496794947
f -1 -2 -4 -3
v  282.114298252 228.237834402 12.9448839177
v  282.088956952 228.194731983 12.9448839158
v  282.994719966 227.763614481 12.9400883372
v  282.970494447 227.719875206 12.9400883372
f -1 -2 -4 -3
v  283.869479668 227.279122754 12.9352927595
v  283.845309803 227.2353527 12.9352927586
v  284.738305898 226.778128317 12.9304972975
v  284.707441777 226.738791235 12.9304971813
f -1 -2 -4 -3
v  285.510151347 226.149119661 12.9257018776
v  285.484954819 226.105932453 12.9257015991
v  286.368320032 225.630548287 12.9220481889
v  286.334693773 225.593544575 12.9220480647
f -1 -2 -4 -3
v  287.162601149 225.050773542 12.9183945393
v  287.144139956 225.004306518 12.9183945275
v  288.110022822 224.721436339 12.9147410289
v  288.089463417 224.675858813 12.9147409909
f -1 -2 -4 -3
v  288.976596869 224.212283546 12.911087432
v  288.945280169 224.173305805 12.9110874536
v  289.749818146 223.585046151 12.9074340667
v  289.724064623 223.542188759 12.9074339159
f -1 -2 -4 -3
v  290.629554825 223.110180044 12.9037803801
v  290.605328444 223.066441245 12.9037803801
v  291.504324255 222.625638958 12.9001268432
v  291.480096457 222.581900945 12.9001268432
f -1 -2 -4 -3
v  292.375449116 222.128701136 12.896473405
v  292.345077704 222.088982408 12.8964733074
v  293.145572119 221.493984094 12.892819823
v  293.118174921 221.452158342 12.892819769
f -1 -2 -4 -3
v  294.032488524 221.047037484 12.8891662333
v  294.015998933 220.9998348 12.8891662325
v  294.975765279 220.702685611 12.8932839554
v  294.951451304 220.658995445 12.8932843238
f -1 -2 -4 -3
v  295.747050967 220.062489046 12.8974024221
v  295.718703953 220.021301101 12.8974024328
v  296.620079984 219.579737041 12.9015205327
v  296.595850926 219.535999726 12.9015205327
f -1 -2 -4 -3
v  297.494827098 219.095159847 12.9056386328
v  297.470600164 219.051421355 12.9056386328
v  298.369599838 218.610625632 12.9097567328
v  298.345372247 218.566887504 12.9097567328
f -1 -2 -4 -3
v  299.244292008 218.12657705 12.9138748283
v  299.220639518 218.082525265 12.9138748329
v  300.106906672 217.613509907 12.9179927787
v  300.074190911 217.575698811 12.917992932
f -1 -2 -4 -3
v  300.890560975 217.013333044 12.9221110208
v  300.870810659 216.967399124 12.9221110332
v  301.837310404 216.686056442 12.9262291755
v  301.817707456 216.640059438 12.9262291336
f -1 -2 -4 -3
v  302.712589304 216.190882501 12.9303473367
v  302.681718337 216.151550792 12.9303472346
v  303.485232732 215.567745682 12.940819251
v  303.463378384 215.52277472 12.9408192713
f -1 -2 -4 -3
v  304.427999995 215.237404669 12.9512913018
v  304.4101259 215.190708666 12.9512913089
v  305.314795494 214.763982969 12.9617635184
v  305.286385321 214.722838564 12.9617633479
f -1 -2 -4 -3
v  306.084162932 214.125125049 12.9722348469
v  306.055673349 214.08403559 12.9722353917
v  306.959639349 213.654917544 12.9827074165
v  306.940962766 213.608536672 12.9827074226
f -1 -2 -4 -3
v  307.901800969 213.318207065 12.9931794768
v  307.882880424 213.271925179 12.9931794605
v  308.785011903 212.838383695 13.0036516591
v  308.755912827 212.797723595 13.0036515011
f -1 -2 -4 -3
v  309.553167339 212.203855738 13.0141235209
v  309.529609398 212.159753318 13.0141235364
v  310.491061262 211.866770006 13.024595562
v  310.474211401 211.819694723 13.024595574
f -1 -2 -4 -3
v  311.381034262 211.403910735 13.0350676113
v  311.356230858 211.360496554 13.0350676119
v  312.254980122 210.912359666 13.0495848714
v  312.225144154 210.872237167 13.0495854844
f -1 -2 -4 -3
v  313.02448827 210.281670414 13.0641033545
v  313.001608026 210.237212631 13.0641033774
v  313.96447121 209.947652937 13.0786212458
v  313.947246876 209.900713377 13.0786212597
f -1 -2 -4 -3
v  314.85221104 209.480763821 13.0931391412
v  314.827595403 209.437242902 13.0931391424
v  315.7266656 208.996097348 13.107657025
v  315.702440206 208.952358003 13.107657025
f -1 -2 -4 -3
v  316.601472209 208.511626471 13.1221749077
v  316.57724801 208.467886464 13.1221749077
v  317.476228863 208.027057958 13.1366927903
v  317.451999548 207.983320786 13.1366927903
f -1 -2 -4 -3
v  318.349369586 207.544415001 13.1512104101
v  318.329264745 207.498635144 13.1512106749
v  319.289242108 207.205839354 13.1657287865
v  319.271522207 207.15908462 13.1657285568
f -1 -2 -4 -3
v  320.178754101 206.743102923 13.1802462767
v  320.153855753 206.699743123 13.1802464389
v  321.052835884 206.258051378 13.1941049627
v  321.028610114 206.214312242 13.1941049627
f -1 -2 -4 -3
v  321.927641475 205.773579401 13.2079634873
v  321.903417526 205.729839256 13.2079634873
v  322.802400962 205.289015301 13.2218220118
v  322.778171301 205.24527832 13.2218220118
f -1 -2 -4 -3
v  323.674311732 204.803016576 13.2356802867
v  323.653491172 204.757557756 13.2356805386
v  324.612621311 204.462207081 13.2495390595
v  324.5952791 204.415310944 13.2495390609
f -1 -2 -4 -3
v  325.505380909 204.005679858 13.2633974915
v  325.480254334 203.962451912 13.2633975858
v  326.376781792 203.520326424 13.2772557288
v  326.356375256 203.474680249 13.2772561137
f -1 -2 -4 -3
v  327.316022677 203.180889015 13.2911148929
v  327.298479455 203.134067702 13.2911146358
v  328.206957347 202.72084883 13.3049730309
v  328.181948114 202.677552891 13.3049731596
f -1 -2 -4 -3
v  329.079339768 202.237879662 13.3188312197
v  329.059391021 202.19203157 13.3188316884
v  330.025900613 201.910557769 13.3317281493
v  330.006487718 201.864480231 13.3317280138
f -1 -2 -4 -3
v  330.82564111 201.306786149 13.3446243319
v  330.792674337 201.269193705 13.3446243404
v  331.672889736 200.792163983 13.3575206646
v  331.651950771 200.746759581 13.3575206686
f -1 -2 -4 -3
v  332.609537158 200.447904628 13.3704169958
v  332.592592806 200.400863274 13.370416997
v  333.506392071 199.999458051 13.3833133041
v  333.481063481 199.956348161 13.3833133254
f -1 -2 -4 -3
v  334.375929147 199.509529508 13.3962093866
v  334.354644461 199.464286142 13.3962096559
v  335.313010682 199.166784814 13.4091059805
v  335.295891027 199.119806975 13.409105982
f -1 -2 -4 -3
v  336.207941563 198.714511555 13.4220022591
v  336.182694207 198.671354041 13.4220023105
v  337.075288848 198.224457749 13.4348975274
v  337.058152886 198.177485856 13.4348986582
f -1 -2 -4 -3
v  338.057448766 198.053413234 13.447794941
v  338.047458689 198.004421415 13.4477949667
v  338.954971844 197.609656396 13.4593951443
v  338.932042335 197.565224003 13.4593952312
f -1 -2 -4 -3
v  339.889852369 197.264351651 13.4709954903
v  339.872893716 197.217315451 13.4709954925
v  340.786549258 196.815588209 13.4825957342
v  340.761226605 196.772474833 13.4825957553
f -1 -2 -4 -3
v  341.656129504 196.325783944 13.4941957745
v  341.634877138 196.280525388 13.4941960201
v  342.593313743 195.983219724 13.5057962794
v  342.576180532 195.936246826 13.5057962807
f -1 -2 -4 -3
v  343.483178256 195.522635806 13.5173965363
v  343.459392942 195.478655597 13.5173965436
v  344.413229426 195.168420185 13.5289968042
v  344.396770534 195.121206788 13.5289968062
f -1 -2 -4 -3
v  345.31654414 194.733176673 13.5405971204
v  345.291056933 194.69016037 13.5405970689
v  346.179528444 194.229380631 13.5521971544
v  346.159075566 194.183755202 13.5521973339
f -1 -2 -4 -3
v  347.152960687 194.039671625 13.5637975537
v  347.144916244 193.990322998 13.5637975942
v  348.063248075 193.62532446 13.5748671393
v  348.037945533 193.582199277 13.5748671546
f -1 -2 -4 -3
v  348.990026307 193.265721605 13.5859367118
v  348.973676736 193.21847024 13.5859367143
v  349.888763414 192.821217126 13.5970062726
v  349.863392131 192.778132349 13.5970062742
f -1 -2 -4 -3
v  350.826443759 192.50633156 13.6080757887
v  350.812474536 192.458322594 13.6080758336
v  351.772679625 192.174631378 13.619145354
v  351.754289315 192.128136255 13.6191453939
f -1 -2 -4 -3
v  352.661286128 191.711740561 13.6302146072
v  352.637203576 191.667922406 13.630214957
v  353.583582671 191.338601307 13.6412845138
v  353.567272953 191.29133617 13.6412845138
f -1 -2 -4 -3
v  354.540604592 191.054840657 13.6523542264
v  354.527544859 191.00657635 13.6523540744
v  355.490317993 190.733212872 13.6634236101
v  355.472543314 190.686478935 13.6634236335
f -1 -2 -4 -3
v  356.392877109 190.296637491 13.6744932162
v  356.367371941 190.253631836 13.6744931935
v  357.254756493 189.789010792 13.6847944953
v  357.233219979 189.743886756 13.6847944455
f -1 -2 -4 -3
v  358.224049285 189.589556008 13.695095657
v  358.216602951 189.540113596 13.6950956985
v  359.135180911 189.177928006 13.7053968943
v  359.110001938 189.13473056 13.7053969523
f -1 -2 -4 -3
v  360.09493314 188.959369478 13.7156981411
v  360.088070096 188.909842732 13.7156982037
v  361.017416051 188.575457468 13.7259994563
v  360.99086921 188.533086898 13.7259994564
f -1 -2 -4 -3
v  361.930232962 188.183897189 13.7363007089
v  361.913688209 188.136713811 13.736300709
v  362.884898228 187.893802216 13.7466020711
v  362.872465398 187.845372631 13.7466019618
f -1 -2 -4 -3
v  363.831654144 187.564722134 13.7569032102
v  363.813632053 187.518083049 13.7569032141
v  364.780771108 187.262258727 13.7672044662
v  364.768444392 187.213802024 13.7672044667
f -1 -2 -4 -3
v  365.733905422 186.950973698 13.7775057065
v  365.716604054 186.904062477 13.7775057193
v  366.639277894 186.519048711 13.7871048208
v  366.612977933 186.476524459 13.7871048041
f -1 -2 -4 -3
v  367.56192097 186.172466381 13.7967038675
v  367.549963431 186.123917259 13.796703889
v  368.506939128 185.837102564 13.8063029534
v  368.489071161 185.790404216 13.8063029741
f -1 -2 -4 -3
v  369.459302791 185.543484158 13.8159020578
v  369.446429385 185.495169818 13.8159020589
v  370.403586129 185.207688314 13.8255011352
v  370.385673915 185.161006919 13.8255011439
f -1 -2 -4 -3
v  371.351811584 184.900523476 13.8351001055
v  371.339451151 184.852075363 13.8351002292
v  372.335988133 184.727315542 13.8446995239
v  372.327683583 184.678010021 13.8446993147
f -1 -2 -4 -3
v  373.253763826 184.331037092 13.8542983961
v  373.227091297 184.288745531 13.8542983986
v  374.203454032 184.087533718 13.8638974257
v  374.197239397 184.037921438 13.8638974836
f -1 -2 -4 -3
v  375.131784583 183.71858864 13.8734965663
v  375.104405957 183.676750728 13.8734965684
v  376.070157017 183.440083262 13.8756008049
v  376.063443461 183.39053603 13.8756008063
f -1 -2 -4 -3
v  377.052858101 183.234261435 13.8777050327
v  377.038835539 183.186268021 13.8777050442
v  377.997303627 182.899720106 13.8798092824
v  377.979270868 182.853085145 13.8798092822
f -1 -2 -4 -3
v  378.943161124 182.584692395 13.8819134969
v  378.930341917 182.536363646 13.8819135202
v  379.921068439 182.388268296 13.8840177693
v  379.912777458 182.338960491 13.8840177581
f -1 -2 -4 -3
v  380.899289297 182.168676779 13.8861219873
v  380.885167342 182.120712517 13.886121996
v  381.843235581 181.832872687 13.8882262342
v  381.825223685 181.786229664 13.8882262339
f -1 -2 -4 -3
v  382.789609313 181.519559436 13.8903304478
v  382.776892486 181.471203647 13.8903304719
v  383.767891371 181.324569491 13.8924347217
v  383.759572244 181.275266427 13.8924347098
f -1 -2 -4 -3
v  384.745710652 181.103059871 13.8945389394
v  384.731489528 181.05512492 13.8945389477
v  385.68916851 180.766033272 13.8817536048
v  385.671180709 180.719380952 13.8817536071
f -1 -2 -4 -3
v  386.636064662 180.454454022 13.8689684179
v  386.623450375 180.406071383 13.868968266
v  387.614723654 180.260924908 13.8561828498
v  387.606377223 180.211626459 13.856182926
f -1 -2 -4 -3
v  388.588782577 180.025929967 13.8433976019
v  388.574758095 179.977937114 13.8433975854
v  389.568132658 179.839193609 13.8306122464
v  389.559785245 179.789895326 13.8306122449
f -1 -2 -4 -3
v  390.529681213 179.555566062 13.8178267484
v  390.511054364 179.509165195 13.8178269043
v  391.469385813 179.221159166 13.8050416736
v  391.455817269 179.173035423 13.8050415634
f -1 -2 -4 -3
v  392.44428215 179.012927184 13.7922562232
v  392.436073892 178.963605541 13.7922562232
v  393.42301017 178.796591799 13.7794708941
v  393.408415596 178.748769226 13.7794708826
f -1 -2 -4 -3
v  394.395538518 178.582562152 13.7666855421
v  394.38732863 178.53324078 13.7666855421
v  395.373175111 178.361574262 13.7385195586
v  395.358614969 178.313741195 13.7385195586
f -1 -2 -4 -3
v  396.346798949 178.152177202 13.7103535755
v  396.338568022 178.102859336 13.7103535755
v  397.323322731 177.926633334 13.6821875827
v  397.308861539 177.878770259 13.682187592
f -1 -2 -4 -3
v  398.298067037 177.721776429 13.6540216089
v  398.289793807 177.672465643 13.6540216086
v  399.273462737 177.491796941 13.625855625
v  399.259163235 177.443885311 13.625855625
f -1 -2 -4 -3
v  400.248227813 177.285420309 13.5976896419
v  400.239715379 177.236150253 13.5976896419
v  401.233364707 177.11231105 13.5695236638
v  401.224773215 177.063054717 13.5695236585
f -1 -2 -4 -3
v  402.211489022 176.893602507 13.5413577238
v  402.19690381 176.845777078 13.5413576751
v  403.183332071 176.676581613 13.5131916918
v  403.175124896 176.627259789 13.5131916918
f -1 -2 -4 -3
v  404.161685254 176.458637943 13.4850257229
v  404.14710412 176.410811271 13.4850257084
v  405.134621211 176.246323949 13.4590425605
v  405.126405062 176.19700362 13.4590425605
f -1 -2 -4 -3
v  406.111857786 176.023678457 13.4330594074
v  406.097326056 175.975836752 13.4330594125
v  407.085882162 175.815925384 13.4070762647
v  407.077638371 175.766609667 13.4070762647
f -1 -2 -4 -3
v  408.062001458 175.588770095 13.3810931089
v  408.047591131 175.540891681 13.3810931165
v  409.034315779 175.364658175 13.3551102587
v  409.025197263 175.315496679 13.3551099673
f -1 -2 -4 -3
v  410.023589224 175.297359657 13.3291268239
v  410.026084407 175.247421955 13.3291268205
v  411.020995542 175.208205738 13.3031436896
v  411.00531505 175.160728141 13.3031436725
f -1 -2 -4 -3
v  411.990331209 174.979721371 13.2771605246
v  411.982124419 174.930399483 13.2771605246
v  412.968788071 174.762213213 13.2511773927
v  412.954196844 174.71438962 13.2511773766
f -1 -2 -4 -3
v  413.941589676 174.549353488 13.2251942287
v  413.933376018 174.500032744 13.2251942287
v  414.917467687 174.315412182 13.213559737
v  414.902027837 174.267855783 13.2135597637
f -1 -2 -4 -3
v  415.898258032 174.240505768 13.2019253164
v  415.900853424 174.190573174 13.2019252984
v  416.889704593 174.105883791 13.1902908368
v  416.873697992 174.058515144 13.1902908333
f -1 -2 -4 -3
v  417.862210584 173.891636661 13.1786563682
v  417.853694103 173.842367304 13.1786563682
v  418.847343193 173.718539698 13.1670219052
v  418.838760748 173.669281788 13.1670219031
f -1 -2 -4 -3
v  419.824776016 173.490765425 13.1553875185
v  419.808777417 173.443394075 13.1553874374
v  420.801416678 173.387554384 13.1437529817
v  420.804156391 173.3376295 13.1437529729
f -1 -2 -4 -3
v  421.796808245 173.281865089 13.1321185155
v  421.780817038 173.234491243 13.1321185078
v  422.767767774 173.061497859 13.1204840428
v  422.759544269 173.012178755 13.1204840428
f -1 -2 -4 -3
v  423.7430509 172.825343209 13.1088495664
v  423.727793295 172.777728028 13.1088495779
v  424.724479122 172.753059831 13.1049742961
v  424.726874065 172.703117221 13.1049742916
f -1 -2 -4 -3
v  425.724678642 172.675526534 13.1010989325
v  425.715304783 172.626413086 13.1010990055
v  426.700437423 172.436546263 13.0972237788
v  426.684382811 172.389193867 13.0972237193
f -1 -2 -4 -3
v  427.676006775 172.325520947 13.0933484359
v  427.678736448 172.275595514 13.0933484337
v  428.672378932 172.227586691 13.0894731504
v  428.656477062 172.180182782 13.0894731477
f -1 -2 -4 -3
v  429.640398362 171.984859818 13.0855978618
v  429.630782608 171.935793156 13.0855978618
v  430.627983627 171.898360588 13.0817225758
v  430.630197652 171.848409631 13.0817225758
f -1 -2 -4 -3
v  431.628224583 171.83076102 13.0778470742
v  431.611905567 171.783499093 13.0778472896
v  432.598796662 171.685855931 13.0739720044
v  432.601386633 171.635923056 13.0739720039
f -1 -2 -4 -3
v  433.59767912 171.609082254 13.0700967201
v  433.582252578 171.561521537 13.0700967179
v  434.564593476 171.361928943 13.057292867
v  434.554923931 171.312872854 13.0572928037
f -1 -2 -4 -3
v  435.550683757 171.265703807 13.0444888933
v  435.553424071 171.215778957 13.0444888898
v  436.546834939 171.14894571 13.0316849762
v  436.535814041 171.100175434 13.0316849758
f -1 -2 -4 -3
v  437.531441001 171.049919682 13.018881062
v  437.533696073 170.999970562 13.0188810618
v  438.531353456 170.979304409 13.0060763416
v  438.514917822 170.93208291 13.0060771478
f -1 -2 -4 -3
v  439.502260091 170.837475708 12.9932732361
v  439.504879591 170.787544373 12.9932732338
v  440.500810428 170.757766728 12.9804693275
v  440.485297692 170.710234055 12.9804693198
f -1 -2 -4 -3
v  441.467748553 170.509008328 12.9676654587
v  441.457873781 170.459993137 12.9676654055
v  442.454372198 170.410932924 12.9548614919
v  442.45627073 170.360968981 12.9548614917
f -1 -2 -4 -3
v  443.456394218 170.361221692 12.942057316
v  443.440980284 170.313656887 12.9420575758
v  444.425123654 170.198022487 12.9142739359
v  444.427464524 170.148077313 12.9142739359
f -1 -2 -4 -3
v  445.425447163 170.130958777 12.8864886944
v  445.409030407 170.083730712 12.886490294
v  446.396201633 169.986357714 12.8587066537
v  446.398546308 169.936412719 12.8587066524
f -1 -2 -4 -3
v  447.398256253 169.937774488 12.8309228167
v  447.388287721 169.888778281 12.83092301
v  448.377670332 169.772313512 12.8031393916
v  448.378225434 169.722316593 12.8031393687
f -1 -2 -4 -3
v  449.377431118 169.70904259 12.7753556162
v  449.367007202 169.660141241 12.7753557271
v  450.357726571 169.56166152 12.7475720929
v  450.359487043 169.511692522 12.7475720854
f -1 -2 -4 -3
v  451.356690516 169.480888584 12.7197879665
v  451.345727598 169.432105242 12.7197884442
v  452.338636689 169.347662342 12.6920048074
v  452.339828757 169.297676554 12.6920048019
f -1 -2 -4 -3
v  453.342466781 169.322613465 12.6642225798
v  453.329167141 169.274414714 12.6642211851
v  454.309311869 169.134004157 12.6286898959
v  454.311029747 169.084033677 12.628689891
f -1 -2 -4 -3
v  455.312240941 169.094360287 12.5931591883
v  455.297305793 169.046642981 12.5931586276
v  456.280644102 168.913033142 12.5576273644
v  456.281043859 168.86303474 12.5576273528
f -1 -2 -4 -3
v  457.281332899 168.937204823 12.5220961185
v  457.283026281 168.887233507 12.5220960836
v  458.285356695 168.907922706 12.4865664211
v  458.273437658 168.859364118 12.4865648504
f -1 -2 -4 -3
v  459.251769855 168.708463833 12.4510335549
v  459.253071124 168.658480769 12.4510335454
v  460.255558084 168.681038335 12.4155039263
v  460.241676842 168.633003856 12.4155023013
f -1 -2 -4 -3
v  461.22272846 168.498054519 12.3799710101
v  461.224620608 168.448090334 12.3799710072
v  462.225137788 168.452195746 12.344439713
v  462.209773826 168.404614776 12.3444397379
f -1 -2 -4 -3
v  463.193751484 168.286304908 12.3089084695
v  463.195786276 168.236346329 12.308908469
v  464.196566384 168.251561085 12.2717276784
v  464.187168231 168.20245228 12.2717275595
f -1 -2 -4 -3
v  465.175941943 168.074988044 12.2345494582
v  465.175018612 168.02499657 12.2345466107
v  466.17594585 168.023473215 12.197365869
v  466.165870821 167.974498795 12.197365739
f -1 -2 -4 -3
v  467.155693832 167.862705239 12.1601848581
v  467.156406356 167.812710316 12.1601848283
v  468.155359796 167.795990099 12.1230036856
v  468.144608083 167.747159774 12.1230039184
f -1 -2 -4 -3
v  469.136439676 167.649079774 12.085823023
v  469.136913184 167.599082016 12.0858230083
v  470.140719426 167.639463985 12.0486450559
v  470.129634437 167.590708237 12.048642171
f -1 -2 -4 -3
v  471.107065076 167.434790377 12.0114612009
v  471.108112867 167.384801357 12.0114611881
v  472.111175477 167.41341113 11.9742825026
v  472.097948996 167.365192252 11.9742803177
f -1 -2 -4 -3
v  473.078405494 167.215269411 11.9370993828
v  473.078272599 167.165269587 11.9370993679
v  474.078830692 167.23774369 11.899775081
v  474.080330883 167.187766201 11.8997750798
f -1 -2 -4 -3
v  475.083081891 167.222940168 11.8624534845
v  475.073722212 167.173824016 11.8624508671
v  476.049608372 167.009797733 11.8251265226
v  476.050129624 166.95980045 11.8251265032
f -1 -2 -4 -3
v  477.054041635 166.998642724 11.7878051499
v  477.042209494 166.950062889 11.7878022814
v  478.020468577 166.797373289 11.75047794
v  478.021446924 166.747382861 11.7504779269
f -1 -2 -4 -3
v  479.023977927 166.786079679 11.7131544035
v  479.016048179 166.736712493 11.7131536453
v  480.004742485 166.595807045 11.6758301417
v  479.999625153 166.546069605 11.6758293398
f -1 -2 -4 -3
v  481.001718029 166.601997747 11.6385050625
v  481.003320281 166.552023426 11.6385050625
v  482.005972566 166.58072269 11.6011830263
v  481.995332044 166.531868014 11.6011808319
f -1 -2 -4 -3
v  482.972361547 166.372521336 11.5638565026
v  482.972984723 166.32252522 11.5638564859
v  483.975858864 166.366070145 11.5308116608
v  483.968366537 166.316634682 11.5308108975
f -1 -2 -4 -3
v  484.956987229 166.174470143 11.4977657024
v  484.951195771 166.124806686 11.4977652909
v  485.955911874 166.140729808 11.4647189789
v  485.947135856 166.091506018 11.4647196949
f -1 -2 -4 -3
v  486.936366101 165.955848819 11.4316751857
v  486.932240114 165.906019348 11.4316740908
v  487.934082261 165.965661181 11.3986285081
v  487.935509953 165.915681568 11.3986285081
f -1 -2 -4 -3
v  488.937078618 165.94447815 11.3655833894
v  488.929898377 165.894996394 11.365582917
v  489.91847087 165.75239611 11.3325377036
v  489.912322162 165.702775616 11.3325373133
f -1 -2 -4 -3
v  490.917258233 165.719728459 11.2994908079
v  490.908702931 165.670465828 11.2994917153
v  491.897662892 165.533331104 11.2664476213
v  491.893468071 165.48350738 11.2664460976
f -1 -2 -4 -3
v  492.897181457 165.494942828 11.2334004366
v  492.887643701 165.445860945 11.2334005296
v  493.877538537 165.316774432 11.2133157197
v  493.874392947 165.266873477 11.2133151338
f -1 -2 -4 -3
v  494.876106077 165.32409125 11.1932294466
v  494.876494978 165.274092763 11.1932297438
v  495.878567273 165.298529394 11.1731446185
v  495.870243869 165.249227051 11.1731443539
f -1 -2 -4 -3
v  496.859286992 165.11061905 11.1530596833
v  496.854328909 165.060865483 11.1530589447
v  497.858557781 165.074138769 11.1329733179
v  497.849222461 165.025017981 11.1329735655
f -1 -2 -4 -3
v  498.838874654 164.893600595 11.1128886913
v  498.835461864 164.843717203 11.1128881708
v  499.83718062 164.899519859 11.0928024458
v  499.837695987 164.849522515 11.0928027805
f -1 -2 -4 -3
v  500.839855701 164.877241254 11.0727176844
v  500.831775656 164.827898445 11.0727173909
v  501.820871826 164.68819478 11.0526322429
v  501.815258591 164.638510863 11.0526319939
f -1 -2 -4 -3
v  502.819913384 164.653240107 11.0325464887
v  502.810793114 164.604078937 11.0325466028
v  503.800219041 164.470528417 11.0270596275
v  503.796532017 164.420664544 11.0270595022
f -1 -2 -4 -3
v  504.798256442 164.474900836 11.0215724029
v  504.798891342 164.424904867 11.0215724025
v  505.8011244 164.45586036 11.0160853911
v  505.793299761 164.406476404 11.0160853027
f -1 -2 -4 -3
v  506.782319751 164.265967051 11.0105982606
v  506.776366793 164.216322693 11.010598201
v  507.781251958 164.232259975 11.0051109545
v  507.77236041 164.183056923 11.0051111001
f -1 -2 -4 -3
v  508.761576254 164.047567573 10.9996241095
v  508.757606327 163.997725426 10.9996239997
v  509.759337628 164.050239188 10.9941369004
v  509.760084061 164.00024476 10.9941369
f -1 -2 -4 -3
v  510.762376355 164.034379533 10.9886498974
v  510.754817734 163.984954162 10.9886498003
v  511.743780519 163.843852383 10.983162752
v  511.737500999 163.794248274 10.9831626986
f -1 -2 -4 -3
v  512.742572978 163.811188783 10.9776755997
v  512.733921953 163.761942872 10.9776755985
v  513.722940971 163.624705979 10.9796416338
v  513.718682372 163.574887665 10.9796416682
f -1 -2 -4 -3
v  514.720420686 163.625536829 10.9816077372
v  514.721271164 163.575544063 10.9816077374
v  515.723608035 163.61281041 10.9835737684
v  515.716327816 163.563343265 10.9835738065
f -1 -2 -4 -3
v  516.70525196 163.421858392 10.9855398587
v  516.698656893 163.372295249 10.9855398764
v  517.70381 163.390447005 10.9875059453
v  517.695618622 163.341122555 10.9875059457
f -1 -2 -4 -3
v  518.684744134 163.201862886 10.9894719749
v  518.679313883 163.152158637 10.9894720158
v  519.681555744 163.205843694 10.9914380847
v  519.682861483 163.155860746 10.9914380847
f -1 -2 -4 -3
v  520.684627005 163.192522414 10.9934041157
v  520.678286194 163.142926103 10.9934041537
v  521.66679927 163.0000687 10.9953701993
v  521.659787421 162.950562802 10.9953702237
f -1 -2 -4 -3
v  522.665087773 162.969107955 10.9973362924
v  522.657145994 162.919742703 10.997336293
v  523.646196256 162.779563843 10.9976026607
v  523.640396224 162.729901386 10.9976026637
f -1 -2 -4 -3
v  524.64270983 162.780962556 10.9978690344
v  524.643954275 162.730978045 10.9978690344
v  525.645758361 162.77046732 10.9981353994
v  525.639771775 162.720827006 10.998135405
f -1 -2 -4 -3
v  526.628310443 162.578362115 10.9984017723
v  526.620982673 162.528901992 10.9984017758
v  527.623321135 162.56720429 10.9986681465
v  527.624375771 162.517215414 10.9986681465
f -1 -2 -4 -3
v  528.626461313 162.567248804 10.9989345101
v  528.621254897 162.517520611 10.9989345171
v  529.595307916 162.339033937 10.9992008876
v  529.592979923 162.289088162 10.9992008879
f -1 -2 -4 -3
v  530.594772553 162.353748361 10.9994672562
v  530.59513688 162.303749688 10.9994672586
v  531.597274148 162.363380838 10.9997336246
v  531.593706143 162.313508307 10.9997336293
f -1 -2 -4 -3
v  532.567147724 162.133291929 10.9999999992
v  532.564164022 162.083381033 11
v  533.568405492 162.146403672 10.9987621272
v  533.564358563 162.096567717 10.9987621461
f -1 -2 -4 -3
v  534.538006797 161.91657526 10.9975242943
v  534.535115166 161.866658946 10.9975242927
v  535.537244639 161.929200528 10.9962864482
v  535.537267143 161.879200533 10.9962864391
f -1 -2 -4 -3
v  536.539418069 161.941457146 10.9950486024
v  536.536452298 161.891545181 10.9950485856
v  537.510314848 161.711133036 10.9938107339
v  537.505876411 161.661330423 10.9938107318
f -1 -2 -4 -3
v  538.507989632 161.716265101 10.9925728784
v  538.508757881 161.666271004 10.9925728782
v  539.511006063 161.697253584 10.9913350475
v  539.503017415 161.647895895 10.9913350248
f -1 -2 -4 -3
v  540.491688367 161.507191704 10.9900971917
v  540.486545117 161.457456938 10.9900971708
v  541.48835154 161.502714861 10.9888593174
v  541.489430894 161.452726512 10.9888593173
f -1 -2 -4 -3
v  542.49180591 161.497512852 10.9876214936
v  542.48527416 161.447941326 10.987621464
v  543.474203818 161.306513576 10.9910563926
v  543.466866124 161.257054924 10.9910564228
f -1 -2 -4 -3
v  544.469195318 161.293691509 10.9944913813
v  544.4700252 161.243698397 10.9944913815
v  545.471762048 161.294739603 10.9979262779
v  545.467562845 161.244916248 10.9979263399
f -1 -2 -4 -3
v  546.456620709 161.108019151 11.0013612328
v  546.447919641 161.058782058 11.0013612997
v  547.449961586 161.080546103 11.0047962572
v  547.450323237 161.030547411 11.0047962582
f -1 -2 -4 -3
v  548.452460631 161.090203251 11.0082311571
v  548.448897755 161.040330354 11.0082312165
v  549.422696994 160.859280445 11.0116661708
v  549.418903801 160.809424536 11.011666176
f -1 -2 -4 -3
v  550.42103532 160.867935378 11.0151011344
v  550.421513568 160.817937666 11.0151011348
v  551.423193209 160.883326715 11.01853605
v  551.42105802 160.833372326 11.0185360933
f -1 -2 -4 -3
v  552.395168246 160.655625496 11.0219710349
v  552.389701563 160.60592524 11.0219710532
v  553.391778688 160.654184398 11.0337608985
v  553.392916116 160.604197337 11.0337609006
f -1 -2 -4 -3
v  554.395266442 160.644774251 11.0455504664
v  554.388164123 160.595281251 11.0455507461
v  555.37668411 160.452517384 11.0573404465
v  555.370441384 160.402908631 11.0573405979
f -1 -2 -4 -3
v  556.372219822 160.440376508 11.0691304434
v  556.373509144 160.390393134 11.0691304446
v  557.375782573 160.443355345 11.0809199363
v  557.370228759 160.393664751 11.0809202893
f -1 -2 -4 -3
v  558.3593407 160.254124306 11.0927100136
v  558.3512179 160.204788516 11.0927101414
v  559.353363503 160.23194477 11.1044999872
v  559.353857608 160.181947211 11.1044999887
f -1 -2 -4 -3
v  560.355575371 160.23800449 11.1162896703
v  560.352209129 160.188117935 11.1162898354
v  561.341901709 160.057086781 11.1280794625
v  561.332530601 160.007972809 11.128079686
f -1 -2 -4 -3
v  562.334052488 160.01936268 11.1398695223
v  562.334278298 159.96936319 11.1398695326
v  563.33579974 160.030519754 11.1598675335
v  563.333561857 159.980569861 11.1598677193
f -1 -2 -4 -3
v  564.324427923 159.861289681 11.1798656516
v  564.31426227 159.812333992 11.17986591
v  565.314094402 159.805937642 11.1998640832
v  565.31525076 159.755951016 11.1998640965
f -1 -2 -4 -3
v  566.314741925 159.8072 11.2198622845
v  566.314741925 159.7572 11.2198622845
v  567.317365636 159.808725806 11.2398597608
v  567.312300938 159.758982979 11.2398604623
f -1 -2 -4 -3
v  568.300998218 159.618185792 11.2598583013
v  568.293040203 159.568823155 11.2598586628
v  569.294273481 159.588670946 11.2798568468
v  569.295777314 159.538693566 11.2798568484
f -1 -2 -4 -3
v  570.29723651 159.603269223 11.2998544393
v  570.294314351 159.553354686 11.2998550285
v  571.283821584 159.423114112 11.319852787
v  571.274524081 159.373986152 11.3198532266
f -1 -2 -4 -3
v  572.275649064 159.382635451 11.3398513962
v  572.276111343 159.332637588 11.3398514122
v  573.275889232 159.3828 11.3580620173
v  573.275889232 159.3328 11.3580620173
f -1 -2 -4 -3
v  574.277166286 159.401295029 11.376272508
v  574.276655068 159.351297643 11.3762726216
v  575.255436307 159.192643305 11.3944830573
v  575.243551594 159.144076304 11.3944832304
f -1 -2 -4 -3
v  576.245893412 159.164997306 11.4126938245
v  576.247584454 159.11502591 11.4126938323
v  577.247047547 159.1706 11.4309044372
v  577.247047547 159.1206 11.4309044372
f -1 -2 -4 -3
v  578.247047547 159.1706 11.4491150422
v  578.247047547 159.1206 11.4491150422
v  579.248281679 159.189177412 11.4673255374
v  579.247865357 159.139179145 11.4673256466
f -1 -2 -4 -3
v  580.227043113 158.982528457 11.4855360994
v  580.214813681 158.93404711 11.485536255
v  581.217023728 158.952492359 11.5037468494
v  581.218737164 158.902521727 11.5037468572
f -1 -2 -4 -3
v  582.218205863 158.9584 11.5219574622
v  582.218205863 158.9084 11.5219574622
v  583.218205863 158.9584 11.5261668441
v  583.218205863 158.9084 11.5261668441
f -1 -2 -4 -3
v  584.218205863 158.9584 11.5303762259
v  584.218205863 158.9084 11.5303762259
v  585.219983177 158.967611107 11.5345855358
v  585.217449448 158.917675346 11.5345856069
f -1 -2 -4 -3
v  586.207095254 158.789723421 11.5387949893
v  586.197634211 158.740626693 11.5387949897
v  587.198426777 158.745839257 11.5430043683
v  587.199094321 158.695843714 11.5430043715
f -1 -2 -4 -3
v  588.198780348 158.7462 11.5472137534
v  588.198780348 158.6962 11.5472137534
v  589.198780348 158.7462 11.5514231353
v  589.198780348 158.6962 11.5514231353
f -1 -2 -4 -3
v  590.198780348 158.7462 11.5556325172
v  590.198780348 158.6962 11.5556325172
v  591.198780348 158.7462 11.559841899
v  591.198780348 158.6962 11.559841899
f -1 -2 -4 -3
v  592.198780348 158.7462 11.5640512809
v  592.198780348 158.6962 11.5640512809
v  593.198780348 158.7462 11.5630904437
v  593.198780348 158.6962 11.5630904437
f -1 -2 -4 -3
v  594.200069884 158.764656905 11.5621296127
v  594.199528553 158.714659836 11.5621296066
v  595.178207762 158.555482696 11.5611687786
v  595.166440583 158.506887084 11.5611687692
f -1 -2 -4 -3
v  596.168820907 158.528595325 11.5602079326
v  596.170503654 158.478623649 11.5602079322
v  597.169965348 158.5341 11.5592470951
v  597.169965348 158.4841 11.5592470951
f -1 -2 -4 -3
v  598.169965348 158.5341 11.5582862579
v  598.169965348 158.4841 11.5582862579
v  599.169965348 158.5341 11.5573254207
v  599.169965348 158.4841 11.5573254207
f -1 -2 -4 -3
v  600.169965348 158.5341 11.5563645835
v  600.169965348 158.4841 11.5563645835
v  601.169965348 158.5341 11.5554037464
v  601.169965348 158.4841 11.5554037464
f -1 -2 -4 -3
v  602.169965348 158.5341 11.5544429092
v  602.169965348 158.4841 11.5544429092
v  603.169965348 158.5341 11.5637124283
v  603.169965348 158.4841 11.5637124283
f -1 -2 -4 -3
v  604.169965348 158.5341 11.5729819475
v  604.169965348 158.4841 11.5729819475
v  605.169965348 158.5341 11.5822514666
v  605.169965348 158.4841 11.5822514666
f -1 -2 -4 -3
v  606.169965348 158.5341 11.5915209857
v  606.169965348 158.4841 11.5915209857
v  607.169965348 158.5341 11.6007905048
v  607.169965348 158.4841 11.6007905048
f -1 -2 -4 -3
v  608.169639503 158.523407753 11.6100599892
v  608.171469731 158.473441262 11.6100600243
v  609.149863424 158.695434194 11.6193295401
v  609.159610125 158.646393376 11.6193295431
f -1 -2 -4 -3
v  610.151012683 158.747112352 11.6285990614
v  610.149998678 158.697122635 11.6285990622
v  611.150556324 158.7462 11.6378685814
v  611.150556324 158.6962 11.6378685814
f -1 -2 -4 -3
v  612.150556324 158.7462 11.6471381005
v  612.150556324 158.6962 11.6471381005
v  613.150556324 158.7462 11.6756001268
v  613.150556324 158.6962 11.6756001268
f -1 -2 -4 -3
v  614.150556324 158.7462 11.7040621531
v  614.150556324 158.6962 11.7040621531
v  615.150556324 158.7462 11.7325241795
v  615.150556324 158.6962 11.7325241795
f -1 -2 -4 -3
v  616.150556324 158.7462 11.7609862058
v  616.150556324 158.6962 11.7609862058
v  617.151491968 158.727489735 11.7894483722
v  617.151687179 158.677490116 11.7894482314
f -1 -2 -4 -3
v  618.118641139 158.927274955 11.8179099833
v  618.131652789 158.878997662 11.8179102533
v  619.122224198 158.965019566 11.846372283
v  619.120464995 158.915050524 11.8463722847
f -1 -2 -4 -3
v  620.121711012 158.9584 11.8748343111
v  620.121711012 158.9084 11.8748343111
v  621.121711012 158.9584 11.9032963374
v  621.121711012 158.9084 11.9032963374
f -1 -2 -4 -3
v  622.122692297 158.939664729 11.9317585203
v  622.122799001 158.889664843 11.931758363
v  623.089964432 159.137084027 11.9633302393
v  623.10328013 159.08888971 11.9633305345
f -1 -2 -4 -3
v  624.093373039 159.17753297 11.9949027134
v  624.09159814 159.127564482 11.9949027158
v  625.092869327 159.1706 12.0264748918
v  625.092869327 159.1206 12.0264748918
f -1 -2 -4 -3
v  626.092869327 159.1706 12.0580470679
v  626.092869327 159.1206 12.0580470679
v  627.093894322 159.151853565 12.0896194009
v  627.093914846 159.101853569 12.0896192431
f -1 -2 -4 -3
v  628.061302269 159.346862399 12.1211911237
v  628.074908562 159.298749315 12.1211914151
v  629.064520758 159.39004865 12.1527635931
v  629.062732158 159.340080651 12.152763596
f -1 -2 -4 -3
v  630.06289919 159.374946669 12.1843350491
v  630.066018106 159.32504404 12.1843357795
v  631.042958572 159.558258588 12.2159079367
v  631.051940581 159.509071969 12.215907948
f -1 -2 -4 -3
v  632.044964261 159.603613979 12.2474801232
v  632.043442003 159.553637157 12.2474801241
v  633.044600465 159.595 12.2634739178
v  633.044600465 159.545 12.2634739178
f -1 -2 -4 -3
v  634.045315076 159.576595514 12.2794677817
v  634.045918399 159.526599154 12.2794677113
v  635.012181057 159.785731331 12.2954613377
v  635.023726228 159.737082497 12.2954615014
f -1 -2 -4 -3
v  636.016299819 159.812491228 12.3114552988
v  636.014631798 159.762519059 12.3114552991
v  637.016947978 159.78856504 12.3274491495
v  637.016627728 159.738566066 12.3274490926
f -1 -2 -4 -3
v  637.985111455 159.972761673 12.3434427452
v  637.999808701 159.924970555 12.343442885
v  638.988281916 160.009294904 12.359436677
v  638.986659658 159.959321228 12.3594366804
f -1 -2 -4 -3
v  639.954983372 160.200701672 12.3754302821
v  639.967964999 160.152416298 12.3754304705
v  640.958582201 160.238189373 12.3914242669
v  640.956824618 160.188220274 12.3914242679
f -1 -2 -4 -3
v  641.959392445 160.213326346 12.4074180681
v  641.958761942 160.163330322 12.4074180614
v  642.928620298 160.385526671 12.4093730164
v  642.944208956 160.338018843 12.4093730322
f -1 -2 -4 -3
v  643.930700652 160.435057972 12.4113280029
v  643.928715657 160.38509739 12.4113280029
v  644.898102296 160.614648393 12.4132829517
v  644.912296313 160.566705408 12.4132829733
f -1 -2 -4 -3
v  645.900851227 160.663939532 12.415237944
v  645.899039625 160.613972361 12.4152379442
v  646.901814054 160.638305556 12.4171929203
v  646.900909391 160.588313741 12.4171929149
f -1 -2 -4 -3
v  647.872354335 160.79772277 12.4191478719
v  647.88862473 160.750444082 12.4191478855
v  648.873073721 160.861067316 12.4211028562
v  648.870797414 160.811119159 12.4211028562
f -1 -2 -4 -3
v  649.841492864 161.027780052 12.4230578069
v  649.856680509 160.980142509 12.4230578267
v  650.843817751 161.074066447 12.4250127975
v  650.841996002 161.024099646 12.4250127975
f -1 -2 -4 -3
v  651.826971221 161.190689914 12.4269677679
v  651.838041218 161.141930759 12.4269677682
v  652.824719203 161.289031668 12.4232408435
v  652.822223276 161.239094003 12.4232408435
f -1 -2 -4 -3
v  653.806068498 161.419491962 12.4195139198
v  653.816761291 161.370648701 12.4195139187
v  654.805091153 161.498400461 12.4157869946
v  654.803314768 161.448432027 12.415786994
f -1 -2 -4 -3
v  655.78505819 161.648665141 12.4120600714
v  655.795531858 161.599774423 12.4120600693
v  656.785957168 161.714100285 12.4083331449
v  656.783445873 161.66416339 12.4083331445
f -1 -2 -4 -3
v  657.759796244 161.832967077 12.4046062353
v  657.776825149 161.785956266 12.4046062197
v  658.75708515 161.925853461 12.4008792962
v  658.754436387 161.87592367 12.4008792951
f -1 -2 -4 -3
v  659.728386473 162.064177844 12.3971523974
v  659.744940612 162.016997759 12.3971523703
v  660.727915453 162.138231912 12.3934254459
v  660.725617603 162.088284741 12.3934254456
f -1 -2 -4 -3
v  661.712732425 162.234851484 12.389698521
v  661.723734621 162.186076985 12.3896985209
v  662.708643149 162.354101472 12.3930911627
v  662.705908145 162.304176331 12.3930911231
f -1 -2 -4 -3
v  663.691674706 162.464057543 12.3964837252
v  663.702511222 162.415245967 12.3964837256
v  664.68932703 162.562787268 12.3998763476
v  664.686757922 162.512853314 12.3998763277
f -1 -2 -4 -3
v  665.674203834 162.672946982 12.4032689302
v  665.684095276 162.623935153 12.4032689302
v  666.640194089 162.92614433 12.4066616373
v  666.654844929 162.878338965 12.4066615333
f -1 -2 -4 -3
v  667.640809587 162.986143167 12.4100541348
v  667.638597651 162.936192118 12.4100541349
v  668.625221334 163.087413406 12.4134467371
v  668.636257102 163.038646493 12.4134467372
f -1 -2 -4 -3
v  669.621592269 163.201838734 12.4168393815
v  669.618855225 163.151913704 12.4168393393
v  670.60419592 163.316555731 12.4202319414
v  670.615015416 163.26774038 12.4202319419
f -1 -2 -4 -3
v  671.602208934 163.410603152 12.4236245442
v  671.599764498 163.360662941 12.4236245442
v  672.583064326 163.545838436 12.4347822096
v  672.593856965 163.497017141 12.4347822148
f -1 -2 -4 -3
v  673.582718558 163.626756859 12.4459398838
v  673.580225855 163.576819033 12.4459398854
v  674.559709109 163.722477668 12.4570975412
v  674.576765803 163.675476932 12.4570975562
f -1 -2 -4 -3
v  675.553881418 163.838735563 12.4682552204
v  675.551141204 163.788810708 12.4682552267
v  676.530402856 163.942801501 12.479412894
v  676.546409631 163.895432913 12.4794128973
f -1 -2 -4 -3
v  677.505518311 164.184231628 12.490570519
v  677.515002296 164.135139326 12.4905705678
v  678.505378194 164.266137827 12.5017284138
v  678.503054155 164.216191868 12.5017282382
f -1 -2 -4 -3
v  679.4856974 164.339685337 12.5128859089
v  679.502323358 164.292530512 12.5128859091
v  680.47655778 164.478457294 12.5240435723
v  680.473891924 164.428528413 12.5240435797
f -1 -2 -4 -3
v  681.453825259 164.570792256 12.535201236
v  681.470879111 164.523790489 12.5352012505
v  682.447540141 164.690235246 12.5502095106
v  682.445023612 164.640298615 12.5502095178
f -1 -2 -4 -3
v  683.437902238 164.745857645 12.5652177831
v  683.44667147 164.696632645 12.5652177852
v  684.409640872 164.970268306 12.5802261614
v  684.425461456 164.922837207 12.5802260517
f -1 -2 -4 -3
v  685.399163159 165.118003037 12.5952343103
v  685.396733579 165.0680621 12.5952343202
v  686.379812961 165.188033388 12.6102425875
v  686.396422976 165.140872945 12.6102425875
f -1 -2 -4 -3
v  687.370592406 165.327330145 12.6252508452
v  687.367930289 165.277401064 12.6252508551
v  688.347937958 165.41912526 12.640259104
v  688.364986565 165.37212159 12.6402591227
f -1 -2 -4 -3
v  689.341576622 165.539103946 12.6552673828
v  689.339061143 165.489167262 12.65526739
v  690.331968057 165.594420102 12.6702756553
v  690.340727519 165.545193363 12.6702756574
f -1 -2 -4 -3
v  691.303748729 165.818637455 12.6852839989
v  691.319559896 165.771203217 12.6852839239
v  692.293196103 165.966870065 12.6959838205
v  692.290774209 165.916928755 12.6959838275
f -1 -2 -4 -3
v  693.2739331 166.036368997 12.7066837301
v  693.290524271 165.989201921 12.7066837301
v  694.264262797 166.178537842 12.717383627
v  694.261867523 166.128595248 12.7173836327
f -1 -2 -4 -3
v  695.255894673 166.221295916 12.7280835335
v  695.264224188 166.171994606 12.7280835353
v  696.229483209 166.437447992 12.7387833461
v  696.244733865 166.389830585 12.7387834389
f -1 -2 -4 -3
v  697.215770739 166.605930153 12.7494833352
v  697.213751046 166.555970961 12.7494833405
v  698.200024217 166.654442677 12.7601832356
v  698.215696284 166.606962299 12.7601832432
f -1 -2 -4 -3
v  699.187263255 166.815634601 12.7708831399
v  699.184848857 166.765692928 12.7708831457
v  700.170194417 166.877042244 12.7815830407
v  700.185145746 166.829330005 12.7815830484
f -1 -2 -4 -3
v  701.141222887 167.131909004 12.7922828359
v  701.151309646 167.082936999 12.7922829508
v  702.138607504 167.241479847 12.7979777977
v  702.137094053 167.191502758 12.7979777572
f -1 -2 -4 -3
v  703.126066342 167.27403188 12.8036725482
v  703.140338445 167.226112082 12.8036725636
v  704.109805069 167.454794837 12.8093673679
v  704.107796805 167.404835185 12.8093673696
f -1 -2 -4 -3
v  705.095958182 167.497232553 12.815062165
v  705.109912354 167.44921921 12.8150621759
v  706.065104631 167.75679817 12.8207569181
v  706.075425455 167.707874959 12.820756982
f -1 -2 -4 -3
v  707.061099919 167.879476725 12.8264517938
v  707.060211355 167.829484621 12.8264517883
v  708.051980065 167.895627182 12.8321465701
v  708.064352992 167.847182258 12.832146595
f -1 -2 -4 -3
v  709.032297871 168.093394934 12.8378414549
v  709.030859263 168.043415634 12.8378414009
v  710.021626657 168.118794528 12.8435361904
v  710.034256178 168.070415863 12.8435362072
f -1 -2 -4 -3
v  710.989045961 168.381452611 12.8492309669
v  710.999563066 168.332571218 12.8492310132
v  711.983551866 168.51666806 12.836694671
v  711.983438511 168.466668189 12.8366946029
f -1 -2 -4 -3
v  712.977668052 168.519728485 12.824158246
v  712.987625952 168.470730115 12.8241581905
v  713.954749523 168.731244732 12.8116217439
v  713.954045418 168.68124969 12.8116217806
f -1 -2 -4 -3
v  714.947123818 168.742120556 12.7990854095
v  714.958091247 168.693338228 12.7990853695
v  715.913333121 169.004619876 12.7865489673
v  715.923717626 168.955710142 12.7865489593
f -1 -2 -4 -3
v  716.906502045 169.151871654 12.7740128643
v  716.90617205 169.101872743 12.774012552
v  717.895310895 169.213578837 12.7614761378
v  717.905976733 169.164729682 12.7614761378
f -1 -2 -4 -3
v  718.887078702 169.365439957 12.7489398569
v  718.886846753 169.315440495 12.7489397278
v  719.881421874 169.369231577 12.7364033525
v  719.890743856 169.320108256 12.7364033155
f -1 -2 -4 -3
v  720.846585948 169.631214096 12.7238666469
v  720.857081617 169.582328097 12.7238669053
v  721.838219845 169.788106952 12.6847022071
v  721.839131212 169.738115259 12.6847009192
f -1 -2 -4 -3
v  722.83045991 169.833254581 12.6455348966
v  722.839363716 169.784053746 12.6455348932
v  723.8112094 170.028961723 12.6063688894
v  723.821168522 169.979963602 12.6063688872
f -1 -2 -4 -3
v  724.797872941 170.207039238 12.5672046583
v  724.802362108 170.157241172 12.5672029187
v  725.792544811 170.24314384 12.5280368814
v  725.801740636 170.193996746 12.5280368751
f -1 -2 -4 -3
v  726.779408166 170.423553749 12.4888727611
v  726.78150472 170.373597723 12.4888709032
v  727.773650253 170.460959239 12.4497048652
v  727.78172749 170.41161597 12.4497048631
f -1 -2 -4 -3
v  728.749009277 170.668053379 12.4105397191
v  728.763618953 170.620235419 12.4105388466
v  729.732498714 170.852873161 12.3713728609
v  729.731204292 170.802889919 12.3713728511
f -1 -2 -4 -3
v  730.727561125 170.86552152 12.3322068514
v  730.734496959 170.816004914 12.332206845
v  731.705982194 171.062352183 12.2680305193
v  731.718064206 171.013833887 12.2680270847
f -1 -2 -4 -3
v  732.683646236 171.277874607 12.2038478347
v  732.683579831 171.227874651 12.2038474291
v  733.677390246 171.281070698 12.1396679848
v  733.687996123 171.23220849 12.1396677108
f -1 -2 -4 -3
v  734.65500012 171.490584479 12.0754879175
v  734.654387257 171.440588235 12.075488006
v  735.651273611 171.494569474 12.0113097348
v  735.657628728 171.444974993 12.01130829
f -1 -2 -4 -3
v  736.630959954 171.686195733 11.9471283633
v  736.641799468 171.637384823 11.9471285872
v  737.606051349 171.913980057 11.8829495996
v  737.607003913 171.863989132 11.8829488852
f -1 -2 -4 -3
v  738.603131941 171.907217681 11.8187741144
v  738.61042971 171.857753122 11.8187690747
v  739.567434527 172.166747447 11.7545894605
v  739.57803735 172.117884576 11.7545894584
f -1 -2 -4 -3
v  740.557301228 172.332751418 11.6904123267
v  740.559831017 172.282815458 11.6904097973
v  741.551228069 172.370778387 11.6274943996
v  741.559778012 172.321514825 11.627494394
f -1 -2 -4 -3
v  742.532065358 172.565279134 11.5645790687
v  742.541848133 172.5162455 11.5645790391
v  743.517310473 172.747909179 11.5016643871
v  743.523137751 172.698249912 11.5016636887
f -1 -2 -4 -3
v  744.51344818 172.780476328 11.4387483467
v  744.522083027 172.731227577 11.4387483294
v  745.498455476 172.966846081 11.375835701
v  745.502388697 172.917001023 11.3758330311
f -1 -2 -4 -3
v  746.493654094 173.000970277 11.3129176265
v  746.50191213 172.951656943 11.3129176199
v  747.474572526 173.194460416 11.2500023328
v  747.484196598 173.145395386 11.2500022649
f -1 -2 -4 -3
v  748.459103565 173.379851665 11.1870875056
v  748.465373054 173.330246287 11.1870869139
v  749.455968507 173.410676983 11.1241715782
v  749.464125009 173.361346754 11.1241715553
f -1 -2 -4 -3
v  750.439612953 173.599677378 11.0612579553
v  750.445104863 173.549979904 11.0612562384
v  751.436585966 173.630020844 11.012240825
v  751.444038382 173.580579348 11.0122408208
f -1 -2 -4 -3
v  752.414746578 173.826630135 10.9632275485
v  752.427462608 173.778274136 10.9632254111
v  753.393416785 174.037138352 10.9142100714
v  753.393255498 173.987138612 10.9142100615
f -1 -2 -4 -3
v  754.39035754 174.03690551 10.8651955825
v  754.396367655 173.987268039 10.8651946771
v  755.370344158 174.225504942 10.8161790828
v  755.381223715 174.176702942 10.8161793019
f -1 -2 -4 -3
v  756.344422637 174.459451595 10.767164663
v  756.346022937 174.409477211 10.7671639308
v  757.342765649 174.449376645 10.7181522263
v  757.348762986 174.399737629 10.7181484367
f -1 -2 -4 -3
v  758.31587893 174.673410269 10.6691331835
v  758.31663583 174.623415998 10.6691331629
v  759.313638091 174.667365984 10.6201190561
v  759.319542045 174.617715775 10.6201177718
f -1 -2 -4 -3
v  760.294787293 174.859158509 10.5711014954
v  760.302185174 174.809708823 10.5711023953
v  761.293256209 174.888500708 10.532365405
v  761.299892661 174.83894309 10.5323653989
f -1 -2 -4 -3
v  762.273648769 175.076090208 10.4936283761
v  762.284462776 175.027273641 10.4936283947
v  763.247815816 175.308866561 10.4548918602
v  763.249455244 175.258893445 10.4548913958
f -1 -2 -4 -3
v  764.246736858 175.298840961 10.4161552033
v  764.251681689 175.249086076 10.4161543779
v  765.227328294 175.488292403 10.3774173924
v  765.235457204 175.43895762 10.3774173821
f -1 -2 -4 -3
v  766.226169454 175.518986767 10.3386803853
v  766.23240413 175.469377001 10.3386803778
v  767.207077384 175.702359758 10.2999433425
v  767.217871996 175.653538898 10.2999433736
f -1 -2 -4 -3
v  768.179844774 175.943229224 10.2612070729
v  768.182313226 175.893290194 10.2612063785
v  769.179450341 175.930712326 10.2224706114
v  769.184081628 175.880927276 10.2224693492
f -1 -2 -4 -3
v  770.143238149 176.183471485 10.1837323624
v  770.154157613 176.134678399 10.1837323609
v  771.131062336 176.358754803 10.1482387905
v  771.135531544 176.308954942 10.1482377986
f -1 -2 -4 -3
v  772.132887805 176.347685996 10.1127445459
v  772.134955598 176.297728772 10.1127431989
v  773.102231479 176.576193235 10.0772487442
v  773.106087648 176.526342157 10.0772486369
f -1 -2 -4 -3
v  774.103311958 176.562938887 10.0417554767
v  774.106473788 176.513038959 10.041754045
v  775.067432275 176.807574024 10.0062594855
v  775.078356282 176.758781954 10.0062594849
f -1 -2 -4 -3
v  776.053849955 176.989733234 9.97076538547
v  776.059077066 176.940007211 9.97076491271
v  777.056428034 176.982586692 9.93527163593
v  777.057394973 176.932596042 9.9352703243
f -1 -2 -4 -3
v  778.024636485 177.207441913 9.89977612316
v  778.030040711 177.157734828 9.8997757646
v  779.027011334 177.196733742 9.86428317238
v  779.028862213 177.146768011 9.86428116548
f -1 -2 -4 -3
v  779.991748551 177.431544755 9.8287866092
v  780.002554817 177.382726473 9.8287866092
v  780.976687097 177.618185423 9.79674310576
v  780.983158014 177.568605918 9.79674284922
f -1 -2 -4 -3
v  781.97409245 177.647769752 9.76469910312
v  781.981805507 177.598368247 9.76469908706
v  782.957178513 177.839085073 9.73265557531
v  782.962691195 177.789389899 9.73265532896
f -1 -2 -4 -3
v  783.959832632 177.831453338 9.70061298231
v  783.96094624 177.781465741 9.70061155408
v  784.925165144 178.057828133 9.66856780519
v  784.935982036 178.009012205 9.66856780448
f -1 -2 -4 -3
v  785.909231916 178.248400912 9.63652428804
v  785.916092847 178.198873873 9.63652404462
v  786.907326359 178.277438558 9.60448030284
v  786.914260135 178.227921664 9.60448028252
f -1 -2 -4 -3
v  787.889412968 178.469935508 9.57243633771
v  787.8958374 178.420349959 9.57243651989
v  788.892594668 178.467397588 9.54039277368
v  788.892886908 178.417398442 9.54039276078
f -1 -2 -4 -3
v  789.859735665 178.687497808 9.50834958697
v  789.867295822 178.638072673 9.50834901753
v  790.863273211 178.680900778 9.48864981946
v  790.86431324 178.630911596 9.48864979937
f -1 -2 -4 -3
v  791.828422241 178.908375212 9.46895059751
v  791.839268048 178.8595657 9.46895059911
v  792.812684122 179.100400058 9.44925163483
v  792.81899213 179.050799564 9.44925140005
f -1 -2 -4 -3
v  793.815912574 179.104159032 9.42955272822
v  793.815359208 179.054162094 9.42955219446
v  794.782315152 179.313559349 9.40985326995
v  794.792719475 179.264653828 9.40985300492
f -1 -2 -4 -3
v  795.786707843 179.316922519 9.39015381936
v  795.786714725 179.266922519 9.39015379719
v  796.753758117 179.53608558 9.37045496756
v  796.761392805 179.486671902 9.370454608
f -1 -2 -4 -3
v  797.757328522 179.529673303 9.3507554166
v  797.758342004 179.479683575 9.35075539632
v  798.722495807 179.756880497 9.33105619415
v  798.733339726 179.708070565 9.33105619607
f -1 -2 -4 -3
v  799.706729019 179.949027522 9.31135723134
v  799.713051397 179.899428857 9.311356997
v  800.709961733 179.95297423 9.30636018693
v  800.709390111 179.902977498 9.30636005251
f -1 -2 -4 -3
v  801.67635889 180.162069923 9.30136317997
v  801.686824599 180.113177501 9.30136311307
v  802.68075962 180.165722637 9.29636617467
v  802.68074396 180.11572264 9.29636616906
f -1 -2 -4 -3
v  803.647781464 180.384671832 9.29136932018
v  803.655489496 180.335269542 9.29136922972
v  804.651334941 180.380840576 9.28637228813
v  804.651934001 180.330844164 9.28637228474
f -1 -2 -4 -3
v  805.63169092 180.542521116 9.28137534495
v  805.642027106 180.493601148 9.2813753426
v  806.631704266 180.594584667 9.27637841325
v  806.632763721 180.544595893 9.27637840024
f -1 -2 -4 -3
v  807.613724679 180.751320276 9.27138145825
v  807.624231128 180.702436592 9.27138145825
v  808.58013001 181.013536941 9.26638451056
v  808.589268253 180.964379108 9.26638451595
f -1 -2 -4 -3
v  809.584005316 181.017247615 9.26138757677
v  809.583845266 180.967247871 9.26138757393
v  810.564829987 181.168988017 9.26907789198
v  810.575464662 181.120132069 9.26907789531
f -1 -2 -4 -3
v  811.564672856 181.230698361 9.27676820665
v  811.564462257 181.180698805 9.27676821684
v  812.544309717 181.396126591 9.2844585347
v  812.554224755 181.34711953 9.28445853812
f -1 -2 -4 -3
v  813.544297911 181.443735342 9.29214883709
v  813.545888855 181.393760659 9.29214885987
v  814.523777334 181.62390335 9.29983917705
v  814.532925403 181.574747345 9.29983918093
f -1 -2 -4 -3
v  815.526815126 181.653636666 9.30752950226
v  815.524939818 181.603671846 9.30752950237
v  816.494772954 181.827211776 9.31521974431
v  816.50960304 181.779461713 9.31521982294
f -1 -2 -4 -3
v  817.497811463 181.865464143 9.32291014384
v  817.496135788 181.81549223 9.3229101452
v  818.464591918 182.055327056 9.33060037526
v  818.477751114 182.007089772 9.33060046495
f -1 -2 -4 -3
v  819.468092817 182.094369236 9.33829078749
v  819.466325841 182.044400468 9.33829078801
v  820.46624543 182.080617376 9.35366784403
v  820.469687274 182.030735979 9.35366826424
f -1 -2 -4 -3
v  821.446378922 182.265467829 9.36904572628
v  821.455193958 182.216251011 9.36904573146
v  822.449636179 182.289269098 9.38442320256
v  822.447989603 182.239296218 9.38442320325
f -1 -2 -4 -3
v  823.416926145 182.471892801 9.39980050693
v  823.430992148 182.423912101 9.39980067259
v  824.41978807 182.519782484 9.41517814493
v  824.417980873 182.469815154 9.41517814674
f -1 -2 -4 -3
v  825.418406755 182.503285397 9.43055533287
v  825.421181813 182.453362465 9.4305556213
v  826.398406742 182.684755659 9.44593308436
v  826.407565025 182.635601556 9.44593309018
f -1 -2 -4 -3
v  827.4014373 182.714666297 9.46131056176
v  827.399555946 182.664701704 9.46131056196
v  828.369416445 182.887976648 9.4766878751
v  828.384266523 182.840232798 9.47668803206
f -1 -2 -4 -3
v  829.371472434 182.945213304 9.49206550275
v  829.369644892 182.895246714 9.49206550546
v  830.370525709 182.926311884 9.51080116864
v  830.372678533 182.876358252 9.51080137907
f -1 -2 -4 -3
v  831.350475033 183.10385818 9.52953724112
v  831.359947861 183.054763725 9.52953724882
v  832.351901586 183.158515231 9.5482731198
v  832.350422194 183.108537122 9.54827312057
f -1 -2 -4 -3
v  833.351619116 183.1486 9.56700899228
v  833.351619116 183.0986 9.56700899228
v  834.352578364 183.129874169 9.58574495664
v  834.352728093 183.079874394 9.58574486354
f -1 -2 -4 -3
v  835.319785489 183.328466269 9.60448055596
v  835.332954144 183.280231566 9.60448073245
v  836.323282267 183.367579849 9.62321660611
v  836.32151479 183.317611099 9.6232166074
f -1 -2 -4 -3
v  837.322773803 183.3608 9.64195247911
v  837.322773803 183.3108 9.64195247911
v  838.322773803 183.3608 9.66068835081
v  838.322773803 183.3108 9.66068835081
f -1 -2 -4 -3
v  839.323468538 183.345150719 9.67942428767
v  839.32352076 183.295150746 9.6794242223
v  840.306922255 183.472294443 9.70217943496
v  840.317990643 183.423534923 9.70217943782
f -1 -2 -4 -3
v  841.303760902 183.581258677 9.72493500918
v  841.302018514 183.531289045 9.72493465276
v  842.303346625 183.573 9.7476898684
v  842.303346625 183.523 9.7476898684
f -1 -2 -4 -3
v  843.303346625 183.573 9.77044508369
v  843.303346625 183.523 9.77044508369
v  844.303346625 183.573 9.79320029898
v  844.303346625 183.523 9.79320029898
f -1 -2 -4 -3
v  845.303346625 183.573 9.81595551428
v  845.303346625 183.523 9.81595551428
v  846.303346625 183.573 9.83871072957
v  846.303346625 183.523 9.83871072957
f -1 -2 -4 -3
v  847.303346625 183.573 9.86146594486
v  847.303346625 183.523 9.86146594486
v  848.303346625 183.573 9.88422116016
v  848.303346625 183.523 9.88422116016
f -1 -2 -4 -3
v  849.303346625 183.573 9.90697637545
v  849.303346625 183.523 9.90697637545
v  850.303819919 183.590463632 9.92057167119
v  850.304802696 183.540473292 9.92057170032
f -1 -2 -4 -3
v  851.292238993 183.43239374 9.93416702528
v  851.275798248 183.38517402 9.93416702528
v  852.272966298 183.348997039 9.94776234866
v  852.274741707 183.29902857 9.94776235023
f -1 -2 -4 -3
v  853.274504941 183.3608 9.96135767515
v  853.274504941 183.3108 9.96135767515
v  854.275299059 183.376424334 9.97495295625
v  854.275150228 183.326424555 9.97495299989
f -1 -2 -4 -3
v  855.269456799 183.245476106 9.98854832469
v  855.258398891 183.196714208 9.988548325
v  856.25375773 183.140723949 10.0021436496
v  856.255532965 183.090755473 10.0021436499
f -1 -2 -4 -3
v  857.255804708 183.166954381 10.015738826
v  857.256381539 183.116957708 10.0157389744
v  858.240836073 182.990060228 10.0293342902
v  858.22539226 182.942505117 10.0293342999
f -1 -2 -4 -3
v  859.225462341 182.942280438 10.0429295972
v  859.227370693 182.892316869 10.0429296247
v  860.221824793 182.827348013 10.044536909
v  860.210752371 182.778589409 10.0445369091
f -1 -2 -4 -3
v  861.205686821 182.72713561 10.0461441921
v  861.208258262 182.677201777 10.0461441935
v  862.203024498 182.616074054 10.0477514778
v  862.193130576 182.567062726 10.047751478
f -1 -2 -4 -3
v  863.173772844 182.361652348 10.049358784
v  863.15911518 182.313849076 10.0493587622
v  864.15777346 182.306735585 10.0509660436
v  864.160071021 182.256788401 10.0509660468
f -1 -2 -4 -3
v  865.146094551 182.151132134 10.0525733312
v  865.130443052 182.103644972 10.0525733312
v  866.120594932 181.945321275 10.0541806156
v  866.112097527 181.896048624 10.0541806156
f -1 -2 -4 -3
v  867.105749822 181.772087503 10.0557878996
v  867.097089865 181.722843161 10.0557879001
v  868.082459833 181.547463946 10.0573951841
v  868.067883007 181.499635961 10.0573951845
f -1 -2 -4 -3
v  869.055769489 181.336758955 10.0590024689
v  869.04754634 181.287439792 10.0590024689
v  870.032624513 181.112564194 10.0533130971
v  870.018136766 181.064709151 10.0533130988
f -1 -2 -4 -3
v  871.007056313 180.906410633 10.0476237288
v  870.998790968 180.857098524 10.0476237288
v  871.982773023 180.677687501 10.0419343576
v  871.968429587 180.629789006 10.0419343586
f -1 -2 -4 -3
v  872.958344287 180.476046131 10.0362449886
v  872.950027365 180.426742695 10.0362449885
v  873.932928226 180.242989592 10.0305556221
v  873.918783679 180.195031988 10.0305556184
f -1 -2 -4 -3
v  874.909611245 180.045549916 10.0248662485
v  874.901216966 179.996259592 10.0248662484
v  875.883081116 179.808434159 10.0191768904
v  875.869208627 179.760397152 10.0191768782
f -1 -2 -4 -3
v  876.863058454 179.623766011 10.0134875088
v  876.854575112 179.574490937 10.0134875082
v  877.823475322 179.336233822 10.0077980707
v  877.804808433 179.289849048 10.0077981381
f -1 -2 -4 -3
v  878.767686616 179.020124355 10.0021087688
v  878.756494519 178.971393082 10.002108768
v  879.677471946 178.600466189 10.0018378675
v  879.651717062 178.557609615 10.0018378672
f -1 -2 -4 -3
v  880.628479062 178.358891755 10.0015669678
v  880.622298068 178.309275273 10.0015669664
v  881.557613493 177.992018518 10.0012960657
v  881.530171829 177.950221926 10.0012960656
f -1 -2 -4 -3
v  882.499273433 177.727704206 10.0010251662
v  882.493372144 177.67805368 10.0010251648
v  883.435780087 177.380229231 10.0007542645
v  883.407906784 177.338719244 10.0007542639
f -1 -2 -4 -3
v  884.37013186 177.096429153 10.0004833642
v  884.364392505 177.046759647 10.0004833631
v  885.317464966 176.779308706 10.0002124629
v  885.290272921 176.737349289 10.0002124623
f -1 -2 -4 -3
v  886.219506875 176.367733815 9.99994156153
v  886.203663551 176.320310307 9.99994156152
v  887.144970441 175.981396593 9.99967066095
v  887.12025538 175.937932058 9.99967066071
f -1 -2 -4 -3
v  888.010222353 175.47736416 9.99939979117
v  887.985230385 175.434058254 9.9993997599
v  888.91845415 175.073461308 10.0098448434
v  888.901453584 175.026440241 10.0098448436
f -1 -2 -4 -3
v  889.868969185 174.77109118 10.0202899419
v  889.856836063 174.722585641 10.0202899273
v  890.830637681 174.482870378 10.0307347946
v  890.814914993 174.435406738 10.0307350111
f -1 -2 -4 -3
v  891.71744788 174.01875151 10.041180079
v  891.684058268 173.981534125 10.0411800946
v  892.499289125 173.404111464 10.0516251774
v  892.474457527 173.360713402 10.0516251784
f -1 -2 -4 -3
v  893.408959018 173.002543272 10.062070262
v  893.39293467 172.955180625 10.062070262
v  894.341047301 172.632242438 10.0725152567
v  894.317118963 172.58833988 10.0725153452
f -1 -2 -4 -3
v  895.2152016 172.145762083 10.0829604152
v  895.192286975 172.101322011 10.0829604294
v  896.03010142 171.559404862 10.0934055115
v  895.995648845 171.523169243 10.0934055131
f -1 -2 -4 -3
v  896.875171596 171.070402953 10.1038505961
v  896.859836951 171.022812527 10.1038505968
v  897.815223441 170.715082714 10.1266686182
v  897.792501498 170.670543818 10.1266692319
f -1 -2 -4 -3
v  898.645704409 170.150582369 10.14948828
v  898.612250367 170.113422888 10.1494878705
v  899.445358016 169.566589986 10.1723065061
v  899.422103404 169.522326874 10.1723065075
f -1 -2 -4 -3
v  900.331563239 169.100808629 10.1951250899
v  900.30845426 169.056469312 10.1951251444
v  901.187925979 168.578212804 10.2179436047
v  901.155980556 168.539748666 10.2179437797
f -1 -2 -4 -3
v  901.966371478 167.961824603 10.2407624092
v  901.942842437 167.917706758 10.2407624182
v  902.820086327 167.436804139 10.2635810213
v  902.787991666 167.398464437 10.2635810549
f -1 -2 -4 -3
v  903.581396001 166.787564069 10.2863996919
v  903.549447041 166.749102869 10.2863996919
v  904.346698928 166.142225415 10.3092182978
v  904.313644537 166.104709988 10.3092183289
f -1 -2 -4 -3
v  905.151564318 165.566071623 10.3320369657
v  905.129355176 165.521274815 10.3320369657
v  905.988463441 165.014191259 10.3623817055
v  905.955703278 164.976418627 10.3623817074
f -1 -2 -4 -3
v  906.750485491 164.366612427 10.392726449
v  906.718533204 164.328153991 10.392726449
v  907.519625498 163.727528348 10.4230711907
v  907.48766951 163.689072986 10.4230711907
f -1 -2 -4 -3
v  908.281282261 163.077304468 10.4534159731
v  908.248331777 163.039697745 10.4534159322
v  909.11048413 162.536107943 10.4837606473
v  909.089275994 162.490828644 10.4837606743
f -1 -2 -4 -3
v  909.943929835 161.984031316 10.5141051795
v  909.900964293 161.958458631 10.5141054077
v  910.532658887 161.198944969 10.5444501527
v  910.50177315 161.159624857 10.5444501574
f -1 -2 -4 -3
v  911.321066947 160.580158106 10.5747947301
v  911.289969411 160.541005286 10.574794899
v  912.045441106 159.886810355 10.6051397894
v  912.007366691 159.854401422 10.6051396408
f -1 -2 -4 -3
v  912.733334729 159.168840436 10.6354843784
v  912.701261868 159.130482495 10.6354843824
v  913.509923686 158.538173594 10.6612589186
v  913.477971154 158.499715361 10.6612589186
f -1 -2 -4 -3
v  914.282155642 157.903485403 10.6870334677
v  914.251188106 157.864229681 10.6870334548
v  915.023696252 157.22841569 10.7128079574
v  914.98609576 157.195458096 10.712807991
f -1 -2 -4 -3
v  915.701522966 156.500529688 10.7385825236
v  915.670689743 156.461168383 10.7385825274
v  916.431718001 155.815572223 10.7643585997
v  916.386366782 155.794518319 10.7643571001
f -1 -2 -4 -3
v  916.889832537 154.952251924 10.7901313938
v  916.857333928 154.914254025 10.7901316021
v  917.660745013 154.307984365 10.8159055542
v  917.623525171 154.274597491 10.8159061333
f -1 -2 -4 -3
v  918.331530391 153.571529539 10.8416795922
v  918.299451738 153.533176442 10.8416806899
v  919.082481347 152.905756643 10.8674534038
v  919.038664651 152.881671437 10.8674551464
f -1 -2 -4 -3
v  919.522468977 152.025047851 10.8932295042
v  919.488380024 151.988469944 10.8932297467
v  920.299302763 151.390178415 10.9119462865
v  920.263788967 151.354982246 10.9119463633
f -1 -2 -4 -3
v  920.96048336 150.63440857 10.9306621932
v  920.91969565 150.605488634 10.9306629647
v  921.50820761 149.80401179 10.9493795988
v  921.470719603 149.770926305 10.9493796009
f -1 -2 -4 -3
v  922.189210116 149.072105033 10.9680962095
v  922.153139213 149.037480043 10.9680962197
v  922.857990854 148.322769503 10.9868108817
v  922.816005355 148.295617747 10.9868127777
f -1 -2 -4 -3
v  923.284320671 147.426215854 11.0055292187
v  923.247424676 147.392471439 11.0055294608
v  924.058817149 146.793507563 11.0242460747
v  924.023993809 146.757628113 11.0242460758
f -1 -2 -4 -3
v  924.732929694 146.04784103 11.0429622188
v  924.69207407 146.019017117 11.0429626901
v  925.155187984 145.142262243 11.0616792327
v  925.114051144 145.113841116 11.0616793144
f -1 -2 -4 -3
v  925.829710339 144.407286769 11.0803959106
v  925.791971883 144.374487242 11.0803959318
v  926.375989766 143.572228355 11.0979664145
v  926.338264318 143.539413868 11.0979664321
f -1 -2 -4 -3
v  927.053785108 142.832738039 11.1155362203
v  927.012628511 142.80434553 11.1155369206
v  927.475877792 141.928281445 11.1331073367
v  927.435561419 141.898707976 11.1331074331
f -1 -2 -4 -3
v  928.15827506 141.196340185 11.1506779131
v  928.118623302 141.165881391 11.1506779312
v  928.58349029 140.290765529 11.1682481169
v  928.541489374 140.263637628 11.1682484392
f -1 -2 -4 -3
v  929.260276076 139.557709088 11.1858188946
v  929.221954717 139.525592527 11.1858189308
v  929.695593019 138.655598905 11.2033891095
v  929.65174028 138.631579386 11.2033894371
f -1 -2 -4 -3
v  930.351953413 137.911848554 11.2209598869
v  930.315422443 137.877709306 11.2209599309
v  930.903296785 137.078176112 11.2385303915
v  930.864039912 137.047210036 11.2385304315
f -1 -2 -4 -3
v  931.584510906 136.344518839 11.2561011764
v  931.545152657 136.313681714 11.2561009347
v  932.021763101 135.440938041 11.2684185303
v  931.975816075 135.421218232 11.2684185373
f -1 -2 -4 -3
v  932.432243565 134.534672396 11.2807361214
v  932.391102665 134.506257147 11.2807361439
v  933.112361371 133.802640017 11.2930537308
v  933.073470342 133.771215698 11.2930537495
f -1 -2 -4 -3
v  933.542304056 132.898357734 11.3053711166
v  933.499203322 132.87301357 11.305371361
v  934.212950525 132.162817679 11.317688926
v  934.175298466 132.129919009 11.3176889619
f -1 -2 -4 -3
v  934.672484475 131.271172359 11.3300065685
v  934.626148102 131.252385646 11.3300065685
v  935.073957621 130.357926445 11.3423237356
v  935.030306476 130.333542485 11.3423241793
f -1 -2 -4 -3
v  935.659770173 129.551631257 11.354641778
v  935.619800138 129.521591344 11.3546417812
v  936.138949581 128.670897262 11.3669593866
v  936.092608383 128.652122454 11.3669593875
f -1 -2 -4 -3
v  936.522847357 127.746270468 11.3792769983
v  936.477896265 127.724375278 11.3792769921
v  937.155365364 126.988463966 11.379575074
v  937.119840383 126.953279087 11.3795750753
f -1 -2 -4 -3
v  937.672363086 126.131623848 11.3798731564
v  937.62570236 126.113657862 11.3798731568
v  938.052633711 125.205144313 11.3801712432
v  938.007625565 125.183366646 11.3801712383
f -1 -2 -4 -3
v  938.683523981 124.446350845 11.3804693185
v  938.648048281 124.411116278 11.3804693198
v  939.202543927 123.590801955 11.3807674009
v  939.155881744 123.572839754 11.3807674013
f -1 -2 -4 -3
v  939.582420227 122.664031677 11.381065488
v  939.537357256 122.642367683 11.3810654828
v  940.211661255 121.904230315 11.381363563
v  940.176232162 121.868948884 11.3813635643
f -1 -2 -4 -3
v  940.732797808 121.050021285 11.3816616454
v  940.686139215 121.03204976 11.3816616458
v  941.11221695 120.12292045 11.3819597329
v  941.067094831 120.101379921 11.3819597272
f -1 -2 -4 -3
v  941.739760461 119.362102174 11.3822578075
v  941.704380405 119.326771569 11.3822578088
v  942.268325961 118.511550444 11.3721891985
v  942.22170182 118.493489727 11.3721891775
f -1 -2 -4 -3
v  942.590718334 117.558468406 11.3621205459
v  942.543103365 117.543210138 11.3621205463
v  943.118767116 116.74217713 11.3520519426
v  943.084433502 116.705828775 11.3520519148
f -1 -2 -4 -3
v  943.719793075 115.940611279 11.3419832948
v  943.673675914 115.921292702 11.3419832839
v  944.111448406 115.018899896 11.3319146527
v  944.06587515 114.998331027 11.3319146527
f -1 -2 -4 -3
v  944.503581442 114.095914067 11.3218459179
v  944.45747061 114.076580385 11.3218460224
v  945.08673264 113.307164758 11.311777419
v  945.051986363 113.271210673 11.31177739
f -1 -2 -4 -3
v  945.659297006 112.486745737 11.3017087742
v  945.612911647 112.468080301 11.301708759
v  946.033648393 111.554956879 11.291639973
v  945.987508281 111.535693181 11.2916401292
f -1 -2 -4 -3
v  946.621325694 110.76942621 11.2815715652
v  946.587006297 110.73306443 11.2815714956
v  947.164537049 109.933217989 11.2655999454
v  947.116939116 109.917906662 11.2655999005
f -1 -2 -4 -3
v  947.496272336 108.990335834 11.2496283324
v  947.450729944 108.969698718 11.2496283041
v  947.899163103 108.071883545 11.2336568605
v  947.852578397 108.053721355 11.2336567067
f -1 -2 -4 -3
v  948.433543997 107.251314522 11.2176851151
v  948.398561122 107.215590602 11.2176851117
v  949.052163588 106.462990197 11.2017135242
v  949.006513814 106.442591714 11.2017135157
f -1 -2 -4 -3
v  949.429320726 105.531007611 11.1857421894
v  949.382726636 105.512869506 11.1857419172
v  949.9617071 104.70911789 11.1697703257
v  949.926698301 104.673419374 11.1697703232
f -1 -2 -4 -3
v  950.584724326 103.923586972 11.1537987346
v  950.539409188 103.90245552 11.1537987271
v  950.948772629 102.986902361 11.1378272091
v  950.901541735 102.970493744 11.137827131
f -1 -2 -4 -3
v  951.290987858 102.046979597 11.1218555495
v  951.244261594 102.029184758 11.1218555345
v  951.782835019 101.196682819 11.0973716522
v  951.746756622 101.162065637 11.0973716277
f -1 -2 -4 -3
v  952.438754123 100.436470333 11.0728883584
v  952.394434426 100.413323748 11.0728877316
v  952.833149726 99.5138856242 11.0484038144
v  952.787576441 99.4933168211 11.0484038144
f -1 -2 -4 -3
v  953.234380343 98.5951447908 11.0239202804
v  953.187719987 98.577177845 11.0239199051
v  953.745636937 97.7595373222 10.999436004
v  953.710770512 97.7236997392 10.9994360008
f -1 -2 -4 -3
v  954.370985914 96.9771179343 10.9749521041
v  954.324738551 96.9581131609 10.9749520942
v  954.690314011 96.0266561845 10.9504681391
v  954.644272769 96.0071573622 10.9504681875
f -1 -2 -4 -3
v  955.100926974 95.1136325221 10.9259844679
v  955.054433099 95.0952390548 10.9259842803
v  955.565467693 94.2457223 10.9015004291
v  955.528517959 94.2120367366 10.9015003732
f -1 -2 -4 -3
v  956.235106907 93.49701376 10.8770177144
v  956.191752492 93.4721060365 10.8770164904
v  956.634816957 92.5762379905 10.8525325599
v  956.589241872 92.555673175 10.8525325602
f -1 -2 -4 -3
v  957.041453328 91.6612407928 10.8280487833
v  956.995141586 91.6423934441 10.8280486532
v  957.501284088 90.7839665327 10.8035647542
v  957.460995415 90.7543553384 10.8035647467
f -1 -2 -4 -3
v  958.096203438 89.9766433423 10.7790816886
v  958.053264563 89.9510259075 10.7790808507
v  958.508118176 89.062245082 10.7545969333
v  958.462545179 89.0416756394 10.7545969333
f -1 -2 -4 -3
v  958.917039109 88.1482511791 10.7301133163
v  958.870668334 88.1295495417 10.7301130265
v  959.371435094 87.2735820409 10.7056291778
v  959.334390196 87.2400011609 10.7056291188
f -1 -2 -4 -3
v  960.042980296 86.5258817202 10.6811451925
v  959.998896072 86.5022897477 10.6811452124
v  960.371999624 85.5766883969 10.6566613206
v  960.325140732 85.5592457995 10.6566613059
f -1 -2 -4 -3
v  960.779732923 84.6654887412 10.6321773997
v  960.734158812 84.6449217665 10.6321773993
v  961.19043276 83.7529212476 10.6110392371
v  961.144351636 83.7335168671 10.6110390955
f -1 -2 -4 -3
v  961.62706806 82.8651775444 10.5899008556
v  961.588497666 82.8333604939 10.5899007898
v  962.308477905 82.1286548953 10.5687630709
v  962.266977324 82.1007675906 10.5687624956
f -1 -2 -4 -3
v  962.718274542 81.2103991613 10.5476241848
v  962.671632264 81.1923853352 10.5476241818
v  963.054287061 80.2685542443 10.5264859092
v  963.007705879 80.2503830177 10.5264858773
f -1 -2 -4 -3
v  963.462919529 79.3625724336 10.5053476265
v  963.421821078 79.3340958224 10.5053475721
v  964.143153742 78.6305408523 10.4842093005
v  964.104225603 78.599162516 10.4842092692
f -1 -2 -4 -3
v  964.582152207 77.7276708588 10.4630709762
v  964.536181795 77.7080056315 10.4630709641
v  964.992785987 76.8151535547 10.441932706
v  964.946349695 76.7966151938 10.4419326601
f -1 -2 -4 -3
v  965.329556115 75.8730206893 10.4207943679
v  965.282792176 75.8553250959 10.4207943555
v  965.726104726 74.9598769745 10.3996560843
v  965.683848401 74.9331486563 10.3996560507
f -1 -2 -4 -3
v  966.399428333 74.2249835181 10.3785177931
v  966.361595511 74.1922928841 10.3785177474
v  966.855648914 73.3314624629 10.3573794432
v  966.809357727 73.3125646849 10.3573794424
f -1 -2 -4 -3
v  967.266681101 72.4196604205 10.3362410976
v  967.220459323 72.4005935055 10.3362411378
v  967.605363498 71.4777251024 10.3151028397
v  967.55844442 71.4604450523 10.3151028336
f -1 -2 -4 -3
v  968.005690696 70.5638338169 10.2939643885
v  967.960295014 70.5428759533 10.293964529
v  968.409748573 69.6519269282 10.2728273265
v  968.367446564 69.6252709718 10.2728262086
f -1 -2 -4 -3
v  969.083410961 68.9173060609 10.251687968
v  969.045518713 68.884684327 10.2516879211
v  969.542348591 68.024190139 10.2305496196
v  969.495660664 68.0062949585 10.2305496161
f -1 -2 -4 -3
v  969.88166414 67.0826473952 10.2094112656
v  969.834616601 67.0657202245 10.2094113118
v  970.276754612 66.1669027364 10.1804326861
v  970.231424323 66.1458038057 10.1804328523
f -1 -2 -4 -3
v  970.675356748 65.2505800829 10.1514549647
v  970.631977018 65.2257164758 10.1514543865
v  971.345383863 64.5146072128 10.1224760396
v  971.307999858 64.4814042576 10.1224759354
f -1 -2 -4 -3
v  971.7652829 63.6062180223 10.0934975407
v  971.717257012 63.5923070902 10.0934974738
v  972.135411575 62.6809808038 10.0645190152
v  972.090133688 62.6597696525 10.0645190152
f -1 -2 -4 -3
v  972.549681852 61.7703644285 10.0355405558
v  972.50410878 61.7497951518 10.0355405558
v  972.965781966 60.8605105568 10.0065621386
v  972.919909691 60.8406174841 10.0065620967
f -1 -2 -4 -3
v  973.310766505 59.920249957 9.97758364341
v  973.263628861 59.9035753511 9.97758363721
v  973.68097842 58.9924141315 9.94860581893
v  973.636352505 58.9698635731 9.94860517185
f -1 -2 -4 -3
v  974.316174705 58.2355293628 9.91962683439
v  974.280626657 58.2003677887 9.91962671882
v  974.837650342 57.3804051938 9.87735562981
v  974.790990639 57.3624365514 9.87735554564
f -1 -2 -4 -3
v  975.182173775 56.4392185257 9.83508431303
v  975.134895902 56.4229457647 9.83508437346
v  975.559539647 55.5167055463 9.79281321604
v  975.514251084 55.4955171971 9.79281320074
f -1 -2 -4 -3
v  975.979944323 54.6086948867 9.75054208763
v  975.934354368 54.5881630593 9.75054202827
v  976.334547546 53.6716909242 9.70827085639
v  976.287277984 53.6553940371 9.70827085551
f -1 -2 -4 -3
v  976.712891613 52.7495626809 9.66599968242
v  976.66760604 52.7283679438 9.66599968289
v  977.133148326 51.8414582428 9.62372857329
v  977.087538756 51.8209700231 9.62372851042
f -1 -2 -4 -3
v  977.486866507 50.9041361216 9.58145733914
v  977.439602535 50.8878230314 9.58145733765
v  977.866135338 49.9823805828 9.53918614861
v  977.820853909 49.9611769934 9.53918616504
f -1 -2 -4 -3
v  978.286274362 49.0741955203 9.49691505904
v  978.240645455 49.0537504012 9.49691499258
v  978.63924945 48.1366135562 9.4523167024
v  978.591994781 48.1202735383 9.45231670026
f -1 -2 -4 -3
v  979.019487629 47.2152362707 9.40771837458
v  978.974207991 47.194028858 9.40771840814
v  979.439488553 46.3069637404 9.36312019012
v  979.393839903 46.2865627414 9.36312011616
f -1 -2 -4 -3
v  979.79161154 45.3690795169 9.31852182677
v  979.744363489 45.352720371 9.31852182382
v  980.178067786 44.4503739396 9.27392353308
v  980.132828552 44.4290804734 9.27392353168
f -1 -2 -4 -3
v  980.538487613 43.5152946069 9.22932524903
v  980.491199045 43.4990529526 9.22932523952
v  980.913835304 42.5919691772 9.18472699957
v  980.868537229 42.5708011723 9.18472694733
f -1 -2 -4 -3
v  981.334439167 41.6841054963 9.14012871022
v  981.288887577 41.6634886897 9.14012865535
v  981.690874281 40.7477633958 9.09553036288
v  981.643590742 40.7315071072 9.09553036288
f -1 -2 -4 -3
v  982.095329779 39.8346421812 9.05093211056
v  982.050691597 39.8121159128 9.0509320711
v  982.221361693 38.84642462 9.00967904526
v  982.171560179 38.8508753795 9.00967881089
f -1 -2 -4 -3
v  982.442236774 37.9068878323 8.96842584353
v  982.398356882 37.882917954 8.96842555555
v  982.823397001 36.9768795716 8.92717230619
v  982.776089098 36.9606943229 8.92717230288
f -1 -2 -4 -3
v  983.220720229 36.0614953781 8.88591908751
v  983.176436593 36.0382798734 8.88591904682
v  983.378182099 35.0793053029 8.84466615561
v  983.328392746 35.0838901004 8.84466578556
f -1 -2 -4 -3
v  983.520450815 34.1122728225 8.80341254975
v  983.473799825 34.0942815707 8.8034125347
v  983.929195749 33.1980241821 8.76215932243
v  983.885311166 33.1740628926 8.76215927836
f -1 -2 -4 -3
v  984.153192383 32.2294535581 8.7209065621
v  984.103394664 32.2339465637 8.720906018
v  984.276681921 31.2688194527 8.67965281787
v  984.23208187 31.2462177847 8.67965276609
f -1 -2 -4 -3
v  984.703971553 30.3567975643 8.63839949193
v  984.657823959 30.3375517978 8.63839951081
v  984.925562066 29.3801450414 8.59946491225
v  984.875639012 29.3829178926 8.59946476739
f -1 -2 -4 -3
v  985.000636333 28.4097291591 8.56053015658
v  984.956145244 28.3869137477 8.56053002037
v  985.325446087 27.4660973506 8.52159531836
v  985.2754474 27.4657350526 8.52159528003
f -1 -2 -4 -3
v  985.284250867 26.4602870764 8.48266051393
v  985.234346151 26.4633724184 8.48266053605
v  985.36059852 25.4861080802 8.44372627108
v  985.315293784 25.4649543361 8.4437257821
f -1 -2 -4 -3
v  985.707574141 24.549019105 8.40478965323
v  985.657595999 24.5475408295 8.40479102937
v  985.670521903 23.5432063958 8.3658580687
v  985.620599981 23.5459995546 8.36585629823
f -1 -2 -4 -3
v  985.722769441 22.5629544454 8.32692230401
v  985.676535363 22.5439173754 8.32692154573
v  986.088416088 21.6318825335 8.28798687235
v  986.038491649 21.6291347437 8.28798681828
f -1 -2 -4 -3
v  986.0608 20.6277622117 8.24905207366
v  986.0108 20.6277622117 8.24905207366
v  986.0608 19.6277622117 8.21534258987
v  986.0108 19.6277622117 8.21534258987
f -1 -2 -4 -3
v  986.0608 18.6277622117 8.18163310607
v  986.0108 18.6277622117 8.18163310607
v  986.0608 17.6277622117 8.14792362228
v  986.0108 17.6277622117 8.14792362228
f -1 -2 -4 -3
v  986.0608 16.6277622117 8.11421413848
v  986.0108 16.6277622117 8.11421413848
v  986.0608 15.6277622117 8.08050465469
v  986.0108 15.6277622117 8.08050465469
f -1 -2 -4 -3
v  986.0608 14.6277622117 8.0467951709
v  986.0108 14.6277622117 8.0467951709
v  986.0608 13.6277622117 8.0130856871
v  986.0108 13.6277622117 8.0130856871
f -1 -2 -4 -3
v  986.0608 12.6277622117 7.97937620331
v  986.0108 12.6277622117 7.97937620331
v  986.0608 11.6277622117 7.94566671951
v  986.0108 11.6277622117 7.94566671951
f -1 -2 -4 -3
v  986.06592941 10.6284735826 7.91195721405
v  986.015984494 10.6261272414 7.91195723606
v  986.029085037 9.62477997881 7.89267344832
v  985.981082234 9.63877036252 7.89267322488
f -1 -2 -4 -3
v  985.676404038 8.69053316596 7.87339063121
v  985.627168993 8.69924581753 7.87338918144
v  985.677202215 7.69528159747 7.8541052189
v  985.6272096 7.69442227732 7.8541051894
f -1 -2 -4 -3
v  985.654601536 6.69094741064 7.83482223476
v  985.606411444 6.70427839178 7.83482119453
v  985.300286796 5.75611197213 7.81553910492
v  985.251340885 5.76632460254 7.81553712274
f -1 -2 -4 -3
v  985.308422981 4.75782229626 7.79625327835
v  985.2587007 4.76308487814 7.7962531465
v  984.916121196 3.83791316217 7.77697035475
v  984.867471817 3.8494560332 7.77696908916
f -1 -2 -4 -3
v  984.924341066 2.84027355928 7.75768531154
v  984.874642194 2.8457528052 7.75768511745
v  984.531316959 1.92085341845 7.73840228924
v  984.482544684 1.93186546299 7.73840105751
f -1 -2 -4 -3
v  984.539112659 0.92321802854 7.7191172641
v  984.489378529 0.928367419644 7.71911708554
v  984.222733805 -0.0313135822815 7.71713266501
v  984.176749034 -0.0116819535529 7.71713266438
f -1 -2 -4 -3
v  983.813376159 -0.944593431692 7.71514824137
v  983.767589392 -0.924504333042 7.715148248
v  983.444382131 -1.87315762003 7.71316385809
v  983.396651043 -1.85826657462 7.71316383139
f -1 -2 -4 -3
v  983.393350155 -2.85964120079 7.71117945291
v  983.343439526 -2.85665304398 7.71117941628
v  983.087009083 -3.8172712546 7.70919499971
v  983.040940435 -3.79783727388 7.70919499875
f -1 -2 -4 -3
v  982.678606479 -4.73129008349 7.70721057461
v  982.6329535 -4.71089877549 7.70721058237
v  982.334127858 -5.66772221276 7.70522614559
v  982.286996835 -5.6510288995 7.70522616589
f -1 -2 -4 -3
v  981.936749178 -6.58727126806 7.70324175307
v  981.891284628 -6.56646322309 7.70324174951
v  981.587674834 -7.5214774095 7.70125733316
v  981.540467194 -7.50500201396 7.70125733312
f -1 -2 -4 -3
v  981.20076013 -8.44574060173 7.69927291678
v  981.155481381 -8.42453129047 7.69927291671
v  980.782133139 -9.35348688764 7.70894492482
v  980.736374676 -9.33333340005 7.70894493649
f -1 -2 -4 -3
v  980.435268964 -10.2890284027 7.71861703272
v  980.388073118 -10.2725192508 7.71861695633
v  980.047418749 -11.212891494 7.72828897576
v  980.002139506 -11.1916832376 7.72828897597
f -1 -2 -4 -3
v  979.62899677 -12.1206943829 7.73796098267
v  979.583215238 -12.1005933536 7.73796099575
v  979.28287112 -13.056575388 7.74763309279
v  979.235685087 -13.0400382104 7.7476330156
f -1 -2 -4 -3
v  978.894189853 -13.9800821065 7.75730503512
v  978.848907917 -13.9588795993 7.75730503522
v  978.480713259 -14.8902744299 7.76697705497
v  978.435141037 -14.869703269 7.76697705497
f -1 -2 -4 -3
v  978.083126558 -15.8118103755 7.77664870818
v  978.039408002 -15.787547485 7.7766490681
v  977.410887044 -16.5595605197 7.78632106382
v  977.37390216 -16.5259135532 7.78632109483
f -1 -2 -4 -3
v  976.99279387 -17.4431212122 7.79599306635
v  976.944753002 -17.4292620982 7.79599311555
v  976.623302767 -18.3771589601 7.83030261456
v  976.578024076 -18.3559495242 7.83030261161
f -1 -2 -4 -3
v  976.229134826 -19.2987076402 7.86461156606
v  976.183901264 -19.2774021269 7.86461210267
v  975.595313144 -20.0759070648 7.89892160631
v  975.560023047 -20.0404866036 7.89892160631
f -1 -2 -4 -3
v  975.079045112 -20.9085346743 7.93323106434
v  975.032395721 -20.8905392751 7.93323110405
v  974.699260753 -21.8396395949 7.96754061658
v  974.653976599 -21.8184418257 7.96754060132
f -1 -2 -4 -3
v  974.067115785 -22.6180875289 8.00185009808
v  974.03186352 -22.5826294156 8.00185009853
v  973.548848698 -23.4493840827 8.03615956007
v  973.502203962 -23.4313766253 8.03615959618
f -1 -2 -4 -3
v  973.169479695 -24.380641091 8.07046910871
v  973.124144252 -24.3595532371 8.07046909346
v  972.538932501 -25.1602628581 8.10477858964
v  972.503725499 -25.124759802 8.10477859069
f -1 -2 -4 -3
v  972.039049994 -26.0011555153 8.13908769828
v  971.992142766 -25.9838433249 8.13908808969
v  971.44319261 -26.8054301718 8.20492711747
v  971.408352991 -26.7695665285 8.20492717897
f -1 -2 -4 -3
v  970.896601642 -27.6179326083 8.27076626489
v  970.850091984 -27.5995790866 8.2707662688
v  970.521072635 -28.5503129591 8.33660538796
v  970.475155437 -28.5305237981 8.3366053593
f -1 -2 -4 -3
v  969.91505499 -29.3476192323 8.4024444033
v  969.88023653 -29.3117350456 8.40244444989
v  969.366416021 -30.1587561279 8.46828353779
v  969.31991937 -30.1403696801 8.46828353985
f -1 -2 -4 -3
v  968.991107329 -31.0911841889 8.5341226589
v  968.94515564 -31.0714752508 8.53412263035
v  968.387018976 -31.8898546348 8.59996166995
v  968.352214493 -31.853956892 8.59996172098
f -1 -2 -4 -3
v  967.854781377 -32.7089163853 8.6658003955
v  967.807649192 -32.6922263538 8.6658008148
v  967.291718919 -33.5351586394 8.73163976655
v  967.256995022 -33.4991829392 8.73163990216
f -1 -2 -4 -3
v  966.730699356 -34.335385572 8.79747887642
v  966.683603112 -34.318594391 8.79747899378
v  966.196633014 -35.1803650756 8.89095202498
v  966.161737864 -35.1445554606 8.89095223073
f -1 -2 -4 -3
v  965.594812174 -35.9572159435 8.98442531872
v  965.549029749 -35.9371169491 8.98442546968
v  965.219268708 -36.8875561052 9.0778964454
v  965.172710247 -36.8693267412 9.077898713
f -1 -2 -4 -3
v  964.668495783 -37.722533724 9.17137176243
v  964.633574018 -37.6867500631 9.17137194564
v  964.076862715 -38.5033630563 9.26484518351
v  964.030060323 -38.485769419 9.26484518351
f -1 -2 -4 -3
v  963.572918099 -39.3671513176 9.35831828384
v  963.537562515 -39.3317962231 9.35831842165
v  962.954651136 -40.1316350831 9.45179148894
v  962.90838525 -40.1126754472 9.45179166274
f -1 -2 -4 -3
v  962.476468853 -41.010847896 9.54526484646
v  962.440430844 -40.97618867 9.54526489815
v  961.829791001 -41.7601895237 9.63873784869
v  961.785424158 -41.7371334355 9.63873813956
f -1 -2 -4 -3
v  961.444848869 -42.6832836717 9.73221282381
v  961.398221384 -42.6652315913 9.73221136389
v  960.948305947 -43.5529171668 9.82700096425
v  960.912205931 -43.5183225301 9.82700106403
f -1 -2 -4 -3
v  960.304808373 -44.3026467545 9.92179033008
v  960.25947747 -44.2815491441 9.92179076081
v  959.850500273 -45.1953018663 10.016579456
v  959.813469544 -45.1617053616 10.0165804335
f -1 -2 -4 -3
v  959.188236186 -45.9349115825 10.1113697011
v  959.144186053 -45.9112560173 10.1113701407
v  958.751047624 -46.8361833272 10.2061589225
v  958.712887368 -46.8038755122 10.2061598094
f -1 -2 -4 -3
v  958.075179947 -47.5697866089 10.300943386
v  958.033189277 -47.5426428492 10.3009496091
v  957.672026712 -48.4804671459 10.3957391868
v  957.625646127 -48.4617898517 10.3957392015
f -1 -2 -4 -3
v  957.206920156 -49.3685956498 10.49053317
v  957.173630238 -49.3312890639 10.4905289982
v  956.471194612 -50.0212257353 10.5853173263
v  956.42647848 -49.9988546036 10.5853186016
f -1 -2 -4 -3
v  956.025018543 -50.918685584 10.6801060301
v  955.987881744 -50.8852063646 10.6801082459
v  955.360983203 -51.6573638025 10.761514963
v  955.317096541 -51.633406323 10.7615153297
f -1 -2 -4 -3
v  954.925282185 -52.5593034514 10.8429219883
v  954.886989952 -52.5271521698 10.8429223707
v  954.248710812 -53.2924327874 10.9243214973
v  954.206660045 -53.2653822228 10.9243296244
f -1 -2 -4 -3
v  953.823469708 -54.1980441934 11.0057363675
v  953.783849836 -54.167543936 11.0057364812
v  953.141033224 -54.9298775806 11.0871378185
v  953.10068754 -54.9003441114 11.0871436207
f -1 -2 -4 -3
v  952.718908515 -55.8344275252 11.1685500243
v  952.677829268 -55.8059232188 11.1685505796
v  952.036463579 -56.5692897923 11.2499574845
v  951.997517307 -56.5379339654 11.2499576453
f -1 -2 -4 -3
v  951.604810877 -57.4606466964 11.3313644527
v  951.558846139 -57.4409682091 11.3313646955
v  951.189983382 -58.375841714 11.4127653
v  951.148786699 -58.3475074003 11.4127716317
f -1 -2 -4 -3
v  950.507775031 -59.1111253046 11.4941786413
v  950.468932888 -59.0796405797 11.4941788052
v  950.081676018 -60.0089697404 11.5625312028
v  950.038507855 -59.9837405962 11.5625320825
f -1 -2 -4 -3
v  949.405960374 -60.7524518163 11.6308852343
v  949.368351701 -60.7195035583 11.6308854127
v  948.973410049 -61.6440690093 11.6992378053
v  948.92938816 -61.6203609236 11.6992386855
f -1 -2 -4 -3
v  948.218278138 -62.3037476346 11.767588913
v  948.183909228 -62.267432651 11.7675920772
v  947.784073786 -63.1897751272 11.8359427346
v  947.740656443 -63.1649772582 11.8359452465
f -1 -2 -4 -3
v  947.108758754 -63.9338739121 11.9042984348
v  947.071180614 -63.9008908341 11.9042986272
v  946.656586059 -64.8104708864 11.9726516865
v  946.610230995 -64.7917303407 11.9726519286
f -1 -2 -4 -3
v  946.255355057 -65.7321975634 12.0410007405
v  946.212599692 -65.70627501 12.0410051457
v  945.580269066 -66.4758451192 12.1093584005
v  945.542779272 -66.442761659 12.1093585373
f -1 -2 -4 -3
v  945.141291386 -67.3617265525 12.1777110234
v  945.096454045 -67.3395993571 12.1777118222
v  944.480795316 -68.118749705 12.2334799561
v  944.444324292 -68.0845464246 12.2334800344
f -1 -2 -4 -3
v  944.023773237 -68.9903944471 12.2892475224
v  943.97789597 -68.9705128896 12.2892482185
v  943.382975407 -69.7627381968 12.3450164129
v  943.347298756 -69.7277071174 12.3450164218
f -1 -2 -4 -3
v  942.88287195 -70.6062550992 12.4007845032
v  942.836213342 -70.5882836135 12.4007846165
v  942.499569891 -71.535992868 12.4565528357
v  942.45473103 -71.5138687507 12.4565528102
f -1 -2 -4 -3
v  941.854770925 -72.3049103745 12.5123209988
v  941.819150772 -72.269821848 12.512321004
v  941.373152287 -73.158599014 12.5680884856
v  941.326546398 -73.1404912501 12.5680891955
f -1 -2 -4 -3
v  940.758301373 -73.9497128236 12.6238573797
v  940.723221213 -73.9140844312 12.6238573922
v  940.250544042 -74.785236221 12.6796250104
v  940.203553492 -74.7681514862 12.6796255886
f -1 -2 -4 -3
v  939.662719898 -75.5949748908 12.7353937103
v  939.627940344 -75.5590529939 12.7353937807
v  939.108479037 -76.4024630458 12.7808582306
v  939.062030967 -76.3839542164 12.7808582306
f -1 -2 -4 -3
v  938.73351568 -77.3348870292 12.8263226995
v  938.687474749 -77.3153874733 12.8263226802
v  938.134594047 -78.1371857393 12.8717870867
v  938.099824687 -78.1012539763 12.8717871304
f -1 -2 -4 -3
v  937.596383993 -78.9522999841 12.9172513412
v  937.549241343 -78.9356395363 12.9172515824
v  937.039412101 -79.7825238628 12.9627159318
v  937.004675594 -79.7465603383 12.9627160305
f -1 -2 -4 -3
v  936.457218612 -80.5718680747 13.0081804535
v  936.411092402 -80.5525711132 13.00818048
v  936.08287388 -81.5036215989 13.0536432569
v  936.036477636 -81.4849832368 13.0536449296
f -1 -2 -4 -3
v  935.511341918 -82.3247366896 13.0991093001
v  935.476591184 -82.2887869123 13.0991093801
v  934.947053651 -83.1227600457 13.1445736028
v  934.899705747 -83.1066921899 13.1445738338
f -1 -2 -4 -3
v  934.363679911 -83.9232040398 13.1900372772
v  934.335945575 -83.8816010754 13.1900382922
v  933.762273274 -84.6693185588 13.228230786
v  933.714885202 -84.6533695568 13.2282312244
f -1 -2 -4 -3
v  933.214263959 -85.5062570025 13.2664240675
v  933.179510292 -85.4703100609 13.2664241551
v  932.629460567 -86.2939458871 13.3046170656
v  932.583374691 -86.2745527941 13.3046170924
f -1 -2 -4 -3
v  932.255014052 -87.2255469464 13.3428086773
v  932.208592523 -87.20697165 13.3428100301
v  931.686148953 -88.0484603462 13.3810028985
v  931.651387306 -88.0125211214 13.3810029676
f -1 -2 -4 -3
v  931.1137588 -88.8414117468 13.4191958817
v  931.066740171 -88.8244044385 13.4191959051
v  930.590907916 -89.6934852164 13.4573887658
v  930.555873814 -89.6578115337 13.4573888425
f -1 -2 -4 -3
v  929.979767239 -90.464489724 13.4955816983
v  929.934192622 -90.4439238697 13.4955817806
v  929.60313397 -91.3938477537 13.5337740925
v  929.556523191 -91.3757525804 13.53377472
f -1 -2 -4 -3
v  929.062770733 -92.2356536361 13.5719675819
v  929.027708058 -92.2000080352 13.5719676552
v  928.460337038 -93.009779844 13.6162245844
v  928.413713134 -92.9917185166 13.6162246033
f -1 -2 -4 -3
v  927.966906927 -93.8799513833 13.6604815022
v  927.931308765 -93.8448405473 13.660481551
v  927.332036349 -94.6363340422 13.704738362
v  927.287170755 -94.614264189 13.7047385005
f -1 -2 -4 -3
v  926.950747961 -95.5620607676 13.7489957273
v  926.904088428 -95.5440916832 13.7489954453
v  926.438740255 -96.4220553029 13.7932523315
v  926.403089901 -96.3869974617 13.7932523951
f -1 -2 -4 -3
v  925.808911754 -97.1796836159 13.8375092038
v  925.76300539 -97.1598693346 13.8375093456
v  925.341789162 -98.0652567884 13.8817671302
v  925.305347941 -98.0310217563 13.8817662975
f -1 -2 -4 -3
v  924.686834506 -98.8098159621 13.9260231167
v  924.642914736 -98.7859192283 13.9260232408
v  924.298367467 -99.7304912425 13.9702801852
v  924.251795556 -99.7122962666 13.9702801876
f -1 -2 -4 -3
v  923.813519164 -100.607260202 14.0145371023
v  923.777006146 -100.573101755 14.0145371353
v  923.160511243 -101.351730246 14.065540308
v  923.115731725 -101.329486262 14.0655405599
f -1 -2 -4 -3
v  922.714927687 -102.248944198 14.1165430175
v  922.677386584 -102.215918971 14.1165439643
v  922.044644408 -102.985221126 14.1675430027
v  922.001943847 -102.959208397 14.1675474552
f -1 -2 -4 -3
v  921.646526031 -103.89945745 14.2185508159
v  921.600183661 -103.880685537 14.2185508166
v  921.186548738 -104.790850868 14.2695548481
v  921.148921314 -104.757924026 14.2695542445
f -1 -2 -4 -3
v  920.516126021 -105.526473376 14.3205507903
v  920.472989507 -105.501190156 14.3205577973
v  920.08588966 -106.430642459 14.371562515
v  920.047025072 -106.399185444 14.3715611008
f -1 -2 -4 -3
v  919.405933439 -107.162745253 14.4225615342
v  919.364761117 -107.134375552 14.4225645488
v  918.995778289 -108.069204479 14.4735678804
v  918.949822201 -108.049505797 14.4735679181
f -1 -2 -4 -3
v  918.557296704 -108.972343454 14.5245696161
v  918.518328625 -108.941014732 14.5245713094
v  917.876894844 -109.70433421 14.5680420124
v  917.835841649 -109.675792394 14.5680446196
f -1 -2 -4 -3
v  917.454089015 -110.609896916 14.6115176674
v  917.413716868 -110.580399632 14.611517812
v  916.770967949 -111.342789205 14.6549909819
v  916.731372364 -111.312257425 14.654991054
f -1 -2 -4 -3
v  916.346630365 -112.239602008 14.6984641785
v  916.300890064 -112.219407333 14.6984642905
v  915.925274224 -113.151405412 14.7419347281
v  915.884787849 -113.122065107 14.7419374779
f -1 -2 -4 -3
v  915.242180413 -113.884555833 14.7854106946
v  915.202694547 -113.853882288 14.785410769
v  914.818931829 -114.786062942 14.8288833605
v  914.776679447 -114.759328392 14.8288839884
f -1 -2 -4 -3
v  914.139213949 -115.525089231 14.8723571376
v  914.101042007 -115.492795224 14.872357246
v  913.707972336 -116.417786296 14.9158299525
v  913.663937497 -116.394102273 14.9158304699
f -1 -2 -4 -3
v  913.038555 -117.167217163 14.9593036259
v  913.001514113 -117.133631858 14.959303722
v  912.575893 -118.036444548 14.9826769891
v  912.52941719 -118.018005482 14.9826770709
f -1 -2 -4 -3
v  912.179802092 -118.960564378 15.0060504362
v  912.136453128 -118.935647168 15.0060504205
v  911.510143867 -119.709255555 15.0294237331
v  911.473187662 -119.675577091 15.0294237699
f -1 -2 -4 -3
v  911.062829632 -120.588389138 15.0527968336
v  911.017426179 -120.567448113 15.0527971139
v  910.419936631 -121.359011081 15.0761704679
v  910.384107821 -121.32413564 15.0761704682
f -1 -2 -4 -3
v  909.863869497 -122.18075678 15.099543659
v  909.822550308 -122.152601414 15.0995438142
v  909.184527003 -122.919321451 15.1229171413
v  909.146453864 -122.886911019 15.1229171671
f -1 -2 -4 -3
v  908.747259329 -123.807018811 15.1462902642
v  908.70245373 -123.784827409 15.1462905108
v  908.086332183 -124.563688957 15.1696638322
v  908.049838008 -124.529510379 15.1696638659
f -1 -2 -4 -3
v  907.629854922 -125.435733589 15.1930369197
v  907.583997177 -125.415807043 15.193037211
v  906.988549306 -126.20769699 15.195522435
v  906.952856815 -126.172682049 15.1955224354
f -1 -2 -4 -3
v  906.509503558 -127.063220593 15.1980076239
v  906.462952667 -127.044971905 15.1980076558
v  905.891949707 -127.8524221 15.200492876
v  905.856827454 -127.816835201 15.2004928764
f -1 -2 -4 -3
v  905.393938258 -128.69467888 15.2029780477
v  905.346858308 -128.677842068 15.202978097
v  904.724179134 -129.428216609 15.2054633086
v  904.695586932 -129.387198492 15.2054633176
f -1 -2 -4 -3
v  904.208619454 -130.241366999 15.2079484202
v  904.161692621 -130.22410802 15.2079485381
v  903.594905664 -131.033931858 15.2104337579
v  903.55979883 -130.998329748 15.2104337584
f -1 -2 -4 -3
v  903.089174635 -131.870825888 15.2129189525
v  903.042204228 -131.85368585 15.212918979
v  902.507431707 -132.684704934 15.2154041971
v  902.472211201 -132.649215274 15.2154041994
f -1 -2 -4 -3
v  901.916701051 -133.476845388 15.2178894139
v  901.87282169 -133.452874537 15.2178894199
v  901.282981637 -134.254935197 15.205811004
v  901.246720184 -134.220509814 15.2058110036
f -1 -2 -4 -3
v  900.591155648 -134.980093065 15.1937325651
v  900.555099178 -134.945453045 15.1937325875
v  900.066013245 -135.806704173 15.1816542947
v  900.018617171 -135.790778968 15.1816541693
f -1 -2 -4 -3
v  899.464586936 -136.594404158 15.1695758736
v  899.435639557 -136.55363592 15.1695757539
v  898.717920672 -137.256081353 15.1574973386
v  898.681667506 -137.221647244 15.1574973386
f -1 -2 -4 -3
v  898.17354507 -138.072850543 15.1454189668
v  898.126216912 -138.056724618 15.1454189214
v  897.607391425 -138.886760342 15.1333406035
v  897.578000226 -138.8463109 15.1333405058
f -1 -2 -4 -3
v  896.85745801 -139.542877799 15.12126209
v  896.820891085 -139.508777066 15.1212620897
v  896.251235334 -140.326894055 15.1091836735
v  896.207069541 -140.30345514 15.1091836735
f -1 -2 -4 -3
v  895.661757778 -141.13882661 15.0971052587
v  895.624715264 -141.105243099 15.0971052572
v  894.932683903 -141.828391083 15.0719867328
v  894.902130907 -141.788811866 15.0719866814
f -1 -2 -4 -3
v  894.193546949 -142.494668277 15.0468681063
v  894.157085478 -142.460454812 15.0468681057
v  893.581843038 -143.274711848 15.0217495306
v  893.537785395 -143.251070271 15.02174953
f -1 -2 -4 -3
v  892.997622017 -144.090197394 14.9966309568
v  892.960470855 -144.056734112 14.9966309543
v  892.277101565 -144.788293124 14.9715124582
v  892.245517992 -144.749531315 14.9715123788
f -1 -2 -4 -3
v  891.495334293 -145.413852656 14.9463938139
v  891.464322051 -145.374632242 14.9463938028
v  890.771626599 -146.093955958 14.9212752276
v  890.733678436 -146.061399286 14.9212752271
f -1 -2 -4 -3
v  890.083319251 -146.82317444 14.8961568248
v  890.050938638 -146.785075937 14.8961566522
v  889.306653357 -147.454285914 14.8710380756
v  889.274697758 -147.415830229 14.8710380756
f -1 -2 -4 -3
v  888.537529766 -148.09338808 14.8459194999
v  888.505576226 -148.054930685 14.8459194999
v  887.768353522 -148.73242876 14.8117493035
v  887.736403893 -148.693968114 14.8117493035
f -1 -2 -4 -3
v  886.999155367 -149.37143592 14.7775791071
v  886.967202626 -149.332977861 14.7775791071
v  886.229999137 -150.010496955 14.7434089108
v  886.198046636 -149.972038696 14.7434089108
f -1 -2 -4 -3
v  885.46085351 -150.649567291 14.7092387144
v  885.428897848 -150.611111659 14.7092387144
v  884.691729184 -151.288668684 14.675068518
v  884.65977569 -151.25021125 14.675068518
f -1 -2 -4 -3
v  883.922551662 -151.927707853 14.6408983216
v  883.890602107 -151.889247147 14.6408983216
v  883.153353098 -152.566714795 14.6067281252
v  883.1214007 -152.528256451 14.6067281252
f -1 -2 -4 -3
v  882.388189309 -153.209833651 14.5725579072
v  882.355134018 -153.172319018 14.5725579289
v  881.580936072 -153.805290624 14.5383875616
v  881.558328795 -153.760693415 14.5383877321
f -1 -2 -4 -3
v  880.758626463 -154.35417838 14.5042175771
v  880.724030473 -154.318079662 14.5042175357
v  879.906988958 -154.875766764 14.4683063002
v  879.892351843 -154.827957196 14.4683061904
f -1 -2 -4 -3
v  878.99564252 -155.250871284 14.4323950706
v  878.964782017 -155.211531364 14.4323948423
v  878.216500626 -155.883782275 14.3964847176
v  878.192768404 -155.839773394 14.3964835089
f -1 -2 -4 -3
v  877.378715798 -156.411370049 14.3605721593
v  877.344408536 -156.37499682 14.3605721534
v  876.552389701 -156.974297279 14.3246608294
v  876.535218005 -156.927338437 14.3246608079
f -1 -2 -4 -3
v  875.611210467 -157.308450544 14.2887498879
v  875.58900543 -157.263651701 14.2887494591
v  874.743478604 -157.802974213 14.252838033
v  874.718009664 -157.759947092 14.2528381166
f -1 -2 -4 -3
v  873.841597631 -158.241191118 14.2169266795
v  873.825043836 -158.194010912 14.2169267705
v  872.909077086 -158.5919225 14.1810166571
v  872.886545514 -158.547286996 14.1810154168
f -1 -2 -4 -3
v  872.044537755 -159.092619213 14.1451034891
v  872.017715324 -159.050422564 14.1451040845
v  871.116271936 -159.464889444 14.1099214631
v  871.109452494 -159.415356675 14.1099214026
f -1 -2 -4 -3
v  870.154956343 -159.681364407 14.0747389026
v  870.130981402 -159.637487281 14.0747387235
v  869.267926506 -160.149764323 14.0395563538
v  869.249776963 -160.103174688 14.0395560497
f -1 -2 -4 -3
v  868.320694632 -160.478179123 14.0043737871
v  868.306785664 -160.430152665 14.0043733749
v  867.364867983 -160.763378218 13.9691908569
v  867.347287326 -160.716570948 13.9691906948
f -1 -2 -4 -3
v  866.425508975 -161.110002166 13.9340081701
v  866.410330118 -161.062361823 13.9340080187
v  865.452110956 -161.351201185 13.8988253964
v  865.443305938 -161.301982574 13.8988253416
f -1 -2 -4 -3
v  864.471794496 -161.536415064 13.8636432254
v  864.45882343 -161.488126851 13.8636426611
v  863.500857558 -161.781944113 13.8284600894
v  863.49219712 -161.732699857 13.8284599879
f -1 -2 -4 -3
v  862.521563956 -161.970340304 13.7932778761
v  862.50817079 -161.922167458 13.7932773079
v  861.54959515 -162.212596975 13.7601609019
v  861.541061038 -162.163330668 13.7601608191
f -1 -2 -4 -3
v  860.571368439 -162.404534269 13.7270448255
v  860.557616422 -162.356462634 13.7270443247
v  859.601193933 -162.654742797 13.6939280155
v  859.590715769 -162.605853043 13.6939278352
f -1 -2 -4 -3
v  858.606359637 -162.787318158 13.6608114784
v  858.606652246 -162.737319014 13.6608113443
v  857.612913099 -162.792858952 13.627695
v  857.602396708 -162.743977406 13.6276948485
f -1 -2 -4 -3
v  856.635162302 -163.001753537 13.5945783111
v  856.636036057 -162.951761172 13.5945783593
v  855.644537205 -163.017781569 13.5614619952
v  855.631772411 -162.96943842 13.5614618655
f -1 -2 -4 -3
v  854.664932874 -163.220868764 13.5283452138
v  854.664668519 -163.170869463 13.528345375
v  853.663770246 -163.2022 13.495228884
v  853.663770246 -163.1522 13.495228884
f -1 -2 -4 -3
v  852.663770246 -163.2022 13.4621123921
v  852.663770246 -163.1522 13.4621123921
v  851.662570297 -163.196098076 13.4422848496
v  851.664297581 -163.14612792 13.4422847628
f -1 -2 -4 -3
v  850.67370669 -163.229801925 13.4224572188
v  850.659898479 -163.181746402 13.4224571315
v  849.691534587 -163.375549917 13.4026295311
v  849.701401969 -163.326533239 13.4026295049
f -1 -2 -4 -3
v  848.711589113 -163.190456476 13.3828022758
v  848.713663108 -163.140499509 13.3828018734
v  847.712085934 -163.2022 13.3629742463
v  847.712085934 -163.1522 13.3629742463
f -1 -2 -4 -3
v  846.712085934 -163.2022 13.3431466171
v  846.712085934 -163.1522 13.3431466171
v  845.712633182 -163.203781273 13.3233190123
v  845.711363238 -163.153797403 13.3233189878
f -1 -2 -4 -3
v  844.71182105 -163.14428765 13.303491252
v  844.722087553 -163.09535301 13.3034913586
v  843.731514811 -162.980964438 13.2836637412
v  843.73226509 -162.930970067 13.2836637296
f -1 -2 -4 -3
v  842.728162435 -162.986028676 13.2638377016
v  842.735386588 -162.936553313 13.2638361486
v  841.760939553 -162.765733979 13.2641903551
v  841.761074023 -162.71573416 13.2641903554
f -1 -2 -4 -3
v  840.756602006 -162.763945311 13.2645445789
v  840.766657919 -162.714966963 13.2645446095
v  839.790159151 -162.552883074 13.2648988651
v  839.789709436 -162.502885096 13.2648988652
f -1 -2 -4 -3
v  838.786957107 -162.550158278 13.2652531147
v  838.793183674 -162.500547494 13.2652531201
v  837.80253007 -162.358844314 13.2656073751
v  837.813386057 -162.310037065 13.265607375
f -1 -2 -4 -3
v  836.836192227 -162.102388093 13.26596163
v  836.846901402 -162.053548421 13.26596163
v  835.854365447 -161.928019753 13.2663158574
v  835.859492577 -161.878283322 13.2663158854
f -1 -2 -4 -3
v  834.855265504 -161.897022622 13.2666701436
v  834.862780359 -161.847590578 13.2666701398
v  833.87224759 -161.699168043 13.2670243904
v  833.884349777 -161.650654776 13.2670243947
f -1 -2 -4 -3
v  832.906150895 -161.443275211 13.2673786609
v  832.916959404 -161.394457426 13.2673786496
v  831.923868785 -161.285244854 13.2855715717
v  831.92592426 -161.235287122 13.2855715873
f -1 -2 -4 -3
v  830.922114026 -161.296287097 13.3037644277
v  830.926600367 -161.246488776 13.3037645234
v  829.952125448 -161.046140111 13.3219574598
v  829.961671733 -160.997059887 13.3219574623
f -1 -2 -4 -3
v  828.96738518 -160.868081957 13.3401503486
v  828.978177498 -160.81926059 13.3401503996
v  828.001157891 -160.614925016 13.3583432312
v  828.010482754 -160.565802242 13.3583433377
f -1 -2 -4 -3
v  827.016245329 -160.435539512 13.376536102
v  827.027680216 -160.386864638 13.3765362733
v  826.050034616 -160.178844775 13.3947292253
v  826.06090052 -160.130039733 13.3947292124
f -1 -2 -4 -3
v  825.068155284 -160.014027572 13.4129221346
v  825.071078205 -159.96411308 13.4129221502
v  824.067234053 -160.026333838 13.4311153692
v  824.070733852 -159.976456474 13.4311150913
f -1 -2 -4 -3
v  823.095996829 -159.780834963 13.4493080215
v  823.10581194 -159.731807791 13.4493080251
v  822.111410788 -159.603593169 13.4768533577
v  822.121858202 -159.554696834 13.4768533828
f -1 -2 -4 -3
v  821.145078876 -159.349429075 13.5043985622
v  821.154652139 -159.300354105 13.5043987412
v  820.160353062 -159.17145764 13.5319440264
v  820.171110259 -159.122628523 13.5319440981
f -1 -2 -4 -3
v  819.194119822 -158.918180804 13.5594892938
v  819.203467691 -158.869062402 13.5594894567
v  818.209215398 -158.738992333 13.5870345601
v  818.220577602 -158.690300441 13.5870348116
f -1 -2 -4 -3
v  817.243142671 -158.485727275 13.614580069
v  817.252774871 -158.436663839 13.6145801719
v  816.25904829 -158.309562502 13.6421255163
v  816.267946561 -158.260360665 13.6421255295
f -1 -2 -4 -3
v  815.27441636 -158.130717584 13.6696708362
v  815.284662644 -158.081778707 13.6696708871
v  814.307947055 -157.875665001 13.6972160534
v  814.317932829 -157.826672305 13.6972162457
f -1 -2 -4 -3
v  813.323496939 -157.69867853 13.7247616071
v  813.333754439 -157.649742003 13.7247616028
v  812.357058991 -157.444149489 13.7552773723
v  812.366788216 -157.395105201 13.7552775835
f -1 -2 -4 -3
v  811.372416381 -157.266688141 13.7857935171
v  811.382971184 -157.217814875 13.7857935625
v  810.406128468 -157.012793792 13.8163093516
v  810.415619516 -156.963702856 13.8163095433
f -1 -2 -4 -3
v  809.421339007 -156.83448173 13.8468253079
v  809.432269829 -156.785691186 13.8468255206
v  808.455150981 -156.581614688 13.8773413297
v  808.464425651 -156.532482413 13.8773415031
f -1 -2 -4 -3
v  807.470221545 -156.401823115 13.9078571754
v  807.481806786 -156.353183808 13.9078574798
v  806.504175882 -156.149087001 13.9383733494
v  806.513756023 -156.100013373 13.9383734628
f -1 -2 -4 -3
v  805.520034336 -155.973106623 13.9688894297
v  805.528899392 -155.923898791 13.9688894426
v  804.535413577 -155.793964885 13.9994053614
v  804.545723765 -155.745039432 13.9994054224
f -1 -2 -4 -3
v  803.568998123 -155.539041 14.0299211941
v  803.578890906 -155.490029442 14.0299214032
v  802.584469871 -155.361939213 14.0610326262
v  802.594829319 -155.313024166 14.0610326394
f -1 -2 -4 -3
v  801.618093516 -155.107587998 14.092143669
v  801.627737088 -155.058526796 14.0921438771
v  800.633401505 -154.929870864 14.1232550481
v  800.644065099 -154.881021219 14.1232551131
f -1 -2 -4 -3
v  799.667147366 -154.676291452 14.1543661618
v  799.676559634 -154.627185351 14.1543663509
v  798.682285261 -154.497536761 14.1854773284
v  798.693453806 -154.448800085 14.1854775848
f -1 -2 -4 -3
v  797.716160959 -154.245148799 14.2165886543
v  797.725363016 -154.196002872 14.2165888247
v  796.731222319 -154.064717286 14.2476997268
v  796.743021084 -154.016129334 14.2477000582
f -1 -2 -4 -3
v  795.765188578 -153.812554118 14.2788111817
v  795.774717747 -153.763470567 14.2788112983
v  794.781002495 -153.63673044 14.3099225237
v  794.789840156 -153.58751768 14.3099225351
f -1 -2 -4 -3
v  793.796423287 -153.457127315 14.341033705
v  793.8068035 -153.40821667 14.3410337718
v  792.830062916 -153.202341437 14.3599083655
v  792.839866255 -153.15331191 14.3599084921
f -1 -2 -4 -3
v  791.845469797 -153.025057105 14.3787831925
v  791.855934767 -152.976164525 14.3787832113
v  790.879145866 -152.770934956 14.3976578095
v  790.888705008 -152.721857234 14.3976579315
f -1 -2 -4 -3
v  789.894410877 -152.592929408 14.4165325996
v  789.905185488 -152.54410413 14.4165326506
v  788.928185931 -152.339705512 14.4354072595
v  788.937518019 -152.29058411 14.4354073708
f -1 -2 -4 -3
v  787.943258879 -152.160513578 14.4542819133
v  787.954655238 -152.111829669 14.4542820886
v  786.977162066 -151.908719782 14.4731567096
v  786.986294654 -151.859560898 14.4731568102
f -1 -2 -4 -3
v  785.992239956 -151.727556619 14.4920313169
v  786.004245954 -151.679019459 14.4920315278
v  785.026203331 -151.476019391 14.5109061773
v  785.035681536 -151.426925974 14.5109062494
f -1 -2 -4 -3
v  784.042125176 -151.301288756 14.5297809373
v  784.050156163 -151.251937938 14.529780969
v  783.05388255 -151.125568184 14.5311884277
v  783.068258675 -151.07767949 14.5311884748
f -1 -2 -4 -3
v  782.169487118 -150.663827088 14.5325959762
v  782.183804686 -150.615920854 14.5325959819
v  781.186558681 -150.491860221 14.5340034874
v  781.195687136 -150.44270057 14.5340034882
f -1 -2 -4 -3
v  780.219189304 -150.237919755 14.5354109805
v  780.229221916 -150.188936628 14.5354109947
v  779.234784421 -150.060952242 14.5368185016
v  779.244993918 -150.012005678 14.536818501
f -1 -2 -4 -3
v  778.268313534 -149.806354849 14.5382259975
v  778.278084666 -149.757318893 14.5382260074
v  777.283695494 -149.629018682 14.5396335121
v  777.294196937 -149.580133923 14.5396335138
f -1 -2 -4 -3
v  776.317387049 -149.374985031 14.5410410112
v  776.326918439 -149.325901912 14.5410410202
v  775.332644202 -149.196841784 14.5424485188
v  775.343459119 -149.148025419 14.5424485266
f -1 -2 -4 -3
v  774.366403564 -148.942706959 14.5438560274
v  774.376158848 -148.893667848 14.5438560329
v  773.38240942 -148.766178964 14.53051848
v  773.391383595 -148.716990915 14.5305184715
f -1 -2 -4 -3
v  772.397744676 -148.588070361 14.5171809304
v  772.407841924 -148.539100517 14.5171809102
v  771.431091394 -148.332954726 14.5038434449
v  771.441302543 -148.284008506 14.5038433483
f -1 -2 -4 -3
v  770.446862533 -148.156041892 14.4905057685
v  770.456892025 -148.107058126 14.4905057872
v  769.480249398 -147.901264286 14.4771683253
v  769.490187247 -147.852261846 14.4771682254
f -1 -2 -4 -3
v  768.49575785 -147.724225274 14.4638306663
v  768.506067421 -147.675299691 14.4638306644
v  767.529352759 -147.46978166 14.4504931933
v  767.539037654 -147.420728599 14.4504931026
f -1 -2 -4 -3
v  766.544683497 -147.292195054 14.4371555655
v  766.555293914 -147.243333831 14.4371555416
v  765.578414156 -147.038456442 14.4238180622
v  765.587864474 -146.989357649 14.4238179798
f -1 -2 -4 -3
v  764.593584491 -146.859927129 14.4104805216
v  764.604638115 -146.81116426 14.4104804196
v  763.627429166 -146.607304965 14.3946806014
v  763.636666715 -146.558165697 14.3946805135
f -1 -2 -4 -3
v  762.642494018 -146.427184385 14.3788807738
v  762.654190263 -146.378571651 14.3788806103
v  761.67623832 -146.178536117 14.3630807903
v  761.684531428 -146.12922867 14.3630807036
f -1 -2 -4 -3
v  760.691484609 -145.989600883 14.3472810431
v  760.706083935 -145.941779761 14.3472808011
v  759.754789616 -145.634766077 14.3314809278
v  759.771954041 -145.587804577 14.3314808941
f -1 -2 -4 -3
v  758.796376845 -145.363658009 14.3156809913
v  758.806646206 -145.31472397 14.3156809894
v  757.812213176 -145.186717884 14.2998810575
v  757.822186525 -145.137722657 14.2998810844
f -1 -2 -4 -3
v  756.845519053 -144.932026694 14.2840812992
v  756.855509009 -144.88303485 14.2840811792
v  755.861074038 -144.755041551 14.2682812721
v  755.871325552 -144.706103769 14.2682812748
f -1 -2 -4 -3
v  754.894632117 -144.500502903 14.2524814791
v  754.904366737 -144.451459685 14.2524813697
v  753.909992905 -144.323055786 14.2441937651
v  753.920541039 -144.27418108 14.244193753
f -1 -2 -4 -3
v  752.943702587 -144.069143745 14.2359061881
v  752.953198469 -144.020053744 14.2359061359
v  751.95891812 -143.89085609 14.2276185768
v  751.969834576 -143.842062331 14.2276185197
f -1 -2 -4 -3
v  750.99272191 -143.636821485 14.2193309346
v  751.002457489 -143.587778458 14.2193309021
v  750.008722173 -143.460295614 14.2110432903
v  750.017683005 -143.411105133 14.2110432852
f -1 -2 -4 -3
v  749.024059829 -143.28207706 14.2027556814
v  749.034182711 -143.233112509 14.2027556684
v  748.057441483 -143.026960879 14.1944681108
v  748.067611447 -142.978006085 14.1944680512
f -1 -2 -4 -3
v  747.073171788 -142.850035965 14.1861804247
v  747.08324255 -142.801060668 14.1861804344
v  746.106590251 -142.59530105 14.1778928784
v  746.116488763 -142.546290649 14.1778928173
f -1 -2 -4 -3
v  745.122066308 -142.41820839 14.1696052038
v  745.132419644 -142.369292048 14.1696052006
v  744.155692516 -142.163825935 14.1611810571
v  744.165340507 -142.114765602 14.1611810005
f -1 -2 -4 -3
v  743.170999751 -141.986144846 14.1527568182
v  743.181655774 -141.937293549 14.1527568009
v  742.204743545 -141.732541569 14.1443326521
v  742.214161511 -141.68343656 14.1443326008
f -1 -2 -4 -3
v  741.219888521 -141.553797846 14.1359084706
v  741.23104386 -141.505058146 14.1359084018
v  740.253760636 -141.300172477 14.1274842332
v  740.263437069 -141.251117746 14.1274842012
f -1 -2 -4 -3
v  739.269694485 -141.123919553 14.1190600059
v  739.278620712 -141.074722779 14.1190600014
v  738.285048342 -140.945362972 14.110635816
v  738.29523672 -140.896412007 14.1106358015
f -1 -2 -4 -3
v  737.318510423 -140.690271917 14.1022116611
v  737.328581714 -140.641296729 14.1022116014
v  736.334139317 -140.513345865 14.0937873964
v  736.344307142 -140.464390627 14.0937874017
f -1 -2 -4 -3
v  735.367643591 -140.258677934 14.0853632619
v  735.377451524 -140.209649325 14.0853632014
v  734.383050807 -140.081423724 14.0640567376
v  734.39350861 -140.03252961 14.0640567171
f -1 -2 -4 -3
v  733.416723603 -139.827284313 14.0427503698
v  733.426288591 -139.77820773 14.0427502317
v  732.431994235 -139.649280165 14.0214438043
v  732.442762718 -139.600453535 14.0214437476
f -1 -2 -4 -3
v  731.465741328 -139.395016715 14.0001373479
v  731.47552377 -139.345983014 14.0001372623
v  730.481784812 -139.218322722 13.9788307918
v  730.490775171 -139.169137629 13.9788307776
f -1 -2 -4 -3
v  729.497117627 -139.040334946 13.9575243238
v  729.507188606 -138.991359694 13.9575242928
v  728.53042725 -138.785228386 13.9362179624
v  728.540679801 -138.736290822 13.9362178073
f -1 -2 -4 -3
v  727.546243737 -138.608299642 13.9149112885
v  727.556233819 -138.559307824 13.9149113229
v  726.579586581 -138.353528338 13.893604999
v  726.589563835 -138.304533905 13.8936048376
f -1 -2 -4 -3
v  725.595131733 -138.176513987 13.8722983505
v  725.60540003 -138.127579724 13.8722983533
v  724.628700947 -137.922010585 13.8387929554
v  724.638417187 -137.872963723 13.8387927239
f -1 -2 -4 -3
v  723.644033263 -137.744630932 13.8052871482
v  723.654595517 -137.695759275 13.8052870962
v  722.677473912 -137.487794074 13.7717814294
v  722.688391527 -137.439000574 13.7717814674
f -1 -2 -4 -3
v  721.696081494 -137.313841205 13.7382776832
v  721.700491875 -137.2640361 13.7382758156
v  720.696600279 -137.325173136 13.7047702237
v  720.698716108 -137.275217923 13.7047702101
f -1 -2 -4 -3
v  719.723383595 -137.088557969 13.6712645918
v  719.733668709 -137.039627238 13.6712645812
v  718.739236027 -136.911612359 13.6377588927
v  718.749196233 -136.862614458 13.6377589524
f -1 -2 -4 -3
v  717.772548668 -136.656836438 13.6042535794
v  717.78255585 -136.60784811 13.604253323
v  716.788120496 -136.47984962 13.5707476865
v  716.798356789 -136.430908652 13.5707476952
f -1 -2 -4 -3
v  715.82166836 -136.225289267 13.5372422994
v  715.83141583 -136.176248602 13.5372420657
v  714.837034405 -136.047895974 13.4999434245
v  714.847564977 -135.999017482 13.4999433738
f -1 -2 -4 -3
v  713.870696202 -135.793128192 13.4626448387
v  713.880603887 -135.744119644 13.4626446801
v  712.886853927 -135.615992689 13.4253460192
v  712.895922487 -135.566821954 13.4253459874
f -1 -2 -4 -3
v  711.902179793 -135.438581147 13.3880473377
v  711.912117927 -135.389578764 13.3880472945
v  710.9352766 -135.183616353 13.3507488788
v  710.945752646 -135.134726145 13.3507486001
f -1 -2 -4 -3
v  709.951356466 -135.006470742 13.3134498067
v  709.961149044 -134.957439064 13.3134499079
v  708.984248331 -134.75120815 13.2761512034
v  708.995049404 -134.702388719 13.2761512152
f -1 -2 -4 -3
v  708.003467905 -134.566792899 13.2388529469
v  708.009799165 -134.517195368 13.2388525204
v  707.005022084 -134.538481776 13.2015538325
v  707.011754163 -134.488937058 13.2015538291
f -1 -2 -4 -3
v  706.020664381 -134.349205082 13.1642551436
v  706.031477562 -134.300388331 13.164255136
v  705.054443746 -134.094593537 13.1336260243
v  705.064326407 -134.045579937 13.1336259029
f -1 -2 -4 -3
v  704.070583358 -133.917521446 13.1029966952
v  704.079636525 -133.868347874 13.1029966703
v  703.085908739 -133.740009224 13.0723674749
v  703.095871776 -133.691011899 13.0723674376
f -1 -2 -4 -3
v  702.119044628 -133.485019036 13.0417384314
v  702.129477237 -133.436119541 13.0417382038
v  701.135073143 -133.307915048 13.0111088949
v  701.14490397 -133.258891025 13.0111089716
f -1 -2 -4 -3
v  700.168239893 -133.053176919 12.9804799829
v  700.178383144 -133.004216583 12.9804797382
v  699.183940036 -132.876270395 12.9498504745
v  699.194035447 -132.827300172 12.9498505061
f -1 -2 -4 -3
v  698.217385858 -132.621533331 12.9192214969
v  698.227260589 -132.572518133 12.9192212727
v  697.232843038 -132.444403483 12.8885920571
v  697.243223293 -132.395492847 12.8885920407
f -1 -2 -4 -3
v  696.266418229 -132.189446666 12.857962943
v  696.27641209 -132.140455619 12.8579628075
v  695.282704742 -132.01198161 12.8313735045
v  695.291739901 -131.962804726 12.8313735305
f -1 -2 -4 -3
v  694.297994822 -131.834876617 12.8047842823
v  694.307848885 -131.785857259 12.8047842534
v  693.330918144 -131.580146987 12.7781951758
v  693.341548004 -131.531289991 12.7781949753
f -1 -2 -4 -3
v  692.347200452 -131.402712925 12.7516056081
v  692.356870119 -131.35365686 12.7516056986
v  691.379955497 -131.147828053 12.725016414
v  691.390763668 -131.099010194 12.7250164217
f -1 -2 -4 -3
v  690.399367741 -130.961818653 12.6984274251
v  690.40585251 -130.912240958 12.6984271434
v  689.401061713 -130.933605532 12.67183787
v  689.407644937 -130.884040815 12.6718378673
f -1 -2 -4 -3
v  688.416370296 -130.74582863 12.6452485994
v  688.427182153 -130.697011586 12.64524859
v  687.45025158 -130.491469547 12.6186594721
v  687.45984374 -130.442398268 12.6186593123
f -1 -2 -4 -3
v  686.465535321 -130.31356936 12.5920701012
v  686.47626532 -130.264734258 12.5920700359
v  685.499242921 -130.059322698 12.576846196
v  685.509042529 -130.010292425 12.5768461346
f -1 -2 -4 -3
v  684.515303985 -129.882557848 12.5616222443
v  684.524305644 -129.833374821 12.5616222338
v  683.530634763 -129.704660153 12.5463983545
v  683.540685788 -129.655680801 12.546398333
f -1 -2 -4 -3
v  682.56391478 -129.449565196 12.5311745429
v  682.574199666 -129.400634417 12.5311744316
v  681.579766949 -129.272619726 12.515950504
v  681.589727364 -129.223621868 12.515950531
f -1 -2 -4 -3
v  680.61308582 -129.017823824 12.5007267465
v  680.623092312 -128.968835354 12.5007266298
v  679.628654259 -128.840855837 12.4855027254
v  679.63888966 -128.791914683 12.4855027294
f -1 -2 -4 -3
v  678.662201456 -128.586294086 12.4702789343
v  678.671949861 -128.537253606 12.4702788281
v  677.677571074 -128.408882355 12.4550549484
v  677.68810226 -128.360003994 12.4550549277
f -1 -2 -4 -3
v  676.711227234 -128.154136043 12.4398310912
v  676.721134722 -128.105127455 12.4398310267
v  675.727385061 -127.976998406 12.4433355199
v  675.736454105 -127.927827759 12.4433355228
f -1 -2 -4 -3
v  674.742714206 -127.799568571 12.4468400149
v  674.752653057 -127.750566334 12.446840019
v  673.775805903 -127.544623063 12.4503444891
v  673.786281694 -127.4957328 12.4503445152
f -1 -2 -4 -3
v  672.791885436 -127.367477819 12.4538490208
v  672.801678227 -127.318446184 12.4538490113
v  671.825010433 -127.112749331 12.4573534791
v  671.835195354 -127.063797646 12.4573535075
f -1 -2 -4 -3
v  670.840755223 -126.935838344 12.460858008
v  670.850808477 -126.88685945 12.4608580036
v  669.874131582 -126.681196659 12.4643624739
v  669.884043509 -126.632188969 12.4643624998
f -1 -2 -4 -3
v  668.8896227 -126.504101205 12.4678669947
v  668.89996114 -126.455181714 12.4678669958
v  667.923172041 -126.249101388 12.4713714763
v  667.933190438 -126.200115352 12.471371492
f -1 -2 -4 -3
v  666.93949655 -126.071552997 12.474876011
v  666.948516355 -126.022373295 12.4748759881
v  665.954775851 -125.894519445 12.4973863265
v  665.964606813 -125.845495448 12.4973863507
f -1 -2 -4 -3
v  664.987648306 -125.639865839 12.519896544
v  664.998323001 -125.591018619 12.5198967141
v  664.003989073 -125.462352869 12.5424071574
v  664.01362275 -125.413289723 12.5424070763
f -1 -2 -4 -3
v  663.03688769 -125.207854371 12.5649172479
v  663.047258531 -125.158941738 12.5649174394
v  662.052839216 -125.030838784 12.5874278512
v  662.062722229 -124.981825255 12.5874278015
f -1 -2 -4 -3
v  661.086067965 -124.776074783 12.6099379878
v  661.096154404 -124.727102712 12.6099381646
v  660.101711504 -124.599155156 12.6324485428
v  660.111863861 -124.550196708 12.6324485266
f -1 -2 -4 -3
v  659.13520383 -124.344470362 12.6549587282
v  659.145025815 -124.295444567 12.6549588898
v  658.150621177 -124.167244811 12.6774692322
v  658.161062424 -124.118347159 12.6774692518
f -1 -2 -4 -3
v  657.184231382 -123.912362941 12.6999795168
v  657.194189872 -123.863364692 12.6999796147
v  656.2004613 -123.735030754 12.7213638106
v  656.209518055 -123.685857843 12.7213637908
f -1 -2 -4 -3
v  655.219239435 -123.544524935 12.7427479088
v  655.226659942 -123.49507864 12.7427479674
v  654.221914586 -123.515065605 12.7641321397
v  654.227941761 -123.465430203 12.7641321434
f -1 -2 -4 -3
v  653.235991205 -123.333096699 12.7855163053
v  653.246768357 -123.284271982 12.7855163197
v  652.269831752 -123.077502609 12.806900372
v  652.279876109 -123.028521889 12.8069004965
f -1 -2 -4 -3
v  651.285436494 -122.900559192 12.8282846827
v  651.295630641 -122.851609429 12.8282846724
v  650.318960428 -122.645921969 12.8496686978
v  650.328744962 -122.596888686 12.8496688492
f -1 -2 -4 -3
v  649.334351237 -122.468617007 12.871053001
v  649.344836903 -122.419728861 12.8710530249
v  648.367984962 -122.213798056 12.8924371096
v  648.37791825 -122.164794691 12.8924372015
f -1 -2 -4 -3
v  647.384175203 -122.036556275 12.9138213827
v  647.393247767 -121.987386278 12.9138213776
v  646.399497632 -121.859236427 12.9195829965
v  646.409410636 -121.810228955 12.919583003
f -1 -2 -4 -3
v  645.432540813 -121.604346861 12.9253445854
v  645.44306203 -121.555466354 12.9253446286
v  644.448680411 -121.427113771 12.9311062707
v  644.458436975 -121.378074914 12.9311062539
f -1 -2 -4 -3
v  643.481751663 -121.17244311 12.9368678323
v  643.491977739 -121.123500007 12.9368678794
v  642.497538881 -120.995525793 12.9426295132
v  642.507554184 -120.946539124 12.9426295047
f -1 -2 -4 -3
v  641.530912309 -120.740742365 12.9483910869
v  641.540864046 -120.691742743 12.9483911302
v  640.54643255 -120.563720005 12.9541527551
v  640.556726893 -120.514791215 12.9541527555
f -1 -2 -4 -3
v  639.579952876 -120.308680954 12.9599143548
v  639.589998128 -120.259700417 12.9599143809
v  638.596323446 -120.131010834 12.9656760124
v  638.605328412 -120.081828412 12.9656760063
f -1 -2 -4 -3
v  637.61158745 -119.954080511 12.9714376256
v  637.621393375 -119.905051501 12.9714376317
v  636.644403784 -119.699516846 12.9605171948
v  636.655126028 -119.650680042 12.9605171122
f -1 -2 -4 -3
v  635.660814623 -119.521871556 12.9495965517
v  635.670412563 -119.472801407 12.9495965932
v  634.695902215 -119.273452268 12.9386760862
v  634.700113245 -119.223629911 12.9386760741
f -1 -2 -4 -3
v  633.695873984 -119.286492859 12.9277550367
v  633.698706761 -119.23657317 12.9277555481
v  632.723864672 -119.044046326 12.9168350386
v  632.733846057 -118.995052735 12.9168350359
f -1 -2 -4 -3
v  631.739410674 -118.867055615 12.9059145155
v  631.749672888 -118.818120076 12.9059145167
v  630.772908753 -118.61199308 12.8949940475
v  630.782973715 -118.56301659 12.8949939975
f -1 -2 -4 -3
v  629.789312117 -118.434240661 12.8840734666
v  629.798305862 -118.385056187 12.8840734784
v  628.804566439 -118.257375557 12.8731529707
v  628.814354337 -118.208342945 12.8731529593
f -1 -2 -4 -3
v  627.837340528 -118.002882666 12.8622325225
v  627.848098184 -117.954053649 12.8622324393
v  626.853799297 -117.825155929 12.839916331
v  626.863372223 -117.776080893 12.8399164191
f -1 -2 -4 -3
v  625.886592748 -117.570814147 12.8176005908
v  625.897040387 -117.52191786 12.8176003978
v  624.902637242 -117.393708262 12.7952843201
v  624.912453789 -117.344681378 12.7952843777
f -1 -2 -4 -3
v  623.935560322 -117.138358847 12.7729683501
v  623.94635937 -117.089538968 12.7729683571
v  622.954739357 -116.954268177 12.750652594
v  622.961041269 -116.904666908 12.7506523353
f -1 -2 -4 -3
v  621.956202726 -116.925356615 12.7283363182
v  621.963315238 -116.875865079 12.7283363157
v  620.972936298 -116.735710512 12.7060202797
v  620.982157687 -116.686568208 12.706020295
f -1 -2 -4 -3
v  619.988318498 -116.55872664 12.6837042917
v  619.998130199 -116.509698785 12.6837042742
v  619.021148112 -116.304141312 12.6613884216
v  619.031859105 -116.255302038 12.6613882527
f -1 -2 -4 -3
v  618.037543264 -116.12652277 12.6390721151
v  618.047149626 -116.077454269 12.6390722323
v  617.070196687 -115.871954464 12.6078264427
v  617.081005824 -115.823136818 12.6078264514
f -1 -2 -4 -3
v  616.089707028 -115.685135107 12.5765809866
v  616.096270154 -115.635567725 12.5765806688
v  615.091403363 -115.656570252 12.5453348932
v  615.098199851 -115.607034328 12.5453348887
f -1 -2 -4 -3
v  614.107676824 -115.468358434 12.5140890939
v  614.117066714 -115.419248049 12.5140891074
v  613.123150636 -115.291656409 12.4828433383
v  613.132828576 -115.242601975 12.4828433261
f -1 -2 -4 -3
v  612.155536097 -115.037720261 12.4515980005
v  612.16670558 -114.9889838 12.4515975405
v  611.175913331 -114.845483875 12.4203520426
v  611.183014415 -114.795990697 12.4203517623
f -1 -2 -4 -3
v  610.178353699 -114.816542877 12.3891059871
v  610.184279102 -114.766895222 12.3891059821
v  609.192203945 -114.635675604 12.3578602227
v  609.202973275 -114.586849162 12.3578602007
f -1 -2 -4 -3
v  608.227975221 -114.390218398 12.3266144499
v  608.231400889 -114.340335888 12.326614419
v  607.227552942 -114.402592924 12.287768025
v  607.230548347 -114.35268273 12.2877691318
f -1 -2 -4 -3
v  606.237828817 -114.236154224 12.2489236918
v  606.248698511 -114.187350025 12.2489238717
v  605.273843777 -113.976730708 12.2100810748
v  605.280712037 -113.927204685 12.2100785484
f -1 -2 -4 -3
v  604.276338309 -113.984667756 12.1712333632
v  604.277486799 -113.934680948 12.171233324
v  603.301563172 -113.754918679 12.1323880502
v  603.312416426 -113.706110822 12.1323880496
f -1 -2 -4 -3
v  602.321784966 -113.564213054 12.0935432736
v  602.328033992 -113.514605094 12.0935427732
v  601.32530245 -113.561594678 12.0546975235
v  601.324824826 -113.511596959 12.0546975018
f -1 -2 -4 -3
v  600.348238942 -113.349943273 12.0158528873
v  600.358390178 -113.300984592 12.0158522142
v  599.355676839 -113.332317535 11.977006969
v  599.354112247 -113.28234202 11.9770069538
f -1 -2 -4 -3
v  598.351931859 -113.336797876 11.9381635163
v  598.357347512 -113.287092034 11.9381617062
v  597.36822186 -113.147861053 11.9013610364
v  597.37641988 -113.098537707 11.9013606172
f -1 -2 -4 -3
v  596.371231824 -113.116610975 11.8645595901
v  596.377906375 -113.067058474 11.86455956
v  595.389389937 -112.924084709 11.8277589601
v  595.39608181 -112.874534545 11.8277584961
f -1 -2 -4 -3
v  594.394379575 -112.908118453 11.7909574433
v  594.393018441 -112.858136983 11.7909574396
v  593.393511428 -112.9122 11.7541563796
v  593.393511428 -112.8622 11.7541563796
f -1 -2 -4 -3
v  592.393511428 -112.9122 11.7173553195
v  592.393511428 -112.8622 11.7173553195
v  591.392173998 -112.930551001 11.6805545031
v  591.392821893 -112.880555199 11.680554261
f -1 -2 -4 -3
v  590.414583431 -112.71922484 11.6437535924
v  590.425963749 -112.670537179 11.6437531919
v  589.423466989 -112.694814038 11.6069521549
v  589.421810501 -112.644841485 11.6069521393
f -1 -2 -4 -3
v  588.422353113 -112.7 11.5701510793
v  588.422353113 -112.65 11.5701510793
v  587.422353113 -112.7 11.541173073
v  587.422353113 -112.65 11.541173073
f -1 -2 -4 -3
v  586.422353113 -112.7 11.5121950667
v  586.422353113 -112.65 11.5121950667
v  585.423415231 -112.691881912 11.4832174669
v  585.420399437 -112.641972945 11.4832170563
f -1 -2 -4 -3
v  584.443192108 -112.871751106 11.4542390625
v  584.433934556 -112.822615603 11.4542390541
v  583.441579257 -112.912328179 11.4252610556
v  583.44199225 -112.862329885 11.4252610477
f -1 -2 -4 -3
v  582.442266111 -112.9004142 11.396283171
v  582.440207375 -112.850456602 11.3962830408
v  581.461454 -113.066296641 11.3673050457
v  581.451176897 -113.017364227 11.3673050352
f -1 -2 -4 -3
v  580.461439478 -113.116868113 11.3383271103
v  580.460137859 -113.066885058 11.3383270278
v  579.481804478 -113.292590274 11.3093490344
v  579.472363925 -113.243489602 11.3093490227
f -1 -2 -4 -3
v  578.482138716 -113.332089554 11.2803711434
v  578.478629237 -113.282212871 11.2803710148
v  577.50208875 -113.519381287 11.2601218673
v  577.493646047 -113.470099234 11.2601218601
f -1 -2 -4 -3
v  576.498673696 -113.537416747 11.2398727057
v  576.500049185 -113.48743567 11.2398727038
v  575.530866113 -113.717547455 11.2196236523
v  575.516128672 -113.669768717 11.219623548
f -1 -2 -4 -3
v  574.546443074 -113.90910274 11.1993744945
v  574.537745247 -113.859865073 11.199374391
v  573.57992304 -114.154526216 11.1791252397
v  573.567077095 -114.106204567 11.179125235
f -1 -2 -4 -3
v  572.595342843 -114.339848303 11.1588761161
v  572.586494977 -114.290637376 11.1588760787
v  571.629124644 -114.588141791 11.1386269279
v  571.616780879 -114.539689428 11.1386269225
f -1 -2 -4 -3
v  570.64428191 -114.770725021 11.118377795
v  570.635263129 -114.721545131 11.1183777661
v  569.678190716 -115.021353166 11.0981278615
v  569.666414854 -114.972759658 11.0981286034
f -1 -2 -4 -3
v  568.690140326 -115.187103176 11.0778796185
v  568.67918167 -115.138318877 11.0778794534
v  567.805992298 -115.632361666 11.0729940298
v  567.78508494 -115.586942701 11.0729939546
f -1 -2 -4 -3
v  566.822040245 -115.835030486 11.068108451
v  566.814573967 -115.785591082 11.068108451
v  565.855688117 -116.07460056 11.06322295
v  565.840287552 -116.027031426 11.0632229496
f -1 -2 -4 -3
v  564.913808059 -116.406827337 11.058337471
v  564.895347886 -116.360359908 11.0583374482
v  564.0344107 -116.878630607 11.0534519542
v  564.012068592 -116.833899966 11.053451947
f -1 -2 -4 -3
v  563.050782254 -117.08186252 11.0485664485
v  563.043189664 -117.032442357 11.0485664454
v  562.154635948 -117.479664055 11.0436809973
v  562.128833018 -117.436836391 11.0436809443
f -1 -2 -4 -3
v  561.220939863 -117.848870383 11.0387954428
v  561.204723976 -117.801572973 11.0387954427
v  560.322623632 -118.270783554 11.0339099415
v  560.297118899 -118.227777641 11.0339099414
f -1 -2 -4 -3
v  559.453968327 -118.770717263 11.0290245047
v  559.430879578 -118.726367408 11.0290244405
v  558.517476807 -119.129601321 11.0423623757
v  558.501154864 -119.082340405 11.0423624547
f -1 -2 -4 -3
v  557.614251314 -119.54475885 11.0557004666
v  557.588681655 -119.501791507 11.0557004689
v  556.832474128 -120.159275097 11.069038475
v  556.79980033 -120.121427734 11.0690384833
f -1 -2 -4 -3
v  555.982607001 -120.695142703 11.0823764943
v  555.96102893 -120.650038525 11.0823764978
v  555.037120934 -121.033771609 11.0957144302
v  555.020474822 -120.986623895 11.0957145128
f -1 -2 -4 -3
v  554.220112799 -121.572050308 11.1090524545
v  554.18562198 -121.53585109 11.1090525271
v  553.377381924 -122.116319132 11.1223905354
v  553.354189633 -122.072023335 11.1223905412
f -1 -2 -4 -3
v  552.594837128 -122.725844057 11.1357285398
v  552.5624545 -122.687747267 11.1357285555
v  551.737832334 -123.247000947 11.1490665697
v  551.714591839 -123.202730422 11.1490665701
f -1 -2 -4 -3
v  550.854567242 -123.716529726 11.1624046077
v  550.830351877 -123.672784827 11.1624045845
v  550.044742427 -124.288682868 11.1883161566
v  550.0115782 -124.251264503 11.1883161566
f -1 -2 -4 -3
v  549.281809306 -124.937437079 11.2142277289
v  549.249856614 -124.89897898 11.2142277289
v  548.512679261 -125.576526068 11.240139301
v  548.480723309 -125.538070676 11.240139301
f -1 -2 -4 -3
v  547.74354162 -126.215612475 11.2660508732
v  547.711588858 -126.177154433 11.2660508732
v  546.974346469 -126.854629996 11.2919624454
v  546.942397224 -126.816169032 11.2919624454
f -1 -2 -4 -3
v  546.205164731 -127.493656077 11.3178740175
v  546.173211548 -127.455198385 11.3178740175
v  545.436037769 -128.132749294 11.3437855897
v  545.404081835 -128.094293887 11.3437855897
f -1 -2 -4 -3
v  544.666895681 -128.771830583 11.3696971619
v  544.634943167 -128.733372335 11.3696971619
v  543.87476966 -129.389680052 11.395609276
v  543.843917411 -129.350333657 11.3956087275
f -1 -2 -4 -3
v  543.360942071 -130.208157424 11.4215189224
v  543.313735311 -130.191679507 11.4215203132
v  542.702758667 -130.954988886 11.451272905
v  542.673640622 -130.914342368 11.4512731915
f -1 -2 -4 -3
v  541.915876754 -131.573333941 11.4810260453
v  541.883903685 -131.53489278 11.4810260709
v  541.226180747 -132.289313387 11.51077895
v  541.188069808 -132.256947412 11.5107789531
f -1 -2 -4 -3
v  540.482351721 -132.965632529 11.5405321645
v  540.453081783 -132.925095252 11.5405318311
v  539.933766271 -133.754291761 11.5702832942
v  539.886252475 -133.738721303 11.570284737
f -1 -2 -4 -3
v  539.299208826 -134.517065481 11.6000373366
v  539.270338327 -134.476242764 11.6000376031
v  538.580431699 -135.202157912 11.6297904821
v  538.54270707 -135.169342484 11.6297904821
f -1 -2 -4 -3
v  537.909641612 -135.946066954 11.6595433417
v  537.87334463 -135.911679033 11.6595433646
v  537.296477951 -136.722907601 11.6892962464
v  537.252299878 -136.699491839 11.6892962468
f -1 -2 -4 -3
v  536.682741668 -137.516255622 11.7190491256
v  536.647461251 -137.480825519 11.7190491291
v  536.135084235 -138.326155086 11.7578834334
v  536.087962967 -138.309434258 11.757883532
f -1 -2 -4 -3
v  535.601258688 -139.1712949 11.7967178872
v  535.565757714 -139.136085798 11.7967179325
v  534.97975124 -139.940370291 11.8355523248
v  534.935494436 -139.917103677 11.8355523342
f -1 -2 -4 -3
v  534.356570054 -140.726729914 11.874386734
v  534.321187131 -140.691402181 11.8743867358
v  533.823373469 -141.546088124 11.9132209525
v  533.776229932 -141.529430187 11.9132211395
f -1 -2 -4 -3
v  533.267851608 -142.37726546 11.9520554549
v  533.233104701 -142.341311984 11.9520555397
v  532.699396041 -143.172738309 11.9908899043
v  532.652347326 -143.15581441 11.9908899414
f -1 -2 -4 -3
v  532.172653103 -144.022360246 12.0297242617
v  532.137672945 -143.986633665 12.0297243428
v  531.576010268 -144.800065498 12.0685587392
v  531.529285132 -144.782267699 12.0685587443
f -1 -2 -4 -3
v  531.076872585 -145.666788771 12.1073930951
v  531.041410321 -145.631540681 12.1073931458
v  530.446465221 -146.425871812 12.1567907187
v  530.401439234 -146.404131056 12.1567908686
f -1 -2 -4 -3
v  530.066378409 -147.352468817 12.2061886909
v  530.019717587 -147.334503083 12.206188588
v  529.548781846 -148.208928548 12.2555862325
v  529.513273004 -148.173727382 12.2555863099
f -1 -2 -4 -3
v  528.916663563 -148.966963485 12.3049838809
v  528.871697088 -148.945099904 12.3049840327
v  528.522507178 -149.887994031 12.3543817394
v  528.477229331 -149.866782793 12.3543817527
f -1 -2 -4 -3
v  528.151633089 -150.812914114 12.4037794621
v  528.103611282 -150.798989098 12.4037794742
v  527.733752917 -151.72239052 12.4531771316
v  527.696277789 -151.689290449 12.4531771944
f -1 -2 -4 -3
v  527.062788035 -152.457879741 12.5025706578
v  527.019486648 -152.432879942 12.5025749666
v  526.66500421 -153.374090925 12.5519726381
v  526.619431068 -153.353521803 12.5519726381
f -1 -2 -4 -3
v  526.261182065 -154.288245381 12.6013705101
v  526.214567483 -154.270160008 12.6013703584
v  525.767929735 -155.15990051 12.6564936383
v  525.731718455 -155.125422355 12.6564936915
f -1 -2 -4 -3
v  525.116328483 -155.906854041 12.7116169063
v  525.072421929 -155.882933034 12.7116170254
v  524.737899706 -156.830275745 12.7667403533
v  524.690872086 -156.813293313 12.7667403566
f -1 -2 -4 -3
v  524.398817076 -157.771848965 12.8218636096
v  524.352144989 -157.753912513 12.8218636894
v  523.94318545 -158.666822623 12.8769877132
v  523.905113295 -158.634411035 12.876987031
f -1 -2 -4 -3
v  523.268101656 -159.400816021 12.9321066697
v  523.226004538 -159.373837646 12.9321104106
v  522.862819104 -160.311795213 12.9872336836
v  522.817410164 -160.290866091 12.9872336859
f -1 -2 -4 -3
v  522.461677517 -161.225406574 13.0423565817
v  522.414782054 -161.208062539 13.0423570197
v  522.123879262 -162.16724673 13.0974804013
v  522.077340799 -162.148966373 13.0974803504
f -1 -2 -4 -3
v  521.686437636 -163.072018896 13.1526022926
v  521.647245746 -163.040970615 13.1526036593
v  521.005196984 -163.803855743 13.1897403951
v  520.96439325 -163.774958419 13.1897427264
f -1 -2 -4 -3
v  520.591426155 -164.708532794 13.2268816924
v  520.545920588 -164.687814604 13.2268816961
v  520.185963106 -165.620740325 13.2640204431
v  520.139227185 -165.602970866 13.2640207036
f -1 -2 -4 -3
v  519.849422207 -166.56286466 13.3011596723
v  519.802949361 -166.544418125 13.301159709
v  519.42788218 -167.475572997 13.3382966018
v  519.387454961 -167.446151237 13.3382986766
f -1 -2 -4 -3
v  518.744771779 -168.208588467 13.3754376605
v  518.705229934 -168.17798712 13.375437723
v  518.319801304 -169.104948491 13.4125766313
v  518.274042247 -169.084796351 13.412576728
f -1 -2 -4 -3
v  517.910737417 -170.01629412 13.4497155578
v  517.86419209 -169.998031247 13.4497157361
v  517.574587267 -170.957990158 13.4868548248
v  517.527913954 -170.940056897 13.4868547422
f -1 -2 -4 -3
v  517.167115883 -171.877299696 13.5239913332
v  517.125419537 -171.849705951 13.5239937088
v  516.48642897 -172.614786123 13.5330682271
v  516.448047005 -172.582742017 13.5330682463
f -1 -2 -4 -3
v  516.04454332 -173.498770209 13.5421427314
v  515.997902685 -173.48075213 13.5421427439
v  515.706164158 -174.439455211 13.5512172563
v  515.659172631 -174.422373163 13.5512172416
f -1 -2 -4 -3
v  515.306949508 -175.358265903 13.5602917386
v  515.261592253 -175.337225005 13.5602917393
v  514.894880194 -176.26915421 13.5693662371
v  514.849307052 -176.248585088 13.5693662371
f -1 -2 -4 -3
v  514.483416952 -177.185200276 13.5784400718
v  514.441752496 -177.157558403 13.5784407224
v  513.797669847 -177.918524333 13.5875151896
v  513.758371822 -177.887610497 13.587515233
f -1 -2 -4 -3
v  513.422460217 -178.829115049 13.5965896712
v  513.37458327 -178.814699849 13.5965897304
v  513.035916938 -179.755361039 13.605664223
v  512.990611135 -179.734209581 13.605664228
f -1 -2 -4 -3
v  512.623173527 -180.66589624 13.6147387257
v  512.577600587 -180.645326671 13.6147387257
v  512.217670028 -181.582725272 13.6022057838
v  512.173907301 -181.558542144 13.6022054897
f -1 -2 -4 -3
v  511.629256719 -182.395532099 13.5896723852
v  511.58933855 -182.3654233 13.5896722456
v  511.154109018 -183.2636012 13.5771390086
v  511.107767948 -183.244826078 13.5771390066
f -1 -2 -4 -3
v  510.749791049 -184.179865941 13.5646057668
v  510.704217827 -184.159296996 13.5646057668
v  510.338451316 -185.091346724 13.5520725271
v  510.292877105 -185.070779972 13.5520725271
f -1 -2 -4 -3
v  509.923941049 -186.000828454 13.5395393132
v  509.877888882 -185.981355451 13.5395392873
v  509.604619828 -186.951346393 13.5270060305
v  509.558412682 -186.932244045 13.5270060474
f -1 -2 -4 -3
v  508.977872378 -187.732797174 13.5144728121
v  508.942967742 -187.696996806 13.514472808
v  508.468121983 -188.569429214 13.5019395908
v  508.42146214 -188.551460935 13.5019395682
f -1 -2 -4 -3
v  508.061538728 -189.485682423 13.4894062654
v  508.015831962 -189.465411964 13.4894063287
v  507.713017125 -190.4204513 13.4704075647
v  507.665796467 -190.404013249 13.4704077101
f -1 -2 -4 -3
v  507.327396696 -191.345262022 13.4514090932
v  507.282116325 -191.324056173 13.451409092
v  506.932836126 -192.26694915 13.4324108295
v  506.887914964 -192.244992618 13.4324104785
f -1 -2 -4 -3
v  506.290129955 -193.037466387 13.4134118563
v  506.25458113 -193.002305598 13.4134118553
v  505.779818552 -193.875425395 13.39441325
v  505.733157968 -193.85745904 13.3944132369
f -1 -2 -4 -3
v  505.435863438 -194.814902872 13.3754146273
v  505.388587213 -194.798625323 13.3754146187
v  505.056447991 -195.742305662 13.3564160066
v  505.011160337 -195.72111537 13.3564160004
f -1 -2 -4 -3
v  504.641736439 -196.651978081 13.337417382
v  504.596163146 -196.631409294 13.337417382
v  504.24375823 -197.571093842 13.318418954
v  504.198653053 -197.54951786 13.3184187654
f -1 -2 -4 -3
v  503.678458552 -198.40016076 13.2994201455
v  503.639060967 -198.369373907 13.2994201455
v  503.167822936 -199.247451939 13.2945523116
v  503.121683941 -199.228185565 13.2945523115
f -1 -2 -4 -3
v  502.76843443 -200.166003589 13.2896844776
v  502.72286115 -200.145434773 13.2896844776
v  502.35705392 -201.077467473 13.2848166436
v  502.311480779 -201.056898351 13.2848166436
f -1 -2 -4 -3
v  501.94041967 -201.986574687 13.2799488095
v  501.894757574 -201.966203802 13.2799488097
v  501.614260028 -202.932396339 13.275080828
v  501.566940286 -202.916245734 13.2750809747
f -1 -2 -4 -3
v  501.045496345 -203.75244528 13.2702131647
v  501.01126546 -203.716000163 13.2702131416
v  500.479571191 -204.551969903 13.265345308
v  500.433177372 -204.533325505 13.265345308
f -1 -2 -4 -3
v  500.080162445 -205.472178987 13.2604774543
v  500.034731169 -205.451298394 13.2604774741
v  499.71849188 -206.40115369 13.2556096228
v  499.671177919 -206.384986157 13.2556096401
f -1 -2 -4 -3
v  499.347865308 -207.332097502 13.2507418114
v  499.302518953 -207.311033123 13.2507418062
v  498.952029234 -208.251806931 13.2505948052
v  498.905948753 -208.232401022 13.250594804
f -1 -2 -4 -3
v  498.348493281 -209.051613707 13.250447802
v  498.314137205 -209.015286582 13.2504478018
v  497.82350583 -209.869740264 13.2503007997
v  497.775863809 -209.854566674 13.2503007996
f -1 -2 -4 -3
v  497.488422012 -210.817513096 13.2501537989
v  497.442898972 -210.796833326 13.2501537974
v  497.071713025 -211.726640539 13.2500067952
v  497.026139884 -211.706071418 13.2500067952
f -1 -2 -4 -3
v  496.678471771 -212.647087146 13.249859794
v  496.63210348 -212.628379352 13.249859793
v  496.097766101 -213.462635594 13.2497127913
v  496.063535564 -213.42619015 13.2497127908
f -1 -2 -4 -3
v  495.545197541 -214.264237506 13.249565789
v  495.49783924 -214.248200321 13.2495657886
v  495.216748921 -215.214105471 13.2494187864
v  495.171102194 -215.193700171 13.2494187864
f -1 -2 -4 -3
v  494.800004362 -216.123381399 13.2492717842
v  494.75443122 -216.102812278 13.2492717842
v  494.384539047 -217.033448463 13.2498169835
v  494.339229845 -217.012304286 13.2498169834
f -1 -2 -4 -3
v  494.02830283 -217.964759227 13.2503621824
v  493.980273772 -217.950859239 13.2503621826
v  493.568853733 -218.851123713 13.2509073801
v  493.532953294 -218.816322011 13.2509073818
f -1 -2 -4 -3
v  492.920399655 -219.599139976 13.2514525796
v  492.875770034 -219.576596752 13.2514525811
v  492.52822735 -220.520083121 13.2519977802
v  492.482652964 -220.499516757 13.2519977802
f -1 -2 -4 -3
v  492.113586115 -221.430539222 13.2525429794
v  492.068304447 -221.409336143 13.2525429795
v  491.733805716 -222.352099463 13.2530881765
v  491.686547436 -222.335769889 13.2530881787
f -1 -2 -4 -3
v  491.390096449 -223.293340496 13.2536333694
v  491.343400948 -223.275465089 13.2536333779
v  490.877053792 -224.153832964 13.2541785763
v  490.841288584 -224.118892301 13.2541785771
f -1 -2 -4 -3
v  490.235565159 -224.906848683 13.254723775
v  490.19118425 -224.883819681 13.2547237762
v  489.862523296 -225.833190289 13.2510849624
v  489.815423552 -225.816408928 13.2510849623
f -1 -2 -4 -3
v  489.519015897 -226.773893668 13.247446165
v  489.473078977 -226.754150331 13.2474461483
v  489.10978917 -227.686148454 13.2438073309
v  489.063209956 -227.667972183 13.2438073343
f -1 -2 -4 -3
v  488.62409595 -228.562399337 13.240168523
v  488.587619409 -228.528201941 13.2401685202
v  487.967517762 -229.306418893 13.2365297133
v  487.923886764 -229.281998899 13.2365297061
f -1 -2 -4 -3
v  487.586034523 -230.228149542 13.2328908925
v  487.539049921 -230.211048455 13.2328908922
v  487.246046802 -231.169809562 13.2292520937
v  487.199923167 -231.150506446 13.2292520782
f -1 -2 -4 -3
v  486.835221361 -232.081534091 13.2256132641
v  486.788814329 -232.062922605 13.2256132641
v  486.369884917 -232.969850884 13.2219743614
v  486.332528751 -232.936616611 13.2219744491
f -1 -2 -4 -3
v  485.701204159 -233.707120267 13.2183359212
v  485.658465172 -233.68117072 13.2183356311
v  485.309902229 -234.623293421 13.2130566953
v  485.263058835 -234.605809244 13.2130566943
f -1 -2 -4 -3
v  484.97244087 -235.565431489 13.2077777677
v  484.926110199 -235.54663072 13.2077777526
v  484.561331168 -236.477445144 13.2024988171
v  484.515193636 -236.458175268 13.2024988108
f -1 -2 -4 -3
v  484.113337548 -237.375766502 13.1972199868
v  484.075329272 -237.343280027 13.1972198708
v  483.43847094 -238.108419993 13.1919413969
v  483.395322268 -238.083157528 13.1919409192
f -1 -2 -4 -3
v  483.104874877 -239.046213985 13.1866620011
v  483.0576707 -239.029728666 13.1866619856
v  482.699482815 -239.962773483 13.181383054
v  482.653985446 -239.942037298 13.1813830438
f -1 -2 -4 -3
v  482.288063589 -240.87412094 13.176104102
v  482.242490448 -240.853551818 13.176104102
v  481.877783601 -241.785592914 13.1708251673
v  481.831804306 -241.765948464 13.1708251602
f -1 -2 -4 -3
v  481.442256194 -242.689298797 13.1655462911
v  481.400893161 -242.661207882 13.1655462191
v  480.842387569 -243.490329065 13.1626288329
v  480.800876344 -243.462457606 13.1626288251
f -1 -2 -4 -3
v  480.414335506 -244.38743548 13.1597114334
v  480.368421103 -244.367639832 13.1597114318
v  480.003383964 -245.299600386 13.1567940384
v  479.957810822 -245.279031264 13.1567940384
f -1 -2 -4 -3
v  479.592529155 -246.210950284 13.1538766489
v  479.546675824 -246.191013584 13.153876645
v  479.16256169 -247.117304488 13.1509593039
v  479.120921042 -247.089626763 13.1509592521
f -1 -2 -4 -3
v  478.562528451 -247.918814276 13.1480418659
v  478.521290181 -247.890540524 13.1480418582
v  478.129037759 -248.812422009 13.1451244666
v  478.083006922 -248.792898636 13.1451244649
f -1 -2 -4 -3
v  477.718624852 -249.725036413 13.1422070715
v  477.673052087 -249.704466458 13.1422070715
v  477.307352797 -250.636373755 13.1392896807
v  477.261645091 -250.616105416 13.1392896782
f -1 -2 -4 -3
v  476.882573273 -251.54509087 13.1363723467
v  476.84063755 -251.517862299 13.1363722854
v  476.28299859 -252.34749871 13.1302498571
v  476.242015992 -252.318855619 13.1302498357
f -1 -2 -4 -3
v  475.843646699 -253.237399911 13.1241273902
v  475.797519374 -253.218105614 13.1241273868
v  475.433904539 -254.150508918 13.1180049379
v  475.388332054 -254.129938343 13.1180049379
f -1 -2 -4 -3
v  475.022688667 -255.060919074 13.1118825174
v  474.976304777 -255.042249988 13.1118824888
v  474.700060582 -256.011501201 13.1057601808
v  474.655044874 -255.989739169 13.1057600428
f -1 -2 -4 -3
v  474.042465202 -256.770484854 13.0996375957
v  474.006387577 -256.735866868 13.0996375909
v  473.568570995 -257.631551975 13.0935151637
v  473.522019616 -257.613304532 13.0935151419
f -1 -2 -4 -3
v  473.162114651 -258.547202278 13.087392693
v  473.116541403 -258.526633391 13.087392693
v  472.74865809 -259.456961495 13.081270262
v  472.702485003 -259.43777697 13.0812702439
f -1 -2 -4 -3
v  472.428944942 -260.407853344 13.0751478357
v  472.383144965 -260.387794378 13.0751477958
v  471.789396676 -261.180239469 13.0708373915
v  471.754109082 -261.144816514 13.0708373916
f -1 -2 -4 -3
v  471.293836945 -262.026453797 13.0665269994
v  471.247190032 -262.008451975 13.0665269881
v  470.890406295 -262.943943418 13.0622165848
v  470.844833153 -262.923374296 13.0622165848
f -1 -2 -4 -3
v  470.47534929 -263.853289443 13.0579061882
v  470.429368267 -263.833649036 13.0579061813
v  470.155744383 -264.803369451 13.0535957519
v  470.109312831 -264.784819222 13.0535957776
f -1 -2 -4 -3
v  469.537442253 -265.590661748 13.0492853781
v  469.502731189 -265.554673666 13.0492853745
v  469.01882015 -266.421339688 13.0449749767
v  468.972167881 -266.403351754 13.0449749711
f -1 -2 -4 -3
v  468.618619762 -267.340642558 13.0406645677
v  468.573046662 -267.320073344 13.0406645677
v  468.202485497 -268.249764069 13.0363541668
v  468.156676266 -268.229726246 13.0363541643
f -1 -2 -4 -3
v  467.88069908 -269.198120655 13.0320437016
v  467.833762836 -269.180887284 13.0320437602
v  467.286359832 -270.001530133 13.02880723
v  467.252003352 -269.96520339 13.0288072209
f -1 -2 -4 -3
v  466.743976438 -270.816441796 13.025570682
v  466.697408211 -270.798237396 13.0255706811
v  466.346889277 -271.737357255 13.0223341412
v  466.301317218 -271.716785735 13.0223341412
f -1 -2 -4 -3
v  465.930236034 -272.646456643 13.0190976012
v  465.88457542 -272.626082434 13.0190976013
v  465.604039092 -273.592251402 13.0158609626
v  465.556714372 -273.57611539 13.0158610607
f -1 -2 -4 -3
v  465.035647564 -274.412537725 13.0126245368
v  465.001417082 -274.37609223 13.0126245213
v  464.469407238 -275.211855862 13.0093879816
v  464.423016127 -275.193204727 13.0093879816
f -1 -2 -4 -3
v  464.075098507 -276.13405151 13.0061514417
v  464.029526655 -276.113479531 13.0061514417
v  463.658377337 -277.043287359 13.0029149007
v  463.612840466 -277.022638065 13.0029149018
f -1 -2 -4 -3
v  463.326153449 -277.985924332 12.9996782911
v  463.278535542 -277.970675235 12.9996783617
v  462.785131831 -278.823494414 12.9979775403
v  462.750798254 -278.787146023 12.9979775306
f -1 -2 -4 -3
v  462.195554203 -279.607806106 12.9962767004
v  462.149441319 -279.588477319 12.9962766994
v  461.803382197 -280.530777219 12.9945758681
v  461.757808942 -280.510208349 12.9945758681
f -1 -2 -4 -3
v  461.386831077 -281.440222552 12.9928750361
v  461.34139858 -281.419344615 12.9928750368
v  461.047158293 -282.379194208 12.9911742064
v  460.999330116 -282.364618014 12.9911742055
f -1 -2 -4 -3
v  460.534301335 -283.234061713 12.9894733836
v  460.499639693 -283.198026028 12.9894733742
v  459.922539909 -284.004357371 12.9877725459
v  459.8768144 -283.984129227 12.987772543
f -1 -2 -4 -3
v  459.531598857 -284.927456553 12.9860717117
v  459.486026023 -284.90688675 12.9860717117
v  459.115580409 -285.837225441 12.9843708799
v  459.070221874 -285.816187302 12.9843708805
f -1 -2 -4 -3
v  458.767507432 -286.772250621 12.9826700501
v  458.719543754 -286.758126682 12.9826700492
v  458.28297931 -287.644050175 12.9838687121
v  458.247760451 -287.608558881 12.9838687173
f -1 -2 -4 -3
v  457.650834419 -288.401799125 12.9850673824
v  457.605622901 -288.380446875 12.9850673855
v  457.259898841 -289.32419407 12.9862660536
v  457.214325549 -289.303625282 12.9862660536
f -1 -2 -4 -3
v  456.844491169 -290.23429228 12.9874647219
v  456.799187321 -290.213136635 12.9874647218
v  456.470429785 -291.15813125 12.9886633879
v  456.423133728 -291.141911417 12.9886633899
f -1 -2 -4 -3
v  456.124514332 -292.099152588 12.9898620319
v  456.077918761 -292.081018289 12.9898620581
v  455.591181294 -292.946609566 12.9910607241
v  455.555898789 -292.911181543 12.9910607262
f -1 -2 -4 -3
v  454.96761979 -293.7098914 12.992259391
v  454.922377355 -293.688604737 12.9922593944
v  454.573474869 -294.631346326 12.9934580621
v  454.528194802 -294.610139829 12.9934580625
f -1 -2 -4 -3
v  454.193066699 -295.552656014 12.9946567255
v  454.145812444 -295.536314798 12.9946567307
v  453.849651306 -296.493940597 13.0035002876
v  453.802947663 -296.476086472 13.0035004197
f -1 -2 -4 -3
v  453.338949759 -297.355914571 13.0123440955
v  453.303118521 -297.321041624 13.0123441074
v  452.695764097 -298.107899149 13.0211877754
v  452.65145523 -298.084731838 13.0211877961
f -1 -2 -4 -3
v  452.321902054 -299.033801053 13.030031484
v  452.27481313 -299.016989353 13.0300314843
v  451.978807779 -299.974625788 13.0388751321
v  451.932851941 -299.954926526 13.0388751725
f -1 -2 -4 -3
v  451.569346314 -300.886789556 13.0477188687
v  451.522783269 -300.868571905 13.0477188611
v  451.085757083 -301.764320888 13.0565625432
v  451.049195154 -301.730214798 13.0565625495
f -1 -2 -4 -3
v  450.427811257 -302.507564304 13.0654062212
v  450.384266458 -302.482990935 13.0654062381
v  450.045362435 -303.428757416 13.0742499256
v  449.998391626 -303.411618482 13.0742499264
f -1 -2 -4 -3
v  449.705692392 -304.370490512 13.0830935778
v  449.659546671 -304.351240252 13.0830936146
v  449.291447607 -305.281516185 13.1102333008
v  449.245874225 -305.260947596 13.1102333008
f -1 -2 -4 -3
v  448.884491856 -306.194298009 13.1373730015
v  448.838215281 -306.175364476 13.1373729869
v  448.424980939 -307.085736638 13.1645128131
v  448.384511185 -307.056373412 13.1645126737
f -1 -2 -4 -3
v  447.83037104 -307.888070529 13.1916519948
v  447.787744961 -307.861935928 13.1916523623
v  447.418066624 -308.795487745 13.2187920451
v  447.372493848 -308.774917812 13.2187920451
f -1 -2 -4 -3
v  447.006685225 -309.706950555 13.2459317312
v  446.961112083 -309.686381434 13.2459317312
v  446.594036509 -310.618194533 13.2730714064
v  446.548709335 -310.597088909 13.2730714172
f -1 -2 -4 -3
v  446.205973348 -311.536090167 13.3002113
v  446.158176207 -311.52141252 13.300211101
v  445.832250232 -312.468028131 13.3273505834
v  445.792286409 -312.437979955 13.3273507845
f -1 -2 -4 -3
v  445.146810073 -313.197820233 13.354487806
v  445.105823294 -313.169183125 13.3544905568
v  444.734899312 -314.103648104 13.3978203356
v  444.689324809 -314.083081999 13.3978203356
f -1 -2 -4 -3
v  444.322985605 -315.015127278 13.4411501794
v  444.277595076 -314.994158255 13.4411501959
v  443.927007484 -315.930038032 13.4844798234
v  443.879432627 -315.914655153 13.4844800589
f -1 -2 -4 -3
v  443.572137377 -316.87034582 13.5278071456
v  443.530701959 -316.842361785 13.527809848
v  442.886149563 -317.60253029 13.5711396302
v  442.846602696 -317.571935434 13.5711397789
f -1 -2 -4 -3
v  442.463210748 -318.500244045 13.6144695232
v  442.417531456 -318.47991175 13.614469636
v  442.05463985 -319.411624101 13.6577992655
v  442.008058462 -319.393453402 13.6577994981
f -1 -2 -4 -3
v  441.71854579 -320.35344325 13.7011294308
v  441.671905648 -320.335423893 13.7011293577
v  441.309960657 -321.267591999 13.7444592147
v  441.264396908 -321.24700208 13.7444592177
f -1 -2 -4 -3
v  440.885002068 -322.177491461 13.7877861196
v  440.845030995 -322.147452931 13.7877890191
v  440.199650276 -322.907147118 13.8299438896
v  440.158667135 -322.878504803 13.8299491146
f -1 -2 -4 -3
v  439.846107277 -323.831710077 13.8721087693
v  439.798457377 -323.81656125 13.8721089944
v  439.450139604 -324.753330236 13.9142688802
v  439.404770178 -324.732315593 13.914268953
f -1 -2 -4 -3
v  439.038255025 -325.664313198 13.9564289113
v  438.992680456 -325.643747239 13.9564289113
v  438.626875481 -326.575779843 13.9985888695
v  438.581302794 -326.555209714 13.9985888695
f -1 -2 -4 -3
v  438.206036406 -327.486204865 14.0407478532
v  438.163841286 -327.459380029 14.0407488187
v  437.607194488 -328.289597706 14.0829085885
v  437.566421268 -328.260657344 14.0829087873
f -1 -2 -4 -3
v  437.162476335 -329.176145297 14.1250687231
v  437.116280405 -329.157015841 14.1250687445
v  436.753499945 -330.089752805 14.1672287027
v  436.707927072 -330.069183088 14.1672287027
f -1 -2 -4 -3
v  436.341171624 -330.999827226 14.209388498
v  436.294883612 -330.980921672 14.2093886616
v  436.003848785 -331.940398851 14.2374136843
v  435.956975946 -331.922993768 14.237413532
f -1 -2 -4 -3
v  435.610650397 -332.865980583 14.2654369135
v  435.567723702 -332.840342742 14.2654383772
v  434.938311901 -333.612166178 14.2934632267
v  434.901142822 -333.5787228 14.2934632726
f -1 -2 -4 -3
v  434.474097265 -334.481042622 14.3214880965
v  434.427363324 -334.463267956 14.3214881426
v  434.134108878 -335.421426134 14.3495130244
v  434.086984047 -335.404715349 14.3495130128
f -1 -2 -4 -3
v  433.741381054 -336.34316806 14.377537883
v  433.696082108 -336.32200192 14.377537883
v  433.328531047 -337.253648464 14.4055627534
v  433.282956883 -337.233081608 14.4055627534
f -1 -2 -4 -3
v  432.926910844 -338.173699116 14.4335862952
v  432.883857915 -338.148273828 14.4335875984
v  432.24792117 -338.915159315 14.4616123711
v  432.210161824 -338.88238384 14.4616124955
f -1 -2 -4 -3
v  431.846352554 -339.80907606 14.4896371958
v  431.798345566 -339.795100042 14.4896373648
v  431.470494689 -340.740275588 14.5002022721
v  431.425215961 -340.719066233 14.5002022696
f -1 -2 -4 -3
v  431.056754941 -341.650351696 14.5107671748
v  431.011182753 -341.629780462 14.5107671748
v  430.641326287 -342.559610711 14.5213320668
v  430.595398004 -342.53984729 14.5213320801
f -1 -2 -4 -3
v  430.321313556 -343.509272916 14.5318970871
v  430.274719137 -343.491135657 14.5318969867
v  429.709900167 -344.301261722 14.5424618763
v  429.675318264 -344.265149508 14.5424618906
f -1 -2 -4 -3
v  429.184222188 -345.127239275 14.5530267858
v  429.137586408 -345.109208633 14.5530267957
v  428.779611725 -346.044710685 14.563591744
v  428.73399838 -346.024230871 14.5635917008
f -1 -2 -4 -3
v  428.42763244 -346.977904096 14.5741566792
v  428.380371528 -346.961582142 14.5741566061
v  428.04620286 -347.904473995 14.584721509
v  428.000920357 -347.8832727 14.5847215113
f -1 -2 -4 -3
v  427.652053087 -348.8259286 14.5952862579
v  427.606722896 -348.804829459 14.5952864148
v  427.021428554 -349.605500783 14.5979754921
v  426.986212489 -349.570006717 14.5979754921
f -1 -2 -4 -3
v  426.495952694 -350.433374392 14.600664567
v  426.449380189 -350.415180937 14.6006645678
v  426.150334629 -351.37235371 14.6033536423
v  426.103033924 -351.356147436 14.6033536434
f -1 -2 -4 -3
v  425.775275893 -352.301530479 14.6060427173
v  425.72996589 -352.280388019 14.606042719
v  425.360016226 -353.210997982 14.6087317946
v  425.314442935 -353.190429191 14.6087317946
f -1 -2 -4 -3
v  424.962789533 -354.130136433 14.6114208497
v  424.917403974 -354.109156657 14.6114208701
v  424.40580633 -354.964611166 14.6141099459
v  424.366483482 -354.933728912 14.6141099459
f -1 -2 -4 -3
v  423.884966206 -355.806047103 14.6167990212
v  423.838955031 -355.786477438 14.6167990215
v  423.486638334 -356.724970165 14.6194880972
v  423.44106507 -356.704401313 14.6194880972
f -1 -2 -4 -3
v  423.069997147 -357.634343546 14.6221771704
v  423.02453887 -357.613521801 14.6221771728
v  422.732500888 -358.574366964 14.6164773364
v  422.684723261 -358.559625922 14.6164776099
f -1 -2 -4 -3
v  422.211767157 -359.424443197 14.6107780793
v  422.177220623 -359.388297146 14.6107780469
v  421.606051813 -360.198517809 14.6050784922
v  421.560204 -360.178568421 14.6050784842
f -1 -2 -4 -3
v  421.214948067 -361.121691359 14.5993789214
v  421.169375118 -361.10112181 14.5993789214
v  420.798718382 -362.031347984 14.5936793565
v  420.75334371 -362.010344672 14.5936793586
f -1 -2 -4 -3
v  420.432802659 -362.958531958 14.5879797853
v  420.385485164 -362.942374772 14.5879797957
v  420.08284651 -363.898919767 14.582280405
v  420.036491867 -363.880178179 14.5822802328
f -1 -2 -4 -3
v  419.520500822 -364.727127639 14.5765806803
v  419.485654103 -364.691270894 14.57658067
v  418.919606972 -365.5056394 14.5708811145
v  418.874018812 -365.485103585 14.5708811071
f -1 -2 -4 -3
v  418.560717459 -366.439170505 14.5651815511
v  418.513453757 -366.422856631 14.5651815443
v  418.206695397 -367.376380226 14.5506793395
v  418.161090898 -367.355880723 14.5506792907
f -1 -2 -4 -3
v  417.78992535 -368.285589141 14.5361770368
v  417.744352208 -368.265020019 14.5361770368
v  417.395027295 -369.204899844 14.5216748306
v  417.348521557 -369.186536393 14.521674783
f -1 -2 -4 -3
v  416.8303672 -370.031251836 14.507172582
v  416.796093908 -369.994846597 14.5071725289
v  416.25950362 -370.821984595 14.4926703401
v  416.212392481 -370.805235251 14.4926702751
f -1 -2 -4 -3
v  415.934694918 -371.772779612 14.478168206
v  415.888950507 -371.752594249 14.4781680225
v  415.518141198 -372.682267993 14.4636657682
v  415.472568391 -372.661698129 14.4636657682
f -1 -2 -4 -3
v  415.120372732 -373.59977565 14.4491635041
v  415.073742339 -373.581731081 14.4491635145
v  414.579785601 -374.441972825 14.4346613135
v  414.545253461 -374.405813022 14.4346612604
f -1 -2 -4 -3
v  413.983339646 -375.217691553 14.4201591027
v  413.93668179 -375.199718115 14.4201590056
v  413.662337185 -376.168995156 14.3949473561
v  413.616430364 -376.149181933 14.3949471118
f -1 -2 -4 -3
v  413.246447181 -377.078986439 14.3697352148
v  413.200873898 -377.058417632 14.3697352148
v  412.832331315 -377.989669607 14.3445233236
v  412.787054325 -377.96845654 14.3445233188
f -1 -2 -4 -3
v  412.460311482 -378.914102021 14.3193114283
v  412.412296492 -378.900153519 14.3193114226
v  412.04544139 -379.825191147 14.2940995565
v  412.007827056 -379.792249351 14.2940995271
f -1 -2 -4 -3
v  411.37308375 -380.559968109 14.2688896745
v  411.329904607 -380.534757762 14.268887606
v  410.974652782 -381.475680111 14.2436757344
v  410.929080497 -381.455109092 14.2436757344
f -1 -2 -4 -3
v  410.561351589 -382.386685561 14.2184638469
v  410.516056691 -382.365510759 14.2184638384
v  410.18018373 -383.307325462 14.1932514653
v  410.132262799 -383.293057164 14.1932519476
f -1 -2 -4 -3
v  409.789311476 -384.230890266 14.1680387495
v  409.750442924 -384.199438148 14.1680400191
v  409.107823861 -384.961521158 14.1342427989
v  409.065763715 -384.93448518 14.1342406059
f -1 -2 -4 -3
v  408.702369058 -385.872355084 14.1004412346
v  408.656957272 -385.851432138 14.1004412331
v  408.30107619 -386.78591538 14.0666420935
v  408.254185456 -386.768558562 14.0666418257
f -1 -2 -4 -3
v  407.962903519 -387.727946564 14.0328425369
v  407.916640074 -387.708980972 14.0328424205
v  407.551791598 -388.639800017 13.9990430417
v  407.50555628 -388.620765961 13.9990430132
f -1 -2 -4 -3
v  407.099229336 -389.535365187 13.9652437608
v  407.06118759 -389.502917914 13.9652436091
v  406.424213449 -390.269449267 13.931446132
v  406.382169761 -390.242387702 13.9314441735
f -1 -2 -4 -3
v  406.02537326 -391.181255792 13.8976448031
v  405.978643748 -391.163469486 13.8976447938
v  405.688836736 -392.12336364 13.863845417
v  405.642357527 -392.104933147 13.8638453874
f -1 -2 -4 -3
v  405.278396771 -393.036104371 13.8300460313
v  405.232505302 -393.016255616 13.8300459801
v  404.841923311 -393.940462261 13.7873705421
v  404.803044621 -393.909022676 13.7873684936
f -1 -2 -4 -3
v  404.160862748 -394.670662827 13.7446950249
v  404.118681307 -394.643816485 13.7446908531
v  403.819163998 -395.603028838 13.7020135816
v  403.771729141 -395.587219529 13.7020134097
f -1 -2 -4 -3
v  403.417721711 -396.521792689 13.6593359754
v  403.372290931 -396.500911017 13.6593358852
v  403.006118649 -397.432974836 13.6166583615
v  402.96054549 -397.412405753 13.6166583615
f -1 -2 -4 -3
v  402.595121243 -398.344311778 13.5739808905
v  402.549311848 -398.324274332 13.5739808373
v  402.166904268 -399.251477918 13.5313041284
v  402.125170882 -399.223940225 13.5313033209
f -1 -2 -4 -3
v  401.56690188 -400.053196401 13.4886259106
v  401.525749253 -400.024798139 13.4886257892
v  401.131565807 -400.945628726 13.4459482901
v  401.085501689 -400.926184008 13.4459482662
f -1 -2 -4 -3
v  400.721361428 -401.85839913 13.4032707422
v  400.675787496 -401.837831759 13.4032707422
v  400.311256044 -402.769049665 13.3501558928
v  400.264710226 -402.750788044 13.3501551479
f -1 -2 -4 -3
v  399.98677247 -403.719307599 13.2970413829
v  399.942071678 -403.696905831 13.2970396085
v  399.323730049 -404.474024532 13.243924058
v  399.287326157 -404.439749808 13.2439239837
f -1 -2 -4 -3
v  398.857061021 -405.340100178 13.1908085977
v  398.810563755 -405.321715287 13.1908083985
v  398.449658613 -406.255137378 13.1376928131
v  398.404085718 -406.234567709 13.1376928131
f -1 -2 -4 -3
v  398.036872547 -407.16507928 13.0845774139
v  397.990628127 -407.146067346 13.0845772264
v  397.699155807 -408.105388125 13.0314613281
v  397.652252409 -408.088065561 13.0314616402
f -1 -2 -4 -3
v  397.308211387 -409.031920653 12.9783487936
v  397.265093186 -409.006606216 12.9783461
v  396.637928669 -409.779990013 12.9252305466
v  396.600947519 -409.746338943 12.9252304688
f -1 -2 -4 -3
v  396.174005101 -410.648341935 12.8721150686
v  396.127518471 -410.629930164 12.8721148834
v  395.76326502 -411.561279159 12.8081467212
v  395.717218839 -411.541792003 12.8081467304
f -1 -2 -4 -3
v  395.422959887 -412.500085089 12.744178101
v  395.375925589 -412.483121161 12.7441785758
v  395.04196943 -413.430666629 12.6802133746
v  394.998018525 -413.406827208 12.680210467
f -1 -2 -4 -3
v  394.383393687 -414.188769175 12.6162423077
v  394.347226146 -414.154245141 12.6162422701
v  393.894206456 -415.040849382 12.5522741988
v  393.847474566 -415.023069323 12.5522741166
f -1 -2 -4 -3
v  393.552229265 -415.98082804 12.4883059811
v  393.50500641 -415.964396303 12.4883059639
v  393.166745827 -416.905698573 12.424337815
v  393.121467952 -416.884487398 12.4243378106
f -1 -2 -4 -3
v  392.75282514 -417.815696163 12.3603696574
v  392.707252797 -417.795125271 12.3603696574
v  392.357727506 -418.738065261 12.2964035786
v  392.313552128 -418.714644416 12.2964015389
f -1 -2 -4 -3
v  391.691993996 -419.49139212 12.2324334813
v  391.655549233 -419.457160859 12.232433349
v  391.260409652 -420.366581823 12.1609255508
v  391.212365037 -420.352735703 12.1609252734
f -1 -2 -4 -3
v  390.895856218 -421.302764514 12.0894172319
v  390.850567761 -421.28157594 12.0894172008
v  390.481117337 -422.212426316 12.0179091259
v  390.435544044 -422.19185753 12.0179091259
f -1 -2 -4 -3
v  390.088992423 -423.135542783 11.9464028372
v  390.044084469 -423.113559251 11.9464010753
v  389.438309275 -423.900911239 11.8748930016
v  389.402738103 -423.865773059 11.8748929757
f -1 -2 -4 -3
v  388.980048162 -424.759631706 11.8033850186
v  388.932041705 -424.745653863 11.8033849
v  388.624857418 -425.699747212 11.7318769976
v  388.579530914 -425.678640152 11.7318768263
f -1 -2 -4 -3
v  388.209328845 -426.60912133 11.6603687513
v  388.163755557 -426.588552532 11.6603687513
v  387.818476787 -427.532170556 11.5888620574
v  387.772986632 -427.511418549 11.5888606899
f -1 -2 -4 -3
v  387.185899488 -428.311172915 11.5173526062
v  387.150990971 -428.275376331 11.5173526013
v  386.699936375 -429.152941976 11.4407814567
v  386.652033314 -429.138613794 11.4407814445
f -1 -2 -4 -3
v  386.353702585 -430.096630571 11.3642107011
v  386.308310788 -430.075664294 11.3642102884
v  385.956379968 -431.015321926 11.2876395752
v  385.91009626 -430.996405838 11.2876391319
f -1 -2 -4 -3
v  385.374462625 -431.829370728 11.21106809
v  385.339744717 -431.793389248 11.2110679735
v  384.796265296 -432.622541313 11.1344968509
v  384.750262767 -432.602951332 11.1344968173
f -1 -2 -4 -3
v  384.442566054 -433.558428679 11.0579256654
v  384.395261723 -433.542232993 11.0579256608
v  384.082371728 -434.493385439 10.98135469
v  384.036890254 -434.472614414 10.9813545044
f -1 -2 -4 -3
v  383.682262886 -435.410365751 10.9047835674
v  383.635760801 -435.391993051 10.9047833469
v  383.123068773 -436.239758553 10.8282123375
v  383.088236943 -436.203887345 10.8282121899
f -1 -2 -4 -3
v  382.527072712 -437.020297589 10.7516411311
v  382.481176404 -437.000460026 10.7516410329
v  382.131556633 -437.941970132 10.6779799061
v  382.086234263 -437.920854195 10.6779800224
f -1 -2 -4 -3
v  381.777642889 -438.874325793 10.6043190465
v  381.729626016 -438.860383771 10.6043190104
v  381.311436743 -439.756803714 10.5306582532
v  381.27574079 -439.721792303 10.5306580004
f -1 -2 -4 -3
v  380.667175977 -440.507273485 10.4569971866
v  380.622375434 -440.485071877 10.4569969856
v  380.275463325 -441.428695447 10.3833359759
v  380.229890184 -441.408126326 10.3833359759
f -1 -2 -4 -3
v  379.860587552 -442.339043362 10.3096749646
v  379.815301481 -442.317849689 10.3096749646
v  379.497277745 -443.267225146 10.2360139799
v  379.449233347 -443.253378276 10.2360139525
f -1 -2 -4 -3
v  379.058384871 -444.165199427 10.1623530978
v  379.021780611 -444.131138773 10.1623529429
v  378.397983825 -444.906372512 10.0886920957
v  378.353944445 -444.882696934 10.0886919279
f -1 -2 -4 -3
v  378.003674988 -445.82539353 10.0150309181
v  377.958101706 -445.80482472 10.0150309181
v  377.602417287 -446.74091445 9.95494173204
v  377.555759347 -446.722941229 9.95494190243
f -1 -2 -4 -3
v  377.091290313 -447.60146621 9.89485296986
v  377.055616193 -447.566432552 9.89485288476
v  376.452371747 -448.356063728 9.83476400843
v  376.407887938 -448.333234126 9.83476386645
f -1 -2 -4 -3
v  376.080501697 -449.283029488 9.77467485261
v  376.033386542 -449.266291442 9.77467485105
v  375.740269334 -450.224486385 9.71458610126
v  375.693540338 -450.206698723 9.71458583267
f -1 -2 -4 -3
v  375.268519156 -451.110226302 9.65449404122
v  375.231255616 -451.076888206 9.65449678666
v  374.601260371 -451.848029863 9.59440791628
v  374.558252922 -451.82252772 9.59440779941
f -1 -2 -4 -3
v  374.201904731 -452.763029577 9.53431878411
v  374.156331589 -452.742460455 9.53431878411
v  373.795185446 -453.675920308 9.47422972807
v  373.748899037 -453.657010829 9.47422976755
f -1 -2 -4 -3
v  373.33414347 -454.566543225 9.41414053675
v  373.293720482 -454.537115652 9.41414074955
v  372.74003735 -455.369077651 9.38040163402
v  372.697340134 -455.343059432 9.38040113708
f -1 -2 -4 -3
v  372.328617507 -456.277030336 9.34666153254
v  372.283043427 -456.256463292 9.34666153254
v  371.919675198 -457.188839745 9.31292196424
v  371.873395016 -457.169915031 9.31292192311
f -1 -2 -4 -3
v  371.463895807 -458.082615707 9.27918223865
v  371.42603175 -458.049961255 9.27918231342
v  370.790526889 -458.817393782 9.24544517301
v  370.748192354 -458.790789512 9.24544266933
f -1 -2 -4 -3
v  370.389501881 -459.729735188 9.21170309879
v  370.343244006 -459.710756016 9.21170309631
v  369.935487289 -460.624491127 9.1779635337
v  369.897529814 -460.591945312 9.17796348792
f -1 -2 -4 -3
v  369.261249524 -461.358841983 9.1442262415
v  369.219025205 -461.332063131 9.14422384278
v  368.858705579 -462.270510308 9.11048427233
v  368.812671858 -462.250993738 9.11048426916
f -1 -2 -4 -3
v  368.420245764 -463.172781057 9.07674504735
v  368.379015438 -463.144495722 9.0767446631
v  367.820633761 -463.973689375 9.07853993872
v  367.778984267 -463.946024964 9.07853994432
f -1 -2 -4 -3
v  367.395063241 -464.872415414 9.08033522742
v  367.349213301 -464.852470914 9.08033522843
v  366.980377749 -465.787485522 9.08213037151
v  366.939153101 -465.759191912 9.08213050999
f -1 -2 -4 -3
v  366.298229478 -466.52287202 9.08392579314
v  366.259411645 -466.491357328 9.08392579678
v  365.871984998 -467.420554818 9.08572105722
v  365.828783821 -467.395382248 9.08572108024
f -1 -2 -4 -3
v  365.196462316 -468.164231458 9.08751636041
v  365.15887517 -468.131258644 9.08751636509
v  364.744425343 -469.040933665 9.08931164283
v  364.698073783 -469.022184455 9.08931164918
f -1 -2 -4 -3
v  364.345589561 -469.965818826 9.09110693686
v  364.304056858 -469.937979385 9.09110693344
v  363.578923994 -470.611737487 9.09290214215
v  363.542067551 -470.577949877 9.09290221922
f -1 -2 -4 -3
v  363.153968537 -471.510055125 9.09469745745
v  363.112580301 -471.482001357 9.09469750084
v  362.47220916 -472.246071527 9.11996619868
v  362.433532024 -472.21438432 9.11996625125
f -1 -2 -4 -3
v  362.045023329 -473.142768516 9.14523467332
v  362.001636952 -473.117916507 9.14523499089
v  361.370623558 -473.887562197 9.17050368462
v  361.333155295 -473.854454354 9.17050374935
f -1 -2 -4 -3
v  360.936422163 -474.777709811 9.19577216104
v  360.89218581 -474.754404338 9.19577248736
v  360.193387311 -475.450734089 9.22104118153
v  360.161915835 -475.41188121 9.22104124774
f -1 -2 -4 -3
v  359.494895939 -476.161500868 9.24630998415
v  359.456272042 -476.129748788 9.24630999577
v  359.046013894 -477.042032178 9.27157852854
v  359.000165657 -477.022083767 9.27157874185
f -1 -2 -4 -3
v  358.431003865 -477.83629229 9.29684746017
v  358.395540812 -477.801044993 9.29684749376
v  357.659772617 -478.482839112 9.32211663327
v  357.629243844 -478.443241208 9.32211623783
f -1 -2 -4 -3
v  357.155052703 -479.306978175 9.3473839342
v  357.108173346 -479.289590654 9.34738499245
v  356.56560203 -480.119641631 9.38379254375
v  356.529842093 -480.084695574 9.38379261144
f -1 -2 -4 -3
v  355.800676374 -480.774527998 9.42020022581
v  355.771057042 -480.734245307 9.4202002311
v  355.270838601 -481.57790378 9.45660583252
v  355.223485176 -481.561852203 9.45660786737
f -1 -2 -4 -3
v  354.624663437 -482.334066004 9.49301509184
v  354.595532271 -482.293428889 9.493015474
v  353.836423896 -482.951237685 9.52942311703
v  353.804592425 -482.912679192 9.52942308989
f -1 -2 -4 -3
v  353.143769206 -483.664002493 9.56583070654
v  353.105618083 -483.631683895 9.56583070964
v  352.424857028 -484.36300404 9.60223852912
v  352.393659704 -484.323930685 9.60223832948
f -1 -2 -4 -3
v  351.628834142 -484.976298526 9.63864573055
v  351.598920597 -484.93623383 9.63864595174
v  351.075770018 -485.764182975 9.67505210805
v  351.028199646 -485.748786233 9.67505359205
f -1 -2 -4 -3
v  350.459245463 -486.542948266 9.71146079037
v  350.429944712 -486.502433257 9.71146119163
v  349.675452748 -487.165558146 9.75561530272
v  349.643503491 -487.127097192 9.75561530272
f -1 -2 -4 -3
v  348.906274548 -487.804588307 9.7997694172
v  348.874321176 -487.766130772 9.7997694172
v  348.137118264 -488.443649509 9.84392353167
v  348.10516536 -488.405191584 9.84392353167
f -1 -2 -4 -3
v  347.367959774 -489.08270758 9.88807764615
v  347.336006871 -489.044249655 9.88807764615
v  346.598804916 -489.721769843 9.93223176063
v  346.566851837 -489.683312064 9.93223176063
f -1 -2 -4 -3
v  345.839005227 -490.372913424 9.9763857579
v  345.806602153 -490.334834023 9.97638587467
v  344.999484953 -490.921016265 10.0205399878
v  344.975993321 -490.876878489 10.0205399896
f -1 -2 -4 -3
v  344.113560919 -491.38811063 10.0646939595
v  344.090792854 -491.343595294 10.0646941044
v  343.283651786 -491.929572384 10.1088482139
v  343.251203787 -491.891531257 10.1088482185
f -1 -2 -4 -3
v  342.527665802 -492.585393606 10.1530022398
v  342.494681013 -492.547816968 10.1530023331
v  341.703085682 -493.155869535 10.214572157
v  341.681052978 -493.110985686 10.2145711081
f -1 -2 -4 -3
v  340.900532134 -493.733725156 10.2761397113
v  340.866296611 -493.697284396 10.2761398902
v  340.027199409 -494.218308757 10.3377085714
v  340.012135263 -494.170632017 10.3377086685
f -1 -2 -4 -3
v  339.09747077 -494.576634587 10.3992774441
v  339.074388178 -494.532281527 10.3992774469
v  338.28992549 -495.151391461 10.4608461389
v  338.255333226 -495.115289173 10.460846226
f -1 -2 -4 -3
v  337.438573121 -495.673448738 10.5224149282
v  337.422752724 -495.626017577 10.5224150035
v  336.505199676 -496.021500953 10.5839819453
v  336.481576064 -495.977433675 10.5839837925
f -1 -2 -4 -3
v  335.639657832 -496.522248875 10.6455526562
v  335.6142104 -496.47920903 10.6455525606
v  334.728015392 -496.93976688 10.7071218381
v  334.711972778 -496.892410418 10.7071213394
f -1 -2 -4 -3
v  333.806662595 -497.310400511 10.7686901068
v  333.781206863 -497.267365575 10.7686901177
v  332.896551389 -497.728050443 10.8361379091
v  332.885203317 -497.679355255 10.8361362662
f -1 -2 -4 -3
v  331.942498784 -498.019334672 10.9035820496
v  331.925648164 -497.972259661 10.9035824151
v  331.038879712 -498.43069112 10.9710285307
v  331.011675003 -498.388739912 10.9710285627
f -1 -2 -4 -3
v  330.101445834 -498.775132941 11.0384745546
v  330.095440722 -498.725494864 11.0384747112
v  329.156672751 -499.031308114 11.105920859
v  329.129490734 -498.9893422 11.105920859
f -1 -2 -4 -3
v  328.230643447 -499.406183146 11.1733668829
v  328.224307164 -499.356586256 11.1733670073
v  327.278716079 -499.644058403 11.2408130715
v  327.252320538 -499.601593413 11.240813157
f -1 -2 -4 -3
v  326.363044838 -500.045420415 11.308259277
v  326.354581515 -499.996141899 11.3082593036
v  325.38054827 -500.22178088 11.3757049619
v  325.366666378 -500.17374659 11.3757054543
f -1 -2 -4 -3
v  324.407053335 -500.458810364 11.4431514923
v  324.398661999 -500.409519539 11.4431516002
v  323.430391535 -500.656326442 11.4902619711
v  323.416243462 -500.608369878 11.4902625223
f -1 -2 -4 -3
v  322.455777687 -500.889269182 11.5373733966
v  322.447462738 -500.839965413 11.53737344
v  321.480241613 -501.091033429 11.5844839789
v  321.465888755 -501.043137756 11.5844843611
f -1 -2 -4 -3
v  320.505636063 -501.323900514 11.6315952551
v  320.496843293 -501.274679714 11.6315952796
v  319.522536871 -501.504481928 11.6787062143
v  319.512304718 -501.455540094 11.6787061995
f -1 -2 -4 -3
v  318.531030934 -501.660117036 11.7258157387
v  318.531077451 -501.610117057 11.7258171024
v  317.541482969 -501.717661153 11.7729280376
v  317.531178258 -501.668734546 11.7729280392
f -1 -2 -4 -3
v  316.549719319 -501.871307288 11.820037894
v  316.551129947 -501.821327191 11.8200389519
v  315.562752899 -501.945419042 11.8671498787
v  315.551858277 -501.896620402 11.8671498787
f -1 -2 -4 -3
v  314.570525601 -502.091256974 11.9142607653
v  314.569729571 -502.041263311 11.9142607985
v  313.569438836 -502.0763 11.9404731704
v  313.569438836 -502.0263 11.9404731704
f -1 -2 -4 -3
v  312.569438836 -502.0763 11.9666855422
v  312.569438836 -502.0263 11.9666855422
v  311.569438836 -502.0763 11.9928979139
v  311.569438836 -502.0263 11.9928979139
f -1 -2 -4 -3
v  310.569438836 -502.0763 12.0191102857
v  310.569438836 -502.0263 12.0191102857
v  309.569438836 -502.0763 12.0453226574
v  309.569438836 -502.0263 12.0453226574
f -1 -2 -4 -3
v  308.569438836 -502.0763 12.0715350291
v  308.569438836 -502.0263 12.0715350291
v  307.569804433 -502.086205361 12.0977474284
v  307.567977935 -502.036238733 12.0977474008
f -1 -2 -4 -3
v  306.568762677 -502.018669056 12.1239606444
v  306.584301277 -501.971144832 12.1239597782
v  305.599842806 -501.855818379 12.1501721442
v  305.59775973 -501.80586179 12.1501721442
f -1 -2 -4 -3
v  304.597125163 -501.819076361 12.1763844698
v  304.606609624 -501.769984151 12.1763845159
v  303.617753728 -501.644058961 12.2000502577
v  303.618437678 -501.594063639 12.2000502846
f -1 -2 -4 -3
v  302.617230229 -501.599641476 12.2237159693
v  302.625604636 -501.550347772 12.2237160522
v  301.636599868 -501.388949735 12.2473815739
v  301.650279864 -501.340857556 12.2473818195
f -1 -2 -4 -3
v  300.66901829 -501.15071877 12.2710474806
v  300.677468078 -501.101437931 12.271047589
v  299.686154796 -500.948938548 12.2947126972
v  299.701815995 -500.901454584 12.2947133575
f -1 -2 -4 -3
v  298.715193683 -500.803716655 12.3183791045
v  298.711745952 -500.753835665 12.3183791255
v  297.717193161 -500.726712375 12.3420448831
v  297.733257939 -500.679363427 12.3420448933
f -1 -2 -4 -3
v  296.78572443 -500.356490685 12.3657107325
v  296.801092666 -500.308911096 12.3657106614
v  295.819733375 -500.11280659 12.389376429
v  295.828683741 -500.063614203 12.3893764298
f -1 -2 -4 -3
v  294.834973494 -499.929222601 12.4130419156
v  294.847518326 -499.880821907 12.4130421959
v  293.867812595 -499.688076685 12.4393191765
v  293.874994188 -499.638595125 12.4393191235
f -1 -2 -4 -3
v  292.886874568 -499.472889449 12.4655952206
v  292.909527334 -499.428315329 12.4655960297
v  292.000147927 -499.042231558 12.4918729422
v  292.008886566 -498.993001118 12.4918729759
f -1 -2 -4 -3
v  291.012411881 -498.857087345 12.5181478521
v  291.03239756 -498.811255341 12.5181498478
v  290.133438238 -498.381364975 12.5444264721
v  290.152276673 -498.335049606 12.5444268284
f -1 -2 -4 -3
v  289.193042367 -498.045127803 12.5707037482
v  289.208810254 -497.99767916 12.5707037532
v  288.238530427 -497.741894115 12.5969803158
v  288.26272675 -497.698138681 12.5969806753
f -1 -2 -4 -3
v  287.354053095 -497.287892816 12.6232576032
v  287.37087789 -497.240808569 12.623257605
v  286.413922698 -496.939560935 12.6495340381
v  286.435836934 -496.894619125 12.6495345262
f -1 -2 -4 -3
v  285.542126074 -496.444556572 12.6758114156
v  285.567560647 -496.401509128 12.6758114567
v  284.650679827 -496.006991962 12.6908634385
v  284.667352008 -495.95985346 12.6908634398
f -1 -2 -4 -3
v  283.711374616 -495.65609624 12.7059151532
v  283.733629274 -495.611322027 12.7059154204
v  282.839181254 -495.163875045 12.7209674058
v  282.863408695 -495.120136834 12.7209674058
f -1 -2 -4 -3
v  281.964401213 -494.679359189 12.7360193889
v  281.988624925 -494.635618912 12.7360193889
v  281.089672777 -494.195303849 12.7510713559
v  281.113392508 -494.151288234 12.751071372
f -1 -2 -4 -3
v  280.225192114 -493.68658208 12.7661230714
v  280.256770061 -493.647815686 12.7661233525
v  279.450671709 -493.06178772 12.7811746823
v  279.47616099 -493.018772646 12.7811753425
f -1 -2 -4 -3
v  278.570491437 -492.587339882 12.7962273211
v  278.59471831 -492.543601356 12.7962273211
v  277.695720926 -492.102802418 12.8112793042
v  277.719947799 -492.059063893 12.8112793042
f -1 -2 -4 -3
v  276.825699618 -491.604507828 12.82633105
v  276.855703051 -491.564510404 12.8263312853
v  276.060801981 -490.957063134 12.8258270862
v  276.093421737 -490.919169184 12.8258270855
f -1 -2 -4 -3
v  275.285245867 -490.334574831 12.8253228844
v  275.310596994 -490.291478191 12.8253228838
v  274.422444953 -489.825597193 12.8248186865
v  274.453772893 -489.786628485 12.8248186822
f -1 -2 -4 -3
v  273.660412218 -489.176487677 12.8243144805
v  273.692365121 -489.138029752 12.8243144805
v  272.891253729 -488.537429606 12.8238102788
v  272.923206632 -488.498971681 12.8238102788
f -1 -2 -4 -3
v  272.122096255 -487.898369831 12.8233060771
v  272.154049631 -487.859912299 12.8233060771
v  271.350743948 -487.262674549 12.8228018753
v  271.381743413 -487.223444035 12.8228018754
f -1 -2 -4 -3
v  270.602560258 -486.594931015 12.8222976762
v  270.639858146 -486.561631353 12.8222976738
v  269.932069647 -485.856993909 12.8217934826
v  269.965588945 -485.81989328 12.821793472
f -1 -2 -4 -3
v  269.158325951 -485.225194405 12.8212892723
v  269.189657521 -485.186228617 12.8212892704
v  268.396388732 -484.573392422 12.8208007043
v  268.432644258 -484.538960797 12.8208006977
f -1 -2 -4 -3
v  267.731780752 -483.827145677 12.82031213
v  267.766699824 -483.79135939 12.8203121248
v  266.96153707 -483.187047951 12.8198235376
v  266.998512702 -483.153390818 12.8198235518
f -1 -2 -4 -3
v  266.416391136 -482.349453369 12.8193349793
v  266.4548072 -482.31745015 12.8193349792
v  265.731147718 -481.626134602 12.8188464067
v  265.764321217 -481.588724456 12.8188464064
f -1 -2 -4 -3
v  264.963254214 -480.983563854 12.818357835
v  264.998467531 -480.948067061 12.8183578337
v  264.294250565 -480.235708737 12.8178692639
v  264.333651444 -480.2049261 12.8178692609
f -1 -2 -4 -3
v  263.751295989 -479.398667849 12.8173806881
v  263.789825792 -479.366801656 12.8173806881
v  263.068349608 -478.673532512 12.8168921158
v  263.101121242 -478.635769832 12.8168921153
f -1 -2 -4 -3
v  262.30930126 -478.0162291 12.8164035838
v  262.351903134 -477.990055059 12.816403544
v  261.885298744 -477.11536072 12.8264828039
v  261.92471467 -477.084597352 12.8264828196
f -1 -2 -4 -3
v  261.20375105 -476.384375832 12.8365619544
v  261.24081672 -476.35081788 12.836562097
v  260.526893383 -475.646284925 12.8466413042
v  260.565436539 -475.614434882 12.8466413731
f -1 -2 -4 -3
v  259.98239386 -474.810555578 12.8567206424
v  260.020174267 -474.777804381 12.8567206506
v  259.304279419 -474.071444869 12.8667995452
v  259.345359984 -474.042942462 12.8667999215
f -1 -2 -4 -3
v  258.882195068 -473.166806214 12.8768791487
v  258.922596023 -473.1373484 12.8768792053
v  258.199872953 -472.434998668 12.8869584704
v  258.239439253 -472.404428946 12.8869584813
f -1 -2 -4 -3
v  257.776288751 -471.52977493 12.8970374269
v  257.816818493 -471.500494561 12.8970377681
v  257.00920093 -470.89091037 12.9071167828
v  257.047912652 -470.859265424 12.9071170269
f -1 -2 -4 -3
v  256.584781101 -469.985529022 12.9171962071
v  256.625224822 -469.95612995 12.9171963137
v  255.902642443 -469.253648689 12.9246003224
v  255.9421726 -469.223032244 12.9246003306
f -1 -2 -4 -3
v  255.476816347 -468.348179476 12.9320042131
v  255.519000559 -468.321337489 12.9320043522
v  254.800854369 -467.614831905 12.9394083507
v  254.839066992 -467.582586047 12.9394083669
f -1 -2 -4 -3
v  254.351142338 -466.717694073 12.9468123841
v  254.397329894 -466.698544408 12.9468123854
v  253.947832385 -465.80683278 12.9542158188
v  253.989877481 -465.779773403 12.9542164127
f -1 -2 -4 -3
v  253.272358066 -465.073037394 12.9616204064
v  253.310471869 -465.040674791 12.9616204215
v  252.834572523 -464.172041613 12.9690243111
v  252.878678325 -464.148490006 12.9690244423
f -1 -2 -4 -3
v  252.17287718 -463.432161853 12.9764284294
v  252.209866224 -463.398519461 12.9764284579
v  251.694922582 -462.550087222 12.983832471
v  251.741662689 -462.532328774 12.9838324764
f -1 -2 -4 -3
v  251.354231983 -461.608659169 12.9912364789
v  251.401375502 -461.592001179 12.9912364946
v  250.984556468 -460.680534177 12.9836106591
v  251.029232653 -460.658083375 12.9836104993
f -1 -2 -4 -3
v  250.350744347 -459.922794306 12.9759845376
v  250.38624857 -459.887588481 12.9759845071
v  249.832857954 -459.06651841 12.9683585229
v  249.879518531 -459.048552038 12.9683585132
f -1 -2 -4 -3
v  249.452763744 -458.139907417 12.9607323908
v  249.497796392 -458.118180461 12.9607325206
v  248.82256197 -457.380706915 12.9531065592
v  248.858014967 -457.345449504 12.9531065257
f -1 -2 -4 -3
v  248.302589328 -456.52575879 12.9454805419
v  248.349249025 -456.507790131 12.9454805318
v  247.922883423 -455.598855584 12.9378543998
v  247.967972178 -455.577245305 12.9378545393
f -1 -2 -4 -3
v  247.286814058 -454.843479644 12.9302285988
v  247.322174116 -454.808129024 12.9302285444
v  246.808088511 -453.96827448 12.922602582
v  246.856071904 -453.954217667 12.9226025503
f -1 -2 -4 -3
v  246.458146143 -453.034112104 12.9149765567
v  246.503489539 -453.013041356 12.9149765567
v  246.061687411 -452.112707552 12.8872569078
v  246.107750642 -452.093260732 12.8872572457
f -1 -2 -4 -3
v  245.475399491 -451.325979451 12.8595380132
v  245.510157821 -451.290037019 12.8595379279
v  244.906028844 -450.503411884 12.8318186575
v  244.952447776 -450.484830097 12.8318186143
f -1 -2 -4 -3
v  244.512255389 -449.583340154 12.8040993002
v  244.557825725 -449.562764817 12.8040993002
v  244.121404298 -448.660261844 12.7763794899
v  244.167080018 -448.639921525 12.7763799905
f -1 -2 -4 -3
v  243.507258439 -447.891449164 12.7486608915
v  243.541974732 -447.855466126 12.7486606712
v  242.997648799 -447.034611984 12.7209414637
v  243.045495632 -447.020097145 12.7209413576
f -1 -2 -4 -3
v  242.671351595 -446.086625143 12.6932221061
v  242.717786427 -446.068083127 12.693222043
v  242.128636365 -445.270175958 12.6655027379
v  242.163574711 -445.234408487 12.6655027294
f -1 -2 -4 -3
v  241.512740243 -444.479896937 12.6377834321
v  241.558453673 -444.459641511 12.6377834154
v  241.121941683 -443.557128241 12.6008509819
v  241.167513703 -443.536556634 12.6008509819
f -1 -2 -4 -3
v  240.727559394 -442.634963761 12.5639185342
v  240.773957579 -442.616330229 12.5639185487
v  240.167815852 -441.831076406 12.5269861664
v  240.202564384 -441.795124501 12.5269861148
f -1 -2 -4 -3
v  239.568505596 -441.028428477 12.4900537225
v  239.614340709 -441.008449928 12.4900536821
v  239.21122804 -440.08973954 12.4531213971
v  239.258518252 -440.073502674 12.4531212486
f -1 -2 -4 -3
v  238.866432847 -439.150508224 12.4161888545
v  238.913051174 -439.132432507 12.4161888148
v  238.34826341 -438.317778517 12.3792563828
v  238.383627972 -438.282432403 12.3792563818
f -1 -2 -4 -3
v  237.711647833 -437.542663911 12.3423233633
v  237.756789603 -437.521164594 12.3423239413
v  237.330789725 -436.611958068 12.3053923933
v  237.377447726 -436.593985006 12.305391509
f -1 -2 -4 -3
v  236.820066696 -435.775615075 12.2684590838
v  236.855474444 -435.740312223 12.2684590817
v  236.18000762 -435.002873712 12.2312769631
v  236.224795042 -434.980645647 12.2312772621
f -1 -2 -4 -3
v  235.809265964 -434.068453258 12.194095596
v  235.856425308 -434.051840124 12.1940954497
v  235.468701123 -433.128178987 12.1569136359
v  235.515444732 -433.110429761 12.1569136333
f -1 -2 -4 -3
v  234.996885868 -432.264425714 12.1197319031
v  235.033715365 -432.230608734 12.1197318163
v  234.328739879 -431.514398217 12.0825518134
v  234.372229024 -431.489726488 12.0825500347
f -1 -2 -4 -3
v  233.929902439 -430.593300923 12.0453681853
v  233.975475898 -430.572732505 12.0453681853
v  233.525624211 -429.676310323 12.0081869811
v  233.572254748 -429.658266125 12.008186366
f -1 -2 -4 -3
v  233.036048124 -428.826027525 11.9710045597
v  233.071525544 -428.79079469 11.9710045526
v  232.391241364 -428.057461696 11.9338226395
v  232.436845238 -428.036960801 11.9338227348
f -1 -2 -4 -3
v  232.071034313 -427.106534061 11.8966411438
v  232.117262484 -427.087482651 11.8966409196
v  231.659851185 -426.19463325 11.8585400943
v  231.706132294 -426.175710805 11.8585401706
f -1 -2 -4 -3
v  231.212704925 -425.31446905 11.820439536
v  231.250572978 -425.281819233 11.8204394198
v  230.534719889 -424.57377792 11.7823407145
v  230.577045316 -424.547159163 11.7823387107
f -1 -2 -4 -3
v  230.128141839 -423.655698249 11.7442379216
v  230.17371498 -423.635129127 11.7442379216
v  229.719516006 -422.741868768 11.7061373666
v  229.765738024 -422.722802432 11.7061371719
f -1 -2 -4 -3
v  229.27232765 -421.856854385 11.6680364384
v  229.313010952 -421.827787756 11.668036422
v  228.673930182 -421.052944251 11.6299362903
v  228.716244714 -421.026308179 11.6299356782
f -1 -2 -4 -3
v  228.254768733 -420.141734997 11.5918349227
v  228.300341875 -420.121165875 11.5918349227
v  227.844129158 -419.229109557 11.5537344392
v  227.890226092 -419.209742762 11.553734174
f -1 -2 -4 -3
v  227.406860899 -418.341838931 11.5156335409
v  227.445381608 -418.309961745 11.5156334222
v  226.725576722 -417.605096298 11.4858414627
v  226.767148331 -417.577314986 11.4858404682
f -1 -2 -4 -3
v  226.313850027 -416.688637746 11.4560474852
v  226.359766493 -416.668846885 11.4560474756
v  225.88571273 -415.791587256 11.4262545158
v  225.927218943 -415.763708335 11.4262545017
f -1 -2 -4 -3
v  225.285815711 -414.990567608 11.3964614201
v  225.327182243 -414.962481845 11.3964615271
v  224.850439169 -414.086789566 11.3666685562
v  224.896418263 -414.067144647 11.3666685542
f -1 -2 -4 -3
v  224.440118671 -413.175336967 11.3368755803
v  224.485691233 -413.154766562 11.3368755803
v  224.024242753 -412.27226732 11.307082666
v  224.064772836 -412.242987424 11.3070826057
f -1 -2 -4 -3
v  223.342250363 -411.540460316 11.277289668
v  223.381695622 -411.50973457 11.2772896334
v  222.909913197 -410.634215521 11.2474966866
v  222.955706429 -410.614141161 11.2474966587
f -1 -2 -4 -3
v  222.499944851 -409.72080805 11.2177040817
v  222.546656386 -409.702974586 11.2177036891
v  222.175679155 -408.776163957 11.2033736738
v  222.22007393 -408.753161696 11.2033731163
f -1 -2 -4 -3
v  221.515771669 -408.036053569 11.1890426699
v  221.5524946 -408.002120895 11.1890425614
v  221.045741864 -407.150139612 11.1747119983
v  221.092178299 -407.131601612 11.174711998
f -1 -2 -4 -3
v  220.638351315 -406.237699969 11.1603814355
v  220.683923749 -406.21712928 11.1603814355
v  220.232655542 -405.327389494 11.1460517991
v  220.274605383 -405.300182678 11.1460508583
f -1 -2 -4 -3
v  219.556569351 -404.593859409 11.1317203396
v  219.5947662 -404.561594867 11.1317203112
v  219.103204703 -403.697624039 11.1173897493
v  219.149864553 -403.679655781 11.1173897483
f -1 -2 -4 -3
v  218.76425041 -402.756039529 11.1030591664
v  218.811263159 -402.739015974 11.103059186
v  218.384809707 -401.833175066 11.0887292843
v  218.428624925 -401.80908717 11.0887286169
f -1 -2 -4 -3
v  217.731486921 -401.087239181 11.0743981102
v  217.767786816 -401.052854336 11.0743980614
v  217.240876975 -400.213975472 11.0745226392
v  217.287481916 -400.195865269 11.0745226392
f -1 -2 -4 -3
v  216.836667631 -399.300022397 11.0746472174
v  216.882239652 -399.279450793 11.0746472174
v  216.438239309 -398.384307605 11.0747717921
v  216.481419181 -398.359098506 11.0747717955
f -1 -2 -4 -3
v  215.765889671 -397.649526613 11.0748963732
v  215.803503164 -397.616583857 11.0748963736
v  215.35100161 -396.738447088 11.0750209515
v  215.399016644 -396.724498738 11.0750209518
f -1 -2 -4 -3
v  214.978988473 -395.814011842 11.0751455299
v  215.02426546 -395.792798769 11.0751455299
v  214.584749905 -394.893139984 11.07527011
v  214.629638636 -394.871117227 11.075270108
f -1 -2 -4 -3
v  213.950501447 -394.136383311 11.0753946856
v  213.986078835 -394.101251425 11.0753946861
v  213.435630664 -393.278196189 11.0755192641
v  213.482291451 -393.260230362 11.0755192643
f -1 -2 -4 -3
v  213.029704712 -392.364398002 11.0756438477
v  213.075426972 -392.344162513 11.0756438424
v  212.704145602 -391.413778193 11.0770837526
v  212.751313391 -391.397189052 11.077083739
f -1 -2 -4 -3
v  212.137177291 -390.620727883 11.0785236243
v  212.171434715 -390.584307712 11.0785236359
v  211.569037132 -389.796700472 11.0799635301
v  211.615516798 -389.77827113 11.0799635326
f -1 -2 -4 -3
v  211.17452501 -388.877134393 11.0814034293
v  211.220098206 -388.856565392 11.0814034293
v  210.783719582 -387.954243278 11.082843353
v  210.829239756 -387.933557201 11.0828433258
f -1 -2 -4 -3
v  210.170313932 -387.184666309 11.0842832166
v  210.205383778 -387.149027763 11.0842832227
v  209.625298209 -386.344882452 11.0857231164
v  209.671813329 -386.326542777 11.0857231194
f -1 -2 -4 -3
v  209.277937266 -385.40404735 11.0871630163
v  209.325246473 -385.387865911 11.0871630162
v  208.925153094 -384.467770098 11.0886029131
v  208.971227283 -384.448349256 11.0886029129
f -1 -2 -4 -3
v  208.35180543 -383.671427443 11.0900428069
v  208.386527513 -383.635449993 11.0900428095
v  207.764976478 -382.860745484 11.0808301551
v  207.811197449 -382.841676614 11.0808301434
f -1 -2 -4 -3
v  207.372838473 -381.939460688 11.0716174772
v  207.418411717 -381.918891792 11.0716174772
v  206.975234239 -381.020365314 11.0624047629
v  207.021100051 -381.000457344 11.0624048113
f -1 -2 -4 -3
v  206.445319195 -380.184080594 11.0531921457
v  206.48460659 -380.15315325 11.0531921448
v  205.89644816 -379.344453768 11.0439794345
v  205.942053368 -379.323955842 11.0439794783
f -1 -2 -4 -3
v  205.499460635 -378.425488463 11.0347668124
v  205.545033919 -378.404919658 11.0347668124
v  205.10455943 -377.503551579 11.0255541601
v  205.150999509 -377.485022707 11.0255541461
f -1 -2 -4 -3
v  204.549405964 -376.69666065 11.0163414903
v  204.584179667 -376.66073309 11.0163414799
v  203.949372485 -375.895143361 11.0071288228
v  203.995395356 -375.875601219 11.0071288138
f -1 -2 -4 -3
v  203.553846229 -374.975203945 10.9979161641
v  203.599183125 -374.954119214 10.9979161476
v  203.200220617 -374.034451469 10.9903695155
v  203.248213523 -374.020427171 10.99036943
f -1 -2 -4 -3
v  202.737270604 -373.178600258 10.9828227207
v  202.772715248 -373.14333445 10.9828227139
v  202.089553942 -372.410945821 10.9752760686
v  202.134572703 -372.389190106 10.9752759981
f -1 -2 -4 -3
v  201.697762062 -371.487788666 10.9677292804
v  201.743335355 -371.46721988 10.9677292804
v  201.29969676 -370.567365924 10.9601826419
v  201.346301068 -370.549254091 10.960182563
f -1 -2 -4 -3
v  200.769552471 -369.743987509 10.9526358476
v  200.804595018 -369.708322121 10.9526358468
v  200.144677268 -368.959826083 10.9450887924
v  200.189940607 -368.938583905 10.945089127
f -1 -2 -4 -3
v  199.779928963 -368.023370796 10.9375424501
v  199.827153492 -368.00694387 10.9375424132
v  199.43790505 -367.083402762 10.9299957029
v  199.484635872 -367.065619899 10.9299956964
f -1 -2 -4 -3
v  198.948176095 -366.231685784 10.922448988
v  198.984325301 -366.197142551 10.9224489796
v  198.290842593 -365.472610935 10.9257515639
v  198.335081807 -365.449310892 10.9257516576
f -1 -2 -4 -3
v  197.902488817 -364.545010436 10.9290542936
v  197.949102547 -364.526922865 10.9290543389
v  197.417339529 -363.691696875 10.9323570171
v  197.452973365 -363.656622244 10.9323570183
f -1 -2 -4 -3
v  196.768828728 -362.92585266 10.9356596763
v  196.814278134 -362.90501156 10.9356596974
v  196.448079102 -361.974966258 10.9389623491
v  196.494349892 -361.956018592 10.9389623775
f -1 -2 -4 -3
v  196.037047356 -361.06319194 10.9422650713
v  196.083272615 -361.044133465 10.942265057
v  195.593267236 -360.180617902 10.9455677264
v  195.631346784 -360.148215001 10.9455677366
f -1 -2 -4 -3
v  194.914049212 -359.441302335 10.9488702519
v  194.956133621 -359.414304141 10.9488704129
v  194.505691802 -358.523956073 10.9521730956
v  194.551264675 -358.503386355 10.9521730956
f -1 -2 -4 -3
v  194.096709429 -357.610352401 10.9554757589
v  194.142904882 -357.591221795 10.9554757752
v  193.652033768 -356.723778412 10.9844410843
v  193.69280855 -356.694840252 10.9844410973
f -1 -2 -4 -3
v  193.053184191 -355.920394546 11.0134060194
v  193.095377252 -355.893566471 11.0134064154
v  192.632316266 -355.009983107 11.0423717411
v  192.677888956 -354.989412984 11.0423717411
f -1 -2 -4 -3
v  192.221431853 -354.097595509 11.071336892
v  192.26745934 -354.07806424 11.0713370623
v  191.78718611 -353.208118837 11.1003022972
v  191.825933704 -353.176517826 11.1003023861
f -1 -2 -4 -3
v  191.105223081 -352.472425214 11.1292671165
v  191.146529022 -352.444250416 11.1292676963
v  190.690845154 -351.557767197 11.1582330281
v  190.736309538 -351.53695879 11.1582330291
f -1 -2 -4 -3
v  190.287281181 -350.64017081 11.1871975768
v  190.334601702 -350.624022489 11.1871983475
v  189.950143376 -349.704761897 11.2161635865
v  189.992871995 -349.678795282 11.2161636749
f -1 -2 -4 -3
v  189.27206651 -348.973515327 11.2451288598
v  189.310479217 -348.941508079 11.2451289928
v  188.829685422 -348.072201051 11.2962270697
v  188.875711539 -348.052666555 11.2962270949
f -1 -2 -4 -3
v  188.419250319 -347.160852539 11.3473251942
v  188.464823462 -347.140283419 11.3473251942
v  187.999260907 -346.260701699 11.3984231781
v  188.039317941 -346.230777895 11.3984232955
f -1 -2 -4 -3
v  187.31641223 -345.528582994 11.4495247038
v  187.356313154 -345.498451345 11.4495214534
v  186.888567399 -344.619025149 11.5006194809
v  186.934994827 -344.600464601 11.5006194932
f -1 -2 -4 -3
v  186.551499168 -343.676929423 11.5517175748
v  186.598304735 -343.659344232 11.5517175928
v  186.157693778 -342.76219635 11.602815618
v  186.200203161 -342.735872362 11.6028156933
f -1 -2 -4 -3
v  185.486658077 -342.026155587 11.6539136712
v  185.524241297 -341.993178298 11.6539137905
v  185.025810696 -341.135258882 11.7050118915
v  185.0721641 -341.116514231 11.7050118915
f -1 -2 -4 -3
v  184.628052593 -340.220779779 11.7561069396
v  184.670802056 -340.194847494 11.7561100361
v  183.95822835 -339.484271879 11.812860848
v  183.995725795 -339.451197091 11.8128609917
f -1 -2 -4 -3
v  183.491447049 -338.595641851 11.8696119749
v  183.538163937 -338.577822412 11.8696119959
v  183.151577192 -337.654155031 11.9263631024
v  183.19866786 -337.637348217 11.9263629978
f -1 -2 -4 -3
v  182.777810759 -336.728200486 11.9831122614
v  182.822129928 -336.705052888 11.983114017
v  182.13491196 -335.976027338 12.0398647856
v  182.170735194 -335.94114617 12.0398650018
f -1 -2 -4 -3
v  181.629226661 -335.112066505 12.0966159518
v  181.675878314 -335.094076974 12.0966160053
v  181.227206606 -334.196963802 12.153367007
v  181.272779636 -334.176394434 12.153367007
f -1 -2 -4 -3
v  180.831956677 -333.278715572 12.2101175528
v  180.87578623 -333.254653771 12.2101180143
v  180.175539021 -332.534987823 12.2668688137
v  180.212059945 -332.500837829 12.2668690102
f -1 -2 -4 -3
v  179.685821765 -331.659994621 12.3236199495
v  179.732565566 -331.642245899 12.3236200143
v  179.344206361 -330.718618614 12.3659821054
v  179.391396263 -330.702092479 12.3659820152
f -1 -2 -4 -3
v  178.978331333 -329.788530384 12.4083434683
v  179.023334739 -329.766742924 12.408344022
v  178.354479012 -329.024576002 12.4507058474
v  178.389715925 -328.989102632 12.4507060183
f -1 -2 -4 -3
v  177.824022232 -328.176342612 12.4930679553
v  177.870665073 -328.158330244 12.49306802
v  177.446083966 -327.248069383 12.5354309879
v  177.491438424 -327.227022456 12.5354300122
f -1 -2 -4 -3
v  176.826348522 -326.482439658 12.5777918367
v  176.861540845 -326.446922052 12.5777920226
v  176.288497029 -325.637935982 12.6201539335
v  176.335063319 -325.619726629 12.6201540241
f -1 -2 -4 -3
v  175.942032247 -324.696983564 12.6625160501
v  175.98933409 -324.680780614 12.6625160253
v  175.587917076 -323.761277024 12.7048780218
v  175.633887153 -323.741611012 12.7048780267
f -1 -2 -4 -3
v  175.007657226 -322.969447665 12.7472399315
v  175.042377461 -322.93346843 12.7472400285
v  174.427864487 -322.153947365 12.7750003008
v  174.474173338 -322.135092913 12.7750003397
f -1 -2 -4 -3
v  174.035134112 -321.233124879 12.8027606514
v  174.080707254 -321.212555757 12.8027606514
v  173.643895952 -320.309984362 12.8305213902
v  173.689768656 -320.290092277 12.8305209592
f -1 -2 -4 -3
v  173.039683349 -319.534934761 12.8582810598
v  173.074210828 -319.498770509 12.8582812759
v  172.517099044 -318.68598085 12.8860414896
v  172.56486305 -318.671195731 12.8860415864
f -1 -2 -4 -3
v  172.18007644 -317.745723033 12.9138017981
v  172.225541133 -317.724915302 12.9138018983
v  171.779471196 -316.82608196 12.9415621204
v  171.825944625 -316.807636894 12.9415622106
f -1 -2 -4 -3
v  171.2281731 -316.016670036 12.9693224963
v  171.262973481 -315.980768316 12.9693225217
v  170.624571209 -315.217656286 12.9970828083
v  170.670531406 -315.197967197 12.997082833
f -1 -2 -4 -3
v  170.24923802 -314.285255925 13.0248429636
v  170.295727965 -314.266852528 13.0248431465
v  169.700011907 -313.474485339 13.0541762885
v  169.734828585 -313.438599423 13.0541763122
f -1 -2 -4 -3
v  169.09129513 -312.678550149 13.0835094544
v  169.136946059 -312.65815425 13.0835094791
v  168.731549447 -311.740557463 13.112842513
v  168.778819916 -311.724263209 13.1128426464
f -1 -2 -4 -3
v  168.38783861 -310.801006467 13.1421757789
v  168.434512301 -310.783074192 13.142175814
v  167.879977025 -309.961429614 13.1715089734
v  167.915586312 -309.92633006 13.171508981
f -1 -2 -4 -3
v  167.235481777 -309.192278646 13.2008420915
v  167.280333432 -309.170180479 13.2008421474
v  166.843158489 -308.269200275 13.2301753155
v  166.888730584 -308.248628833 13.2301753155
f -1 -2 -4 -3
v  166.444271657 -307.349196741 13.2595081313
v  166.490899657 -307.331145988 13.2595084854
v  165.915725135 -306.525132858 13.2888416197
v  165.950259854 -306.488975518 13.2888416503
f -1 -2 -4 -3
v  165.307192282 -305.73119614 13.3181747944
v  165.353850169 -305.713222784 13.3181748168
v  164.986933175 -304.78173733 13.3545302589
v  165.032839214 -304.761922294 13.3545301135
f -1 -2 -4 -3
v  164.577330946 -303.867664352 13.3908849457
v  164.623928095 -303.849534109 13.3908854125
v  164.098118476 -303.009906675 13.4272406577
v  164.134460811 -302.975566688 13.4272407081
f -1 -2 -4 -3
v  163.437316296 -302.253656847 13.4635947047
v  163.481345371 -302.229962111 13.463595982
v  163.041481027 -301.331522143 13.4999513012
v  163.087053418 -301.310951357 13.4999513012
f -1 -2 -4 -3
v  162.636347941 -300.415682916 13.5363064252
v  162.682687731 -300.396904634 13.5363065986
v  162.16619163 -299.544631831 13.5726618879
v  162.206219562 -299.51466911 13.572661895
f -1 -2 -4 -3
v  161.575400828 -298.733720229 13.6090159941
v  161.618916788 -298.709095826 13.6090171766
v  161.169888041 -297.815520634 13.6453728785
v  161.216175562 -297.796613879 13.6453724893
f -1 -2 -4 -3
v  160.72223477 -296.935705383 13.6817276764
v  160.760075601 -296.903024019 13.6817277862
v  160.044478565 -296.194776906 13.7032233744
v  160.086836022 -296.168209147 13.7032245127
f -1 -2 -4 -3
v  159.638123684 -295.276607098 13.7247212848
v  159.683696825 -295.256037976 13.7247212848
v  159.22954714 -294.362746847 13.7462179241
v  159.2757725 -294.343688619 13.7462180344
f -1 -2 -4 -3
v  158.782017487 -293.477943766 13.767714775
v  158.822688599 -293.448860083 13.7677147841
v  158.183691023 -292.673954778 13.7892111778
v  158.226022797 -292.647346116 13.7892115303
f -1 -2 -4 -3
v  157.764833876 -291.762605003 13.8107082833
v  157.810407956 -291.74203796 13.8107082833
v  157.354231029 -290.84994676 13.8322048798
v  157.40033715 -290.830601848 13.8322050324
f -1 -2 -4 -3
v  156.916538664 -289.962984133 13.8537017161
v  156.955028829 -289.931070073 13.8537017834
v  156.235375635 -289.226104336 13.8751978638
v  156.276958336 -289.198339627 13.8751985214
f -1 -2 -4 -3
v  155.826530016 -288.307416153 13.896695279
v  155.873184757 -288.28943463 13.8966952819
v  155.490430976 -287.365643071 13.8871082171
v  155.536997094 -287.347433276 13.8871082017
f -1 -2 -4 -3
v  155.080926701 -286.460199513 13.8775211465
v  155.121933023 -286.431590396 13.8775211212
v  154.400314537 -285.728285656 13.8679340555
v  154.43932365 -285.697008042 13.8679340418
f -1 -2 -4 -3
v  153.962433218 -284.824837254 13.8583469674
v  154.008376601 -284.805108963 13.8583469614
v  153.551778995 -283.913499262 13.8487598813
v  153.597353097 -283.89293227 13.8487598813
f -1 -2 -4 -3
v  153.140906632 -283.001263531 13.8391728289
v  153.186842398 -282.981517508 13.8391728013
v  152.711878824 -282.104782139 13.8295857256
v  152.753339496 -282.076835535 13.829585721
f -1 -2 -4 -3
v  152.111927059 -281.303703022 13.819998616
v  152.153337672 -281.275682296 13.8199986407
v  151.677412033 -280.399507403 13.8104115615
v  151.723370882 -280.379815166 13.8104115608
f -1 -2 -4 -3
v  151.267019786 -279.488065616 13.8008244807
v  151.312592511 -279.467495573 13.8008244807
v  150.850210031 -278.585649656 13.7698403772
v  150.890632318 -278.556221119 13.7698403125
f -1 -2 -4 -3
v  150.167974412 -277.85381189 13.7388561807
v  150.207520942 -277.823216597 13.7388561468
v  149.735524434 -276.94651025 13.7078719827
v  149.782010615 -276.928097348 13.7078719789
f -1 -2 -4 -3
v  149.398096211 -276.004552152 13.6768878094
v  149.444947427 -275.987088946 13.6768878117
v  149.007337361 -275.088061253 13.6459060816
v  149.050129759 -275.062199879 13.6459036156
f -1 -2 -4 -3
v  148.33928974 -274.350434311 13.6149195567
v  148.376596199 -274.317144252 13.6149194781
v  147.872897053 -273.462728623 13.5839353102
v  147.919315817 -273.444146419 13.5839353102
f -1 -2 -4 -3
v  147.465323924 -272.550367632 13.5529511428
v  147.510896775 -272.529797868 13.5529511428
v  147.057324435 -271.640142123 13.5219679723
v  147.100444501 -271.614830863 13.5219669639
f -1 -2 -4 -3
v  146.466443913 -270.836201214 13.4909828147
v  146.506650917 -270.806479221 13.4909828082
v  145.997427531 -269.949878967 13.4609646888
v  146.043751286 -269.931061162 13.4609646877
f -1 -2 -4 -3
v  145.591945038 -269.036395548 13.4309465673
v  145.637518179 -269.015826426 13.4309465673
v  145.195513058 -268.119118001 13.4009289158
v  145.239083391 -268.094589933 13.4009284417
f -1 -2 -4 -3
v  144.53520475 -267.377565498 13.3709104241
v  144.571962753 -267.34367082 13.3709103273
v  144.056568141 -266.497066901 13.3408922113
v  144.103098268 -266.478765335 13.3408922059
f -1 -2 -4 -3
v  143.646683423 -265.585065462 13.3108739582
v  143.692681612 -265.565465292 13.310874085
v  143.326826363 -264.633935872 13.2808557825
v  143.373206014 -264.615256259 13.2808559665
f -1 -2 -4 -3
v  142.718051951 -263.86536169 13.2508381864
v  142.752804155 -263.829413333 13.2508378434
v  142.189680642 -263.015279659 13.2208197705
v  142.236336313 -262.997300549 13.2208197239
f -1 -2 -4 -3
v  141.79026205 -262.098729037 13.1908016037
v  141.835835191 -262.078159916 13.1908016037
v  141.397640224 -261.17821066 13.1739485325
v  141.442129568 -261.155391847 13.1739486752
f -1 -2 -4 -3
v  140.745948936 -260.432093268 13.1570958414
v  140.782015086 -260.397463327 13.1570957447
v  140.291852084 -259.542686772 13.1402428774
v  140.339890411 -259.528818855 13.1402428137
f -1 -2 -4 -3
v  139.933894618 -258.61215403 13.1233898843
v  139.979196138 -258.590993399 13.1233898843
v  139.539032871 -257.690389223 13.1065366485
v  139.584744133 -257.670128905 13.1065369572
f -1 -2 -4 -3
v  138.933782217 -256.91571423 13.0896840922
v  138.968719468 -256.87994569 13.0896840243
v  138.384659391 -256.079652836 13.072831123
v  138.431227934 -256.061449243 13.0728310946
f -1 -2 -4 -3
v  137.98325502 -255.163426064 13.0559781463
v  138.028783113 -255.142757423 13.0559781648
v  137.64852333 -254.215531502 13.0391251665
v  137.696155127 -254.200325848 13.0391252356
f -1 -2 -4 -3
v  137.122298403 -253.398161883 13.0222723475
v  137.156641203 -253.361822207 13.0222723047
v  136.519718518 -252.597689014 13.0097823411
v  136.565814027 -252.578318828 13.009782328
f -1 -2 -4 -3
v  136.128233864 -251.675854351 12.9972923509
v  136.173809522 -251.655290805 12.9972923509
v  135.736035035 -250.752879717 12.9848022529
v  135.782168096 -250.73359914 12.9848023749
f -1 -2 -4 -3
v  135.147804553 -249.967720742 12.9723124825
v  135.182122723 -249.931357804 12.9723123959
v  134.605123627 -249.131189617 12.9598224551
v  134.652727033 -249.115895312 12.9598224196
f -1 -2 -4 -3
v  134.273267362 -248.188367633 12.9473324651
v  134.318808425 -248.167727584 12.9473324423
v  133.870472042 -247.269865874 12.9348425828
v  133.917054701 -247.251698435 12.9348424643
f -1 -2 -4 -3
v  133.335588215 -246.449643528 12.9223524909
v  133.370559568 -246.413908328 12.9223524881
v  132.717290609 -245.661094483 12.9098625179
v  132.762949639 -245.640716726 12.9098625111
f -1 -2 -4 -3
v  132.326517562 -244.738235035 12.8973725339
v  132.372090391 -244.71766522 12.8973725339
v  131.926859199 -243.819779672 12.8849826567
v  131.973032338 -243.800595271 12.8849826724
f -1 -2 -4 -3
v  131.419160341 -242.970816413 12.8725928107
v  131.458580783 -242.940058833 12.8725928107
v  130.851517878 -242.143301092 12.8602030877
v  130.89653521 -242.121542419 12.8602029504
f -1 -2 -4 -3
v  130.453231625 -241.224232028 12.8478130875
v  130.498804767 -241.203662906 12.8478130875
v  130.053924955 -240.30445164 12.835423384
v  130.100563045 -240.286426974 12.8354232247
f -1 -2 -4 -3
v  129.532896852 -239.475013483 12.8230333642
v  129.568091353 -239.439498034 12.8230333642
v  128.902903617 -238.694983578 12.810643112
v  128.948255266 -238.673930599 12.8106434985
f -1 -2 -4 -3
v  128.508797569 -237.7735319 12.798253656
v  128.554080619 -237.752331775 12.7982536411
v  128.141271557 -236.838636587 12.7858640554
v  128.189315065 -236.824786628 12.7858637773
f -1 -2 -4 -3
v  127.717851433 -235.958375085 12.7734739912
v  127.754615659 -235.924487156 12.7734739173
v  127.048093715 -235.208460505 12.7649781374
v  127.092000217 -235.184539403 12.7649781421
f -1 -2 -4 -3
v  126.651548637 -234.286565517 12.7564823666
v  126.697121779 -234.265996396 12.7564823666
v  126.248718832 -233.368727704 12.7479867291
v  126.295373604 -233.350746262 12.7479865901
f -1 -2 -4 -3
v  125.752018637 -232.522909869 12.7394908192
v  125.787788308 -232.487973774 12.7394908152
v  125.10189253 -231.757996765 12.730995159
v  125.146270198 -231.734961518 12.7309950411
f -1 -2 -4 -3
v  124.726070731 -230.825432014 12.7224992813
v  124.773170185 -230.808649837 12.7224992639
v  124.386454368 -229.884980035 12.7140034822
v  124.433176154 -229.867173442 12.7140034882
f -1 -2 -4 -3
v  123.927255779 -229.012710948 12.705507739
v  123.964670741 -228.979542881 12.7055077123
v  123.25290179 -228.268358838 12.6970124105
v  123.295743755 -228.242579661 12.697011946
f -1 -2 -4 -3
v  122.849849739 -227.348869341 12.6885161612
v  122.895422678 -227.328299772 12.6885161612
v  122.44210673 -226.434502376 12.6907680688
v  122.488379187 -226.415558783 12.6907680808
f -1 -2 -4 -3
v  121.988985955 -225.553136336 12.6930199996
v  122.029473898 -225.523798196 12.6930200005
v  121.392058869 -224.74773035 12.6952718711
v  121.434657203 -224.72155055 12.6952719196
f -1 -2 -4 -3
v  120.976473862 -223.834896511 12.6975238397
v  121.022046632 -223.814326567 12.6975238397
v  120.566551773 -222.921658514 12.6997757382
v  120.612791276 -222.902634625 12.6997757593
f -1 -2 -4 -3
v  120.121923715 -222.039689821 12.7020276721
v  120.159950498 -222.007225012 12.7020276791
v  119.44307405 -221.299969085 12.704279484
v  119.48522322 -221.273072108 12.7042795964
f -1 -2 -4 -3
v  119.034840362 -220.382796407 12.7065315182
v  119.080245788 -220.361859662 12.7065315182
v  118.635410803 -219.462964109 12.7087833707
v  118.682934134 -219.447422777 12.7087834377
f -1 -2 -4 -3
v  118.289514051 -218.533387963 12.7110353454
v  118.331237018 -218.505834487 12.7110353589
v  117.606446403 -217.803682481 12.7261158293
v  117.645730576 -217.772751044 12.7261158793
f -1 -2 -4 -3
v  117.17457012 -216.897046859 12.7411963872
v  117.220334184 -216.876906094 12.7411964032
v  116.763518896 -215.98525989 12.7562769093
v  116.809380643 -215.965342558 12.7562769257
f -1 -2 -4 -3
v  116.335385107 -215.09126971 12.7713574062
v  116.374637047 -215.06029738 12.7713574491
v  115.65251899 -214.35741458 12.7864381852
v  115.69326122 -214.328430607 12.7864379754
f -1 -2 -4 -3
v  115.234527717 -213.442965489 12.8015184907
v  115.281052164 -213.424649491 12.8015184942
v  114.898214085 -212.500895364 12.8165990038
v  114.944906174 -212.483011046 12.816599017
f -1 -2 -4 -3
v  114.496881588 -211.590551372 12.8316795137
v  114.538693035 -211.563132347 12.8316795401
v  113.820239752 -210.857201957 12.8467600336
v  113.858508622 -210.82502287 12.8467600621
f -1 -2 -4 -3
v  113.371444295 -209.959562473 12.8618405824
v  113.417615503 -209.940373424 12.8618405853
v  112.967574874 -209.049054798 12.8826167333
v  113.009554124 -209.021893381 12.8826184325
f -1 -2 -4 -3
v  112.291720806 -208.315398515 12.9033961842
v  112.329895369 -208.283107606 12.9033962258
v  111.83793253 -207.419397973 12.9241740454
v  111.884594834 -207.401436086 12.924174047
f -1 -2 -4 -3
v  111.498978494 -206.477806304 12.9449518963
v  111.545994548 -206.460791878 12.9449518675
v  111.102403123 -205.562600936 12.9657298145
v  111.147747437 -205.541532163 12.9657296882
f -1 -2 -4 -3
v  110.702575064 -204.64731206 12.9865069314
v  110.745686289 -204.621985745 12.9865075157
v  110.036456865 -203.908909895 13.0072852699
v  110.073627608 -203.875468366 13.0072853286
f -1 -2 -4 -3
v  109.567241178 -203.022848033 13.0280631492
v  109.613689317 -203.004339374 13.0280631498
v  109.156630963 -202.111079693 13.0488410457
v  109.202716682 -202.091686229 13.0488409706
f -1 -2 -4 -3
v  108.837364027 -201.160360417 13.0696187946
v  108.883462387 -201.140997019 13.0696187905
v  108.217956214 -200.39787922 13.0713526723
v  108.252960737 -200.362176512 13.071352692
f -1 -2 -4 -3
v  107.700642561 -199.540763256 13.0730865909
v  107.747302848 -199.52279613 13.0730865931
v  107.299689893 -198.625075156 13.0748204942
v  107.345262067 -198.604503891 13.0748204942
f -1 -2 -4 -3
v  106.905710375 -197.70576681 13.0765543951
v  106.949832838 -197.682246429 13.0765543953
v  106.254295626 -196.959180174 13.0782882899
v  106.290552059 -196.924749504 13.0782882964
f -1 -2 -4 -3
v  105.757140285 -196.08874792 13.0800221952
v  105.803876505 -196.070979246 13.0800221976
v  105.438894789 -195.135538215 13.0817561622
v  105.48607269 -195.118977853 13.0817560981
f -1 -2 -4 -3
v  104.872547308 -194.34212787 13.0834899861
v  104.906801926 -194.30570506 13.0834899999
v  104.303874978 -193.518456507 13.0852238979
v  104.350350555 -193.500016857 13.0852239009
f -1 -2 -4 -3
v  103.909419831 -192.598852294 13.086957802
v  103.954993028 -192.578283295 13.086957802
v  103.498008618 -191.687403933 13.0648182292
v  103.543580705 -191.666832474 13.0648182292
f -1 -2 -4 -3
v  103.100551615 -190.769229354 13.0426785803
v  103.145683713 -190.747709741 13.0426786569
v  102.541673914 -189.94899703 13.0205390899
v  102.581061162 -189.918196954 13.0205390836
f -1 -2 -4 -3
v  102.023353779 -189.090745424 12.9983989554
v  102.069483464 -189.07145677 12.99839951
v  101.624683132 -188.173404903 12.9762599379
v  101.670257642 -188.152838812 12.9762599379
f -1 -2 -4 -3
v  101.233687829 -187.250274039 12.9541199928
v  101.279461053 -187.230154099 12.9541203686
v  100.631404954 -186.473716686 12.9319808785
v  100.666305948 -186.437912768 12.931980792
f -1 -2 -4 -3
v  100.074124996 -185.642097288 12.9098412643
v  100.120530768 -185.623482663 12.9098412195
v  99.7249798839 -184.701557229 12.8877016633
v  99.7722968361 -184.685398453 12.8877016467
f -1 -2 -4 -3
v  99.3743214221 -183.764404669 12.8655620665
v  99.4205550534 -183.745366514 12.8655620739
v  98.8128978667 -182.960263611 12.8256778644
v  98.847661872 -182.924326667 12.8256778179
f -1 -2 -4 -3
v  98.2143589994 -182.15770399 12.7857936031
v  98.2604087211 -182.138225204 12.7857935629
v  97.8230422057 -181.23571433 12.745909307
v  97.8686139745 -181.215142167 12.745909307
f -1 -2 -4 -3
v  97.4305093836 -180.312847574 12.7060247169
v  97.4766869473 -180.293673826 12.7060250546
v  96.8455248806 -179.525606312 12.6661410597
v  96.8798194395 -179.489221106 12.6661407937
f -1 -2 -4 -3
v  96.2989693732 -178.69149278 12.6262566484
v  96.3465361616 -178.676084969 12.6262565408
v  95.9680281133 -177.74820502 12.5863723406
v  96.0135845442 -177.727598914 12.5863722846
f -1 -2 -4 -3
v  95.5647691107 -176.829955985 12.5464884441
v  95.6113671447 -176.811828017 12.5464880258
v  95.0331241538 -176.007573043 12.5066037791
v  95.0681459195 -175.971887248 12.5066037735
f -1 -2 -4 -3
v  94.41214672 -175.220951673 12.4667195374
v  94.4577393888 -175.200425871 12.4667195182
v  94.0178936063 -174.299848988 12.426572353
v  94.063187394 -174.278671812 12.4265722893
f -1 -2 -4 -3
v  93.6547650871 -173.363057201 12.3864258226
v  93.7028074982 -173.349203439 12.3864250539
v  93.2192261412 -172.490312184 12.346277997
v  93.2555264796 -172.455927806 12.3462778299
f -1 -2 -4 -3
v  92.5555361838 -171.735293196 12.3061323921
v  92.599830619 -171.712098304 12.3061306325
v  92.1609494704 -170.812775405 12.2659833745
v  92.2065224353 -170.792205892 12.2659833745
f -1 -2 -4 -3
v  91.759641683 -169.894077867 12.2258367611
v  91.8063033755 -169.876114391 12.2258361417
v  91.2490933628 -169.057997912 12.1856889215
v  91.2839776483 -169.022177714 12.185688917
f -1 -2 -4 -3
v  90.6231480869 -168.275987921 12.1455417043
v  90.6693780504 -168.256940861 12.1455416887
v  90.3038188723 -167.325504824 12.1053943867
v  90.3498641851 -167.306015618 12.10539446
f -1 -2 -4 -3
v  89.8930837986 -166.412561406 12.0652475278
v  89.9395712485 -166.394151708 12.0652472306
v  89.4290720267 -165.544271013 12.0245943081
v  89.4660490757 -165.510615436 12.0245942141
f -1 -2 -4 -3
v  88.7591663077 -164.79580083 11.9839432876
v  88.8024919471 -164.770843086 11.9839412384
v  88.3592756345 -163.875093045 11.9432881826
v  88.4048508351 -163.854528486 11.9432881832
f -1 -2 -4 -3
v  87.952567444 -162.960137249 11.9026353827
v  87.9988763107 -162.941282837 11.9026351669
v  87.493102982 -162.082632654 11.8619821639
v  87.533403789 -162.053037976 11.8619821513
f -1 -2 -4 -3
v  86.8980908022 -161.275407781 11.8213305423
v  86.9410057222 -161.249750236 11.8213291532
v  86.4859701306 -160.361090977 11.7806761195
v  86.5315432722 -160.340521856 11.7806761195
f -1 -2 -4 -3
v  86.0769753174 -159.447150861 11.7400235779
v  86.1233372593 -159.428427338 11.7400231039
v  85.6242726976 -158.570929127 11.6993702031
v  85.6618211152 -158.537912217 11.6993700864
f -1 -2 -4 -3
v  84.9486077551 -157.827941198 11.6587191496
v  84.9911546147 -157.801677825 11.6587171064
v  84.5509409497 -156.904280698 11.6099703306
v  84.5977525342 -156.886711533 11.6099703277
f -1 -2 -4 -3
v  84.2142023562 -155.963175702 11.5612234493
v  84.2606376241 -155.944634777 11.5612235832
v  83.7923522333 -155.065551938 11.5124769988
v  83.8322069417 -155.035359187 11.5124768376
f -1 -2 -4 -3
v  83.1093137945 -154.333153428 11.4637275377
v  83.1494175945 -154.303292329 11.463730049
v  82.684280185 -153.423409052 11.4149833518
v  82.7298533224 -153.402839921 11.4149833518
f -1 -2 -4 -3
v  82.2734375499 -152.51097957 11.3662369055
v  82.3194783425 -152.491479687 11.3662366092
v  81.8381717875 -151.622528067 11.3174900211
v  81.8765373161 -151.590464284 11.3174898616
f -1 -2 -4 -3
v  81.1560232571 -150.88495215 11.2687466631
v  81.1988087309 -150.859079322 11.268743201
v  80.8147242869 -149.939588573 11.2199963902
v  80.862030911 -149.923399586 11.2199963757
f -1 -2 -4 -3
v  80.4127762936 -149.026728098 11.171249633
v  80.4582448037 -149.005928709 11.1712496319
v  80.0022760723 -148.119654624 11.1149375724
v  80.0435344093 -148.091410162 11.114932988
f -1 -2 -4 -3
v  79.3226268851 -147.387489477 11.0586165935
v  79.3614156839 -147.355939056 11.0586165046
v  78.8817817105 -146.485588773 11.0022999659
v  78.927797046 -146.466028893 11.0022999386
f -1 -2 -4 -3
v  78.4712984731 -145.574243142 10.9459831251
v  78.5168780591 -145.553688305 10.9459833729
v  78.0535660862 -144.67025977 10.8896690216
v  78.0957370259 -144.643396936 10.8896667928
f -1 -2 -4 -3
v  77.4559783276 -143.869051248 10.8333492131
v  77.4967687694 -143.840135165 10.8333502391
v  77.0063598694 -142.972422214 10.7770336815
v  77.0525501691 -142.953279168 10.7770336815
f -1 -2 -4 -3
v  76.5979284168 -142.060287123 10.720717117
v  76.6435015584 -142.039718001 10.720717117
v  76.1928173789 -141.14955484 10.6644040499
v  76.2348587195 -141.122489628 10.6644004978
f -1 -2 -4 -3
v  75.5173209302 -140.415764418 10.6080841052
v  75.5554408703 -140.383409044 10.60808399
v  75.0660829042 -139.519466548 10.5612036572
v  75.1122963301 -139.500379398 10.5612036512
f -1 -2 -4 -3
v  74.6549190676 -138.607602943 10.5143232686
v  74.7011969756 -138.58867267 10.514323314
v  74.3349548814 -137.658687813 10.4674435166
v  74.380376445 -137.637786101 10.4674429723
f -1 -2 -4 -3
v  73.6955121422 -136.907508692 10.4205631166
v  73.7311726673 -136.872461196 10.4205626416
v  73.2002125735 -136.036700753 10.3736823312
v  73.2468229568 -136.018604561 10.3736823029
f -1 -2 -4 -3
v  72.7962401433 -135.12262251 10.3268019658
v  72.8418136503 -135.102054198 10.3268019658
v  72.3982951062 -134.206563661 10.2799228142
v  72.4415505596 -134.181484471 10.279921615
f -1 -2 -4 -3
v  71.7267432 -133.471397757 10.233041455
v  71.7642696444 -133.438355875 10.2330412945
v  71.3100187732 -132.561301314 10.1861610542
v  71.3580381892 -132.547368056 10.186160954
f -1 -2 -4 -3
v  70.9593168639 -131.62509728 10.1392819311
v  71.0045608023 -131.603813811 10.1392806114
v  70.3439236478 -130.855826997 10.1151200292
v  70.3789796121 -130.820174797 10.1151199346
f -1 -2 -4 -3
v  69.8030899997 -130.014324332 10.0909592913
v  69.8496979235 -129.996221806 10.0909592515
v  69.4060042148 -129.096396643 10.0667985685
v  69.4515798595 -129.075833068 10.0667985685
f -1 -2 -4 -3
v  69.0147529372 -128.174472455 10.0426374856
v  69.0597468354 -128.152665367 10.042637889
v  68.3758538908 -127.42079573 10.01847737
v  68.41132392 -127.385555454 10.0184772028
f -1 -2 -4 -3
v  67.9013892396 -126.543102769 9.99431661846
v  67.9493852919 -126.529089241 9.99431651852
v  67.5500853085 -125.609562973 9.97015583598
v  67.5954201363 -125.588473796 9.97015583598
f -1 -2 -4 -3
v  67.1539475452 -124.688060467 9.9459948299
v  67.1999566943 -124.66848604 9.94599515576
v  66.5643737915 -123.903422286 9.92183454811
v  66.59915584 -123.867502805 9.92183446921
f -1 -2 -4 -3
v  65.9984645806 -123.078518112 9.89767382507
v  66.0449122158 -123.060008191 9.89767378649
v  65.6043315984 -122.158688291 9.89475322204
v  65.6499048832 -122.138119486 9.89475322204
f -1 -2 -4 -3
v  65.2073213247 -121.239664884 9.89183263988
v  65.2529137287 -121.219138494 9.8918326577
v  64.6642332747 -120.410764801 9.88891209369
v  64.7035220376 -120.379839195 9.88891209313
f -1 -2 -4 -3
v  64.128289429 -119.563124107 9.885991486
v  64.1741648743 -119.543238346 9.88599152851
v  63.730991888 -118.644695615 9.88307096423
v  63.7765676465 -118.624132292 9.88307096423
f -1 -2 -4 -3
v  63.3383343979 -117.721865502 9.88015037816
v  63.3845435018 -117.702767892 9.88015039998
v  62.7621164197 -116.928664069 9.87722984242
v  62.7968394812 -116.892687563 9.87722983528
f -1 -2 -4 -3
v  62.1824575669 -116.113069624 9.87430927497
v  62.2287675938 -116.094218062 9.87430927088
v  61.7848567027 -115.194555224 9.87138870953
v  61.8302550817 -115.173603203 9.87138870643
f -1 -2 -4 -3
v  61.439482556 -114.250535529 9.86846815452
v  61.4873720323 -114.23616201 9.86846814232
v  60.9507789323 -113.410433347 9.87669822691
v  60.9856360076 -113.374586669 9.87669822645
f -1 -2 -4 -3
v  60.3201982879 -112.629960907 9.88492859783
v  60.3657393209 -112.609320793 9.88492831364
v  59.9293662911 -111.706971057 9.89315839544
v  59.9749383225 -111.686399476 9.89315839544
f -1 -2 -4 -3
v  59.5340274993 -110.785227212 9.90138845526
v  59.5804999232 -110.766779615 9.90138848014
v  58.9771643763 -109.979808347 9.90961853344
v  59.0114173343 -109.943383975 9.90961856477
f -1 -2 -4 -3
v  58.3983289653 -109.166251045 9.91784863572
v  58.4455120701 -109.149705513 9.91784864878
v  58.0740797849 -108.21936325 9.92607875346
v  58.1197975666 -108.199117648 9.92607873333
f -1 -2 -4 -3
v  57.6673644096 -107.303207203 9.93430869165
v  57.7140252986 -107.285241641 9.93430881868
v  57.1626833152 -106.46278862 9.94253890079
v  57.1982381033 -106.427633861 9.94253890237
f -1 -2 -4 -3
v  56.5197981618 -105.692408225 9.95076900817
v  56.5647132904 -105.670439355 9.95076898713
v  56.1276834117 -104.769295685 9.9638598836
v  56.1732554995 -104.748724229 9.9638598836
f -1 -2 -4 -3
v  55.7252260208 -103.85209604 9.97695074687
v  55.7715378194 -103.83324883 9.97695078045
v  55.2376497108 -102.991383219 9.9900416764
v  55.2773368635 -102.960970559 9.99004167705
f -1 -2 -4 -3
v  54.6562321588 -102.173358162 10.0031322575
v  54.7005421771 -102.150193053 10.0031325701
v  54.2543929788 -101.255263387 10.0162234705
v  54.2999662532 -101.23469456 10.0162234705
f -1 -2 -4 -3
v  53.850777055 -100.33788186 10.0293141519
v  53.8974202868 -100.319870505 10.0293143684
v  53.3592946543 -99.4885110475 10.0424052548
v  53.3952201323 -99.4537351933 10.0424052641
f -1 -2 -4 -3
v  52.7067439871 -98.7256182823 10.0554959095
v  52.7512367978 -98.7028062285 10.0554961568
v  52.3111635035 -97.8040276065 10.0685870571
v  52.3564481408 -97.7828308704 10.0685870575
f -1 -2 -4 -3
v  51.9312320048 -96.874686209 10.081677567
v  51.9792014767 -96.8605819623 10.081677957
v  51.5398298814 -95.974362392 10.0995744482
v  51.5781331506 -95.9422242594 10.0995746243
f -1 -2 -4 -3
v  50.8575474103 -95.2363686115 10.1174703355
v  50.9001204907 -95.2101477645 10.1174712719
v  50.4527016579 -94.3175899332 10.1353679585
v  50.4982740164 -94.2970190766 10.1353679585
f -1 -2 -4 -3
v  50.0458099995 -93.4022113013 10.1532643588
v  50.0923404412 -93.3839105366 10.1532646272
v  49.5749913576 -92.5390182155 10.1711612734
v  49.6112042423 -92.5045417455 10.171161295
f -1 -2 -4 -3
v  48.9151272126 -91.7817913521 10.1890573346
v  48.9600158379 -91.7597683796 10.1890579498
v  48.5918103794 -90.8313382198 10.2069537481
v  48.63824375 -90.8127925439 10.2069546412
f -1 -2 -4 -3
v  48.1814116238 -89.9199864843 10.2248515365
v  48.2274134281 -89.9003948022 10.2248513002
v  47.7481277352 -89.0297940395 10.2427479133
v  47.7869522868 -88.9982876244 10.2427479677
f -1 -2 -4 -3
v  47.0659627837 -88.294436313 10.2606443688
v  47.1071796988 -88.2661314388 10.2606446303
v  46.6510104989 -87.3798870558 10.27848966
v  46.6965850612 -87.3593210821 10.27848966
f -1 -2 -4 -3
v  46.2410433876 -86.4669682447 10.2963346114
v  46.2871288313 -86.447574125 10.2963346847
v  45.8043687789 -85.5753749315 10.314179701
v  45.8454646859 -85.5468946501 10.3141797097
f -1 -2 -4 -3
v  45.2044875712 -84.7734424653 10.3320246307
v  45.246286514 -84.7460043827 10.3320247335
v  44.7774161791 -83.8657532154 10.3498697565
v  44.8231936442 -83.8456429274 10.3498697592
f -1 -2 -4 -3
v  44.3663442164 -82.9541499094 10.3677147917
v  44.4121031936 -82.9339975892 10.3677147841
v  43.9414160345 -82.0577713453 10.3855597618
v  43.9809576356 -82.0271696823 10.3855598094
f -1 -2 -4 -3
v  43.258303788 -81.324755743 10.4034054225
v  43.2987320679 -81.2953354406 10.4034048445
v  42.836803846 -80.4120292815 10.4212498534
v  42.8832768109 -80.3935830479 10.4212498584
f -1 -2 -4 -3
v  42.5002673395 -79.469904234 10.4390948709
v  42.5470026708 -79.4521332237 10.4390948832
v  42.101752322 -78.5579051933 10.4582264289
v  42.1438281838 -78.5308936799 10.4582264608
f -1 -2 -4 -3
v  41.4269794265 -77.8237070479 10.4773579978
v  41.464989576 -77.7912227665 10.477358037
v  40.9739471683 -76.9284095711 10.496489613
v  41.0201924083 -76.9093996323 10.4964896147
f -1 -2 -4 -3
v  40.5647293425 -76.0167061593 10.5156211918
v  40.6103020241 -75.9961360185 10.5156211918
v  40.1519254353 -75.1115135808 10.5347527273
v  40.192783742 -75.0826934703 10.5347527698
f -1 -2 -4 -3
v  39.4662332172 -74.3816688165 10.5538843188
v  39.5063211879 -74.3517864704 10.5538843455
v  39.0942863127 -73.4488994919 10.5730159212
v  39.1420680994 -73.4341719373 10.5730159233
f -1 -2 -4 -3
v  38.7055972156 -72.5312413906 10.5921475002
v  38.7509307304 -72.5101493914 10.5921475005
v  38.306912889 -71.6149990996 10.6112786872
v  38.3502691699 -71.5900946239 10.6112790822
f -1 -2 -4 -3
v  37.6437020812 -70.8750555324 10.6304105962
v  37.6806501292 -70.84136812 10.6304106542
v  37.1695840653 -69.9918739994 10.6476579294
v  37.2160779824 -69.9734806401 10.6476579311
f -1 -2 -4 -3
v  36.7593462375 -69.0799934298 10.6649052762
v  36.8053852872 -69.0604894326 10.6649052076
v  36.4397600622 -68.1290540866 10.6821525601
v  36.4860082408 -68.1100512979 10.682152483
f -1 -2 -4 -3
v  35.8258896391 -67.3633827443 10.6993995633
v  35.8607608657 -67.3275498326 10.6993997604
v  35.302852375 -66.5098930948 10.7166470116
v  35.3495123256 -66.4919250952 10.7166470363
f -1 -2 -4 -3
v  34.9027172386 -65.5937504749 10.7338943124
v  34.9482903154 -65.5731812096 10.7338943124
v  34.5094620707 -64.6737963075 10.7511416681
v  34.5537792674 -64.6506449344 10.7511415879
f -1 -2 -4 -3
v  33.85422365 -63.9297044396 10.7683887721
v  33.890496236 -63.8952907867 10.7683888641
v  33.4061451395 -63.0368798327 10.7856360798
v  33.4541874173 -63.0230256079 10.7856361417
f -1 -2 -4 -3
v  33.0461295401 -62.1072494989 10.8028834175
v  33.0914267456 -62.086079634 10.8028834175
v  32.6515543223 -61.1854907955 10.8231266156
v  32.6971599785 -61.1649938659 10.8231262281
f -1 -2 -4 -3
v  32.0416959659 -60.4136947502 10.8433689614
v  32.0767053464 -60.3779968052 10.8433690459
v  31.4977491472 -59.5742310412 10.8636118262
v  31.5443440819 -59.5560951084 10.86361186
f -1 -2 -4 -3
v  31.1010221129 -58.6560806531 10.883854674
v  31.1465952322 -58.635511482 10.883854674
v  30.7038585036 -57.737620482 10.9040975773
v  30.7490966908 -57.7163247919 10.9040974875
f -1 -2 -4 -3
v  30.1480479885 -56.9157337003 10.9243402966
v  30.1874044089 -56.8848942422 10.9243403022
v  29.6260803623 -56.0596522718 10.9445835888
v  29.6721674221 -56.0402619928 10.9445831171
f -1 -2 -4 -3
v  29.2277382234 -55.1420771094 10.9648259304
v  29.273311365 -55.1215079877 10.9648259304
v  28.8364950941 -54.2189345096 10.985069055
v  28.8823709354 -54.1990496616 10.9850687416
f -1 -2 -4 -3
v  28.2393936176 -53.4390978513 11.0053114846
v  28.2742365719 -53.4032374479 11.005311559
v  27.6766677008 -52.6111463386 11.0281126219
v  27.7230182186 -52.5923945519 11.0281126663
f -1 -2 -4 -3
v  27.3266668394 -51.6707632976 11.0509137472
v  27.3739849631 -51.6546079528 11.050913774
v  26.9769072362 -50.7332535472 11.0737148832
v  27.023206012 -50.7143743694 11.0737148816
f -1 -2 -4 -3
v  26.420916459 -49.925558359 11.0965159695
v  26.455714816 -49.8896546774 11.0965159895
v  25.8171841624 -49.1266436952 11.1193170766
v  25.8631451343 -49.1069564135 11.1193170968
f -1 -2 -4 -3
v  25.4261439135 -48.2043708702 11.1421182047
v  25.4717168372 -48.1838012658 11.1421182047
v  25.0099475266 -47.2951907701 11.1649193161
v  25.0553434329 -47.2742333921 11.1649193123
f -1 -2 -4 -3
v  24.6641707736 -46.3513256805 11.1877203141
v  24.71206649 -46.3369729685 11.187720421
v  24.1767245903 -45.5104603801 11.2105215291
v  24.2116041051 -45.4746355361 11.2105215276
f -1 -2 -4 -3
v  23.5451763655 -44.7307013197 11.2333235399
v  23.5906931353 -44.710007754 11.233322644
v  23.1543807213 -43.8076574941 11.2612575712
v  23.1999564634 -43.7870941351 11.2612575712
f -1 -2 -4 -3
v  22.7589764366 -42.8859501867 11.289192412
v  22.8054563492 -42.8675214665 11.289192508
v  22.2031990839 -42.079815857 11.3171273415
v  22.237457246 -42.0433963797 11.3171274444
f -1 -2 -4 -3
v  21.623148531 -41.267047039 11.3450623355
v  21.6703139888 -41.2504512687 11.3450623787
v  21.2990977742 -40.3200449247 11.3729973867
v  21.3448210487 -40.2998117301 11.3729973149
f -1 -2 -4 -3
v  20.8922353435 -39.4039772664 11.4009318198
v  20.9388983342 -39.3860171636 11.4009322537
v  20.3886732699 -38.5628256604 11.4288671808
v  20.4242525313 -38.527695671 11.428867187
f -1 -2 -4 -3
v  19.7449536704 -37.7930848668 11.4568021194
v  19.7898376701 -37.7710524687 11.4568021229
v  19.3503331341 -36.8713937745 11.484737047
v  19.3956113878 -36.8501834059 11.4847370589
f -1 -2 -4 -3
v  18.9755255103 -35.9397213735 11.5126712411
v  19.023539452 -35.9257692626 11.5126719954
v  18.5711859077 -35.0475340606 11.516001256
v  18.6088089509 -35.0146022124 11.5160012847
f -1 -2 -4 -3
v  17.8932723008 -34.3050235121 11.5193305765
v  17.9364468993 -34.2798053827 11.519330574
v  17.4924184515 -33.3846833156 11.5226598636
v  17.5379915931 -33.3641141939 11.5226598636
f -1 -2 -4 -3
v  17.0871735029 -32.468277036 11.5259890993
v  17.1337759909 -32.450160521 11.5259891534
v  16.6045529504 -31.6132345574 11.5293184412
v  16.6402774265 -31.5782522503 11.5293184428
f -1 -2 -4 -3
v  15.9539213998 -30.8489733414 11.5326476936
v  15.9992796953 -30.8279346859 11.5326477316
v  15.6328599987 -29.898113074 11.5359769879
v  15.6791558572 -29.8792267432 11.5359770221
f -1 -2 -4 -3
v  15.2207214208 -28.9879657504 11.5393063115
v  15.2662944449 -28.9673963683 11.5393063115
v  14.8126707438 -28.0733540165 11.5426355563
v  14.8591240876 -28.0548584266 11.5426356012
f -1 -2 -4 -3
v  14.3522378436 -27.2025714901 11.5459648825
v  14.389384261 -27.1691029425 11.5459648908
v  13.6804353713 -26.4558185243 11.5492940014
v  13.7235733405 -26.4305377883 11.5492941769
f -1 -2 -4 -3
v  13.2785456157 -25.5362041556 11.5526234611
v  13.3238913266 -25.5151383894 11.5526234699
v  12.8856737774 -24.613036527 11.5559526533
v  12.9334119513 -24.5981682133 11.5559527596
f -1 -2 -4 -3
v  12.5253388961 -23.6928850213 11.559282021
v  12.5657391924 -23.6634263034 11.5592820495
v  11.8390497124 -22.9625859302 11.5626113329
v  11.8795911747 -22.9333217913 11.5626113386
f -1 -2 -4 -3
v  11.4190329785 -22.0502895807 11.5659406283
v  11.4646061486 -22.0297205223 11.5659406283
v  11.0087641753 -21.1373365377 11.5692698901
v  11.0549425105 -21.1181646479 11.5692699178
f -1 -2 -4 -3
v  10.5666666761 -20.2538375607 11.5725991973
v  10.6045146213 -20.2211644366 11.5725992076
v  9.88786031173 -19.5127635194 11.5759282529
v  9.93116980287 -19.4877777639 11.5759284922
f -1 -2 -4 -3
v  9.55179470446 -18.5656800495 11.5792577852
v  9.59894822084 -18.5490503805 11.5792577867
v  9.14739609367 -17.6535804648 11.5825870762
v  9.19290794773 -17.6328760899 11.5825870763
f -1 -2 -4 -3
v  8.73283774609 -16.7494640555 11.5859163597
v  8.77354495588 -16.720430918 11.585916366
v  8.05136122999 -16.0176048899 11.5892456512
v  8.0906453235 -15.9866733526 11.5892456554
f -1 -2 -4 -3
v  7.61702324966 -15.1123558008 11.5925749423
v  7.66287390355 -15.092412944 11.5925749451
v  7.20678141707 -14.1992371181 11.5959041973
v  7.25342365403 -14.1812231865 11.5959042343
f -1 -2 -4 -3
v  6.88323398813 -13.253952922 11.5992334104
v  6.92776069254 -13.2312070962 11.5992335255
v  6.22550490823 -12.5126757484 11.6025627874
v  6.26209376986 -12.4785985536 11.6025628136
f -1 -2 -4 -3
v  5.75268669651 -11.6283889616 11.6058921032
v  5.79914975284 -11.6099177842 11.6058921034
v  5.34569348501 -10.7157718191 11.609221393
v  5.39126636012 -10.6952021071 11.609221393
f -1 -2 -4 -3
v  4.94101295222 -9.80471709564 11.6125504828
v  4.98312723408 -9.77776552308 11.6125506857
v  4.25987709604 -9.07393249454 11.6158799646
v  4.29868702379 -9.04240806737 11.615879972
f -1 -2 -4 -3
v  3.86796302223 -8.15089227036 11.6192092591
v  3.91588968881 -8.13664324827 11.6192092618
v  3.48727389163 -7.23005231378 11.6225385514
v  3.53256970932 -7.20887947978 11.6225385514
f -1 -2 -4 -3
v  3.09161593197 -6.31099075584 11.6258678486
v  3.13579998778 -6.28758628593 11.6258678409
v  2.44136416685 -5.56372905472 11.6291971179
v  2.47756419595 -5.52923908671 11.6291971305
f -1 -2 -4 -3
v  1.94777957832 -4.69227761322 11.6325264183
v  1.99439554316 -4.67419580406 11.6325264202
v  1.53933010108 -3.77968592938 11.6358557246
v  1.58520431284 -3.7597973222 11.6358557098
f -1 -2 -4 -3
v  1.1943567039 -2.83942459639 11.6391849987
v  1.24149295358 -2.82274604833 11.6391849994
v  0.804121569512 -1.92189042461 11.6425143036
v  0.849416727465 -1.90071617926 11.6425142889
f -1 -2 -4 -3
v  0.388865103636 -1.01154985425 11.645843576
v  0.434583606604 -0.99130588018 11.6458435785
v  0.00921089292384 -0.0859009080543 11.649172869
v  0.0553443849041 -0.0666213614385 11.6491728681
f -1 -2 -4 -3
