Time, Alpha_L1, Alpha_L2, Alpha_R1, Alpha_R2, AVz     , AV_Eng  , Ay      , Bk_Stat , Fx_L1   , Fx_L2   , Fx_R1   , Fx_R2   , Fy_L1   , Fy_L2   , Fy_R1   , Fy_R2   , Fz_L1   , Fz_L2   , Fz_R1   , Fz_R2   , HeadO_1 , HeadO_10, HeadO_2 , HeadO_3 , HeadO_4 , HeadO_5 , HeadO_6 , HeadO_7 , HeadO_8 , HeadO_9 , LatO_1  , LatO_10 , LatO_2  , LatO_3  , LatO_4  , LatO_5  , LatO_6  , LatO_7  , LatO_8  , LatO_9  , Lat_Targ, Lat_Veh , Pitch   , PitchGL1, PitchGL2, PitchGR1, PitchGR2, PitchO1 , PitchO10, PitchO2 , PitchO3 , PitchO4 , PitchO5 , PitchO6 , PitchO7 , PitchO8 , PitchO9 , Roll    , RollGL1 , RollGL2 , RollGR1 , RollGR2 , RollO_1 , RollO_10, RollO_2 , RollO_3 , RollO_4 , RollO_5 , RollO_6 , RollO_7 , RollO_8 , RollO_9 , Roll_E  , Roll_L1 , Roll_L2 , Roll_R1 , Roll_R2 , Rot_L1  , Rot_L2  , Rot_R1  , Rot_R2  , Station , Steer_L1, Steer_R1, Steer_SW, S_Obj_1 , S_Obj_10, S_Obj_2 , S_Obj_3 , S_Obj_4 , S_Obj_5 , S_Obj_6 , S_Obj_7 , S_Obj_8 , S_Obj_9 , S_RdO_1 , S_RdO_10, S_RdO_2 , S_RdO_3 , S_RdO_4 , S_RdO_5 , S_RdO_6 , S_RdO_7 , S_RdO_8 , S_RdO_9 , VisO_1  , VisO_10 , VisO_2  , VisO_3  , VisO_4  , VisO_5  , VisO_6  , VisO_7  , VisO_8  , VisO_9  , Vx      , VxTarget, v_mod1  , v_mod2  , v_mod3  , v_mod4  , Xctc_L1 , Xctc_L2 , Xctc_R1 , Xctc_R2 , Xo      , X_DM_1  , X_DM_10 , X_DM_2  , X_DM_3  , X_DM_4  , X_DM_5  , X_DM_6  , X_DM_7  , X_DM_8  , X_DM_9  , X_L1    , X_L2    , X_Obj_1 , X_Obj_10, X_Obj_2 , X_Obj_3 , X_Obj_4 , X_Obj_5 , X_Obj_6 , X_Obj_7 , X_Obj_8 , X_Obj_9 , X_R1    , X_R2    , Yaw     , YawO_1  , YawO_10 , YawO_2  , YawO_3  , YawO_4  , YawO_5  , YawO_6  , YawO_7  , YawO_8  , YawO_9  , Yaw_L1  , Yaw_L2  , Yaw_R1  , Yaw_R2  , Yctc_L1 , Yctc_L2 , Yctc_R1 , Yctc_R2 , Yo      , Y_DM_1  , Y_DM_10 , Y_DM_2  , Y_DM_3  , Y_DM_4  , Y_DM_5  , Y_DM_6  , Y_DM_7  , Y_DM_8  , Y_DM_9  , Y_L1    , Y_L2    , Y_Obj_1 , Y_Obj_10, Y_Obj_2 , Y_Obj_3 , Y_Obj_4 , Y_Obj_5 , Y_Obj_6 , Y_Obj_7 , Y_Obj_8 , Y_Obj_9 , Y_R1    , Y_R2    , Zgnd_L1 , Zgnd_L2 , Zgnd_R1 , Zgnd_R2 , Zo      , Z_DM_1  , Z_DM_10 , Z_DM_2  , Z_DM_3  , Z_DM_4  , Z_DM_5  , Z_DM_6  , Z_DM_7  , Z_DM_8  , Z_DM_9  , Z_L1    , Z_L2    , Z_Obj_1 , Z_Obj_10, Z_Obj_2 , Z_Obj_3 , Z_Obj_4 , Z_Obj_5 , Z_Obj_6 , Z_Obj_7 , Z_Obj_8 , Z_Obj_9 , Z_R1    , Z_R2    
            0, 7.67994131544e-18,            -0, -7.67994131544e-18,            -0,             0, 2337.08015511, -8.7233971155e-21,             0, -4.93432739115e-11, -1.44153838369e-11, -4.93432739115e-11, -1.44153838369e-11, -3.0784640488e-19,            -0, 3.0784640488e-19,            -0, 4403.56876519, 2520.42785647, 4403.56876519, 2520.42785647,             0,             0,             0,             0,             0,             0,             0,             0,             0,             0,             0,             0,             0,             0,             0,             0,             0,             0,             0,             0,             0,             0, 0.138349657829,            -0,            -0,            -0,            -0,            -0,            -0,            -0,            -0,            -0,            -0,            -0,            -0,            -0,            -0,             0,             0,             0,             0,             0,             0,             0,             0,             0,             0,             0,             0,             0,             0,             0,             0, 1.59027734073e-15,             0, -1.59027734073e-15,             0, 0.00038430460508, 0.00038430460508, 0.00038430460508, 0.00038430460508,             0,             0,             0,             0,             0,             0,             0,             0,             0,             0,             0,             0,             0,             0, 3.33333333333, 33.3333333333, 6.66666666667,            10, 13.3333333333, 16.6666666667,            20, 23.3333333333, 26.6666666667,            30,             1,             1,             1,             1,             1,             1,             1,             1,             1,             1,           120,           120, 2.67060403702e-18,             0,        13.824, 1.54919333848, 0.000784762778035, -2.90920675375, 0.000784762778035, -2.90920675375,             0, 3.33333333333, 33.3333333333, 6.66666666667,            10, 13.3333333333, 16.6666666667,            20, 23.3333333333, 26.6666666667,            30, 0.000784762778035, -2.90920675375, 3.33333333333, 33.3333333333, 6.66666666667,            10, 13.3333333333, 16.6666666667,            20, 23.3333333333, 26.6666666667,            30, 0.000784762778035, -2.90920675375,             0,             0,             0,             0,             0,             0,             0,             0,             0,             0,             0, -1.01504291281e-15,             0, 1.61869747837e-15,             0,        0.8375,        0.8375,       -0.8375,       -0.8375,             0,             0,             0,             0,             0,             0,             0,             0,             0,             0,             0,        0.8375,        0.8375,             0,             0,             0,             0,             0,             0,             0,             0,             0,             0,       -0.8375,       -0.8375,            -0,            -0,            -0,            -0, -0.00743027926884,             0,             0,             0,             0,             0,             0,             0,             0,             0,             0, 0.317568773264, 0.324595418446,             0,             0,             0,             0,             0,             0,             0,             0,             0,             0, 0.317568773264, 0.324595418446
        0.025, -0.000556111154882, -0.000287758407516, 0.000556111154883, 0.000287758407516, 7.33952146871e-16, 2314.03738958, -3.45178341888e-17,             0, -27.9780345651, -14.5006598925, -27.9780345651, -14.5006598925, 0.443130835975, 0.231993446769, -0.443130835976, -0.231993446769, 4388.56414955, 2529.40586862, 4388.56414955, 2529.40586862,             0,             0,             0,             0,             0,             0,             0,             0,             0,             0,             0,             0,             0,             0,             0,             0,             0,             0,             0,             0,             0, 1.07256121876e-20, 0.135900641078,            -0,            -0,            -0,            -0,            -0,            -0,            -0,            -0,            -0,            -0,            -0,            -0,            -0,            -0, -9.29912136355e-18,             0,             0,             0,             0,             0,             0,             0,             0,             0,             0,             0,             0,             0,             0, -9.29914752192e-18, -0.000640836890768, -0.000447196288758, 0.000640836890767, 0.000447196288758, 0.408341897282, 0.408349836545, 0.408341897282, 0.408349836545, 0.833244324612, 0.000346526382238, -0.000346526382238, 1.65180732629e-15,             0,             0,             0,             0,             0,             0,             0,             0,             0,             0, 4.14902062082, 34.1409745319, 7.48145994427, 10.8138992677, 14.1463385912, 17.4787779146, 20.8112172381, 24.1436565615,  27.476095885, 30.8085352084,             1,             1,             1,             1,             1,             1,             1,             1,             1,             1, 119.967383043,           120,             0, 0.182802681123, 13.8127337843, 1.54898284133, 0.834012539922, -2.07597863866, 0.834012539922, -2.07597863866, 0.833244324612,  4.1656648997, 34.1574500755, 7.49808547479, 10.8305060499,  14.162926625, 17.4953472001, 20.8277677751, 24.1601883502, 27.4926089253, 30.8250295004,  0.8340125399, -2.07597863867,  4.1656648997, 34.1574500755, 7.49808547479, 10.8305060499,  14.162926625, 17.4953472001, 20.8277677751, 24.1601883502, 27.4926089253, 30.8250295004,  0.8340125399, -2.07597863867, 8.82482840364e-18,             0,             0,             0,             0,             0,             0,             0,             0,             0,             0, 0.000348047369629, 0.000193682009452, -0.000348047369629, -0.000193682009452, 0.837497893126, 0.837497655353, -0.837497893126, -0.837497655353, 1.07256121876e-20,             0,             0,             0,             0,             0,             0,             0,             0,             0,             0, 0.837501445668, 0.837500188575,             0,             0,             0,             0,             0,             0,             0,             0,             0,             0, -0.837501445668, -0.837500188575,            -0,            -0,            -0,            -0, -0.00732205148922,             0,             0,             0,             0,             0,             0,             0,             0,             0,             0, 0.317624760616, 0.324561918391,             0,             0,             0,             0,             0,             0,             0,             0,             0,             0, 0.317624760616, 0.324561918391
         0.05, -0.00154570494144, -0.000119738825054, 0.00154570494144, 0.000119738825054, 2.6692328513e-15, 2297.78123749, 5.77783995692e-17,             0, -37.163464572, -14.3638247914, -37.163464572, -14.3638247914, 1.45160060075, 0.150702462943, -1.45160060075, -0.150702462942, 4341.09816965, 2535.97785237, 4341.09816965, 2535.97785237,             0,             0,             0,             0,             0,             0,             0,             0,             0,             0,             0,             0,             0,             0,             0,             0,             0,             0,             0,             0,             0, -1.66174546679e-19, 0.12969641531,            -0,            -0,            -0,            -0,            -0,            -0,            -0,            -0,            -0,            -0,            -0,            -0,            -0,            -0, -3.07301856651e-17,             0,             0,             0,             0,             0,             0,             0,             0,             0,             0,             0,             0,             0,             0, -3.07302643963e-17, -0.00202580091089, -0.000433397238402, 0.00202580091089, 0.000433397238402, 0.816157453916, 0.816194158652, 0.816157453916, 0.816194158652, 1.66628994814, 0.00109636169484, -0.00109636169483, -2.76886607826e-15,             0,             0,             0,             0,             0,             0,             0,             0,             0,             0, 4.98112056591, 34.9645251124, 8.31260995996,  11.644099354, 14.9755887481, 18.3070781421, 21.6385675362, 24.9700569302, 28.3015463243, 31.6330357184,             1,             1,             1,             1,             1,             1,             1,             1,             1,             1, 119.933301299,           120,             0, 0.290426425316, 13.8009659724, 1.54876281956, 1.66702095445, -1.24296888823, 1.66702095445, -1.24296888823, 1.66628994814, 4.99776004633, 34.9809909301, 8.32923014453, 11.6607002427, 14.9921703409, 18.3236404391, 21.6551105373, 24.9865806355, 28.3180507337, 31.6495208319, 1.66702095423, -1.24296888824, 4.99776004633, 34.9809909301, 8.32923014453, 11.6607002427, 14.9921703409, 18.3236404391, 21.6551105373, 24.9865806355, 28.3180507337, 31.6495208319, 1.66702095423, -1.24296888824, 2.89827965602e-17,             0,             0,             0,             0,             0,             0,             0,             0,             0,             0, 0.00110095017422, 0.000186776840701, -0.00110095017421, -0.000186776840701, 0.837493314991, 0.837497724382, -0.837493314991, -0.837497724382, -1.66174546679e-19,             0,             0,             0,             0,             0,             0,             0,             0,             0,             0, 0.837504551479, 0.837500179251,             0,             0,             0,             0,             0,             0,             0,             0,             0,             0, -0.837504551479, -0.837500179251,            -0,            -0,            -0,            -0, -0.00703216491437,             0,             0,             0,             0,             0,             0,             0,             0,             0,             0, 0.317801872303, 0.324537396064,             0,             0,             0,             0,             0,             0,             0,             0,             0,             0, 0.317801872303, 0.324537396064
        0.075, -0.0031757019927, -0.000196167867069, 0.0031757019927, 0.000196167867068, 3.68587710003e-15, 2288.44606142, -4.37727568988e-18,             0, -46.3365195378, -14.1100693821, -46.3365195378, -14.1100693821, 3.29968965186, 0.124060417481, -3.29968965186, -0.124060417481,  4289.9750694, 2531.87093727,  4289.9750694, 2531.87093727,             0,             0,             0,             0,             0,             0,             0,             0,             0,             0,             0,             0,             0,             0,             0,             0,             0,             0,             0,             0,             0, 6.33457616021e-19, 0.122158804289,            -0,            -0,            -0,            -0,            -0,            -0,            -0,            -0,            -0,            -0,            -0,            -0,            -0,            -0, -4.96988335332e-17,             0,             0,             0,             0,             0,             0,             0,             0,             0,             0,             0,             0,             0,             0, -4.96989464923e-17, -0.00453322666203, -0.000343095431693, 0.00453322666203, 0.000343095431693, 1.22382049343, 1.22392416743, 1.22382049343, 1.22392416743, 2.49910688839, 0.00245721369023, -0.00245721369023, -4.29327116921e-15,             0,             0,             0,             0,             0,             0,             0,             0,             0,             0,   5.812963239, 35.7875555595, 9.14347349683, 12.4739837547, 15.8044940125, 19.1350042703, 22.4655145282,  25.796024786, 29.1265350438, 32.4570453017,             1,             1,             1,             1,             1,             1,             1,             1,             1,             1, 119.898026105,           120,             0, 0.350944143998, 13.7887957013, 1.54853510853, 2.49979186298, -0.4101953844, 2.49979186298, -0.4101953844, 2.49910688839, 5.82959729116,  35.804010916, 9.16008769392, 12.4905780967, 15.8210684994, 19.1515589022,  22.482049305, 25.8125397077, 29.1430301105, 32.4735205133,  2.4997918619, -0.410195384405, 5.82959729116,  35.804010916, 9.16008769392, 12.4905780967, 15.8210684994, 19.1515589022,  22.482049305, 25.8125397077, 29.1430301105, 32.4735205133,  2.4997918619, -0.410195384405, 1.01449383193e-16,             0,             0,             0,             0,             0,             0,             0,             0,             0,             0, 0.00246688446155, 0.000147812040557, -0.00246688446155, -0.000147812040557, 0.837484943348, 0.83749819851, -0.837484943348, -0.83749819851, 6.33457616021e-19,             0,             0,             0,             0,             0,             0,             0,             0,             0,             0, 0.837510102839, 0.837500141978,             0,             0,             0,             0,             0,             0,             0,             0,             0,             0, -0.837510102839, -0.837500141978, 5.55111512313e-17,            -0, 5.55111512313e-17,            -0, -0.00663760029104,             0,             0,             0,             0,             0,             0,             0,             0,             0,             0, 0.317992629343, 0.324552720377,             0,             0,             0,             0,             0,             0,             0,             0,             0,             0, 0.317992629343, 0.324552720377
          0.1, -0.00524198332866, -0.000759734524898, 0.00524198332866, 0.000759734524897, 4.73651066031e-15, 2285.01061485, 2.29825669935e-17,             0, -51.7005517604, -13.8981574128, -51.7005517605, -13.8981574128, 5.88776575299, 0.444179112822, -5.88776575299, -0.444179112821,    4253.78918, 2519.22755254,    4253.78918, 2519.22755254,             0,             0,             0,             0,             0,             0,             0,             0,             0,             0,             0,             0,             0,             0,             0,             0,             0,             0,             0,             0,             0, 2.36849385131e-18, 0.115346273092,            -0,            -0,            -0,            -0,            -0,            -0,            -0,            -0,            -0,            -0,            -0,            -0,            -0,            -0, -7.75759909083e-17,             0,             0,             0,             0,             0,             0,             0,             0,             0,             0,             0,             0,             0,             0, -7.7576148111e-17, -0.00798039466991, -0.000890348414993, 0.00798039466991, 0.000890348414993,  1.6313317975, 1.63153220668,  1.6313317975, 1.63153220668, 3.33166893592, 0.00433510543255, -0.00433510543255, -7.5294074182e-15,             0,             0,             0,             0,             0,             0,             0,             0,             0,             0, 6.64452843898, 36.6101017259, 9.97403658197,  13.303544725,  16.633052868, 19.9625610109, 23.2920691539, 26.6215772969, 29.9510854399, 33.2805935829,             1,             1,             1,             1,             1,             1,             1,             1,             1,             1, 119.861850728,           120,             0, 0.377502422226, 13.7763230661,  1.5483015663, 3.33231113654, 0.422326633915, 3.33231113654, 0.422326633915, 3.33166893592, 6.66115688752, 36.6265484519, 9.99064483911, 13.3201327907, 16.6496207423, 19.9791086939, 23.3085966455, 26.6380845971, 29.9675725487, 33.2970605003, 3.33231113317, 0.422326633881, 6.66115688752, 36.6265484519, 9.99064483911, 13.3201327907, 16.6496207423, 19.9791086939, 23.3085966455, 26.6380845971, 29.9675725487, 33.2970605003, 3.33231113317, 0.422326633881, 2.29082479691e-16,             0,             0,             0,             0,             0,             0,             0,             0,             0,             0, 0.00435118014818, 0.000384932527514, -0.00435118014818, -0.000384932527514, 0.837473275329, 0.837495329242, -0.837473275329, -0.837495329242, 2.36849385131e-18,             0,             0,             0,             0,             0,             0,             0,             0,             0,             0, 0.837517585473, 0.837500373366,             0,             0,             0,             0,             0,             0,             0,             0,             0,             0, -0.837517585473, -0.837500373366,            -0, 5.55111512313e-17,            -0, 5.55111512313e-17, -0.00622320156944,             0,             0,             0,             0,             0,             0,             0,             0,             0,             0, 0.318127649228, 0.324599897153,             0,             0,             0,             0,             0,             0,             0,             0,             0,             0, 0.318127649228, 0.324599897153
        0.125, -0.00745174170796, -0.00173607923239, 0.00745174170796, 0.00173607923239, 1.96839346467e-15, 2286.09528584, 4.11290631272e-18,             0, -52.6164400797, -13.790912608, -52.6164400797, -13.790912608, 8.87810574248,  1.1464274704, -8.87810574248, -1.1464274704, 4237.87898852, 2505.66214456, 4237.87898852, 2505.66214456,             0,             0,             0,             0,             0,             0,             0,             0,             0,             0,             0,             0,             0,             0,             0,             0,             0,             0,             0,             0,             0, 2.94956905372e-18, 0.110099056539,            -0,            -0,            -0,            -0,            -0,            -0,            -0,            -0,            -0,            -0,            -0,            -0,            -0,            -0, -1.4361442349e-16,             0,             0,             0,             0,             0,             0,             0,             0,             0,             0,             0,             0,             0,             0, -1.4361468864e-16, -0.0118887323694, -0.00238242694316, 0.0118887323694, 0.00238242694316, 2.03870393618, 2.03901391678, 2.03870393618, 2.03901391678, 4.16396403764, 0.00647405404893, -0.00647405404893, -5.4915043449e-15,             0,             0,             0,             0,             0,             0,             0,             0,             0,             0,  7.4758166681, 37.4322798356, 10.8043125756, 14.1328084831, 17.4613043906, 20.7898002981, 24.1182962056, 27.4467921131, 30.7752880206, 34.1037839281,             1,             1,             1,             1,             1,             1,             1,             1,             1,             1, 119.825313633,           120,             0, 0.376343438612, 13.7637320647, 1.54806562894, 4.16457205009, 1.25458956009, 4.16457205009, 1.25458956009, 4.16396403764, 7.49243969068,  37.448720568, 10.8209153437, 14.1493909967, 17.4778666498, 20.8063423028, 24.1348179558, 27.4632936089, 30.7917692619, 34.1202449149,  4.1645720426, 1.25458955985, 7.49243969068,  37.448720568, 10.8209153437, 14.1493909967, 17.4778666498, 20.8063423028, 24.1348179558, 27.4632936089, 30.7917692619, 34.1202449149,  4.1645720426, 1.25458955985, 3.14518925303e-16,             0,             0,             0,             0,             0,             0,             0,             0,             0,             0, 0.00649691131161, 0.001029601759, -0.0064969113116, -0.001029601759, 0.837459838889, 0.837487491737, -0.837459838889, -0.837487491737, 2.94956905372e-18,             0,             0,             0,             0,             0,             0,             0,             0,             0,             0, 0.837525861906, 0.837500991094,             0,             0,             0,             0,             0,             0,             0,             0,             0,             0, -0.837525861906, -0.837500991094,            -0,            -0,            -0,            -0, -0.00584823187321,             0,             0,             0,             0,             0,             0,             0,             0,             0,             0, 0.31818701185, 0.324650514105,             0,             0,             0,             0,             0,             0,             0,             0,             0,             0, 0.31818701185, 0.324650514105
         0.15, -0.00955855073146, -0.0028410143407, 0.00955855073145, 0.0028410143407, 1.32320003741e-15,  2290.3534837, 1.18375684137e-16,             0, -49.7953677906, -13.7976576759, -49.7953677905, -13.7976576759,  11.899710114, 2.04827952388, -11.899710114, -2.04827952388,  4238.3991069, 2497.90467526,  4238.3991069, 2497.90467526,             0,             0,             0,             0,             0,             0,             0,             0,             0,             0,             0,             0,             0,             0,             0,             0,             0,             0,             0,             0,             0, 3.85729353781e-18, 0.106219298837,            -0,            -0,            -0,            -0,            -0,            -0,            -0,            -0,            -0,            -0,            -0,            -0,            -0,            -0, -1.29227407803e-16,             0,             0,             0,             0,             0,             0,             0,             0,             0,             0,             0,             0,             0,             0, -1.29227629871e-16, -0.0157760421163, -0.00457039577259, 0.0157760421163, 0.00457039577259, 2.44595287698, 2.44636878868, 2.44595287698, 2.44636878868, 4.99599329397, 0.00861179139104, -0.00861179139104, -4.51503181224e-15,             0,             0,             0,             0,             0,             0,             0,             0,             0,             0, 8.30684199783, 38.2542225769, 11.6343287288, 14.9618154598, 18.2893021909, 21.6167889219, 24.9442756529, 28.2717623839, 31.5992491149, 34.9267358459,             1,             1,             1,             1,             1,             1,             1,             1,             1,             1, 119.788931337,           120,             0, 0.352377143092, 13.7511995091,  1.5478306081, 4.99657507971, 2.08659366965, 4.99657507971, 2.08659366965, 4.99599329397, 8.32345995209, 38.2706598752, 11.6509266102, 14.9783932683, 18.3058599265, 21.6333265846, 24.9607932427, 28.2882599008, 31.6157265589, 34.9431932171,  4.9965750665, 2.08659366876, 8.32345995209, 38.2706598752, 11.6509266102, 14.9783932683, 18.3058599265, 21.6333265846, 24.9607932427, 28.2882599008, 31.6157265589, 34.9431932171,  4.9965750665, 2.08659366876, 3.69283065597e-16,             0,             0,             0,             0,             0,             0,             0,             0,             0,             0, 0.00864105305738, 0.00197374163042, -0.00864105305737, -0.00197374163042, 0.837446267129, 0.837475977308, -0.837446267129, -0.837475977308, 3.85729353781e-18,             0,             0,             0,             0,             0,             0,             0,             0,             0,             0, 0.83753387744, 0.837501876487,             0,             0,             0,             0,             0,             0,             0,             0,             0,             0, -0.83753387744, -0.837501876487, 5.55111512313e-17, 5.55111512313e-17, 5.55111512313e-17, 5.55111512313e-17, -0.00553747410582,             0,             0,             0,             0,             0,             0,             0,             0,             0,             0, 0.318185065898, 0.324679459134,             0,             0,             0,             0,             0,             0,             0,             0,             0,             0, 0.318185065898, 0.324679459134
        0.175, -0.0114247291263, -0.00378386050358, 0.0114247291263, 0.00378386050358, -1.77736086244e-15, 2296.71770617, 4.36710535553e-17,             0, -44.452442536, -13.8896332843, -44.452442536, -13.8896332843, 14.6692095725, 2.90500823904, -14.6692095725, -2.90500823904, 4247.82803296,  2497.9846537, 4247.82803296,  2497.9846537,             0,             0,             0,             0,             0,             0,             0,             0,             0,             0,             0,             0,             0,             0,             0,             0,             0,             0,             0,             0,             0, 6.05363404709e-18, 0.103085783257,            -0,            -0,            -0,            -0,            -0,            -0,            -0,            -0,            -0,            -0,            -0,            -0,            -0,            -0, -4.64794213799e-18,             0,             0,             0,             0,             0,             0,             0,             0,             0,             0,             0,             0,             0,             0, -4.64794966086e-18, -0.0193181819938, -0.00689159072828, 0.0193181819938, 0.00689159072828,  2.8530928568, 2.85359894974,  2.8530928568, 2.85359894974, 5.82776481112, 0.0105685483388, -0.0105685483388, -1.4182018737e-15,             0,             0,             0,             0,             0,             0,             0,             0,             0,             0, 9.13762316868, 39.0760450926, 12.4641144936, 15.7906058184, 19.1170971433, 22.4435884682, 25.7700797931, 29.0965711179, 32.4230624428, 35.7495537677,             1,             1,             1,             1,             1,             1,             1,             1,             1,             1, 119.753092428,           120,             0, 0.309485053649, 13.7388591283, 1.54759901661, 5.82832511736, 2.91834420434, 5.82832511736, 2.91834420434, 5.82776481112, 9.15423642296, 39.0924809296, 12.4807080348, 15.8071796467, 19.1336512585, 22.4601228703, 25.7865944822,  29.113066094, 32.4395377059, 35.7660093177, 5.82832509751, 2.91834420232, 9.15423642296, 39.0924809296, 12.4807080348, 15.8071796467, 19.1336512585, 22.4601228703, 25.7865944822,  29.113066094, 32.4395377059, 35.7660093177, 5.82832509751, 2.91834420232, 4.00483502898e-16,             0,             0,             0,             0,             0,             0,             0,             0,             0,             0, 0.0106033224916, 0.00297461031163, -0.0106033224916, -0.00297461031163, 0.837433725106, 0.837463739559, -0.837433725106, -0.837463739559, 6.05363404709e-18,             0,             0,             0,             0,             0,             0,             0,             0,             0,             0, 0.837540994392, 0.837502792276,             0,             0,             0,             0,             0,             0,             0,             0,             0,             0, -0.837540994392, -0.837502792276,            -0,            -0,            -0,            -0, -0.00528876928798,             0,             0,             0,             0,             0,             0,             0,             0,             0,             0, 0.318149877316, 0.324679159391,             0,             0,             0,             0,             0,             0,             0,             0,             0,             0, 0.318149877316, 0.324679159391
          0.2, -0.0130200846727, -0.0044117127638, 0.0130200846727, 0.0044117127638, -2.54878297712e-15, 2304.49856903, 4.13948037459e-17,             0, -37.8817498809, -14.021088239, -37.8817498809, -14.021088239, 17.0381104752, 3.54635393397, -17.0381104752, -3.54635393397, 4259.21621315, 2503.51056759, 4259.21621315, 2503.51056759,             0,             0,             0,             0,             0,             0,             0,             0,             0,             0,             0,             0,             0,             0,             0,             0,             0,             0,             0,             0,             0, 8.04287078574e-18, 0.100164788389,            -0,            -0,            -0,            -0,            -0,            -0,            -0,            -0,            -0,            -0,            -0,            -0,            -0,            -0, 1.81232954303e-16,             0,             0,             0,             0,             0,             0,             0,             0,             0,             0,             0,             0,             0,             0, 1.81233231248e-16, -0.0223867593904, -0.00882796732073, 0.0223867593904, 0.00882796732073, 3.26013392581, 3.26070768195, 3.26013392581, 3.26070768195, 6.65928806329, 0.0122703998723, -0.0122703998723, -8.01418378941e-16,             0,             0,             0,             0,             0,             0,             0,             0,             0,             0, 9.96817659554, 39.8978261716, 13.2936932151, 16.6192098347, 19.9447264542, 23.2702430738, 26.5957596933, 29.9212763129, 33.2467929324,  36.572309552,             1,             1,             1,             1,             1,             1,             1,             1,             1,             1, 119.718027148,           120,             0, 0.250076902921, 13.7267908815, 1.54737236452, 6.65982870315, 3.74984821275, 6.65982870315, 3.74984821275, 6.65928806329,  9.9847854257, 39.9142616874, 13.3102827881, 16.6357801505, 19.9612775129, 23.2867748753, 26.6122722377, 29.9377696002, 33.2632669626,  36.588764325, 6.65982867645, 3.74984820942,  9.9847854257, 39.9142616874, 13.3102827881, 16.6357801505, 19.9612775129, 23.2867748753, 26.6122722377, 29.9377696002, 33.2632669626,  36.588764325, 6.65982867645, 3.74984820942, 3.78778012335e-16,             0,             0,             0,             0,             0,             0,             0,             0,             0,             0, 0.0123095553164, 0.00380891278994, -0.0123095553164, -0.00380891278994, 0.837422723607, 0.837453515519, -0.837422723607, -0.837453515519, 8.04287078574e-18,             0,             0,             0,             0,             0,             0,             0,             0,             0,             0, 0.837547015372, 0.837503537964,             0,             0,             0,             0,             0,             0,             0,             0,             0,             0, -0.837547015372, -0.837503537964,            -0,            -0,            -0,            -0, -0.00508613755233,             0,             0,             0,             0,             0,             0,             0,             0,             0,             0, 0.318107377908, 0.324658538805,             0,             0,             0,             0,             0,             0,             0,             0,             0,             0, 0.318107377908, 0.324658538805
        0.225, -0.0143858124573, -0.00473317989094, 0.0143858124573, 0.00473317989094, -3.25911767527e-15, 2321.87681417, 4.0059123423e-17,             0, -29.9087456661, -14.1615652351, -29.9087456661, -14.1615652351, 18.9650966093, 3.92751438767, -18.9650966093, -3.92751438767, 4268.18638493, 2510.42622632, 4268.18638493, 2510.42622632,             0,             0,             0,             0,             0,             0,             0,             0,             0,             0,             0,             0,             0,             0,             0,             0,             0,             0,             0,             0,             0, 9.31533590429e-18, 0.0972006373338,            -0,            -0,            -0,            -0,            -0,            -0,            -0,            -0,            -0,            -0,            -0,            -0,            -0,            -0, 3.90075521734e-16,             0,             0,             0,             0,             0,             0,             0,             0,             0,             0,             0,             0,             0,             0, 3.90076083056e-16, -0.0250062468959, -0.0101335392816, 0.0250062468959, 0.0101335392817, 3.66708259004, 3.66769838984, 3.66708259004, 3.66769838984, 7.49057112827, 0.0137280119206, -0.0137280119206, 1.36446348209e-15,             0,             0,             0,             0,             0,             0,             0,             0,             0,             0, 10.7985141024, 40.7196110595, 14.1230804309, 17.4476467595, 20.7722130881, 24.0967794167, 27.4213457452, 30.7459120738, 34.0704784024,  37.395044731,             1,             1,             1,             1,             1,             1,             1,             1,             1,             1, 119.683851259,           120,             0, 0.107155564508, 13.7150353896, 1.54715142653, 7.49109245082, 4.58111259778, 7.49109245082, 4.58111259778, 7.49057112827, 10.8151187597, 40.7360474426, 14.1396663911, 17.4642140226,  20.788761654, 24.1133092855, 27.4378569169, 30.7624045483, 34.0869521798, 37.4114998112, 7.49109241745,  4.5811125934, 10.8151187597, 40.7360474426, 14.1396663911, 17.4642140226,  20.788761654, 24.1133092855, 27.4378569169, 30.7624045483, 34.0869521798, 37.4114998112, 7.49109241745,  4.5811125934, 3.03136486447e-16,             0,             0,             0,             0,             0,             0,             0,             0,             0,             0, 0.0137704540941, 0.00437074034428, -0.013770454094, -0.00437074034428, 0.837413226272, 0.83744661496, -0.837413226272, -0.83744661496, 9.31533590429e-18,             0,             0,             0,             0,             0,             0,             0,             0,             0,             0, 0.837552046877, 0.837504030682,             0,             0,             0,             0,             0,             0,             0,             0,             0,             0, -0.837552046877, -0.837504030682,            -0,            -0,            -0,            -0, -0.00491095563861,             0,             0,             0,             0,             0,             0,             0,             0,             0,             0, 0.318073901106, 0.324632732884,             0,             0,             0,             0,             0,             0,             0,             0,             0,             0, 0.318073901106, 0.324632732884
         0.25, -0.0155929323776, -0.00484779045044, 0.0155929323776, 0.00484779045044, -3.46932367203e-15, 2359.67457114, -1.81213382303e-17,             0, -21.0342753318, -14.3023605414, -21.0342753318, -14.3023605414, 20.4987291601,  4.1000722636, -20.4987291601, -4.1000722636, 4272.97638777, 2515.85078764, 4272.97638777, 2515.85078764,             0,             0,             0,             0,             0,             0,             0,             0,             0,             0,             0,             0,             0,             0,             0,             0,             0,             0,             0,             0,             0, 1.17814857354e-17, 0.0941301561005,            -0,            -0,            -0,            -0,            -0,            -0,            -0,            -0,            -0,            -0,            -0,            -0,            -0,            -0, 6.91160509581e-16,             0,             0,             0,             0,             0,             0,             0,             0,             0,             0,             0,             0,             0,             0, 6.91161442324e-16, -0.0272832647104, -0.0108426718432, 0.0272832647104, 0.0108426718432,  4.0739493637, 4.07457458448,  4.0739493637, 4.07457458448, 8.32162165473, 0.0149986061575, -0.0149986061575, 1.74389786505e-15,             0,             0,             0,             0,             0,             0,             0,             0,             0,             0, 11.6286503415, 41.5414775612, 14.9522978104, 18.2759452792, 21.5995927481, 24.9232402169, 28.2468876858, 31.5705351546, 34.8941826235, 38.2178300923,             1,             1,             1,             1,             1,             1,             1,             1,             1,             1, 119.650807698,           120, 0.095669324455,             0, 13.7036764252, 1.54693779109, 8.32212351212, 5.41214459061, 8.32212351212, 5.41214459061, 8.32162165473, 11.6452510544,  41.557915651,  14.968880454, 18.2925098536, 21.6161392532, 24.9397686529, 28.2633980525, 31.5870274521, 34.9106568517, 38.2342862514, 8.32212347235, 5.41214458559, 11.6452510544,  41.557915651,  14.968880454, 18.2925098536, 21.6161392532, 24.9397686529, 28.2633980525, 31.5870274521, 34.9106568517, 38.2342862514, 8.32212347235, 5.41214458559, 2.41477247093e-16,             0,             0,             0,             0,             0,             0,             0,             0,             0,             0, 0.015043449602, 0.00467517999504, -0.015043449602, -0.00467517999504, 0.837404884248, 0.837442864287, -0.837404884248, -0.837442864287, 1.17814857354e-17,             0,             0,             0,             0,             0,             0,             0,             0,             0,             0, 0.837556337061, 0.83750429406,             0,             0,             0,             0,             0,             0,             0,             0,             0,             0, -0.837556337061, -0.83750429406,            -0, -5.55111512313e-17,            -0, -5.55111512313e-17, -0.00474790489688,             0,             0,             0,             0,             0,             0,             0,             0,             0,             0, 0.318056022195, 0.324612491249,             0,             0,             0,             0,             0,             0,             0,             0,             0,             0, 0.318056022195, 0.324612491249
        0.275, -0.0167141562564, -0.00483240703587, 0.0167141562564, 0.00483240703587, -1.13708734066e-15, 2405.97211686, -1.26673191241e-16,             0,  5.6253784276, -14.601029767, 5.62537842762, -14.601029767, 21.6444878426, 4.14008557694, -21.6444878426, -4.14008557694, 4273.57816232, 2519.19943009, 4273.57816232, 2519.19943009,             0,             0,             0,             0,             0,             0,             0,             0,             0,             0,             0,             0,             0,             0,             0,             0,             0,             0,             0,             0,             0, 1.46098311811e-17, 0.0909195464747,            -0,            -0,            -0,            -0,            -0,            -0,            -0,            -0,            -0,            -0,            -0,            -0,            -0,            -0, 1.06052514966e-15,             0,             0,             0,             0,             0,             0,             0,             0,             0,             0,             0,             0,             0,             0, 1.0605264849e-15, -0.0293463513578, -0.0111228791215, 0.0293463513578, 0.0111228791215, 4.48076265762, 4.48134050714, 4.48076265762, 4.48134050714, 9.15244923769, 0.0161526357197, -0.0161526357197, -1.0712404939e-15,             0,             0,             0,             0,             0,             0,             0,             0,             0,             0, 12.4586150619, 42.3636379479, 15.7813953826, 19.1041757033, 22.4269560239, 25.7497363446, 29.0725166652, 32.3952969859, 35.7180773066, 39.0408576272,             1,             1,             1,             1,             1,             1,             1,             1,             1,             1, 119.619674538,           120, 0.227105721166,             0,  13.692980553, 1.54673649192, 9.15293195853, 6.24295336716, 9.15293195853, 6.24295336716, 9.15244923769, 12.4752133322, 42.3800901829, 15.7979774267, 19.1207415213, 22.4435056158, 25.7662697103, 29.0890338048, 32.4117978993, 35.7345619939, 39.0573260884, 9.15293191248, 6.24295336188, 12.4752133322, 42.3800901829, 15.7979774267, 19.1207415213, 22.4435056158, 25.7662697103, 29.0890338048, 32.4117978993, 35.7345619939, 39.0573260884, 9.15293191248, 6.24295336188, 1.83013396742e-16,             0,             0,             0,             0,             0,             0,             0,             0,             0,             0, 0.0161992242217, 0.00479467405313, -0.0161992242217, -0.00479467405313,  0.8373972473, 0.837441381379, -0.8373972473, -0.837441381379, 1.46098311811e-17,             0,             0,             0,             0,             0,             0,             0,             0,             0,             0, 0.837560151414, 0.837504396257,             0,             0,             0,             0,             0,             0,             0,             0,             0,             0, -0.837560151414, -0.837504396257, 5.55111512313e-17, 5.55111512313e-17, 5.55111512313e-17, 5.55111512313e-17, -0.00458658468073,             0,             0,             0,             0,             0,             0,             0,             0,             0,             0, 0.318053771108, 0.32459999601,             0,             0,             0,             0,             0,             0,             0,             0,             0,             0, 0.318053771108, 0.32459999601
          0.3, -0.0178177078754, -0.00464710719028, 0.0178177078754, 0.00464710719029, -4.32456740752e-15, 2448.67759243, -2.2360705294e-17,             0,  55.441619674, -15.2193217416,  55.441619674, -15.2193217416, 24.2238487053, 4.05490831894, -24.2238487053, -4.05490831894,  4269.6911708, 2523.18675041,  4269.6911708, 2523.18675041,             0,             0,             0,             0,             0,             0,             0,             0,             0,             0,             0,             0,             0,             0,             0,             0,             0,             0,             0,             0,             0, 1.64735675079e-17, 0.0872018950035,            -0,            -0,            -0,            -0,            -0,            -0,            -0,            -0,            -0,            -0,            -0,            -0,            -0,            -0, 1.41799742989e-15,             0,             0,             0,             0,             0,             0,             0,             0,             0,             0,             0,             0,             0,             0, 1.41799907219e-15, -0.0313194223853, -0.011039478354, 0.0313194223853, 0.011039478354, 4.88762772846, 4.88800660093, 4.88762772846, 4.88800660093, 9.98308089875, 0.017258738895, -0.017258738895, 4.71304458799e-15,             0,             0,             0,             0,             0,             0,             0,             0,             0,             0,  13.288519952,  43.186970482, 16.6105700109, 19.9326200698, 23.2546701287, 26.5767201876, 29.8987702464, 33.2208203053, 36.5428703642, 39.8649204231,             1,             1,             1,             1,             1,             1,             1,             1,             1,             1, 119.593557799,           120, 0.324571531434,             0, 13.6840122527, 1.54656760509, 9.98354291988, 7.07356374811, 9.98354291988, 7.07356374811, 9.98308089875, 13.3051181931, 43.2034538424, 16.6271554875, 19.9491927818, 23.2712300762, 26.5932673706, 29.9153046649, 33.2373419593, 36.5593792537,  39.881416548, 9.98354286737, 7.07356374292, 13.3051181931, 43.2034538424, 16.6271554875, 19.9491927818, 23.2712300762, 26.5932673706, 29.9153046649, 33.2373419593, 36.5593792537,  39.881416548, 9.98354286737, 7.07356374292, 9.93096125874e-17,             0,             0,             0,             0,             0,             0,             0,             0,             0,             0, 0.017306425837, 0.00475718545477, -0.017306425837, -0.00475718545477, 0.837389941403, 0.837441822846, -0.837389941403, -0.837441822846, 1.64735675079e-17,             0,             0,             0,             0,             0,             0,             0,             0,             0,             0, 0.837563806129, 0.837504362363,             0,             0,             0,             0,             0,             0,             0,             0,             0,             0, -0.837563806129, -0.837504362363,            -0, 5.55111512313e-17,            -0, 5.55111512313e-17, -0.00441597954733,             0,             0,             0,             0,             0,             0,             0,             0,             0,             0, 0.318068269007, 0.324585118041,             0,             0,             0,             0,             0,             0,             0,             0,             0,             0, 0.318068269007, 0.324585118041
        0.325, -0.0189159943175, -0.00416115187124, 0.0189159943175, 0.00416115187124, -2.57366148899e-15, 2482.70557805, -3.46114742597e-17,             0,  110.44616597, -15.9473415848,  110.44616597, -15.9473415848, 26.0331505248,  3.7636332365, -26.0331505248, -3.7636332365,  4260.9886537, 2531.18711658,  4260.9886537, 2531.18711658,             0,             0,             0,             0,             0,             0,             0,             0,             0,             0,             0,             0,             0,             0,             0,             0,             0,             0,             0,             0,             0, 1.8248975658e-17, 0.0824053936021,            -0,            -0,            -0,            -0,            -0,            -0,            -0,            -0,            -0,            -0,            -0,            -0,            -0,            -0, 1.84048045919e-15,             0,             0,             0,             0,             0,             0,             0,             0,             0,             0,             0,             0,             0,             0, 1.84048236276e-15, -0.0333238240048, -0.01045398606, 0.0333238240048, 0.01045398606, 5.29461072092, 5.29459335226, 5.29461072092, 5.29459335226, 10.8135640046, 0.0183282400947, -0.0183282400947, 2.4262857642e-15,             0,             0,             0,             0,             0,             0,             0,             0,             0,             0,  14.118461447, 44.0120152593, 17.4399674262, 20.7614734053, 24.0829793844, 27.4044853636, 30.7259913427, 34.0474973219,  37.369003301, 40.6905092801,             1,             1,             1,             1,             1,             1,             1,             1,             1,             1,  119.57418421,           120, 0.39882114974,             0, 13.6773612008, 1.54644229602, 10.8139995855, 7.90402000909, 10.8139995855, 7.90402000909, 10.8135640046, 14.1350610589, 44.0285345478, 17.4565581133, 20.7780551676, 24.0995522219, 27.4210492762, 30.7425463306, 34.0640433849, 37.3855404392, 40.7070374935, 10.8139995262, 7.90402000444, 14.1350610589, 44.0285345478, 17.4565581133, 20.7780551676, 24.0995522219, 27.4210492762, 30.7425463306, 34.0640433849, 37.3855404392, 40.7070374935, 10.8139995262, 7.90402000444, 1.45419433697e-17,             0,             0,             0,             0,             0,             0,             0,             0,             0,             0, 0.018376186925, 0.00450258594164, -0.018376186925, -0.00450258594164, 0.837382425591, 0.837444921214, -0.837382425591, -0.837444921214, 1.8248975658e-17,             0,             0,             0,             0,             0,             0,             0,             0,             0,             0, 0.837567436313, 0.837504138424,             0,             0,             0,             0,             0,             0,             0,             0,             0,             0, -0.837567436313, -0.837504138424,            -0,            -0,            -0,            -0, -0.00422503996189,             0,             0,             0,             0,             0,             0,             0,             0,             0,             0, 0.318100734803, 0.324555266551,             0,             0,             0,             0,             0,             0,             0,             0,             0,             0, 0.318100734803, 0.324555266551
         0.35, -0.0201775782244, -0.00327946260381, 0.0201775782244, 0.00327946260381, -2.44455635244e-15, 2507.14442265, 1.28494184846e-16,             0, 161.471472755, -16.6430503806, 161.471472755, -16.6430503806,  27.776103831, 3.16175810056, -27.776103831, -3.16175810056,  4248.7481598, 2542.94801897,  4248.7481598, 2542.94801897,             0,             0,             0,             0,             0,             0,             0,             0,             0,             0,             0,             0,             0,             0,             0,             0,             0,             0,             0,             0,             0, 1.50794463658e-17, 0.0762927040121,            -0,            -0,            -0,            -0,            -0,            -0,            -0,            -0,            -0,            -0,            -0,            -0,            -0,            -0, 1.65907785481e-15,             0,             0,             0,             0,             0,             0,             0,             0,             0,             0,             0,             0,             0,             0, 1.65907932563e-15, -0.0354737618222, -0.0091279487256, 0.0354737618222, 0.0091279487256, 5.70173594417, 5.70112457219, 5.70173594417, 5.70112457219, 11.6439481735, 0.0195385754581, -0.0195385754581, 2.54513629112e-15,             0,             0,             0,             0,             0,             0,             0,             0,             0,             0,   14.94849066, 44.8388360524, 18.2696401481, 21.5907896361, 24.9119391241, 28.2330886122, 31.5542381002, 34.8753875882, 38.1965370763, 41.5176865643,             1,             1,             1,             1,             1,             1,             1,             1,             1,             1,   119.5615545,           120, 0.453864388864,             0, 13.6730254201, 1.54636058045, 11.6443495078, 8.73437072339, 11.6443495078, 8.73437072339, 11.6439481735, 14.9650923165,  44.855389603, 18.2862364594, 21.6073806024, 24.9285247453, 28.2496688883, 31.5708130312, 34.8919571742, 38.2131013171, 41.5342454601, 11.6443494405, 8.73437071984, 14.9650923165,  44.855389603, 18.2862364594, 21.6073806024, 24.9285247453, 28.2496688883, 31.5708130312, 34.8919571742, 38.2131013171, 41.5342454601, 11.6443494405, 8.73437071984, -2.23383504848e-17,             0,             0,             0,             0,             0,             0,             0,             0,             0,             0, 0.0195858282133, 0.00392810116199, -0.0195858282133, -0.00392810116199, 0.837374279363, 0.837451930583, -0.837374279363, -0.837451930583, 1.50794463658e-17,             0,             0,             0,             0,             0,             0,             0,             0,             0,             0, 0.837571254612, 0.837503629388,             0,             0,             0,             0,             0,             0,             0,             0,             0,             0, -0.837571254612, -0.837503629388,            -0,            -0,            -0,            -0, -0.00401001905458,             0,             0,             0,             0,             0,             0,             0,             0,             0,             0, 0.318146401113, 0.324511383871,             0,             0,             0,             0,             0,             0,             0,             0,             0,             0, 0.318146401113, 0.324511383871
        0.375, -0.0215012339812, -0.0020448614253, 0.0215012339812, 0.0020448614253, -1.03139661446e-15, 2523.59651788, 1.38905367379e-16,             0, 202.911491546, -17.2150243973, 202.911491546, -17.2150243973, 29.5751231462, 2.22661792633, -29.5751231462, -2.22661792633, 4235.55990921, 2555.24017547, 4235.55990921, 2555.24017547,             0,             0,             0,             0,             0,             0,             0,             0,             0,             0,             0,             0,             0,             0,             0,             0,             0,             0,             0,             0,             0, 1.01864977294e-17, 0.0691314418133,            -0,            -0,            -0,            -0,            -0,            -0,            -0,            -0,            -0,            -0,            -0,            -0,            -0,            -0, 1.25719414183e-15,             0,             0,             0,             0,             0,             0,             0,             0,             0,             0,             0,             0,             0,             0, 1.25719505695e-15, -0.0378178706471, -0.0069594327121, 0.0378178706471, 0.0069594327121, 6.10900074574, 6.10762214696, 6.10900074574, 6.10762214696, 12.4742751248, 0.0208054459373, -0.0208054459373, 2.00247143308e-15,             0,             0,             0,             0,             0,             0,             0,             0,             0,             0, 15.7786259512, 45.6672391446, 19.0995829727, 22.4205399941, 25.7414970156, 29.0624540371, 32.3834110586, 35.7043680801, 39.0253251016, 42.3462821231,             1,             1,             1,             1,             1,             1,             1,             1,             1,             1, 119.554779734,           120, 0.494991188239,             0,  13.670699098, 1.54631672783, 12.4746357295,  9.5646592932, 12.4746357295,  9.5646592932, 12.4742751248,  15.795229723, 45.6838211069, 19.1161843212, 22.4371389194, 25.7580935177, 29.0790481159, 32.4000027141, 35.7209573123, 39.0419119105, 42.3628665087, 12.4746356531, 9.56465929115,  15.795229723, 45.6838211069, 19.1161843212, 22.4371389194, 25.7580935177, 29.0790481159, 32.4000027141, 35.7209573123, 39.0419119105, 42.3628665087, 12.4746356531, 9.56465929115, -7.50513515175e-17,             0,             0,             0,             0,             0,             0,             0,             0,             0,             0, 0.0208510910639, 0.00299078087556, -0.0208510910639, -0.00299078087556, 0.837365323139, 0.83746337435, -0.837365323139, -0.83746337435, 1.01864977294e-17,             0,             0,             0,             0,             0,             0,             0,             0,             0,             0, 0.837575347005, 0.83750278556,             0,             0,             0,             0,             0,             0,             0,             0,             0,             0, -0.837575347005, -0.83750278556, 5.55111512313e-17,            -0, 5.55111512313e-17,            -0, -0.00377636639756,             0,             0,             0,             0,             0,             0,             0,             0,             0,             0, 0.318195602668, 0.32446551934,             0,             0,             0,             0,             0,             0,             0,             0,             0,             0, 0.318195602668, 0.32446551934
          0.4, -0.022976327109, -0.000611531467734, 0.022976327109, 0.000611531467735, 1.30275885745e-16, 2534.28805018, 1.39930831464e-16,             0, 233.471386651, -17.6310228746, 233.471386651, -17.6310228746, 31.5338763433, 1.04813724091, -31.5338763433, -1.04813724091, 4224.14915657, 2564.74457831, 4224.14915657, 2564.74457831,             0,             0,             0,             0,             0,             0,             0,             0,             0,             0,             0,             0,             0,             0,             0,             0,             0,             0,             0,             0,             0, 1.24324142938e-17, 0.0615066535817,            -0,            -0,            -0,            -0,            -0,            -0,            -0,            -0,            -0,            -0,            -0,            -0,            -0,            -0, 1.47105274777e-15,             0,             0,             0,             0,             0,             0,             0,             0,             0,             0,             0,             0,             0,             0, 1.47105359538e-15, -0.0403465955887, -0.00409816854735, 0.0403465955887, 0.00409816854736, 6.51638422238, 6.51410356396, 6.51638422238, 6.51410356396, 13.3045756665, 0.0222361352302, -0.0222361352302, 7.07391364831e-16,             0,             0,             0,             0,             0,             0,             0,             0,             0,             0, 16.6088616347,  46.496888479, 19.9297535063, 23.2506453779, 26.5715372495, 29.8924291211, 33.2133209927, 36.5342128643, 39.8551047358, 43.1759966074,             1,             1,             1,             1,             1,             1,             1,             1,             1,             1, 119.552524428,           120, 0.525453273292,             0, 13.6699240276, 1.54630211589, 13.3048921522, 10.3949197104, 13.3048921522, 10.3949197104, 13.3045756665, 16.6254672759, 46.5134917598, 19.9463588852, 23.2672504945, 26.5881421038, 29.9090337132, 33.2299253225, 36.5508169318, 39.8717085411, 43.1926001505,  13.304892065, 10.3949197097, 16.6254672759, 46.5134917598, 19.9463588852, 23.2672504945, 26.5881421038, 29.9090337132, 33.2299253225, 36.5508169318, 39.8717085411, 43.1926001505,  13.304892065, 10.3949197097, -8.87927768087e-17,             0,             0,             0,             0,             0,             0,             0,             0,             0,             0, 0.0222794598759, 0.0017566998996, -0.0222794598759, -0.0017566998996, 0.837355576821, 0.837478443528, -0.837355576821, -0.837478443528, 1.24324142938e-17,             0,             0,             0,             0,             0,             0,             0,             0,             0,             0, 0.837579674093, 0.837501648886,             0,             0,             0,             0,             0,             0,             0,             0,             0,             0, -0.837579674093, -0.837501648886,            -0,            -0,            -0,            -0, -0.00353553713294,             0,             0,             0,             0,             0,             0,             0,             0,             0,             0, 0.318238170513, 0.324430056714,             0,             0,             0,             0,             0,             0,             0,             0,             0,             0, 0.318238170513, 0.324430056714
        0.425, -0.0244934861707, 0.000848951891713, 0.0244934861707, -0.000848951891714, 4.63765616225e-15, 2541.17697401, 2.22206179963e-16,             0, 254.777769092, -17.9121196442, 254.777769092, -17.9121196442, 33.6141038533, -0.224767500587, -33.6141038533, 0.224767500587, 4216.21657585, 2570.13995322, 4216.21657585, 2570.13995322,             0,             0,             0,             0,             0,             0,             0,             0,             0,             0,             0,             0,             0,             0,             0,             0,             0,             0,             0,             0,             0, 2.09009542635e-17, 0.0539994377121,            -0,            -0,            -0,            -0,            -0,            -0,            -0,            -0,            -0,            -0,            -0,            -0,            -0,            -0, 2.05324049846e-15,             0,             0,             0,             0,             0,             0,             0,             0,             0,             0,             0,             0,             0,             0, 2.05324141035e-15, -0.042984689339, -0.000865291824202, 0.042984689339, 0.000865291824205, 6.92386150981, 6.92058150402, 6.92386150981, 6.92058150402,  14.134871341, 0.023732896338, -0.023732896338, -6.8127629231e-15,             0,             0,             0,             0,             0,             0,             0,             0,             0,             0, 17.4391833322, 47.3274450152,  20.760101297, 24.0810192617, 27.4019372265, 30.7228551913, 34.0437731561, 37.3646911208, 40.6856090856, 44.0065270504,             1,             1,             1,             1,             1,             1,             1,             1,             1,             1, 119.553501147,           120, 0.547497037313,             0, 13.6702585641, 1.54630842279,  14.135143821,  11.225176452,  14.135143821,  11.225176452,  14.134871341, 17.4557905486, 47.3440634165, 20.7767097561, 24.0976289637, 27.4185481712, 30.7394673788, 34.0603865863, 37.3813057938, 40.7022250014, 44.0231442089, 14.1351437219,  11.225176452, 17.4557905486, 47.3440634165, 20.7767097561, 24.0976289637, 27.4185481712, 30.7394673788, 34.0603865863, 37.3813057938, 40.7022250014, 44.0231442089, 14.1351437219,  11.225176452, 2.88859171929e-18,             0,             0,             0,             0,             0,             0,             0,             0,             0,             0, 0.0237734185878, 0.000365364118444, -0.0237734185878, -0.000365364118443, 0.837345327034, 0.83749543276, -0.837345327034, -0.83749543276, 2.09009542635e-17,             0,             0,             0,             0,             0,             0,             0,             0,             0,             0, 0.837584099283, 0.837500332061,             0,             0,             0,             0,             0,             0,             0,             0,             0,             0, -0.837584099283, -0.837500332061, -5.55111512313e-17,            -0, -5.55111512313e-17,            -0, -0.0032996165596,             0,             0,             0,             0,             0,             0,             0,             0,             0,             0, 0.318267759031, 0.324409925511,             0,             0,             0,             0,             0,             0,             0,             0,             0,             0, 0.318267759031, 0.324409925511
         0.45, -0.0259966152683, 0.00222750696573, 0.0259966152683, -0.00222750696573, 6.71640686874e-15,  2545.8792477, 4.48035913913e-16,             0,  269.86831787, -18.1055581946,  269.86831787, -18.1055581946,  35.734382432, -1.4655286376, -35.734382432,  1.4655286376, 4211.99845928, 2572.26822825, 4211.99845928, 2572.26822825,             0,             0,             0,             0,             0,             0,             0,             0,             0,             0,             0,             0,             0,             0,             0,             0,             0,             0,             0,             0,             0, 2.31814493345e-17, 0.0469594783452,            -0,            -0,            -0,            -0,            -0,            -0,            -0,            -0,            -0,            -0,            -0,            -0,            -0,            -0, 1.71111243858e-15,             0,             0,             0,             0,             0,             0,             0,             0,             0,             0,             0,             0,             0,             0, 1.71111301329e-15, -0.0456363905482, 0.00241665730455, 0.0456363905482, -0.00241665730455, 7.33141249721, 7.32706485228, 7.33141249721, 7.32706485228, 14.9651778198, 0.0252416934991, -0.0252416934991, -1.00800595127e-14,             0,             0,             0,             0,             0,             0,             0,             0,             0,             0, 18.2695789639, 48.1586461462, 21.5905864286, 24.9115938933,  28.232601358, 31.5536088227, 34.8746162874, 38.1956237521, 41.5166312168, 44.8376386815,             1,             1,             1,             1,             1,             1,             1,             1,             1,             1, 119.556731477,           120, 0.563106019332,             0, 13.6713668404, 1.54632931582,  14.965408626, 12.0554467843,  14.965408626, 12.0554467843, 14.9651778198, 18.2861875863, 48.1752754846, 21.6071973527, 24.9282071192, 28.2492168857, 31.5702266522, 34.8912364187, 38.2122461851, 41.5332559516, 44.8542657181, 14.9654085141, 12.0554467841, 18.2861875863, 48.1752754846, 21.6071973527, 24.9282071192, 28.2492168857, 31.5702266522, 34.8912364187, 38.2122461851, 41.5332559516, 44.8542657181, 14.9654085141, 12.0554467841, 1.35573471784e-16,             0,             0,             0,             0,             0,             0,             0,             0,             0,             0, 0.0252791054618, -0.00104414598755, -0.0252791054618, 0.00104414598755, 0.837334941616, 0.837512642363, -0.837334941616, -0.837512642363, 2.31814493345e-17,             0,             0,             0,             0,             0,             0,             0,             0,             0,             0, 0.837588456121, 0.837498959533,             0,             0,             0,             0,             0,             0,             0,             0,             0,             0, -0.837588456121, -0.837498959533, 5.55111512313e-17,            -0, 5.55111512313e-17,            -0, -0.0030770033996,             0,             0,             0,             0,             0,             0,             0,             0,             0,             0, 0.318283486876, 0.324401983934,             0,             0,             0,             0,             0,             0,             0,             0,             0,             0, 0.318283486876, 0.324401983934
        0.475, -0.0273859153393, 0.00349791316504, 0.0273859153393, -0.00349791316504, 7.54920397351e-15, 2549.49432684, 1.78793800267e-16,             0, 281.349086074, -18.2541276602, 281.349086074, -18.2541276602,  37.817564961, -2.61736370534, -37.817564961, 2.61736370534, 4210.57225388, 2572.97234833, 4210.57225388, 2572.97234833,             0,             0,             0,             0,             0,             0,             0,             0,             0,             0,             0,             0,             0,             0,             0,             0,             0,             0,             0,             0,             0, 3.22772882609e-17, 0.0404624439586,            -0,            -0,            -0,            -0,            -0,            -0,            -0,            -0,            -0,            -0,            -0,            -0,            -0,            -0, 1.78823981178e-15,             0,             0,             0,             0,             0,             0,             0,             0,             0,             0,             0,             0,             0,             0, 1.7882402577e-15, -0.0482140963964, 0.00555136100466, 0.0482140963964, -0.00555136100466, 7.73902548268, 7.73356011386, 7.73902548268, 7.73356011386, 15.7955077818, 0.0266567542065, -0.0266567542065, -1.30443529428e-14,             0,             0,             0,             0,             0,             0,             0,             0,             0,             0, 19.1000438131, 48.9903302222, 22.4211867475, 25.7423296818, 29.0634726162, 32.3846155505, 35.7057584849, 39.0269014192, 42.3480443535, 45.6691872879,             1,             1,             1,             1,             1,             1,             1,             1,             1,             1, 119.561608632,           120,  0.5743422854,             0,  13.673040362, 1.54636086209, 15.7956999659, 12.8857435641, 15.7956999659, 12.8857435641, 15.7955077818, 19.1166538167, 49.0069681308, 22.4377998516, 25.7589458865, 29.0800919214, 32.4012379563, 35.7223839912, 39.0435300261,  42.364676061, 45.6858220959, 15.7956998412, 12.8857435628, 19.1166538167, 49.0069681308, 22.4377998516, 25.7589458865, 29.0800919214, 32.4012379563, 35.7223839912, 39.0435300261,  42.364676061, 45.6858220959, 15.7956998412, 12.8857435628, 3.1839864293e-16,             0,             0,             0,             0,             0,             0,             0,             0,             0,             0, 0.026690809797, -0.00238789672446, -0.026690809797, 0.00238789672446, 0.837324770491, 0.837529045289, -0.837324770491, -0.837529045289, 3.22772882609e-17,             0,             0,             0,             0,             0,             0,             0,             0,             0,             0, 0.83759260887, 0.837497614389,             0,             0,             0,             0,             0,             0,             0,             0,             0,             0, -0.83759260887, -0.837497614389,            -0, 5.55111512313e-17,            -0, 5.55111512313e-17, -0.00287084549455,             0,             0,             0,             0,             0,             0,             0,             0,             0,             0, 0.318288796808, 0.324399355387,             0,             0,             0,             0,             0,             0,             0,             0,             0,             0, 0.318288796808, 0.324399355387
          0.5, -0.0287553455533, 0.00468696757818, 0.0287553455533, -0.00468696757819, 8.44982110698e-15, 2552.55247037, 2.66934592872e-16,             0, 290.607053023, -18.379538283, 290.607053023, -18.379538283, 39.7628192105, -3.68560373423, -39.7628192105, 3.68560373423, 4210.58085249, 2573.78162826, 4210.58085249, 2573.78162826,             0,             0,             0,             0,             0,             0,             0,             0,             0,             0,             0,             0,             0,             0,             0,             0,             0,             0,             0,             0,             0, 4.46411622694e-17, 0.0344112717305,            -0,            -0,            -0,            -0,            -0,            -0,            -0,            -0,            -0,            -0,            -0,            -0,            -0,            -0, 2.11625969243e-15,             0,             0,             0,             0,             0,             0,             0,             0,             0,             0,             0,             0,             0,             0, 2.11626007411e-15, -0.0506712842514, 0.00849081380347, 0.0506712842514, -0.00849081380346,  8.1466947464, 8.14007247262,  8.1466947464, 8.14007247262, 16.6258722094, 0.0280624944174, -0.0280624944174, -1.6862166854e-14,             0,             0,             0,             0,             0,             0,             0,             0,             0,             0,  19.930578718, 49.8224064998, 23.2518929159, 26.5732071139, 29.8945213119, 33.2158355099, 36.5371497079, 39.8584639058, 43.1797781038, 46.5010923018,             1,             1,             1,             1,             1,             1,             1,             1,             1,             1, 119.567776313,           120, 0.582855010793,             0, 13.6751566937, 1.54640075082, 16.6260282507, 13.7160771497, 16.6260282507, 13.7160771497, 16.6258722094, 19.9471901488, 49.8390516034, 23.2685080882, 26.5898260276,  29.911143967, 33.2324619064, 36.5537798458, 39.8750977852, 43.1964157246,  46.517733664, 16.6260281127, 13.7160771467, 19.9471901488, 49.8390516034, 23.2685080882, 26.5898260276,  29.911143967, 33.2324619064, 36.5537798458, 39.8750977852, 43.1964157246,  46.517733664, 16.6260281127, 13.7160771467, 5.0490337941e-16,             0,             0,             0,             0,             0,             0,             0,             0,             0,             0, 0.0280929321527, -0.00364593427874, -0.0280929321527, 0.00364593427874, 0.83731499227, 0.837544395062, -0.83731499227, -0.837544395062, 4.46411622694e-17,             0,             0,             0,             0,             0,             0,             0,             0,             0,             0, 0.837596480755, 0.837496321907,             0,             0,             0,             0,             0,             0,             0,             0,             0,             0, -0.837596480755, -0.837496321907,            -0,            -0,            -0,            -0, -0.00268010053293,             0,             0,             0,             0,             0,             0,             0,             0,             0,             0, 0.318288752945, 0.324396333646,             0,             0,             0,             0,             0,             0,             0,             0,             0,             0, 0.318288752945, 0.324396333646
        0.525, -0.0300450870816, 0.00583038183909, 0.0300450870816, -0.00583038183909, 9.94277752389e-15, 2555.20246502, 3.05198087969e-16,             0,  298.26497236, -18.4879304763,  298.26497236, -18.4879304763, 41.6486686609, -4.70001208789, -41.6486686609, 4.70001208789, 4210.88695258, 2575.24924224, 4210.88695258, 2575.24924224,             0,             0,             0,             0,             0,             0,             0,             0,             0,             0,             0,             0,             0,             0,             0,             0,             0,             0,             0,             0,             0, 5.09945261101e-17, 0.0286756357151,            -0,            -0,            -0,            -0,            -0,            -0,            -0,            -0,            -0,            -0,            -0,            -0,            -0,            -0, 1.56191025444e-15,             0,             0,             0,             0,             0,             0,             0,             0,             0,             0,             0,             0,             0,             0, 1.56191045005e-15, -0.052987253597, 0.0112763668277, 0.052987253597, -0.0112763668277, 8.55441746787, 8.54660622563, 8.55441746787, 8.54660622563, 17.4562803766, 0.0293906879825, -0.0293906879825, -2.1623927451e-14,             0,             0,             0,             0,             0,             0,             0,             0,             0,             0, 20.7611863945, 50.6548183406, 24.0827010552, 27.4042157159, 30.7257303765, 34.0472450372, 37.3687596979, 40.6902743586, 44.0117890192, 47.3333036799,             1,             1,             1,             1,             1,             1,             1,             1,             1,             1, 119.574997753,           120, 0.589558814219,             0, 13.6776346471, 1.54644744888, 17.4564021459, 14.5464561169, 17.4564021459, 14.5464561169, 17.4562803766, 20.7777993088, 50.6714696986,  24.099318241, 27.4208371732, 30.7423561054, 34.0638750376, 37.3853939698,  40.706912902, 44.0284318342, 47.3499507664, 17.4564019947, 14.5464561115, 20.7777993088, 50.6714696986,  24.099318241, 27.4208371732, 30.7423561054, 34.0638750376, 37.3853939698,  40.706912902, 44.0284318342, 47.3499507664, 17.4564019947, 14.5464561115, 7.18021394909e-16,             0,             0,             0,             0,             0,             0,             0,             0,             0,             0, 0.0294172109561, -0.00483646027793, -0.0294172109561, 0.00483646027794, 0.837305707771, 0.837558911995, -0.837305707771, -0.837558911995, 5.09945261101e-17,             0,             0,             0,             0,             0,             0,             0,             0,             0,             0, 0.837600060836, 0.837495068718,             0,             0,             0,             0,             0,             0,             0,             0,             0,             0, -0.837600060836, -0.837495068718,            -0,            -0,            -0,            -0, -0.0025018382484,             0,             0,             0,             0,             0,             0,             0,             0,             0,             0, 0.318287599142, 0.324390854754,             0,             0,             0,             0,             0,             0,             0,             0,             0,             0, 0.318287599142, 0.324390854754
         0.55, -0.0312632594873, 0.00694441483731, 0.0312632594873, -0.00694441483731, 9.0294148385e-15, 2557.44687266, 7.54058504498e-17,             0, 304.609761816, -18.579394117, 304.609761816, -18.579394117,  43.431817637, -5.68169975908, -43.431817637, 5.68169975908, 4210.88621657, 2577.09968381, 4210.88621657, 2577.09968381,             0,             0,             0,             0,             0,             0,             0,             0,             0,             0,             0,             0,             0,             0,             0,             0,             0,             0,             0,             0,             0, 6.98682051971e-17, 0.0231789510207,            -0,            -0,            -0,            -0,            -0,            -0,            -0,            -0,            -0,            -0,            -0,            -0,            -0,            -0, 2.15332560806e-15,             0,             0,             0,             0,             0,             0,             0,             0,             0,             0,             0,             0,             0,             0, 2.15332578426e-15, -0.0551686148049, 0.0139616394462, 0.0551686148049, -0.0139616394462, 8.96219178717, 8.95316489281, 8.96219178717, 8.95316489281, 18.2867396423, 0.0306445224731, -0.0306445224731, -2.48555634216e-14,             0,             0,             0,             0,             0,             0,             0,             0,             0,             0, 21.5918692954, 51.4875236967, 24.9136086733, 28.2353480512, 31.5570874292, 34.8788268071,  38.200566185, 41.5223055629, 44.8440449409, 48.1657843188,             1,             1,             1,             1,             1,             1,             1,             1,             1,             1, 119.583091549,           120, 0.594905562645,             0, 13.6804122017, 1.54649978467, 18.2868285848,  15.376887451, 18.2868285848,  15.376887451, 18.2867396423, 21.6084837321, 51.5041805404, 24.9302278219, 28.2519719117, 31.5737160015, 34.8954600913, 38.2172041811,  41.538948271, 44.8606923608, 48.1824364506, 18.2868284208, 15.3768874428, 21.6084837321, 51.5041805404, 24.9302278219, 28.2519719117, 31.5737160015, 34.8954600913, 38.2172041811,  41.538948271, 44.8606923608, 48.1824364506, 18.2868284208, 15.3768874428, 9.60728830818e-16,             0,             0,             0,             0,             0,             0,             0,             0,             0,             0, 0.0306668433943, -0.00598265056507, -0.0306668433943, 0.00598265056507, 0.837296899169, 0.837572879203, -0.837296899169, -0.837572879203, 6.98682051971e-17,             0,             0,             0,             0,             0,             0,             0,             0,             0,             0, 0.837603370057, 0.837493834432,             0,             0,             0,             0,             0,             0,             0,             0,             0,             0, -0.837603370057, -0.837493834432,            -0,            -0,            -0,            -0, -0.00233322118414,             0,             0,             0,             0,             0,             0,             0,             0,             0,             0, 0.318287590451, 0.324383946773,             0,             0,             0,             0,             0,             0,             0,             0,             0,             0, 0.318287590451, 0.324383946773
        0.575, -0.0324203312484, 0.00802230275814, 0.0324203312484, -0.00802230275814, 6.99535876658e-15, 2559.26168581, 3.73384208839e-16,             0, 309.765992169, -18.6530859283, 309.765992169, -18.6530859283, 45.1163621715, -6.63155566814, -45.1163621715, 6.63155566814, 4210.46063587, 2578.78367206, 4210.46063587, 2578.78367206,             0,             0,             0,             0,             0,             0,             0,             0,             0,             0,             0,             0,             0,             0,             0,             0,             0,             0,             0,             0,             0, 8.23859550991e-17, 0.0179111046152,            -0,            -0,            -0,            -0,            -0,            -0,            -0,            -0,            -0,            -0,            -0,            -0,            -0,            -0, 2.04059422378e-15,             0,             0,             0,             0,             0,             0,             0,             0,             0,             0,             0,             0,             0,             0, 2.04059432349e-15, -0.0572321456423, 0.0165664129352, 0.0572321456423, -0.0165664129352, 9.37001595953, 9.35975129216, 9.37001595953, 9.35975129216, 19.1172556045, 0.0318331484766, -0.0318331484766, -2.60822200552e-14,             0,             0,             0,             0,             0,             0,             0,             0,             0,             0, 22.4226287891, 52.3204855867, 25.7446128777, 29.0665969663, 32.3885810549, 35.7105651436, 39.0325492322, 42.3545333208, 45.6765174094,  48.998501498,             1,             1,             1,             1,             1,             1,             1,             1,             1,             1, 119.591901191,           120, 0.599131769108,             0, 13.6834359047, 1.54655674842, 19.1173130932, 16.2073767138, 19.1173130932, 16.2073767138, 19.1172556045, 22.4392447636, 52.3371471948, 25.7612339226, 29.0832230816, 32.4052122406, 35.7272013997, 39.0491905587, 42.3711797177, 45.6931688767, 49.0151580357, 19.1173129165, 16.2073767022, 22.4392447636, 52.3371471948, 25.7612339226, 29.0832230816, 32.4052122406, 35.7272013997, 39.0491905587, 42.3711797177, 45.6931688767, 49.0151580357, 19.1173129165, 16.2073767022, 1.16248341541e-15,             0,             0,             0,             0,             0,             0,             0,             0,             0,             0, 0.031851041248, -0.00709304596938, -0.031851041248, 0.00709304596938, 0.837288508733, 0.837586402931, -0.837288508733, -0.837586402931, 8.23859550991e-17,             0,             0,             0,             0,             0,             0,             0,             0,             0,             0, 0.837606444459, 0.837492612876,             0,             0,             0,             0,             0,             0,             0,             0,             0,             0, -0.837606444459, -0.837492612876,            -0,            -0,            -0,            -0, -0.00217244837025,             0,             0,             0,             0,             0,             0,             0,             0,             0,             0, 0.318289167194, 0.324377659306,             0,             0,             0,             0,             0,             0,             0,             0,             0,             0, 0.318289167194, 0.324377659306
          0.6, -0.0335243015299, 0.00904639832048, 0.0335243015299, -0.00904639832048, 6.54603155556e-15, 2560.64259227, 3.65008421213e-16,             0, 313.805914761, -18.7094783662, 313.805914761, -18.7094783662, 46.7149734962, -7.53689222291, -46.7149734962, 7.53689222291, 4209.76447088,   2579.939657, 4209.76447088,   2579.939657,             0,             0,             0,             0,             0,             0,             0,             0,             0,             0,             0,             0,             0,             0,             0,             0,             0,             0,             0,             0,             0, 9.44558035497e-17, 0.0128977339207,            -0,            -0,            -0,            -0,            -0,            -0,            -0,            -0,            -0,            -0,            -0,            -0,            -0,            -0, 1.69171152295e-15,             0,             0,             0,             0,             0,             0,             0,             0,             0,             0,             0,             0,             0,             0, 1.69171156581e-15, -0.0591939820381, 0.0190732047995, 0.0591939820381, -0.0190732047995, 9.77788800246, 9.76636764316, 9.77788800246, 9.76636764316, 19.9478324979, 0.0329654715285, -0.0329654715285, -2.61046578349e-14,             0,             0,             0,             0,             0,             0,             0,             0,             0,             0, 23.2534651404,  53.153668339, 26.5757099402, 29.8979547401, 33.2201995399, 36.5424443398, 39.8646891396, 43.1869339395, 46.5091787393, 49.8314235391,             1,             1,             1,             1,             1,             1,             1,             1,             1,             1, 119.601281943,           120, 0.602382760924,             0, 13.6866562586, 1.54661740536, 19.9478600317,   17.03792826, 19.9478600317,   17.03792826, 19.9478324979, 23.2700826487, 53.1703340061, 26.5923327996, 29.9145829504, 33.2368331012,  36.559083252, 39.8813334028, 43.2035835537, 46.5258337045, 49.8480838553, 19.9478598424, 17.0379282447, 23.2700826487, 53.1703340061, 26.5923327996, 29.9145829504, 33.2368331012,  36.559083252, 39.8813334028, 43.2035835537, 46.5258337045, 49.8480838553, 19.9478598424, 17.0379282447, 1.33646451234e-15,             0,             0,             0,             0,             0,             0,             0,             0,             0,             0, 0.0329787974009, -0.00816027146019, -0.0329787974009, 0.0081602714602, 0.837280480312, 0.837599395777, -0.837280480312, -0.837599395777, 9.44558035497e-17,             0,             0,             0,             0,             0,             0,             0,             0,             0,             0, 0.837609317098, 0.83749141506,             0,             0,             0,             0,             0,             0,             0,             0,             0,             0, -0.837609317098, -0.83749141506,            -0, -5.55111512313e-17,            -0, -5.55111512313e-17, -0.00201879656948,             0,             0,             0,             0,             0,             0,             0,             0,             0,             0, 0.318291753751, 0.324373341516,             0,             0,             0,             0,             0,             0,             0,             0,             0,             0, 0.318291753751, 0.324373341516
        0.625, -0.0345793257204, 0.010001759492, 0.0345793257204, -0.010001759492, 8.37512504113e-15, 2561.61461017, 2.37997675171e-16,             0, 316.807725994, -18.750482705, 316.807725994, -18.750482705, 48.2380770919, -8.38378913688, -48.2380770919, 8.38378913688, 4209.01916377, 2580.53405463, 4209.01916377, 2580.53405463,             0,             0,             0,             0,             0,             0,             0,             0,             0,             0,             0,             0,             0,             0,             0,             0,             0,             0,             0,             0,             0, 1.17611087049e-16, 0.00816580897031,            -0,            -0,            -0,            -0,            -0,            -0,            -0,            -0,            -0,            -0,            -0,            -0,            -0,            -0, 2.32646670286e-15,             0,             0,             0,             0,             0,             0,             0,             0,             0,             0,             0,             0,             0,             0, 2.32646672649e-15, -0.0610646762203, 0.0214488338618, 0.0610646762203, -0.0214488338618, 10.1858056716, 10.1730156712, 10.1858056716, 10.1730156712, 20.7784735719, 0.0340472612783, -0.0340472612783, -3.10041344043e-14,             0,             0,             0,             0,             0,             0,             0,             0,             0,             0, 24.0843778274, 53.9870373354, 27.4068955505, 30.7294132736, 34.0519309967, 37.3744487198, 40.6969664429,  44.019484166, 47.3420018892, 50.6645196123,             1,             1,             1,             1,             1,             1,             1,             1,             1,             1, 119.611098192,           120, 0.604772585842,             0, 13.6900267847, 1.54668087812, 20.7784727896, 17.8685454463, 20.7784727896, 17.8685454463, 20.7784735719, 24.1009968535, 54.0037063872,  27.423520135, 30.7460434165,  34.068566698, 37.3910899796, 40.7136132611, 44.0361365426, 47.3586598241, 50.6811831057,  20.778472588, 17.8685454268, 24.1009968535, 54.0037063872,  27.423520135, 30.7460434165,  34.068566698, 37.3910899796, 40.7136132611, 44.0361365426, 47.3586598241, 50.6811831057,  20.778472588, 17.8685454268, 1.51722919642e-15,             0,             0,             0,             0,             0,             0,             0,             0,             0,             0, 0.034055964579, -0.00917034615313, -0.034055964579, 0.00917034615313, 0.837272779113, 0.837611689242, -0.837272779113, -0.837611689242, 1.17611087049e-16,             0,             0,             0,             0,             0,             0,             0,             0,             0,             0, 0.83761201101, 0.83749026001,             0,             0,             0,             0,             0,             0,             0,             0,             0,             0, -0.83761201101, -0.83749026001,            -0,            -0,            -0,            -0, -0.00187223453672,             0,             0,             0,             0,             0,             0,             0,             0,             0,             0, 0.31829452384, 0.324371118859,             0,             0,             0,             0,             0,             0,             0,             0,             0,             0, 0.31829452384, 0.324371118859
         0.65, -0.0355864492946, 0.0108825875281, 0.0355864492946, -0.0108825875281, 8.86406344075e-15, 2562.22504464, 5.22735032223e-16,             0, 318.874293232, -18.778632666, 318.874293232, -18.778632666, 49.6913260287, -9.16507516993, -49.6913260287, 9.16507516994, 4208.39681828, 2580.74644052, 4208.39681828, 2580.74644052,             0,             0,             0,             0,             0,             0,             0,             0,             0,             0,             0,             0,             0,             0,             0,             0,             0,             0,             0,             0,             0, 1.33545370201e-16, 0.00372685224478,            -0,            -0,            -0,            -0,            -0,            -0,            -0,            -0,            -0,            -0,            -0,            -0,            -0,            -0, 1.99266133962e-15,             0,             0,             0,             0,             0,             0,             0,             0,             0,             0,             0,             0,             0,             0, 1.99266134384e-15, -0.062848873534, 0.0236668925864, 0.0628488735341, -0.0236668925864, 10.5937665834, 10.5796966848, 10.5937665834, 10.5796966848, 21.6091813109, 0.0350809180688, -0.0350809180688, -3.32727890238e-14,             0,             0,             0,             0,             0,             0,             0,             0,             0,             0, 24.9153658566, 54.8205601551, 28.2381652231, 31.5609645896, 34.8837639561, 38.2065633226, 41.5293626891, 44.8521620556, 48.1749614221, 51.4977607886,             1,             1,             1,             1,             1,             1,             1,             1,             1,             1, 119.621225601,           120, 0.606408710974,             0, 13.6935047967, 1.54674636138, 21.6091539126, 18.6992307842, 21.6091539126, 18.6992307842, 21.6091813109, 24.9319863773, 54.8372319743, 28.2547914436, 31.5775965099, 34.9004015763, 38.2232066426,  41.546011709, 44.8688167753, 48.1916218416,  51.514426908, 21.6091536988, 18.6992307606, 24.9319863773, 54.8372319743, 28.2547914436, 31.5775965099, 34.9004015763, 38.2232066426,  41.546011709, 44.8688167753, 48.1916218416,  51.514426908, 21.6091536988, 18.6992307606, 1.69462282808e-15,             0,             0,             0,             0,             0,             0,             0,             0,             0,             0, 0.0350850062018, -0.0101122620307, -0.0350850062018, 0.0101122620307, 0.837265393332, 0.837623150204, -0.837265393332, -0.837623150204, 1.33545370201e-16,             0,             0,             0,             0,             0,             0,             0,             0,             0,             0, 0.837614539499, 0.837489164107,             0,             0,             0,             0,             0,             0,             0,             0,             0,             0, -0.837614539499, -0.837489164107, -5.55111512313e-17,            -0, -5.55111512313e-17,            -0, -0.00173300906456,             0,             0,             0,             0,             0,             0,             0,             0,             0,             0, 0.318296835305, 0.32437032143,             0,             0,             0,             0,             0,             0,             0,             0,             0,             0, 0.318296835305, 0.32437032143
        0.675, -0.0365450146705, 0.0116910974887, 0.0365450146705, -0.0116910974887, 1.04235645164e-14, 2562.53153597, 3.31149728418e-14,             0, 320.128369504, -18.7963084846, 320.128369504, -18.7963084846, 51.0763979596, -9.88122769687, -51.0763979596, 9.88122769687, 4207.98805888, 2580.78592976, 4207.98805888, 2580.78592976,             0,             0,             0,             0,             0,             0,             0,             0,             0,             0,             0,             0,             0,             0,             0,             0,             0,             0,             0,             0,             0, 1.53449915115e-16, -0.000422281198985,            -0,            -0,            -0,            -0,            -0,            -0,            -0,            -0,            -0,            -0,            -0,            -0,            -0,            -0, 1.41606503579e-15,             0,             0,             0,             0,             0,             0,             0,             0,             0,             0,             0,             0,             0,             0, 1.41606503583e-15, -0.0645472024014, 0.0257176140416, 0.0645472024014, -0.0257176140416, 11.0017683592, 10.9864116239, 11.0017683592, 10.9864116239,  22.439957515, 0.0360665360531, -0.0360665360531, -3.77717978789e-14,             0,             0,             0,             0,             0,             0,             0,             0,             0,             0,  25.746427953, 55.6542077258, 29.0695145944, 32.3926012358, 35.7156878772, 39.0387745186, 42.3618611601, 45.6849478015, 49.0080344429, 52.3311210843,             1,             1,             1,             1,             1,             1,             1,             1,             1,             1, 119.631554079,           120, 0.607397842362,             0, 13.6970524715, 1.54681314196, 22.4399051858, 19.5299860393, 22.4399051858, 19.5299860393,  22.439957515, 25.7630499405, 55.6708817701,  29.086142366, 32.4092347916, 35.7323272171, 39.0554196426, 42.3785120681, 45.7016044936, 49.0246969191, 52.3477893446, 22.4399049601, 19.5299860114, 25.7630499405, 55.6708817701,  29.086142366, 32.4092347916, 35.7323272171, 39.0554196426, 42.3785120681, 45.7016044936, 49.0246969191, 52.3477893446, 22.4399049601, 19.5299860114, 1.8706912316e-15,             0,             0,             0,             0,             0,             0,             0,             0,             0,             0, 0.0360660603283, -0.0109821249709, -0.0360660603283, 0.0109821249709, 0.837258326829, 0.837633731648, -0.837258326829, -0.837633731648, 1.53449915115e-16,             0,             0,             0,             0,             0,             0,             0,             0,             0,             0, 0.837616909482, 0.837488135806,             0,             0,             0,             0,             0,             0,             0,             0,             0,             0, -0.837616909482, -0.837488135806,            -0,            -0,            -0,            -0, -0.00160137591189,             0,             0,             0,             0,             0,             0,             0,             0,             0,             0, 0.318298350036, 0.324370169079,             0,             0,             0,             0,             0,             0,             0,             0,             0,             0, 0.318298350036, 0.324370169079
          0.7, -0.0374538930327, 0.0124329957111, 0.0374538930327, -0.0124329957111, 6.69211179016e-15, 2562.59164018, 2.76931984493e-14,             0, 320.698934095, -18.8054034614, 320.698934095, -18.8054034614, 52.3927600439, -10.5369771632, -52.3927600439, 10.5369771632, 4207.81513014, 2580.77735079, 4207.81513014, 2580.77735079,             0,             0,             0,             0,             0,             0,             0,             0,             0,             0,             0,             0,             0,             0,             0,             0,             0,             0,             0,             0,             0, 1.8658811011e-16, -0.00429141790658,            -0,            -0,            -0,            -0,            -0,            -0,            -0,            -0,            -0,            -0,            -0,            -0,            -0,            -0, 1.796388448e-15,             0,             0,             0,             0,             0,             0,             0,             0,             0,             0,             0,             0,             0,             0, 1.79638845304e-15, -0.0661584960253, 0.0276052452784, 0.0661584960253, -0.0276052452784, 11.4098087315, 11.3931610949, 11.4098087315, 11.3931610949, 23.2708033342, 0.0370031782015, -0.0370031782015, -3.86492841504e-14,             0,             0,             0,             0,             0,             0,             0,             0,             0,             0, 26.5775626481, 56.4879549014, 29.9009395652, 33.2243164822, 36.5476933992, 39.8710703162, 43.1944472333, 46.5178241503, 49.8412010673, 53.1645779843,             1,             1,             1,             1,             1,             1,             1,             1,             1,             1, 119.641989508,           120, 0.607843317125,             0, 13.7006374756, 1.54688061057, 23.2707277095, 20.3608123072, 23.2707277095, 20.3608123072, 23.2708033342, 26.5941860717, 56.5046307087, 29.9175688091, 33.2409515466,  36.564334284, 39.8877170215, 43.2110997589, 46.5344824964, 49.8578652338, 53.1812479713, 23.2707274721, 20.3608122751, 26.5941860717, 56.5046307087, 29.9175688091, 33.2409515466,  36.564334284, 39.8877170215, 43.2110997589, 46.5344824964, 49.8578652338, 53.1812479713, 23.2707274721, 20.3608122751, 1.95230191829e-15,             0,             0,             0,             0,             0,             0,             0,             0,             0,             0, 0.0369982230743, -0.0117819782897, -0.0369982230743, 0.0117819782897,  0.8372515903, 0.837643458765, -0.8372515903, -0.837643458765, 1.8658811011e-16,             0,             0,             0,             0,             0,             0,             0,             0,             0,             0,   0.837619125, 0.837487176411,             0,             0,             0,             0,             0,             0,             0,             0,             0,             0,  -0.837619125, -0.837487176411,            -0,            -0,            -0,            -0, -0.00147747567719,             0,             0,             0,             0,             0,             0,             0,             0,             0,             0, 0.318298985082, 0.324370196117,             0,             0,             0,             0,             0,             0,             0,             0,             0,             0, 0.318298985082, 0.324370196117
        0.725, -0.0383122819749, 0.0131136689927, 0.0383122819749, -0.0131136689927, -1.50508655054e-15, 2562.45643157, 2.19424640178e-16,             0, 320.708365132, -18.8073655823, 320.708365131, -18.8073655823, 53.6392362575, -11.1375706094, -53.6392362575, 11.1375706094,  4207.8562684, 2580.74868089,  4207.8562684, 2580.74868089,             0,             0,             0,             0,             0,             0,             0,             0,             0,             0,             0,             0,             0,             0,             0,             0,             0,             0,             0,             0,             0, 2.16780010138e-16, -0.00789090522148,            -0,            -0,            -0,            -0,            -0,            -0,            -0,            -0,            -0,            -0,            -0,            -0,            -0,            -0, 1.82791127467e-15,             0,             0,             0,             0,             0,             0,             0,             0,             0,             0,             0,             0,             0,             0, 1.82791129201e-15, -0.0676814761171, 0.0293401683779, 0.0676814761171, -0.0293401683779, 11.8178856024, 11.7999454083, 11.8178856024, 11.7999454083, 24.1017193249, 0.0378898523056, -0.0378898523056, -2.82851096471e-14,             0,             0,             0,             0,             0,             0,             0,             0,             0,             0, 27.4087683308, 57.3217804618, 30.7324363454, 34.0561043599, 37.3797723745,  40.703440389, 44.0271084036, 47.3507764182, 50.6744444327, 53.9981124473,             1,             1,             1,             1,             1,             1,             1,             1,             1,             1, 119.652453733,           120, 0.607840483533,             0,  13.704232967, 1.54694826178, 24.1016219872, 21.1917100954, 24.1016219872, 21.1917100954, 24.1017193249, 27.4253931569, 57.3384576457,  30.749066989, 34.0727408211, 37.3964146532, 40.7200884853, 44.0437623174, 47.3674361495, 50.6911099816, 54.0147838137, 24.1016217386, 21.1917100591, 27.4253931569, 57.3384576457,  30.749066989, 34.0727408211, 37.3964146532, 40.7200884853, 44.0437623174, 47.3674361495, 50.6911099816, 54.0147838137, 24.1016217386, 21.1917100591, 1.92523082964e-15,             0,             0,             0,             0,             0,             0,             0,             0,             0,             0, 0.0378805314156, -0.0125164267865, -0.0378805314156, 0.0125164267865, 0.837245194457, 0.837652388093, -0.837245194457, -0.837652388093, 2.16780010138e-16,             0,             0,             0,             0,             0,             0,             0,             0,             0,             0, 0.837621189681, 0.837486283716,             0,             0,             0,             0,             0,             0,             0,             0,             0,             0, -0.837621189681, -0.837486283716,            -0, -5.55111512313e-17,            -0, -5.55111512313e-17, -0.0013612947137,             0,             0,             0,             0,             0,             0,             0,             0,             0,             0,  0.3182988217, 0.324370298213,             0,             0,             0,             0,             0,             0,             0,             0,             0,             0,  0.3182988217, 0.324370298213
         0.75, -0.0391201122399, 0.0137367669137, 0.0391201122399, -0.0137367669137, -3.31510479458e-15, 2562.16803821, 5.37121792918e-18,             0, 320.264601298, -18.8033732046, 320.264601298, -18.8033732046, 54.8150337024, -11.6868935006, -54.8150337024, 11.6868935006, 4208.06626316, 2580.67716079, 4208.06626316, 2580.67716079,             0,             0,             0,             0,             0,             0,             0,             0,             0,             0,             0,             0,             0,             0,             0,             0,             0,             0,             0,             0,             0, 2.4325391883e-16, -0.0112301459322,            -0,            -0,            -0,            -0,            -0,            -0,            -0,            -0,            -0,            -0,            -0,            -0,            -0,            -0, 1.33309685698e-15,             0,             0,             0,             0,             0,             0,             0,             0,             0,             0,             0,             0,             0,             0, 1.33309688259e-15, -0.0691157507897, 0.0309325019995, 0.0691157507897, -0.0309325019995, 12.2259970626, 12.2067646235, 12.2259970626, 12.2067646235, 24.9327055438, 0.0387260945671, -0.0387260945671, -2.83537775601e-14,             0,             0,             0,             0,             0,             0,             0,             0,             0,             0, 28.2400432952, 58.1556667573, 31.5640014577, 34.8879596201, 38.2119177826,  41.535875945, 44.8598341075,   48.18379227, 51.5077504324, 54.8317085949,             1,             1,             1,             1,             1,             1,             1,             1,             1,             1, 119.662883198,           120, 0.607473280402,             0, 13.7078171184, 1.54701568489,  24.932588027, 22.0226794174,  24.932588027, 22.0226794174, 24.9327055438, 28.2566694892,  58.172344998, 31.5806334346,   34.90459738, 38.2285613254, 41.5525252709, 44.8764892163, 48.2004531617, 51.5244171071, 54.8483810525, 24.9325877676, 22.0226793771, 28.2566694892,  58.172344998, 31.5806334346,   34.90459738, 38.2285613254, 41.5525252709, 44.8764892163, 48.2004531617, 51.5244171071, 54.8483810525, 24.9325877676, 22.0226793771, 1.85284164214e-15,             0,             0,             0,             0,             0,             0,             0,             0,             0,             0, 0.0387125484113, -0.0131899209516, -0.0387125484113, 0.0131899209516, 0.837239145894, 0.837660574453, -0.837239145894, -0.837660574453, 2.4325391883e-16,             0,             0,             0,             0,             0,             0,             0,             0,             0,             0, 0.837623108082, 0.837485455207,             0,             0,             0,             0,             0,             0,             0,             0,             0,             0, -0.837623108082, -0.837485455207,            -0,            -0,            -0,            -0, -0.00125266556872,             0,             0,             0,             0,             0,             0,             0,             0,             0,             0, 0.318298028626, 0.324370560338,             0,             0,             0,             0,             0,             0,             0,             0,             0,             0, 0.318298028626, 0.324370560338
        0.775, -0.0398781686282, 0.014304662544, 0.0398781686282, -0.014304662544, 5.81977487622e-16, 2561.75983406, -8.91801694269e-17,             0, 319.458434449, -18.7944634561, 319.458434449, -18.7944634561, 55.9202812029, -12.1874810505, -55.9202812029, 12.1874810505, 4208.39161909,  2580.5384047, 4208.39161909,  2580.5384047,             0,             0,             0,             0,             0,             0,             0,             0,             0,             0,             0,             0,             0,             0,             0,             0,             0,             0,             0,             0,             0, 2.79273828413e-16, -0.0143189951504,            -0,            -0,            -0,            -0,            -0,            -0,            -0,            -0,            -0,            -0,            -0,            -0,            -0,            -0, 1.80323492273e-15,             0,             0,             0,             0,             0,             0,             0,             0,             0,             0,             0,             0,             0,             0, 1.80323497904e-15, -0.0704622543991, 0.0323897685575, 0.0704622543991, -0.0323897685575, 12.6341413853, 12.6136185963, 12.6341413853, 12.6136185963, 25.7637616554, 0.0395122303067, -0.0395122303067, -3.23865522945e-14,             0,             0,             0,             0,             0,             0,             0,             0,             0,             0, 29.0713857885, 58.9895992183, 32.3956317252, 35.7198776618, 39.0441235985, 42.3683695351, 45.6926154717, 49.0168614084,  52.341107345, 55.6653532817,             1,             1,             1,             1,             1,             1,             1,             1,             1,             1, 119.673226907,           120, 0.60681293915,             0, 13.7113724052, 1.54708255051, 25.7636254399, 22.8537198887, 25.7636254399, 22.8537198887, 25.7637616554, 29.0880133151, 59.0062782522, 32.4122649748, 35.7365166344, 39.0607682941, 42.3850199538, 45.7092716135, 49.0335232731, 52.3577749328, 55.6820265925, 25.7636251701, 22.8537198445, 29.0880133151, 59.0062782522, 32.4122649748, 35.7365166344, 39.0607682941, 42.3850199538, 45.7092716135, 49.0335232731, 52.3577749328, 55.6820265925, 25.7636251701, 22.8537198445, 1.81267842912e-15,             0,             0,             0,             0,             0,             0,             0,             0,             0,             0, 0.0394946220591, -0.013805780138, -0.0394946220591, 0.013805780138, 0.837233445207, 0.837668058918, -0.837233445207, -0.837668058918, 2.79273828413e-16,             0,             0,             0,             0,             0,             0,             0,             0,             0,             0, 0.837624886193, 0.837484689307,             0,             0,             0,             0,             0,             0,             0,             0,             0,             0, -0.837624886193, -0.837484689307,            -0, -5.55111512313e-17,            -0, -5.55111512313e-17, -0.00115129053249,             0,             0,             0,             0,             0,             0,             0,             0,             0,             0, 0.318296805501, 0.324371073525,             0,             0,             0,             0,             0,             0,             0,             0,             0,             0, 0.318296805501, 0.324371073525
          0.8, -0.0405880053357, 0.0148194760646, 0.0405880053357, -0.0148194760646, 5.89635209848e-17, 2561.25788685, 9.01448298166e-17,             0, 318.364247413, -18.7815666914, 318.364247413, -18.7815666914, 56.9562092552, -12.6413576091, -56.9562092552, 12.6413576091, 4208.78229323, 2580.32884929, 4208.78229323, 2580.32884929,             0,             0,             0,             0,             0,             0,             0,             0,             0,             0,             0,             0,             0,             0,             0,             0,             0,             0,             0,             0,             0, 3.13749742031e-16, -0.017169151184,            -0,            -0,            -0,            -0,            -0,            -0,            -0,            -0,            -0,            -0,            -0,            -0,            -0,            -0, 2.10220424527e-15,             0,             0,             0,             0,             0,             0,             0,             0,             0,             0,             0,             0,             0,             0, 2.10220433965e-15, -0.0717232761018, 0.0337176303282, 0.0717232761018, -0.0337176303282, 13.0423170063, 13.0205070218, 13.0423170063, 13.0205070218, 26.5948870242, 0.0402493948577, -0.0402493948577, -3.2601546979e-14,             0,             0,             0,             0,             0,             0,             0,             0,             0,             0, 29.9027940449, 59.8235658583, 33.2273242464, 36.5518544479, 39.8763846494, 43.2009148508, 46.5254450523, 49.8499752538, 53.1745054553, 56.4990356568,             1,             1,             1,             1,             1,             1,             1,             1,             1,             1, 119.683444262,           120, 0.605918465253,             0, 13.7148848612, 1.54714859641, 26.5947335247, 23.6848308122, 26.5947335247, 23.6848308122, 26.5948870242, 29.9194228687, 59.8402454688, 33.2439587131, 36.5684945576,  39.893030402, 43.2175662465,  46.542102091, 49.8666379354, 53.1911737799, 56.5157096244,  26.594733245, 23.6848307643, 29.9194228687, 59.8402454688, 33.2439587131, 36.5684945576,  39.893030402, 43.2175662465,  46.542102091, 49.8666379354, 53.1911737799, 56.5157096244,  26.594733245, 23.6848307643, 1.79994324103e-15,             0,             0,             0,             0,             0,             0,             0,             0,             0,             0, 0.0402279041891, -0.0143665158975, -0.0402279041891, 0.0143665158975, 0.837228086834, 0.837674872622, -0.837228086834, -0.837674872622, 3.13749742031e-16,             0,             0,             0,             0,             0,             0,             0,             0,             0,             0, 0.837626531379, 0.83748398507,             0,             0,             0,             0,             0,             0,             0,             0,             0,             0, -0.837626531379, -0.83748398507,            -0,            -0,            -0,            -0, -0.00105678388361,             0,             0,             0,             0,             0,             0,             0,             0,             0,             0, 0.31829533907, 0.324371851112,             0,             0,             0,             0,             0,             0,             0,             0,             0,             0, 0.31829533907, 0.324371851112
        0.825, -0.0412517241578, 0.0152837162096, 0.0412517241578, -0.0152837162096, 1.13696105142e-15, 2560.68267152, 9.88334919079e-17,             0, 317.042352268, -18.765489478, 317.042352268, -18.765489478, 57.9250635495, -13.0507275067, -57.9250635495, 13.0507275067, 4209.20020334, 2580.06254789, 4209.20020334, 2580.06254789,             0,             0,             0,             0,             0,             0,             0,             0,             0,             0,             0,             0,             0,             0,             0,             0,             0,             0,             0,             0,             0, 3.39801653818e-16, -0.0197941098336,            -0,            -0,            -0,            -0,            -0,            -0,            -0,            -0,            -0,            -0,            -0,            -0,            -0,            -0, 1.35854774621e-15,             0,             0,             0,             0,             0,             0,             0,             0,             0,             0,             0,             0,             0,             0, 1.35854782728e-15, -0.0729021965583, 0.0349214912439, 0.0729021965583, -0.0349214912439, 13.4505224986, 13.4274294688, 13.4505224986, 13.4274294688, 27.4260807792, 0.0409393829398, -0.0409393829398, -3.50645988668e-14,             0,             0,             0,             0,             0,             0,             0,             0,             0,             0, 30.7342662986, 60.6575568211, 34.0590763567, 37.3838864147, 40.7086964728, 44.0335065308, 47.3583165889, 50.6831266469,  54.007936705, 57.3327467631,             1,             1,             1,             1,             1,             1,             1,             1,             1,             1,  119.69350313,           120, 0.60483813892,             0, 13.7183434148, 1.54721361499,  27.425911333, 24.5160112454,  27.425911333, 24.5160112454, 27.4260807792, 30.7508963843, 60.6742368301, 34.0757119894, 37.4005275945, 40.7253431996, 44.0501588047, 47.3749744098, 50.6997900148, 54.0246056199,  57.349421225, 27.4259110438, 24.5160111941, 30.7508963843, 60.6742368301, 34.0757119894, 37.4005275945, 40.7253431996, 44.0501588047, 47.3749744098, 50.6997900148, 54.0246056199,  57.349421225, 27.4259110438, 24.5160111941, 1.81887283355e-15,             0,             0,             0,             0,             0,             0,             0,             0,             0,             0, 0.0409141996787, -0.0148745156434, -0.0409141996787, 0.0148745156434, 0.83722306015, 0.837681045029, -0.83722306015, -0.837681045029, 3.39801653818e-16,             0,             0,             0,             0,             0,             0,             0,             0,             0,             0, 0.837628051964, 0.837483341386,             0,             0,             0,             0,             0,             0,             0,             0,             0,             0, -0.837628051964, -0.837483341386,            -0,            -0,            -0,            -0, -0.000968724119128,             0,             0,             0,             0,             0,             0,             0,             0,             0,             0, 0.31829377144, 0.324372840691,             0,             0,             0,             0,             0,             0,             0,             0,             0,             0, 0.31829377144, 0.324372840691
         0.85, -0.0418716960713, 0.0157003319965, 0.0418716960713, -0.0157003319965, -6.22732947077e-16, 2560.05055678, -1.07406447675e-16,             0,  315.54168188, -18.7469009481,  315.54168188, -18.7469009481, 58.8298294421, -13.4181585074, -58.8298294421, 13.4181585074, 4209.62313642, 2579.75804492, 4209.62313642, 2579.75804492,             0,             0,             0,             0,             0,             0,             0,             0,             0,             0,             0,             0,             0,             0,             0,             0,             0,             0,             0,             0,             0, 3.74023765986e-16, -0.0222079895543,            -0,            -0,            -0,            -0,            -0,            -0,            -0,            -0,            -0,            -0,            -0,            -0,            -0,            -0, 1.516177421e-15,             0,             0,             0,             0,             0,             0,             0,             0,             0,             0,             0,             0,             0,             0, 1.51617753489e-15, -0.0740030596069, 0.0360074519829, 0.0740030596069, -0.0360074519829, 13.8587565457, 13.8343854057, 13.8587565457, 13.8343854057, 28.2573418565, 0.0415843997029, -0.0415843997029, -3.4227174896e-14,             0,             0,             0,             0,             0,             0,             0,             0,             0,             0, 31.5658007833,  61.491563987, 34.8908855838, 38.2159703842, 41.5410551846,  44.866139985, 48.1912247854, 51.5163095858, 54.8413943862, 58.1664791866,             1,             1,             1,             1,             1,             1,             1,             1,             1,             1, 119.703378223,           120, 0.603611358379,             0, 13.7217393406, 1.54727744292,  28.257157719, 25.3472600504,  28.257157719, 25.3472600504, 28.2573418565, 31.5824320956, 61.5082442474, 34.9075223347, 38.2326125738, 41.5577028129,  44.882793052, 48.2078832911, 51.5329735301, 54.8580637692, 58.1831540083, 28.2571574208, 25.3472599958, 31.5824320956, 61.5082442474, 34.9075223347, 38.2326125738, 41.5577028129,  44.882793052, 48.2078832911, 51.5329735301, 54.8580637692, 58.1831540083, 28.2571574208, 25.3472599958, 1.80749801273e-15,             0,             0,             0,             0,             0,             0,             0,             0,             0,             0, 0.0415557190431, -0.0153324476672, -0.0415557190431, 0.0153324476672, 0.837218351286, 0.837686608888, -0.837218351286, -0.837686608888, 3.74023765986e-16,             0,             0,             0,             0,             0,             0,             0,             0,             0,             0, 0.837629456653, 0.837482756501,             0,             0,             0,             0,             0,             0,             0,             0,             0,             0, -0.837629456653, -0.837482756501,            -0,            -0,            -0,            -0, -0.000886701275731,             0,             0,             0,             0,             0,             0,             0,             0,             0,             0, 0.318292185492, 0.32437397309,             0,             0,             0,             0,             0,             0,             0,             0,             0,             0, 0.318292185492, 0.32437397309
        0.875, -0.0424503112642, 0.0160724456765, 0.0424503112642, -0.0160724456765, 4.27610566333e-16, 2559.37492292, -1.38964055353e-16,             0, 313.902238329, -18.7263455474, 313.902238329, -18.7263455474, 59.6738671293,  -13.74640885, -59.6738671293,   13.74640885, 4210.04345062, 2579.42888121, 4210.04345062, 2579.42888121,             0,             0,             0,             0,             0,             0,             0,             0,             0,             0,             0,             0,             0,             0,             0,             0,             0,             0,             0,             0,             0, 4.1093098243e-16, -0.0244242692608,            -0,            -0,            -0,            -0,            -0,            -0,            -0,            -0,            -0,            -0,            -0,            -0,            -0,            -0, 2.04485932751e-15,             0,             0,             0,             0,             0,             0,             0,             0,             0,             0,             0,             0,             0,             0, 2.0448595133e-15, -0.0750301226635, 0.0369823287068, 0.0750301226635, -0.0369823287068, 14.2670179196, 14.2413742204, 14.2670179196, 14.2413742204, 29.0886690307, 0.0421867972042, -0.0421867972042, -3.7195576965e-14,             0,             0,             0,             0,             0,             0,             0,             0,             0,             0, 32.3973957277, 62.3255806444, 35.7227496073,  39.048103487, 42.3734573666, 45.6988112462, 49.0241651259, 52.3495190055, 55.6748728851, 59.0002267648,             1,             1,             1,             1,             1,             1,             1,             1,             1,             1, 119.713049832,           120, 0.602270403616,             0, 13.7250658259, 1.54733995293, 29.0884713783, 26.1785759327, 29.0884713783, 26.1785759327, 29.0886690307, 32.4140282311, 62.3422610344, 35.7393874314, 39.0647466318, 42.3901058322, 45.7154650326, 49.0408242329, 52.3661834333, 55.6915426337, 59.0169018341, 29.0884710717, 26.1785758751, 32.4140282311, 62.3422610344, 35.7393874314, 39.0647466318, 42.3901058322, 45.7154650326, 49.0408242329, 52.3661834333, 55.6915426337, 59.0169018341, 29.0884710717, 26.1785758751, 1.79991868335e-15,             0,             0,             0,             0,             0,             0,             0,             0,             0,             0, 0.0421548168911, -0.0157432686845, -0.0421548168911, 0.0157432686845, 0.837213945062, 0.837691600369, -0.837213945062, -0.837691600369, 4.1093098243e-16,             0,             0,             0,             0,             0,             0,             0,             0,             0,             0, 0.83763075396, 0.837482228029,             0,             0,             0,             0,             0,             0,             0,             0,             0,             0, -0.83763075396, -0.837482228029,            -0,            -0,            -0,            -0, -0.000810346173908,             0,             0,             0,             0,             0,             0,             0,             0,             0,             0, 0.318290609736, 0.324375197798,             0,             0,             0,             0,             0,             0,             0,             0,             0,             0, 0.318290609736, 0.324375197798
          0.9, -0.0429898186575, 0.0164030985813, 0.0429898186575, -0.0164030985813, -2.09779216927e-15, 2558.66693703, 7.69732451636e-17,             0,  312.15710846, -18.7042732876,  312.15710846, -18.7042732876, 60.4605717883, -14.0381959239, -60.4605717883, 14.0381959239, 4210.46297704, 2579.08193624, 4210.46297704, 2579.08193624,             0,             0,             0,             0,             0,             0,             0,             0,             0,             0,             0,             0,             0,             0,             0,             0,             0,             0,             0,             0,             0, 4.36848508972e-16, -0.026455182773,            -0,            -0,            -0,            -0,            -0,            -0,            -0,            -0,            -0,            -0,            -0,            -0,            -0,            -0, 1.48919572962e-15,             0,             0,             0,             0,             0,             0,             0,             0,             0,             0,             0,             0,             0,             0, 1.48919588837e-15, -0.0759875112803, 0.037853196526, 0.0759875112803, -0.037853196526, 14.6753054657, 14.6483952361, 14.6753054657, 14.6483952361, 29.9200609444, 0.0427488701533, -0.0427488701533, -3.37899955665e-14,             0,             0,             0,             0,             0,             0,             0,             0,             0,             0,  33.229049356, 63.1596012309,  36.554666231, 39.8802831059, 43.2058999809, 46.5315168559, 49.8571337309, 53.1827506059, 56.5083674809, 59.8339843559,             1,             1,             1,             1,             1,             1,             1,             1,             1,             1, 119.722502827,           120, 0.600841928635,             0, 13.7283176311, 1.54740104737, 29.9198508819, 27.0099574735, 29.9198508819, 27.0099574735, 29.9200609444, 33.2456830149, 63.1762816496, 36.5713050854, 39.8969271559, 43.2225492265,  46.548171297, 49.8737933675,  53.199415438, 56.5250375085, 59.8506595791, 29.9198505672, 27.0099574132, 33.2456830149, 63.1762816496, 36.5713050854, 39.8969271559, 43.2225492265,  46.548171297, 49.8737933675,  53.199415438, 56.5250375085, 59.8506595791, 29.9198505672, 27.0099574132, 1.76905110985e-15,             0,             0,             0,             0,             0,             0,             0,             0,             0,             0, 0.04271378898, -0.0161100312996, -0.04271378898, 0.0161100312996, 0.837209826486, 0.837696056759, -0.837209826486, -0.837696056759, 4.36848508972e-16,             0,             0,             0,             0,             0,             0,             0,             0,             0,             0, 0.837631951806, 0.83748175322,             0,             0,             0,             0,             0,             0,             0,             0,             0,             0, -0.837631951806, -0.83748175322,            -0,            -0,            -0,            -0, -0.000739337400452,             0,             0,             0,             0,             0,             0,             0,             0,             0,             0, 0.318289037332, 0.324376489148,             0,             0,             0,             0,             0,             0,             0,             0,             0,             0, 0.318289037332, 0.324376489148
        0.925, -0.0434922712916, 0.0166951604759, 0.0434922712916, -0.0166951604759, 5.67522861039e-15, 2557.93605946, 1.01518271914e-16,             0, 310.334026147, -18.681068321, 310.334026147, -18.681068321, 61.1931468132, -14.2960849587, -61.1931468132, 14.2960849587, 4210.88686865, 2578.72062531, 4210.88686865, 2578.72062531,             0,             0,             0,             0,             0,             0,             0,             0,             0,             0,             0,             0,             0,             0,             0,             0,             0,             0,             0,             0,             0, 4.6783071402e-16, -0.0283118405391,            -0,            -0,            -0,            -0,            -0,            -0,            -0,            -0,            -0,            -0,            -0,            -0,            -0,            -0, 1.3425211204e-15,             0,             0,             0,             0,             0,             0,             0,             0,             0,             0,             0,             0,             0,             0, 1.3425212843e-15, -0.0768790420756, 0.03862698303, 0.0768790420756, -0.03862698303, 15.0836180926, 15.0554477266, 15.0836180926, 15.0554477266, 30.7515161386, 0.0432727494487, -0.0432727494487, -4.37040023385e-14,             0,             0,             0,             0,             0,             0,             0,             0,             0,             0, 34.0607598959, 63.9936211394, 37.3866333674, 40.7125068389, 44.0383803104, 47.3642537819, 50.6901272534, 54.0160007249, 57.3418741964, 60.6677476679,             1,             1,             1,             1,             1,             1,             1,             1,             1,             1, 119.731725889,           120, 0.599348134138,             0, 13.7314908263, 1.54746065327, 30.7512947053, 27.8414031588, 30.7512947053, 27.8414031588, 30.7515161386, 34.0773946751, 64.0103015034, 37.4032732116, 40.7291517481, 44.0550302845,  47.380908821, 50.7067873575,  54.032665894, 57.3585444304, 60.6844229669,  30.751294383, 27.8414030961, 34.0773946751, 64.0103015034, 37.4032732116, 40.7291517481, 44.0550302845,  47.380908821, 50.7067873575,  54.032665894, 57.3585444304, 60.6844229669,  30.751294383, 27.8414030961, 1.78928907324e-15,             0,             0,             0,             0,             0,             0,             0,             0,             0,             0, 0.0432347661039, -0.0164357137624, -0.0432347661039, 0.0164357137624, 0.837205981531, 0.837700014394, -0.837205981531, -0.837700014394, 4.6783071402e-16,             0,             0,             0,             0,             0,             0,             0,             0,             0,             0, 0.837633057349, 0.837481329203,             0,             0,             0,             0,             0,             0,             0,             0,             0,             0, -0.837633057349, -0.837481329203,            -0,            -0,            -0,            -0, -0.000673391511334,             0,             0,             0,             0,             0,             0,             0,             0,             0,             0, 0.318287449041, 0.324377834399,             0,             0,             0,             0,             0,             0,             0,             0,             0,             0, 0.318287449041, 0.324377834399
         0.95, -0.0439595524922, 0.0169513672695, 0.0439595524922, -0.0169513672695, 4.90036931053e-15, 2557.19035555, -1.0580025387e-16,             0, 308.456511681, -18.6570646467, 308.456511681, -18.6570646467,  61.874519573,  -14.52250276, -61.874519573,   14.52250276, 4211.31891353, 2578.34832378, 4211.31891353, 2578.34832378,             0,             0,             0,             0,             0,             0,             0,             0,             0,             0,             0,             0,             0,             0,             0,             0,             0,             0,             0,             0,             0, 5.05775157312e-16, -0.0300047001867,            -0,            -0,            -0,            -0,            -0,            -0,            -0,            -0,            -0,            -0,            -0,            -0,            -0,            -0, 1.71034865569e-15,             0,             0,             0,             0,             0,             0,             0,             0,             0,             0,             0,             0,             0,             0, 1.71034889021e-15, -0.0777082039289, 0.0393103295901, 0.0777082039289, -0.0393103295901, 15.4919547679, 15.4625309284, 15.4919547679, 15.4625309284, 31.5830330814, 0.0437603885119, -0.0437603885119, -4.51486367558e-14,             0,             0,             0,             0,             0,             0,             0,             0,             0,             0, 34.8925255906, 64.8276365774, 38.2186490336, 41.5447724765, 44.8708959195, 48.1970193625, 51.5231428055, 54.8492662485, 58.1753896914, 61.5015131344,             1,             1,             1,             1,             1,             1,             1,             1,             1,             1, 119.740710913,           120, 0.597807643443,             0, 13.7345825857, 1.54751871843, 31.5828012549, 28.6729114052, 31.5828012549, 28.6729114052, 31.5830330814, 34.9091614551, 64.8443168183, 38.2352898288, 41.5614182025, 44.8875465762, 48.2136749498, 51.5398033235, 54.8659316972, 58.1920600709, 61.5181884446, 31.5828009255, 28.6729113402, 34.9091614551, 64.8443168183, 38.2352898288, 41.5614182025, 44.8875465762, 48.2136749498, 51.5398033235, 54.8659316972, 58.1920600709, 61.5181884446, 31.5828009255, 28.6729113402, 1.92264359328e-15,             0,             0,             0,             0,             0,             0,             0,             0,             0,             0, 0.0437197002005, -0.016723163241, -0.0437197002004, 0.0167231632411, 0.837202397247, 0.837703507972, -0.837202397247, -0.837703507972, 5.05775157312e-16,             0,             0,             0,             0,             0,             0,             0,             0,             0,             0, 0.837634077004, 0.837480953088,             0,             0,             0,             0,             0,             0,             0,             0,             0,             0, -0.837634077004, -0.837480953088,            -0,            -0,            -0,            -0, -0.000612246693263,             0,             0,             0,             0,             0,             0,             0,             0,             0,             0, 0.318285830721, 0.324379220952,             0,             0,             0,             0,             0,             0,             0,             0,             0,             0, 0.318285830721, 0.324379220952
        0.975, -0.0444093836308, 0.017174453431, 0.0443774925496, -0.017174312399, 1.7852255137e-06, 2556.43667781, 8.88252279028e-07,             0,  306.54455201, -18.6325201089, 306.544736228, -18.6325800614, 62.5134604803, -14.7198136545, -62.5012808982, 14.7197733314, 4211.75952067, 2577.96949088, 4211.75941858, 2577.96962547,             0,             0,             0,             0,             0,             0,             0,             0,             0,             0,             0,             0,             0,             0,             0,             0,             0,             0,             0,             0,             0, 5.9985427807e-10, -0.0315439701066,            -0,            -0,            -0,            -0,            -0,            -0,            -0,            -0,            -0,            -0,            -0,            -0,            -0,            -0, 3.8245417406e-08,             0,             0,             0,             0,             0,             0,             0,             0,             0,             0,             0,             0,             0,             0, 3.82454232022e-08, -0.0784789893302, 0.0399096752036, 0.0784774833522, -0.0399096158888, 15.9003145053, 15.8696440526,  15.900314525, 15.8696440527, 32.4146101918, 0.0442286951157, -0.0441985192025, 0.000666970049406,             0,             0,             0,             0,             0,             0,             0,             0,             0,             0, 35.7243447093, 65.6616444599, 39.0507113483, 42.3770779872, 45.7034446262, 49.0298112651, 52.3561779041,  55.682544543,  59.008911182, 62.3352778209,             1,             1,             1,             1,             1,             1,             1,             1,             1,             1, 119.749452526,           120, 0.596236134109,             0, 13.7375910232,  1.5475752083,   32.41436887, 29.5044805813, 32.4143689098, 29.5044805815, 32.4146101918, 35.7409816249, 65.6783245226,  39.067353058,  42.393724491, 45.7200959241, 49.0464673572, 52.3728387903, 55.6992102234, 59.0255816564, 62.3519530895, 32.4143685338, 29.5044805143, 35.7409816249, 65.6783245226,  39.067353058,  42.393724491, 45.7200959241, 49.0464673572, 52.3728387903, 55.6992102234, 59.0255816564, 62.3519530895, 32.4143685738, 29.5044805145, 6.54021266912e-09,             0,             0,             0,             0,             0,             0,             0,             0,             0,             0, 0.0441855020358, -0.0169751103325, -0.0441553138667, 0.0169751302329, 0.837199057868, 0.837706571071, -0.837199065039, -0.837706570628, 5.9985427807e-10,             0, 0.000316913409115,             0,             0,             0,             0,             0,             0,             0,             0, 0.837635017187, 0.837480622016,             0, 0.000316913409115,             0,             0,             0,             0,             0,             0,             0,             0, -0.837635015993, -0.83748062191,            -0,            -0,            -0,            -0, -0.000555648876688,             0,             0,             0,             0,             0,             0,             0,             0,             0,             0, 0.31828418083, 0.324380632162,             0,             0,             0,             0,             0,             0,             0,             0,             0,             0, 0.318284181222, 0.32438063166
            1, -0.0448982713089, 0.0173672933843, 0.0446356962769, -0.0173663395288, 6.41300380551e-05, 2555.68077567, 1.35939925655e-05,             0, 304.615624796, -18.6071575194, 304.615958459, -18.6083779475, 63.1783737483, -14.8905116107, -62.9909811314, 14.8899795881,  4212.2010356, 2577.58585639,  4212.2093988, 2577.59257633,             0,             0,             0,             0,             0,             0,             0,             0,             0,             0,             0,             0,             0,             0,             0,             0,             0,             0,             0,             0,             0, 3.56620948924e-08, -0.0329397505617,            -0,            -0,            -0,            -0,            -0,            -0,            -0,            -0,            -0,            -0,            -0,            -0,            -0,            -0, 1.49381886264e-06,             0,             0,             0,             0,             0,             0,             0,             0,             0,             0,             0,             0,             0,             0, 1.49381910951e-06, -0.0791961676891, 0.0404324291829, 0.0791852778203, -0.0404299421871,  16.308696347, 16.2767862911, 16.3086965151, 16.2767862965, 33.2462458589, 0.044737818322, -0.0444731285488, 0.00656696346586,             0,             0,             0,             0,             0,             0,             0,             0,             0,             0, 36.5562155562, 66.4956423224, 39.8828185302, 43.2094215042, 46.5360244783, 49.8626274523, 53.1892304263, 56.5158334003, 59.8424363743, 63.1690393483,             1,             1,             1,             1,             1,             1,             1,             1,             1,             1,  119.75794769,           120, 0.59464678809,             0, 13.7405150566, 1.54763010342, 33.2459957965, 30.3361090186, 33.2459961591,  30.336109035, 33.2462458589, 36.5728534893, 66.5123221635, 39.8994611198, 43.2260687503, 46.5526763807, 49.8792840112, 53.2058916416, 56.5324992721, 59.8591069026,  63.185714533, 33.2459954534, 30.3361089499, 36.5728534893, 66.5123221635, 39.8994611198, 43.2260687503, 46.5526763807, 49.8792840112, 53.2058916416, 56.5324992721, 59.8591069026,  63.185714533,  33.245995818, 30.3361089663, 5.41132064774e-07,             0,             0,             0,             0,             0,             0,             0,             0,             0,             0, 0.0446928363864, -0.0171936083504, -0.044427070569, 0.0171948970034, 0.837195971038, 0.837709242295, -0.837195969749, -0.837709228622, 3.56620948924e-08,             0, 0.00303674570428,             0,             0,             0,             0,             0,             0,             0,             0, 0.837635912079, 0.837480332654,             0, 0.00303674570428,             0,             0,             0,             0,             0,             0,             0,             0, -0.837635850254, -0.837480333079,            -0,            -0,            -0,            -0, -0.000503344639402,             0,             0,             0,             0,             0,             0,             0,             0,             0,             0, 0.318282527906, 0.324382061559,             0,             0,             0,             0,             0,             0,             0,             0,             0,             0, 0.318282496784, 0.324382036494
        1.025, -0.0456760259451, 0.0175294844134, 0.0446025321716, -0.0175328961202, 0.000410043948142, 2554.92736254, 6.12374724964e-05,             0, 302.683949823, -18.5800430384,  302.68368778, -18.5857822501, 64.0249557728,  -15.03573773, -63.1834040934, 15.0364111463, 4212.62003467, 2577.18467024, 4212.68695143, 2577.23792064,             0,             0,             0,             0,             0,             0,             0,             0,             0,             0,             0,             0,             0,             0,             0,             0,             0,             0,             0,             0,             0, 3.30036552103e-07, -0.0342019545812,            -0,            -0,            -0,            -0,            -0,            -0,            -0,            -0,            -0,            -0,            -0,            -0,            -0,            -0, 1.15546511714e-05,             0,             0,             0,             0,             0,             0,             0,             0,             0,             0,             0,             0,             0,             0, 1.15546532301e-05, -0.0798698107511, 0.0408907982263, 0.0798336937353, -0.0408713029977, 16.7170992467, 16.6839568071, 16.7170999613, 16.6839568679,  34.077938456, 0.0455553845451, -0.0444347853516, 0.0234110821224,             0,             0,             0,             0,             0,             0,             0,             0,             0,             0, 37.3881364756, 67.3296282459, 40.7149688946, 44.0418013135, 47.3686337324, 50.6954661513, 54.0222985702, 57.3491309892, 60.6759634081,  64.002795827,             1,             1,             1,             1,             1,             1,             1,             1,             1,             1, 119.766195373,           120, 0.593050627989,             0, 13.7433542946,  1.5476833973, 34.0776799452, 31.1677949845, 34.0776815722, 31.1677951481,  34.077938456, 37.4047753936, 67.3463078317, 40.7316123312, 44.0584492687, 47.3852862063, 50.7121231439, 54.0389600814,  57.365797019, 60.6926339566, 64.0194708941, 34.0776795927, 31.1677949143, 37.4047753936, 67.3463078317, 40.7316123312, 44.0584492687, 47.3852862063, 50.7121231439, 54.0389600814,  57.365797019, 60.6926339566, 64.0194708941, 34.0776812287, 31.1677950779, 5.44035737317e-06,             0,             0,             0,             0,             0,             0,             0,             0,             0,             0, 0.045513155762, -0.0173769438659, -0.0443816972382, 0.0173893692119, 0.837193276649, 0.837711577465, -0.837192913298, -0.837711489209, 3.30036552103e-07,             0, 0.010827306361,             0,             0,             0,             0,             0,             0,             0,             0, 0.837636957643, 0.837480071684,             0, 0.010827306361,             0,             0,             0,             0,             0,             0,             0,             0, -0.83763639332, -0.837480093943,            -0, -5.55111512313e-17,            -0,            -0, -0.000455080585637,             0,             0,             0,             0,             0,             0,             0,             0,             0,             0, 0.318280959284, 0.32438355668,             0,             0,             0,             0,             0,             0,             0,             0,             0,             0, 0.318280709874, 0.324383358063
         1.05, -0.046740929691, 0.0176504544724, 0.0442261673257, -0.0176893330457, 0.00152971014509, 2554.18024095, 0.000166704386333,             0, 300.764532967, -18.5498453026, 300.757690988, -18.5664414183, 65.2233522207, -15.1508732087, -62.9455948923, 15.1678944553, 4212.95586136, 2576.72828171, 4213.24103754, 2576.94823775,             0,             0,             0,             0,             0,             0,             0,             0,             0,             0,             0,             0,             0,             0,             0,             0,             0,             0,             0,             0,             0, 1.59560743031e-06, -0.0353401520069,            -0,            -0,            -0,            -0,            -0,            -0,            -0,            -0,            -0,            -0,            -0,            -0,            -0,            -0, 4.91946796274e-05,             0,             0,             0,             0,             0,             0,             0,             0,             0,             0,             0,             0,             0,             0, 4.91946889853e-05, -0.0804863062165, 0.0413064835704, 0.080439280902, -0.0412237416551, 17.1255223506, 17.0911547035, 17.1255241111, 17.0911550295, 34.9096863521, 0.0467113955296, -0.043999958189, 0.0564661784956,             0,             0,             0,             0,             0,             0,             0,             0,             0,             0, 38.2201058522, 68.1636007572, 41.5471608417, 44.8742158311, 48.2012708205,   51.52832581, 54.8553807994, 58.1824357888, 61.5094907783, 64.8365457677,             1,             1,             1,             1,             1,             1,             1,             1,             1,             1,  119.77419615,           120, 0.591456740733,             0, 13.7461089005, 1.54773509382, 34.9094194043, 31.9995366093, 34.9094237607, 31.9995374341, 34.9096863521, 38.2367457231, 68.1802800624, 41.5638050942, 44.8908644652, 48.2179238362, 51.5449832073, 54.8720425783, 58.1991019493, 61.5261613203, 64.8532206914, 34.9094190399, 31.9995365378, 38.2367457231, 68.1802800624, 41.5638050942, 44.8908644652, 48.2179238362, 51.5449832073, 54.8720425783, 58.1991019493, 61.5261613203, 64.8532206914, 34.9094234182, 31.9995373625, 2.74935239066e-05,             0,             0,             0,             0,             0,             0,             0,             0,             0,             0, 0.0466892537447, -0.0175134047045, -0.0439228579534, 0.0175752471523, 0.837191669295, 0.837713652827, -0.837189195808, -0.837713336709, 1.59560743031e-06,             0, 0.0263549338741,             0,             0,             0,             0,             0,             0,             0,             0, 0.837638773184, 0.837479792391,             0, 0.0263549338741,             0,             0,             0,             0,             0,             0,             0,             0, -0.837636036993, -0.837479945314,            -0, 5.55111512313e-17, 5.55111512313e-17,            -0, -0.000410606044528,             0,             0,             0,             0,             0,             0,             0,             0,             0,             0, 0.318279701408, 0.324385257933,             0,             0,             0,             0,             0,             0,             0,             0,             0,             0, 0.318278637685, 0.32438443754
        1.075, -0.0481919264499, 0.0177026120634, 0.0433552829327, -0.0178676934782, 0.00401495679137, 2553.44239754, 0.000347172308989,             0, 298.868280227, -18.5159341475, 298.846763678, -18.5512316423,  66.888660185, -15.2197412627, -62.1924010113, 15.3045363727, 4213.12997317, 2576.16036929, 4213.94025937, 2576.78218005,             0,             0,             0,             0,             0,             0,             0,             0,             0,             0,             0,             0,             0,             0,             0,             0,             0,             0,             0,             0,             0, 5.26459865468e-06, -0.0363634386568,            -0,            -0,            -0,            -0,            -0,            -0,            -0,            -0,            -0,            -0,            -0,            -0,            -0,            -0, 0.000146308632021,             0,             0,             0,             0,             0,             0,             0,             0,             0,             0,             0,             0,             0,             0, 0.000146308661488, -0.0810254154941, 0.0417108728602, 0.0810252104277, -0.0414669836944, 17.5339647347, 17.4983789909, 17.5339683763,  17.498380141, 35.7414879207, 0.0483284160563, -0.0429937335064, 0.111880751444,             0,             0,             0,             0,             0,             0,             0,             0,             0,             0, 39.0521221136, 68.9975587717, 42.3793928534, 45.7066635932,  49.033934333, 52.3612050728, 55.6884758126, 59.0157465523, 62.3430172921, 65.6702880319,             1,             1,             1,             1,             1,             1,             1,             1,             1,             1, 119.781951967,           120, 0.589872554542,             0, 13.7487795116, 1.54778520575, 35.7412119469, 32.8313318252, 35.7412216645, 32.8313346186, 35.7414879207, 39.0687629065, 69.0142377785, 42.3960378922,  45.723312878, 49.0505878638, 52.3778628496, 55.7051378353, 59.0324128211, 62.3596878069, 65.6869627927, 35.7412115669, 32.8313317528, 39.0687629065, 69.0142377785, 42.3960378922,  45.723312878, 49.0505878638, 52.3778628496, 55.7051378353, 59.0324128211, 62.3596878069, 65.6869627927, 35.7412213279, 32.8313345458, 9.32315814117e-05,             0,             0,             0,             0,             0,             0,             0,             0,             0,             0, 0.0483702334429, -0.0175760252473, -0.0428490871118, 0.0177842086728, 0.837192527578, 0.837715550564, -0.837183432599, -0.837714746136, 5.26459865469e-06,             0, 0.0522856694772,             0,             0,             0,             0,             0,             0,             0, 0.000328159841445, 0.837642625304, 0.837479399098,             0, 0.0522856694772,             0,             0,             0,             0,             0,             0,             0, 0.000328159841445, -0.837633524944, -0.837479977159,            -0, 5.55111512313e-17,            -0,            -0, -0.000369677266682,             0,             0,             0,             0,             0,             0,             0,             0,             0,             0, 0.318279047516, 0.32438737535,             0,             0,             0,             0,             0,             0,             0,             0,             0,             0, 0.318276024065, 0.324385056164
          1.1, -0.0504819509339, 0.0176418497486, 0.0416634258259, -0.0181162043507, 0.00869927371201, 2552.71612762, 0.00065302281329,             0, 297.005106836, -18.4763379781, 296.956611872, -18.5423325727, 69.3267960593, -15.2132479501, -60.5980136662, 15.4790863932, 4213.06005128,  2575.4199047, 4214.86320665, 2576.80174868,             0,             0,             0,             0,             0,             0,             0,             0,             0,             0,             0,             0,             0,             0,             0,             0,             0,             0,             0,             0,             0, 1.36681013196e-05, -0.0372803656174,            -0,            -0,            -0,            -0,            -0,            -0,            -0,            -0,            -0,            -0,            -0,            -0,            -0,            -0, 0.000345919382465,             0,             0,             0,             0,             0,             0,             0,             0,             0,             0,             0,             0,             0,             0, 0.00034591945569, -0.0814761792121, 0.0421426162721, 0.0816147126255, -0.0415727602664, 17.9424252228, 17.9056285697, 17.9424323943, 17.9056316848, 36.5733415478, 0.0508876629827, -0.0410613845875, 0.20202093705,             0,             0,             0,             0,             0,             0,             0,             0,             0,             0, 39.8841837307, 69.8315015285,  43.211663486, 46.5391432413, 49.8666229966,  53.194102752, 56.5215825073, 59.8490622626, 63.1765420179, 66.5040217732,             1,             1,             1,             1,             1,             1,             1,             1,             1,             1, 119.789465881,           120, 0.588304052289,             0, 13.7513671487, 1.54783375299, 36.5730546394, 33.6631783227, 36.5730747268, 33.6631856998, 36.5733415478, 39.9008254154, 69.8481802241,  43.228309283, 46.5557931507, 49.8832770183, 53.2107608859, 56.5382447536, 59.8657286212, 63.1932124889, 66.5206963565, 36.5730542359, 33.6631782497, 39.9008254154, 69.8481802241,  43.228309283, 46.5557931507, 49.8832770183, 53.2107608859, 56.5382447536, 59.8657286212, 63.1932124889, 66.5206963565, 36.5730744043, 33.6631856256, 0.000246412569868,             0,             0,             0,             0,             0,             0,             0,             0,             0,             0, 0.0510810721563, -0.017518822256, -0.0407618771848, 0.0180666329479, 0.837198024161, 0.837717357176, -0.837173389962, -0.837715684323, 1.36681013197e-05,             0, 0.0912852401112,             0,             0,             0,             0,             0,             0,             0, 0.00308530731942, 0.837650626239, 0.837478759307,             0, 0.0912852401112,             0,             0,             0,             0,             0,             0,             0, 0.00308530731942, -0.837626752077, -0.837480316536,            -0,            -0,            -0,            -0, -0.000332061444315,             0,             0,             0,             0,             0,             0,             0,             0,             0,             0, 0.318279304868, 0.324390136489,             0,             0,             0,             0,             0,             0,             0,             0,             0,             0, 0.318272575588, 0.324384982713
        1.125, -0.0538090211671, 0.0174015873378, 0.038875707928, -0.0185052694355, 0.0168865392014, 2552.00315278, 0.00115349133467,             0, 295.184638549, -18.4280164863, 295.088580345, -18.542953006, 72.9630468368, -15.0871351997, -57.7235357337, 15.7392480958, 4212.62362868, 2574.41879991, 4216.12889284, 2577.09581651,             0,             0,             0,             0,             0,             0,             0,             0,             0,             0,             0,             0,             0,             0,             0,             0,             0,             0,             0,             0,             0, 3.05764977615e-05, -0.0380989345794,            -0,            -0,            -0,            -0,            -0,            -0,            -0,            -0,            -0,            -0,            -0,            -0,            -0,            -0, 0.000710307568018,             0,             0,             0,             0,             0,             0,             0,             0,             0,             0,             0,             0,             0,             0, 0.000710307725053, -0.0817980054233, 0.0426549552359, 0.0822498286123, -0.0414974823753, 18.3509027517, 18.3129021772, 18.3509159109, 18.3129093266, 37.4052456387, 0.0546402208498, -0.037874990149, 0.340181879693,             0,             0,             0,             0,             0,             0,             0,             0,             0,             0, 40.7162892165, 70.6654285127, 44.0439713605, 47.3716535046, 50.6993356486, 54.0270177926, 57.3546999366, 60.6823820806, 64.0100642246, 67.3377463687,             1,             1,             1,             1,             1,             1,             1,             1,             1,             1, 119.796741761,           120, 0.586755962168,             0, 13.7538731149, 1.54788076074, 37.4049444853, 34.4950734215, 37.4049827647, 34.4950900901, 37.4052456387, 40.7329317637, 70.6821068889, 44.0606178887, 47.3883040137, 50.7159901387, 54.0436762638, 57.3713623888, 60.6990485138, 64.0267346388, 67.3544207639,  37.404944048, 34.4950733487, 40.7329317637, 70.6821068889, 44.0606178887, 47.3883040137, 50.7159901387, 54.0436762638, 57.3713623888, 60.6990485138, 64.0267346388, 67.3544207639, 37.4049824676, 34.4950900142, 0.000557214974311,             0,             0,             0,             0,             0,             0,             0,             0,             0,             0, 0.0551430551779, -0.0172672316268, -0.0372630920096, 0.0185011666539, 0.837211835689, 0.837719232739, -0.837155390258, -0.837716040679, 3.0576497763e-05,             0, 0.145808074736,             0,             0,             0,             0,             0,             0,             0, 0.0109367695204, 0.837666227813, 0.837477731392,             0, 0.145808074736,             0,             0,             0,             0,             0,             0,             0, 0.0109367695204, -0.83761227362, -0.83748109988,            -0,            -0,            -0,            -0, -0.00029753923455,             0,             0,             0,             0,             0,             0,             0,             0,             0,             0, 0.318280930761, 0.324393869807,             0,             0,             0,             0,             0,             0,             0,             0,             0,             0, 0.318267847838, 0.324383885754
         1.15, -0.0586647102957, 0.016879728712, 0.0345165678004, -0.0191405621462, 0.0303785930462, 2551.30479703, 0.00192211639193,             0, 293.416582298, -18.3678891402, 293.240923533, -18.5563394119, 78.2293137823, -14.7734887083, -53.1268906221, 16.1563046821, 4211.64923927,  2573.0234384, 4217.90880755, 2577.79900066,             0,             0,             0,             0,             0,             0,             0,             0,             0,             0,             0,             0,             0,             0,             0,             0,             0,             0,             0,             0,             0, 6.19391476256e-05, -0.0388266409627,            -0,            -0,            -0,            -0,            -0,            -0,            -0,            -0,            -0,            -0,            -0,            -0,            -0,            -0, 0.00133082890864,             0,             0,             0,             0,             0,             0,             0,             0,             0,             0,             0,             0,             0,             0, 0.00133082921421, -0.0819400815115, 0.0433238942336, 0.0829875663754, -0.0411741467799, 18.7593959633, 18.7201983039, 18.7594190097,  18.720213005, 38.2371986227, 0.0601425626423, -0.0328941273996, 0.535275759161,             0,             0,             0,             0,             0,             0,             0,             0,             0,             0, 41.5484371227, 71.4993393817, 44.8763151515, 48.2041931803, 51.5320712091, 54.8599492378, 58.1878272666, 61.5157052954, 64.8435833242, 68.1714613529,             1,             1,             1,             1,             1,             1,             1,             1,             1,             1, 119.803784011,           120, 0.585231956053,             0, 13.7562988977, 1.54792625758, 38.2368775442, 35.3270138894, 38.2369464709, 35.3270478078, 38.2371986227, 41.5650805038,  71.516017433, 44.8929623848, 48.2208442658, 51.5487261468, 54.8766080279, 58.2044899089, 61.5323717899, 64.8602536709,  68.188135552, 38.2368770578, 35.3270138178, 41.5650805038,  71.516017433, 44.8929623848, 48.2208442658, 51.5487261468, 54.8766080279, 58.2044899089, 61.5323717899, 64.8602536709,  68.188135552, 38.2369462158, 35.3270477297, 0.00113479068788,             0,             0,             0,             0,             0,             0,             0,             0,             0,             0, 0.0612218381912, -0.0167047528691, -0.0317031085729, 0.0192081133791, 0.837239714295, 0.837721504701, -0.837123652754, -0.837715533743, 6.19391476378e-05,             0, 0.216835914188,             0,             0,             0,             0,             0,             0,             0, 0.0265464679886, 0.837694900809, 0.837476212058,             0, 0.216835914188,             0,             0,             0,             0,             0,             0,             0, 0.0265464679886, -0.837584624525, -0.837482425416,            -0,            -0, 5.55111512313e-17,            -0, -0.000265904861341,             0,             0,             0,             0,             0,             0,             0,             0,             0,             0, 0.318284565411, 0.324399073536,             0,             0,             0,             0,             0,             0,             0,             0,             0,             0, 0.318261200463, 0.324381263254
        1.175, -0.0653039999964, 0.0159294917076, 0.0283350354984, -0.0201728572794, 0.0513786438328, 2550.62218198, 0.00304076145306,             0, 291.709116248, -18.2930498187, 291.409579837, -18.5856444979,  85.571051957, -14.1721620889, -46.3266241426, 16.8341552059, 4209.91571499, 2571.05954398, 4220.42459739, 2579.08276201,             0,             0,             0,             0,             0,             0,             0,             0,             0,             0,             0,             0,             0,             0,             0,             0,             0,             0,             0,             0,             0, 0.000116568453357, -0.0394705646769,            -0,            -0,            -0,            -0,            -0,            -0,            -0,            -0,            -0,            -0,            -0,            -0,            -0,            -0, 0.00233091940325,             0,             0,             0,             0,             0,             0,             0,             0,             0,             0,             0,             0,             0,             0, 0.00233091995635, -0.0818102391179, 0.0442499144235, 0.0839255043932, -0.0405111788774, 19.1679035145, 19.1275151163, 19.1679419044, 19.1275430142, 39.0691989569, 0.0677037540193, -0.0258137372703, 0.795119149561,             0,             0,             0,             0,             0,             0,             0,             0,             0,             0, 42.3806260354, 72.3332338897, 45.7086935747, 49.0367611141, 52.3648286535, 55.6928961928, 59.0209637322, 62.3490312716,  65.677098811, 69.0051663503,             1,             1,             1,             1,             1,             1,             1,             1,             1,             1, 119.810597289,           120, 0.583734884826,             0, 13.7586460727, 1.54797027373, 39.0688494941,  36.158995779, 39.0689669941, 36.1590596468, 39.0691989569, 42.3972702223, 72.3499116114, 45.7253414878, 49.0534127532, 52.3814840187, 55.7095552841, 59.0376265496,  62.365697815, 65.6937690805, 69.0218403459, 39.0688489405, 36.1589957105, 42.3972702223, 72.3499116114, 45.7253414878, 49.0534127532, 52.3814840187, 55.7095552841, 59.0376265496,  62.365697815, 65.6937690805, 69.0218403459,  39.068966802, 36.1590595653, 0.00213848172661,             0,             0,             0,             0,             0,             0,             0,             0,             0,             0, 0.0697858894537, -0.0156610817884, -0.0236174475901, 0.0203615367009, 0.837290331606, 0.837724775877, -0.837069478833, -0.837713605871, 0.000116568453438,             0, 0.304722962327,             0,             0,             0,             0,             0,             0, 0.000337204768766, 0.0525781260096, 0.837744805989, 0.837474234602,             0, 0.304722962327,             0,             0,             0,             0,             0,             0, 0.000337204768766, 0.0525781260096, -0.837535646854, -0.837484254339,            -0,            -0, -5.55111512313e-17,            -0, -0.000236964751616,             0,             0,             0,             0,             0,             0,             0,             0,             0,             0, 0.31829103481, 0.324406397492,             0,             0,             0,             0,             0,             0,             0,             0,             0,             0, 0.318251805609, 0.324376475776
          1.2, -0.0745433005168, 0.0143559899409, 0.0195194234792, -0.0218012818299, 0.0826319804537, 2549.95647328, 0.00463617452499,             0,  290.07091444, -18.1990913544, 289.585270542, -18.6355665889, 95.6891953339, -13.1470612225, -36.5537847619, 17.9136107559, 4207.16776142, 2568.31293901, 4223.93201529, 2581.14956606,             0,             0,             0,             0,             0,             0,             0,             0,             0,             0,             0,             0,             0,             0,             0,             0,             0,             0,             0,             0,             0, 0.00020688913876, -0.0400376256842,            -0,            -0,            -0,            -0,            -0,            -0,            -0,            -0,            -0,            -0,            -0,            -0,            -0,            -0, 0.00386844089262,             0,             0,             0,             0,             0,             0,             0,             0,             0,             0,             0,             0,             0,             0, 0.00386844183711, -0.0813159409102, 0.04555973671, 0.0851616958012, -0.0393917139782,  19.576423516, 19.5348503905, 19.5764855564, 19.5349000803, 39.9012451275, 0.0781947189587, -0.0157675040436, 1.13440507035,             0,             0,             0,             0,             0,             0,             0,             0,             0,             0, 43.2128545665, 73.1671117843, 46.5411053685, 49.8693561705, 53.1976069724, 56.5258577744, 59.8541085764, 63.1823593784, 66.5106101804, 69.8388609824,             1,             1,             1,             1,             1,             1,             1,             1,             1,             1, 119.817186129,           120, 0.582267005466,             0, 13.7609161743, 1.54801283858, 39.9008544112,  36.991014268, 39.9010471439, 36.9911273414, 39.9012451275, 43.2294995317, 73.1837891703,  46.557753936, 49.8860083403, 53.2142627446, 56.5425171489, 59.8707715531, 63.1990259574, 66.5272803617,  69.855534766, 39.9008537653, 36.9910142054, 43.2294995317, 73.1837891703,  46.557753936, 49.8860083403, 53.2142627446, 56.5425171489, 59.8707715531, 63.1990259574, 66.5272803617,  69.855534766, 39.9010470455,  36.991127255, 0.00378883092262,             0,             0,             0,             0,             0,             0,             0,             0,             0,             0, 0.0819267386766, -0.0139008039935, -0.011919168461, 0.0222010042286, 0.837375794234, 0.837730111402, -0.836980729565, -0.837709241215, 0.000206889139212,             0, 0.409821034176,             0,             0,             0,             0,             0,             0, 0.0031238484665, 0.0916952562405, 0.837827537106, 0.837472145815,             0, 0.409821034176,             0,             0,             0,             0,             0,             0, 0.0031238484665, 0.0916952562405, -0.837453744639, -0.837486232769,            -0,            -0,            -0, -5.55111512313e-17, -0.000210535113975,             0,             0,             0,             0,             0,             0,             0,             0,             0,             0, 0.318301292266, 0.324416640202,             0,             0,             0,             0,             0,             0,             0,             0,             0,             0, 0.318238708111, 0.324368768242
        1.225, -0.0878267986166, 0.0119068675662, 0.00663274656389, -0.0242822102447, 0.127893020648, 2549.30928404, 0.00692643250037,             0, 288.509205675, -18.0782422125, 287.749774557, -18.7145410049, 109.837243243, -11.5199948951, -22.4182869337, 19.5782104525, 4203.07127754, 2564.51167761, 4228.76551336,  2584.2670342,             0,             0,             0,             0,             0,             0,             0,             0,             0,             0,             0,             0,             0,             0,             0,             0,             0,             0,             0,             0,             0, 0.000350213358859, -0.0405348551914,            -0,            -0,            -0,            -0,            -0,            -0,            -0,            -0,            -0,            -0,            -0,            -0,            -0,            -0, 0.00615105174325,             0,             0,             0,             0,             0,             0,             0,             0,             0,             0,             0,             0,             0,             0, 0.00615105328258, -0.0803538672976, 0.0474180486717, 0.0868055977902, -0.0376609190318, 19.9849534548, 19.9422014036,  19.985051896, 19.9422854836, 40.7333356487, 0.0931246074709, -0.00125291666094, 1.56758939441,             0,             0,             0,             0,             0,             0,             0,             0,             0,             0, 44.0451213341, 74.0009726227, 47.3735492551,  50.701977176,  54.030405097, 57.3588330179, 60.6872609389, 64.0156888598, 67.3441167808, 70.6725447017,             1,             1,             1,             1,             1,             1,             1,             1,             1,             1, 119.823554257,           120, 0.580830222513,             0,  13.763110465,  1.5480539764, 40.7328843952, 37.8230633812,  40.733191755, 37.8232538387, 40.7333356487, 44.0617670498, 74.0176496596, 47.3901984509,  50.718629852, 54.0470612531, 57.3754926542, 60.7039240553, 64.0323554564, 67.3607868575, 70.6892182585, 40.7328836203, 37.8230633292, 44.0617670498, 74.0176496596, 47.3901984509,  50.718629852, 54.0470612531, 57.3754926542, 60.7039240553, 64.0323554564, 67.3607868575, 70.6892182585, 40.7331917987, 37.8232537454, 0.00638609044492,             0,             0,             0,             0,             0,             0,             0,             0,             0,             0, 0.0994538590188, -0.011103263882, 0.00519458539958, 0.0250513038021, 0.83751290182, 0.837739354485, -0.836840559606, -0.837700644218, 0.000350213361034,             0, 0.532481850686,             0,             0,             0,             0,             0,             0, 0.0110231778761, 0.146343491306, 0.837959321209, 0.837470855137,             0, 0.532481850686,             0,             0,             0,             0,             0,             0, 0.0110231778761, 0.146343491306, -0.837322678111, -0.837487441975, -5.55111512313e-17,            -0,            -0,            -0, -0.00018643996947,             0,             0,             0,             0,             0,             0,             0,             0,             0,             0, 0.318316585179, 0.324430815471,             0,             0,             0,             0,             0,             0,             0,             0,             0,             0, 0.318220658989, 0.324357142489
         1.25, -0.107396318354, 0.00824411303539, -0.0125541359103, -0.0279581298942, 0.19338207483, 2548.68364928, 0.0103306109884,             0, 287.048319625, -17.9125958959, 285.848343503, -18.841262543, 130.524346306, -9.05481864103, -1.1273242395, 22.0694006915, 4197.05187651,  2559.2056199, 4235.50294632, 2588.88453043,             0,             0,             0,             0,             0,             0,             0,             0,             0,             0,             0,             0,             0,             0,             0,             0,             0,             0,             0,             0,             0, 0.000571410750552, -0.0409694968566,            -0,            -0,            -0,            -0,            -0,            -0,            -0,            -0,            -0,            -0,            -0,            -0,            -0,            -0, 0.00948989369087,             0,             0,             0,             0,             0,             0,             0,             0,             0,             0,             0,             0,             0,             0, 0.00948989611696, -0.0787781489555, 0.0500730296565, 0.0890111258556, -0.0350811679648, 20.3934899193, 20.3495646957, 20.3936444814, 20.3497013196, 41.5654690498, 0.115008068269, 0.0202327367706, 2.09906865051,             0,             0,             0,             0,             0,             0,             0,             0,             0,             0, 44.8774249017, 74.8348152772, 48.2060238323, 51.5346227629, 54.8632216935, 58.1918206241, 61.5204195547, 64.8490184854,  68.177617416, 71.5062163466,             1,             1,             1,             1,             1,             1,             1,             1,             1,             1, 119.829702836,           120, 0.579426328727,             0, 13.7652293237, 1.54809369485, 41.5649284753, 38.6551353727, 41.5654087455, 38.6554438987, 41.5654690498,  44.894071338, 74.8514919318, 48.2226736262, 51.5512759144, 54.8798782026, 58.2084804908,  61.537082779, 64.8656850672, 68.1942873554, 71.5228896436, 41.5649275181,  38.655135339,  44.894071338, 74.8514919318, 48.2226736262, 51.5512759144, 54.8798782026, 58.2084804908,  61.537082779, 64.8656850672, 68.1942873554, 71.5228896436, 41.5654090099, 38.6554437969, 0.0103510715457,             0,             0,             0,             0,             0,             0,             0,             0,             0,             0, 0.125302811022, -0.0068180364339, 0.0306474661145, 0.0293672296871, 0.837725723222, 0.837755678115, -0.836624821849, -0.837684689703, 0.000571410759877,             0, 0.673056926361,             0,             0,             0,             0,             0,             0, 0.0266971084127, 0.217490814292, 0.838163418943, 0.837472127935,             0, 0.673056926361,             0,             0,             0,             0,             0,             0, 0.0266971084127, 0.217490814292, -0.837119150728, -0.837486102244,            -0, 5.55111512313e-17,            -0,            -0, -0.000164511177002,             0,             0,             0,             0,             0,             0,             0,             0,             0,             0, 0.318339057767, 0.324450601396,             0,             0,             0,             0,             0,             0,             0,             0,             0,             0, 0.318195500549,  0.3243399223
        1.275, -0.132342813034, 0.00284105079282, -0.0371171586503, -0.0333608444503, 0.287208166523, 2548.08553047, 0.0149629423725,             0, 285.747452897, -17.6943040615, 283.827499608, -19.0225697776, 158.054108727, -5.38169914153, 27.8700317262, 25.7529996036, 4188.20821315,  2551.6858648, 4245.09070824, 2595.70266887,             0,             0,             0,             0,             0,             0,             0,             0,             0,             0,             0,             0,             0,             0,             0,             0,             0,             0,             0,             0,             0, 0.000906813194914, -0.0413491578677,            -0,            -0,            -0,            -0,            -0,            -0,            -0,            -0,            -0,            -0,            -0,            -0,            -0,            -0, 0.0143465111482,             0,             0,             0,             0,             0,             0,             0,             0,             0,             0,             0,             0,             0,             0, 0.0143465148841, -0.0761421868251, 0.053895356754, 0.0922353641857, -0.0312943850863, 20.8020308745,  20.756935615, 20.8022668716, 20.7571509783, 42.3976438475, 0.143219777834, 0.0480499856604, 2.72678149625,             0,             0,             0,             0,             0,             0,             0,             0,             0,             0, 45.7097637353, 75.6686377531, 49.0385275151, 52.3672912948, 55.6960550746, 59.0248188544, 62.3535826341, 65.6823464139, 69.0111101936, 72.3398739734,             1,             1,             1,             1,             1,             1,             1,             1,             1,             1, 119.835630029,           120, 0.578058357612,             0, 13.7672720918, 1.54813198216, 42.3969770285, 39.4872197119, 42.3977046457, 39.4877050693, 42.3976438475, 45.7264108609,  75.685313982, 49.0551778744, 52.3839448878, 55.7127119013, 59.0414789147, 62.3702459282, 65.6990129416, 69.0277799551, 72.3565469685,  42.396975851, 39.4872197098, 45.7264108609,  75.685313982, 49.0551778744, 52.3839448878, 55.7127119013, 59.0414789147, 62.3702459282, 65.6990129416, 69.0277799551, 72.3565469685, 42.3977052215, 39.4877049586, 0.0162920769316,             0,             0,             0,             0,             0,             0,             0,             0,             0,             0, 0.159456889895, -0.000393693542466, 0.0644086573403, 0.0358052147467, 0.838050548817, 0.837784050251, -0.836297126441, -0.837656461183, 0.000906813231575,             0, 0.831487639168,             0,             0,             0,             0,             0, 0.000344284747677, 0.0528073687283, 0.305490846744, 0.838473642223, 0.837478828865,             0, 0.831487639168,             0,             0,             0,             0,             0, 0.000344284747677, 0.0528073687283, 0.305490846744, -0.836809303473, -0.837479323848,            -0,            -0, -5.55111512313e-17,            -0, -0.000144579514315,             0,             0,             0,             0,             0,             0,             0,             0,             0,             0, 0.318372076281, 0.324478640533,             0,             0,             0,             0,             0,             0,             0,             0,             0,             0, 0.318159697043, 0.324314493905
          1.3, -0.161975604395, -0.00499678628279, -0.0663499154579, -0.041190782276, 0.41509958904, 2547.52301868, 0.0207376098378,             0, 284.640639084, -17.4065757051, 281.701239477, -19.2472364689,   191.3210061, 0.0527788348955, 63.4210319346, 31.1538188482, 4175.82763287, 2541.36609053, 4258.30440768, 2605.29116235,             0,             0,             0,             0,             0,             0,             0,             0,             0,             0,             0,             0,             0,             0,             0,             0,             0,             0,             0,             0,             0, 0.00140387744392, -0.0416828330629,            -0,            -0,            -0,            -0,            -0,            -0,            -0,            -0,            -0,            -0,            -0,            -0,            -0,            -0, 0.0212255081725,             0,             0,             0,             0,             0,             0,             0,             0,             0,             0,             0,             0,             0,             0, 0.0212255137894, -0.071962804489, 0.0592766622041, 0.0969742072221, -0.025925224261, 21.2105729826, 21.1643081478, 21.2109252442, 21.1646392051,  43.229858534, 0.176916491681, 0.081339914641,  3.4519502862,             0,             0,             0,             0,             0,             0,             0,             0,             0,             0, 46.5421362814, 76.5024380814, 49.8710587037, 53.1999811259, 56.5289035481, 59.8578259703, 63.1867483925, 66.5156708148,  69.844593237, 73.1735156592,             1,             1,             1,             1,             1,             1,             1,             1,             1,             1, 119.841334351,           120, 0.576732731293,             0, 13.7692382366, 1.54816882885, 43.2290180621, 40.3193032185, 43.2300882765, 40.3200475468,  43.229858534, 46.5587840661, 76.5191138548, 49.8877095982, 53.2166351303, 56.5455606623, 59.8744861944, 63.2034117265, 66.5323372586, 69.8612627906, 73.1901883227, 43.2290166531, 40.3193032713, 46.5587840661, 76.5191138548, 49.8877095982, 53.2166351303, 56.5455606623, 59.8744861944, 63.2034117265, 66.5323372586, 69.8612627906, 73.1901883227, 43.2300892764,  40.320047431, 0.0249959373028,             0,             0,             0,             0,             0,             0,             0,             0,             0,             0, 0.201860028571, 0.00901137237942, 0.106406467923, 0.045212889383, 0.838534707604, 0.837831383244, -0.83581002656, -0.837609102786, 0.00140387757751,             0, 1.00489073521,             0,             0,             0,             0,             0, 0.00315366683485, 0.0920154428783, 0.410695018062, 0.83893463486, 0.837495646505,             0, 1.00489073521,             0,             0,             0,             0,             0, 0.00315366683485, 0.0920154428783, 0.410695018062, -0.836348434021, -0.837462373012,            -0,            -0,            -0,            -0, -0.000126440838803,             0,             0,             0,             0,             0,             0,             0,             0,             0,             0, 0.318418302455, 0.324517117035,             0,             0,             0,             0,             0,             0,             0,             0,             0,             0, 0.318110348816, 0.324278731123
        1.325, -0.196434355349, -0.015984895053, -0.10037483197, -0.0521691242291, 0.579953337439, 2547.00285165, 0.0276497604718,             0, 283.751324803, -17.0455974328, 279.536522809, -19.5042759317, 229.904927767, 7.66060534936, 104.864912176, 38.8738752153, 4159.72509367, 2528.11220326, 4275.32991294,  2617.7770082,             0,             0,             0,             0,             0,             0,             0,             0,             0,             0,             0,             0,             0,             0,             0,             0,             0,             0,             0,             0,             0, 0.00211815274568, -0.0419824676468,            -0,            -0,            -0,            -0,            -0,            -0,            -0,            -0,            -0,            -0,            -0,            -0,            -0,            -0, 0.0305310912091,             0,             0,             0,             0,             0,             0,             0,             0,             0,             0,             0,             0,             0,             0, 0.0305310994051, -0.0658947255035, 0.0665006267218, 0.103585691371, -0.0187035563292, 21.6191112151,  21.571674416, 21.6196278532, 21.5721716198,  44.062111593, 0.215823332972, 0.119810556489, 4.27707742865,             0,             0,             0,             0,             0,             0,             0,             0,             0,             0, 47.3745410983, 77.3362154934, 50.7036160311, 54.0326909639, 57.3617658967, 60.6908408295, 64.0199157623, 67.3489906951, 70.6780656278, 74.0071405606,             1,             1,             1,             1,             1,             1,             1,             1,             1,             1, 119.846818764,           120, 0.575458737157,             0, 13.7711287899, 1.54820425477, 44.0610372634,   41.15137119, 44.0625707142, 41.1524831042,  44.062111593,  47.391189514,  77.352890803,  50.720267435,  54.049345356,  57.378423277,  60.707501198,  64.036579119,   67.36565704,  70.694734961,  74.023812882, 44.0610356452,  41.151371337,  47.391189514,  77.352890803,  50.720267435,  54.049345356,  57.378423277,  60.707501198,  64.036579119,   67.36565704,  70.694734961,  74.023812882, 44.0625722922, 41.1524829961, 0.0373550267359,             0,             0,             0,             0,             0,             0,             0,             0,             0,             0, 0.253129972175, 0.0223459381879, 0.15724161441, 0.058546100902, 0.839233432017, 0.837907263839, -0.835108141959, -0.837533030528, 0.00211815319586,             0, 1.18919338295,             0,             0,             0,             0,             0, 0.0110895880473, 0.146759672063, 0.533454730999, 0.839599704248, 0.837530553971,             0, 1.18919338295,             0,             0,             0,             0,             0, 0.0110895880473, 0.146759672063, 0.533454730999, -0.835683140768, -0.837427188674,            -0, 5.55111512313e-17,            -0,            -0, -0.000109814136757,             0,             0,             0,             0,             0,             0,             0,             0,             0,             0, 0.318478427087, 0.324566526895,             0,             0,             0,             0,             0,             0,             0,             0,             0,             0, 0.318046756669, 0.324232158067
         1.35, -0.235786864647, -0.0307764162229, -0.139241017883, -0.0669524664858, 0.783208823275, 2546.52797059, 0.0357465845369,             0,   283.0927754, -16.7376855683, 277.406948554, -19.7856241415, 273.788398875, 17.6592305188, 152.058042395, 49.5105054757,  4140.1163827, 2512.14689478, 4295.89995041, 2632.97294186,             0,             0,             0,             0,             0,             0,             0,             0,             0,             0,             0,             0,             0,             0,             0,             0,             0,             0,             0,             0,             0, 0.00311186366195, -0.0422631411969,            -0,            -0,            -0,            -0,            -0,            -0,            -0,            -0,            -0,            -0,            -0,            -0,            -0,            -0, 0.0425256458181,             0,             0,             0,             0,             0,             0,             0,             0,             0,             0,             0,             0,             0,             0, 0.0425256573872, -0.0577212133294, 0.0757247048368, 0.112299634365, -0.0094799584587, 22.0276397131, 21.9790252285, 22.0283826129, 21.9797542913, 44.8944014956, 0.259524461579, 0.163027899702, 5.19881447477,             0,             0,             0,             0,             0,             0,             0,             0,             0,             0, 48.2069766902, 78.1699687813, 51.5361980337, 54.8654193771, 58.1946407206,  61.523862064, 64.8530834075, 68.1823047509, 71.5115260944, 74.8407474378,             1,             1,             1,             1,             1,             1,             1,             1,             1,             1, 119.852084424,           120, 0.574248424091,             0, 13.7729442393, 1.54823826956,  44.893019715, 41.9834082364, 44.8951635687, 41.9850242945, 44.8944014956, 48.2236257048, 78.1866435871, 51.5528499139, 54.8820741231, 58.2112983322, 61.5405225414, 64.8697467505, 68.1989709597, 71.5281951688,  74.857419378, 44.8930179574, 41.9834085404, 48.2236257048, 78.1866435871, 51.5528499139, 54.8820741231, 58.2112983322, 61.5405225414, 64.8697467505, 68.1989709597, 71.5281951688,  74.857419378, 44.8951659337, 41.9850242226, 0.0543135878156,             0,             0,             0,             0,             0,             0,             0,             0,             0,             0, 0.313795278566, 0.0406016812691, 0.217424559855, 0.0768032682087, 0.840208689493, 0.838025369313, -0.834129299386, -0.837414483755, 0.00311186506013,             0, 1.38031909974,             0,             0,             0,             0,             0, 0.0268121778897, 0.21799719759, 0.674121196498, 0.840529601747, 0.837596328659,             0, 1.38031909974,             0,             0,             0,             0,             0, 0.0268121778897, 0.21799719759, 0.674121196498, -0.834752516205, -0.837360846868, -5.55111512313e-17,            -0,            -0, 5.55111512313e-17, -9.43340248152e-05,             0,             0,             0,             0,             0,             0,             0,             0,             0,             0, 0.318551642892, 0.324626034037,             0,             0,             0,             0,             0,             0,             0,             0,             0,             0, 0.317969911817, 0.32417546966
        1.375, -0.280144766618, -0.0498835171843, -0.183038468262, -0.0860566725526, 1.02507411433, 2546.09880187, 0.0451200182244,             0, 282.656171716, -16.4229443742,  275.34369736, -20.0831972442, 322.980596393, 30.5623240205, 205.214629082, 63.5990400418, 4117.30574057, 2493.71394884,  4319.6424281, 2650.66890798,             0,             0,             0,             0,             0,             0,             0,             0,             0,             0,             0,             0,             0,             0,             0,             0,             0,             0,             0,             0,             0, 0.00445409297328, -0.0425410290747,            -0,            -0,            -0,            -0,            -0,            -0,            -0,            -0,            -0,            -0,            -0,            -0,            -0,            -0, 0.057380691497,             0,             0,             0,             0,             0,             0,             0,             0,             0,             0,             0,             0,             0,             0, 0.0573807073133, -0.0473074705094, 0.0870577398006, 0.123265081972, 0.00183411783843, 22.4361519358, 22.3863531638, 22.4371957198,  22.387393468,  45.726726631, 0.307659935496, 0.210611673485, 6.21186887309,             0,             0,             0,             0,             0,             0,             0,             0,             0,             0, 49.0394414214, 79.0036960675, 52.3688030487,  55.698164676, 59.0275263034, 62.3568879307, 65.6862495581, 69.0156111854, 72.3449728128, 75.6743344401,             1,             1,             1,             1,             1,             1,             1,             1,             1,             1, 119.857130366,           120, 0.573115787588,             0, 13.7746844847,  1.5482708718, 45.7249500289, 42.8153987463, 45.7278787273,  42.817683966,  45.726726631, 49.0560910014,  79.020370335, 52.3854553718, 55.7148197422, 59.0441841126,  62.373548483, 65.7029128534, 69.0322772238, 72.3616415942, 75.6910059646, 45.7249482635, 42.8153993041, 49.0560910014,  79.020370335, 52.3854553718, 55.7148197422, 59.0441841126,  62.373548483, 65.7029128534, 69.0322772238, 72.3616415942, 75.6910059646, 45.7278821594, 42.8176839843, 0.0768369379395,             0,             0,             0,             0,             0,             0,             0,             0,             0,             0, 0.384461426373, 0.064777521344, 0.287540539736, 0.100990194831, 0.841529304975, 0.838205366643, -0.832804373679, -0.83723372517, 0.00445409697848,             0, 1.57419192378,             0,             0,             0,             0, 0.000349613485436, 0.0529813859032, 0.306081167968, 0.832625238726, 0.841792388324, 0.837712011066,             0, 1.57419192378,             0,             0,             0,             0, 0.000349613485436, 0.0529813859032, 0.306081167968, 0.832625238726, -0.833488249856, -0.837244100349,            -0, -5.55111512313e-17,            -0,            -0, -7.95958224698e-05,             0,             0,             0,             0,             0,             0,             0,             0,             0,             0, 0.318636810266, 0.324694722392,             0,             0,             0,             0,             0,             0,             0,             0,             0,             0, 0.31788119559, 0.324109444207
          1.4, -0.329540680419, -0.0736660446879, -0.231776374721, -0.109842726845, 1.30481483436, 2545.71444015, 0.0558592286504,             0, 282.425958712, -16.0820940631, 273.339428032, -20.3931508958, 377.487347355, 46.6610591059,  264.83375481, 81.5781198998, 4091.40210735, 2472.83002467, 4346.39039681, 2670.84985362,             0,             0,             0,             0,             0,             0,             0,             0,             0,             0,             0,             0,             0,             0,             0,             0,             0,             0,             0,             0,             0, 0.00622157329845, -0.0428309500789,            -0,            -0,            -0,            -0,            -0,            -0,            -0,            -0,            -0,            -0,            -0,            -0,            -0,            -0, 0.0752647075801,             0,             0,             0,             0,             0,             0,             0,             0,             0,             0,             0,             0,             0,             0, 0.0752647286097, -0.0345118190177, 0.100621841754, 0.136638823162, 0.015342471617, 22.8446410709, 22.7936513849, 22.8460714356, 22.7950953425, 46.5590852456, 0.359865767065, 0.262175786275, 7.30950041691,             0,             0,             0,             0,             0,             0,             0,             0,             0,             0, 49.8719334797, 79.8373949788, 53.2014292018,  56.530924924, 59.8604206461, 63.1899163682, 66.5194120903, 69.8489078125, 73.1784035346, 76.5078992567,             1,             1,             1,             1,             1,             1,             1,             1,             1,             1,  119.86195407,           120, 0.57207232099,             0, 13.7763491172, 1.54830205427, 46.5568128024, 43.6473272793,  46.560727808, 43.6504748512, 46.5590852456, 49.8885835851,   79.85406864, 53.2180819245, 56.5475802639, 59.8770786034, 63.2065769428, 66.5360752822, 69.8655736217, 73.1950719611, 76.5245703006, 46.5568112419, 43.6473282335, 49.8885835851,   79.85406864, 53.2180819245, 56.5475802639, 59.8770786034, 63.2065769428, 66.5360752822, 69.8655736217, 73.1950719611, 76.5245703006, 46.5607326776, 43.6504750512, 0.105882407119,             0,             0,             0,             0,             0,             0,             0,             0,             0,             0, 0.465721883224, 0.0958552778303, 0.368161005224, 0.132095525455,  0.8432717468, 0.838475005616, -0.831056480657, -0.836962823868, 0.00622158392209,             0, 1.76673651003,             0,             0,             0,             0, 0.00317582968787, 0.0922569016859, 0.411362712027, 1.00606585679, 0.84346372798, 0.837904646029,             0, 1.76673651003,             0,             0,             0,             0, 0.00317582968787, 0.0922569016859, 0.411362712027, 1.00606585679, -0.831814310264, -0.837049592412,            -0,            -0,            -0,            -0, -6.52154570122e-05,             0,             0,             0,             0,             0,             0,             0,             0,             0,             0, 0.318733516405, 0.324772521467,             0,             0,             0,             0,             0,             0,             0,             0,             0,             0, 0.317781221731, 0.32403413072
        1.425, -0.383859683662, -0.102395651725, -0.28531638051, -0.138522373116, 1.62117890295, 2545.37686663, 0.0680084720272,             0, 282.390901561, -15.7235903877, 271.380547635, -20.7142135165, 437.084125996, 66.0527898705, 331.319822368, 103.785224068, 4062.25927117, 2449.29163982, 4376.24828331, 2693.70418211,             0,             0,             0,             0,             0,             0,             0,             0,             0,             0,             0,             0,             0,             0,             0,             0,             0,             0,             0,             0,             0, 0.00849937877311, -0.0431444211186,            -0,            -0,            -0,            -0,            -0,            -0,            -0,            -0,            -0,            -0,            -0,            -0,            -0,            -0, 0.0963973215107,             0,             0,             0,             0,             0,             0,             0,             0,             0,             0,             0,             0,             0,             0, 0.0963973488407, -0.0191329539383, 0.116584670721, 0.152636683535, 0.031199286811, 23.2531004192, 23.2009127534, 23.2550127241, 23.2028658976, 47.3914753508, 0.415676976019, 0.317233312623, 8.48305159572,             0,             0,             0,             0,             0,             0,             0,             0,             0,             0, 50.7044506138, 80.6710608477, 54.0340739731, 57.3636973325, 60.6933206918, 64.0229440511, 67.3525674104, 70.6821907697,  74.011814129, 77.3414374884,             1,             1,             1,             1,             1,             1,             1,             1,             1,             1, 119.866545451,           120, 0.571129153091,             0, 13.7779354271, 1.54833176665, 47.3885929102,  44.479178756, 47.3937217055, 44.4834093104, 47.3914753508, 50.7211011939, 80.6877337825, 54.0507270371, 57.3803528803, 60.7099787234, 64.0396045666, 67.3692304098,  70.698856253, 74.0284820961, 77.3581079393, 47.3885918732, 44.4791803111, 50.7211011939, 80.6877337825, 54.0507270371, 57.3803528803, 60.7099787234, 64.0396045666, 67.3692304098,  70.698856253, 74.0284820961, 77.3581079393, 47.3937284959, 44.4834098369, 0.142382190068,             0,             0,             0,             0,             0,             0,             0,             0,             0,             0, 0.55804405895, 0.134792053135, 0.459731503553, 0.171023829035, 0.845520797566, 0.838871555885, -0.828800295118, -0.836564176183, 0.00849940501677,             0, 1.95418943958,             0,             0,             0,             0, 0.0111384839187, 0.147071054488, 0.534192430088, 1.19037235548, 0.845627264498, 0.83821053574,             0, 1.95418943958,             0,             0,             0,             0, 0.0111384839187, 0.147071054488, 0.534192430088, 1.19037235548, -0.82964654569, -0.836740575354,            -0, -5.55111512313e-17,            -0,            -0, -5.08867011852e-05,             0,             0,             0,             0,             0,             0,             0,             0,             0,             0, 0.318842298375, 0.324860179571,             0,             0,             0,             0,             0,             0,             0,             0,             0,             0, 0.317669588113, 0.323948816965
         1.45, -0.44293753492, -0.136224481852, -0.343471792283, -0.172414662509, 1.97214545038, 2545.09448698, 0.0815202031907,             0, 282.540160731, -15.3550358127, 269.470636542, -21.042224883, 500.420630953, 88.7235485107, 404.942669645, 130.659527245, 4029.62069038, 2422.82485628, 4409.44405519,  2719.4840538,             0,             0,             0,             0,             0,             0,             0,             0,             0,             0,             0,             0,             0,             0,             0,             0,             0,             0,             0,             0,             0, 0.0113809013299, -0.0434886376917,            -0,            -0,            -0,            -0,            -0,            -0,            -0,            -0,            -0,            -0,            -0,            -0,            -0,            -0, 0.12104442325,             0,             0,             0,             0,             0,             0,             0,             0,             0,             0,             0,             0,             0,             0, 0.121044458118, -0.000923078497688, 0.135144196508, 0.171519202425, 0.0495981639471, 23.6615236139,  23.608130091, 23.6640219639, 23.6107107827, 48.2238946085, 0.474579784339, 0.375250209849, 9.72216864264,             0,             0,             0,             0,             0,             0,             0,             0,             0,             0, 51.5369900047, 81.5046864535, 54.8667340546, 58.1964781044, 61.5262221543, 64.8559662041,  68.185710254, 71.5154543039, 74.8451983537, 78.1749424036,             1,             1,             1,             1,             1,             1,             1,             1,             1,             1, 119.870886472,           120, 0.570301516002,             0, 13.7794383515, 1.54835991456, 48.2202755288, 45.3109385951, 48.2268703547,  45.316499093, 48.2238946085,  51.553640997, 81.5213584938, 54.8833873855, 58.2131337741, 61.5428801626, 64.8726265511, 68.2023729397, 71.5321193282, 74.8618657167, 78.1916121053, 48.2202754695, 45.3109410359,  51.553640997, 81.5213584938, 54.8833873855, 58.2131337741, 61.5428801626, 64.8726265511, 68.2023729397, 71.5321193282, 74.8618657167, 78.1916121053, 48.2268796889, 45.3165001637, 0.187229499319,             0,             0,             0,             0,             0,             0,             0,             0,             0,             0, 0.661807650877, 0.182454312597, 0.562611541114, 0.218817310956, 0.848369444891, 0.839442424727, -0.825942104225, -0.835989827294, 0.0113809620947,             0, 2.13491447472,             0,             0,             0,             0, 0.0268959665698, 0.218372176306, 0.674920140574, 1.38147035987, 0.848374583302, 0.838675943457,             0, 2.13491447472,             0,             0,             0,             0, 0.0268959665698, 0.218372176306, 0.674920140574, 1.38147035987, -0.82689265723, -0.836270168688,            -0,            -0,            -0,            -0, -3.64246353243e-05,             0,             0,             0,             0,             0,             0,             0,             0,             0,             0, 0.31896410186, 0.324958704786,             0,             0,             0,             0,             0,             0,             0,             0,             0,             0, 0.317545427695, 0.323852550101
        1.475, -0.506768665163, -0.175401309441, -0.406213405045, -0.211586734154,  2.3539092099, 2544.88288462, 0.0963634970001,             0, 282.888847958, -14.9837937157, 267.635647622, -21.3714273002, 566.530507656, 114.598726204, 486.015312563,  162.50293592, 3993.40113917, 2393.30517131, 4446.07442701, 2748.29876003,             0,             0,             0,             0,             0,             0,             0,             0,             0,             0,             0,             0,             0,             0,             0,             0,             0,             0,             0,             0,             0, 0.0149663311381, -0.0438665103263,            -0,            -0,            -0,            -0,            -0,            -0,            -0,            -0,            -0,            -0,            -0,            -0,            -0,            -0, 0.149454833684,             0,             0,             0,             0,             0,             0,             0,             0,             0,             0,             0,             0,             0,             0, 0.149454877487, 0.0203403138579, 0.15646978665, 0.193521468572, 0.0707055578457, 24.0699049475, 24.0152965161, 24.0731012503, 24.0186350726, 49.0563402339, 0.536141317805, 0.435772847243, 11.0175916676,             0,             0,             0,             0,             0,             0,             0,             0,             0,             0, 52.3695482258, 82.3382625068, 55.6994053682, 59.0292625105, 62.3591196528, 65.6889767952, 69.0188339375, 72.3486910798, 75.6785482222, 79.0084053645,             1,             1,             1,             1,             1,             1,             1,             1,             1,             1, 119.874953336,           120, 0.569611665446,             0, 13.7808513132, 1.54838637524, 49.0518463809, 46.1425931783, 49.0601822919, 46.1497547798, 49.0563402339, 52.3861995554, 82.3549334488, 55.7160588769, 59.0459181984, 62.3757775199, 65.7056368413, 69.0354961628, 72.3653554843, 75.6952148058, 79.0250741273, 49.0518479179, 46.1425968939, 52.3861995554, 82.3549334488, 55.7160588769, 59.0459181984, 62.3757775199, 65.7056368413, 69.0354961628, 72.3653554843, 75.6952148058, 79.0250741273, 49.0601949623, 46.1497567062, 0.241243812554,             0,             0,             0,             0,             0,             0,             0,             0,             0,             0, 0.777399542257, 0.239812085647, 0.677167310198, 0.276273345991, 0.851917359718, 0.840245417457, -0.822381336988, -0.835181231627, 0.0149664638029,             0, 2.30816403945,             0,             0,             0, 0.000353367658057, 0.0531061738178, 0.306511906498, 0.833466865877, 1.57528581422, 0.851804088176, 0.839357689125,             0, 2.30816403945,             0,             0,             0, 0.000353367658057, 0.0531061738178, 0.306511906498, 0.833466865877, 1.57528581422, -0.823453340475, -0.8355807429,            -0,            -0,            -0, -5.55111512313e-17, -2.17824057248e-05,             0,             0,             0,             0,             0,             0,             0,             0,             0,             0, 0.319099229373, 0.325068544658,             0,             0,             0,             0,             0,             0,             0,             0,             0,             0, 0.317408359528, 0.32374490737
          1.5, -0.574914327393, -0.219883661263, -0.473085495803, -0.255984971085,  2.7629419347, 2544.76333155, 0.112500891047,             0, 283.455240558, -14.6108818487, 265.904907722, -21.7018162422, 636.168834387, 143.530555773, 573.190172388, 199.542749834, 3953.66233791, 2360.79338438, 4486.03053486, 2780.07811574,             0,             0,             0,             0,             0,             0,             0,             0,             0,             0,             0,             0,             0,             0,             0,             0,             0,             0,             0,             0,             0, 0.0193618502052, -0.0442768839972,            -0,            -0,            -0,            -0,            -0,            -0,            -0,            -0,            -0,            -0,            -0,            -0,            -0,            -0, 0.181826860512,             0,             0,             0,             0,             0,             0,             0,             0,             0,             0,             0,             0,             0,             0, 0.181826914804, 0.0448483356752, 0.180679177662, 0.218840498594, 0.0946373950652, 24.4782396069,  24.422405672, 24.4822521971, 24.4266430569, 49.8888089096, 0.59964321698, 0.498067023183, 12.3543434559,             0,             0,             0,             0,             0,             0,             0,             0,             0,             0, 53.2021211876, 83.1717778646, 56.5320830406, 59.8620448936, 63.1920067466, 66.5219685996, 69.8519304526, 73.1818923056, 76.5118541586, 79.8418160116,             1,             1,             1,             1,             1,             1,             1,             1,             1,             1, 119.878717528,           120, 0.569090591823,             0, 13.7821665577, 1.54841100392, 49.8832924121,  46.974130107, 49.8936638215, 46.9831854516, 49.8888089096, 53.2187727656, 83.1884474694, 56.5487366216, 59.8787004775, 63.2086643335, 66.5386281895, 69.8685920455, 73.1985559015, 76.5285197574, 79.8584836134, 49.8832963583, 46.9741356118, 53.2187727656, 83.1884474694, 56.5487366216, 59.8787004775, 63.2086643335, 66.5386281895, 69.8685920455, 73.1985559015, 76.5285197574, 79.8584836134, 49.8936808122, 46.9831886619, 0.305151819477,             0,             0,             0,             0,             0,             0,             0,             0,             0,             0, 0.904828357019, 0.307570309191, 0.803391640616, 0.344094879699, 0.856270300002, 0.84134894579, -0.818011311324, -0.834069013593, 0.0193621248103,             0, 2.47319377781,             0,             0,             0, 0.00319102535577, 0.0924262211548, 0.411839406742, 1.00691671802, 1.76774539125, 0.856020439827, 0.840323489612,             0, 2.47319377781,             0,             0,             0, 0.00319102535577, 0.0924262211548, 0.411839406742, 1.00691671802, 1.76774539125, -0.819222963901, -0.834603548772, -5.55111512313e-17,            -0,            -0,            -0, -7.06496806512e-06,             0,             0,             0,             0,             0,             0,             0,             0,             0,             0, 0.319247430789, 0.325189452576,             0,             0,             0,             0,             0,             0,             0,             0,             0,             0, 0.317258765918, 0.323626132732
        1.525, -0.647025891246, -0.269512515652, -0.543725629744, -0.305608922957, 3.19383220483, 2544.76105778, 0.129829228979,             0, 284.262139943, -14.2464764477, 264.346021639, -22.0252027371, 708.618526106, 175.198539502, 665.803223599, 242.057074496, 3910.61541742, 2325.46581224, 4529.00066009, 2814.66522334,             0,             0,             0,             0,             0,             0,             0,             0,             0,             0,             0,             0,             0,             0,             0,             0,             0,             0,             0,             0,             0, 0.0246788837705, -0.0447139162116,            -0,            -0,            -0,            -0,            -0,            -0,            -0,            -0,            -0,            -0,            -0,            -0,            -0,            -0, 0.218295394296,             0,             0,             0,             0,             0,             0,             0,             0,             0,             0,             0,             0,             0,             0, 0.218295460771, 0.072734036378, 0.207834057854, 0.247608864331, 0.121463597401,  24.886523566, 24.8294518078, 24.8914761811, 24.8347381351, 50.7212967001, 0.664392115564, 0.561429622511, 13.7173321393,             0,             0,             0,             0,             0,             0,             0,             0,             0,             0, 54.0347041297, 84.0052202259, 57.3647614737, 60.6948188178, 64.0248761618, 67.3549335058, 70.6849908498, 74.0150481939, 77.3451055379, 80.6751628819,             1,             1,             1,             1,             1,             1,             1,             1,             1,             1, 119.882148555,           120, 0.568776143392,             0, 13.7833761782, 1.54843365301, 50.7146015653, 47.8055384256, 50.7273190875, 47.8167983653, 50.7212967001,  54.051355854, 84.0218882389, 57.3814150079, 60.7114741618, 64.0415333157, 67.3715924695, 70.7016516234, 74.0317107773, 77.3617699312,  80.691829085, 50.7146089532, 47.8055463822,  54.051355854, 84.0218882389, 57.3814150079, 60.7114741618, 64.0415333157, 67.3715924695, 70.7016516234, 74.0317107773, 77.3617699312,  80.691829085, 50.7273415977, 47.8168034287, 0.379569870408,             0,             0,             0,             0,             0,             0,             0,             0,             0,             0, 1.04401736102,  0.3863187436, 0.941198076755, 0.423039917667, 0.861539139066, 0.842832208026, -0.812719954127, -0.832572707727, 0.0246794253244,             0, 2.62925989324,             0,             0,             0, 0.0111708836492, 0.147282487075, 0.534702864929, 1.19120005441, 1.95509431591, 0.861133734315, 0.841652164897,             0, 2.62925989324,             0,             0,             0, 0.0111708836492, 0.147282487075, 0.534702864929, 1.19120005441, 1.95509431591, -0.814090144354, -0.83325848375, -5.55111512313e-17, 5.55111512313e-17,            -0,            -0, 7.43615535086e-06,             0,             0,             0,             0,             0,             0,             0,             0,             0,             0, 0.319407894065, 0.325320748472,             0,             0,             0,             0,             0,             0,             0,             0,             0,             0, 0.317097782701, 0.323496790901
         1.55, -0.722584673536, -0.324164682601, -0.617602074767, -0.360087859797, 3.64201674854, 2544.90297053, 0.148351559107,             0, 285.347927016, -13.886967391, 263.009374761, -22.3468231368, 783.112851331,  209.23233314, 765.022809339, 290.062304049, 3864.60731231, 2287.59073403, 4574.64263098, 2851.82718872,             0,             0,             0,             0,             0,             0,             0,             0,             0,             0,             0,             0,             0,             0,             0,             0,             0,             0,             0,             0,             0, 0.0310331908661, -0.0451659515116,            -0,            -0,            -0,            -0,            -0,            -0,            -0,            -0,            -0,            -0,            -0,            -0,            -0,            -0, 0.258931838251,             0,             0,             0,             0,             0,             0,             0,             0,             0,             0,             0,             0,             0,             0, 0.258931918703, 0.104072795602, 0.237945281212, 0.279902139252, 0.151200919893, 25.2947537745, 25.2364299707, 25.3007739686, 25.2429226202, 51.5537989814, 0.729732934678, 0.625197449645, 15.0923959657,             0,             0,             0,             0,             0,             0,             0,             0,             0,             0, 54.8672915758, 84.8385763118, 58.1974343243, 61.5275770727, 64.8577198211, 68.1878625696,  71.518005318, 74.8481480665, 78.1782908149, 81.5084335634,             1,             1,             1,             1,             1,             1,             1,             1,             1,             1, 119.885214809,           120, 0.568711767401,             0, 13.7844722255, 1.54845417411, 51.5457629725, 48.6368088451,  51.561149746, 48.6505986353, 51.5537989814, 54.8839433291, 84.8552424581, 58.2140876768, 61.5442320244, 64.8743763721, 68.2045207198, 71.5346650674, 74.8648094151, 78.1949537628, 81.5250981105, 51.5457750766, 48.6368200902, 54.8839433291, 84.8552424581, 58.2140876768, 61.5442320244, 64.8743763721, 68.2045207198, 71.5346650674, 74.8648094151, 78.1949537628, 81.5250981105, 51.5611792097, 48.6506062829, 0.464985509867,             0,             0,             0,             0,             0,             0,             0,             0,             0,             0,  1.1947992769, 0.476686727841, 1.09041123076, 0.513498266015, 0.867839025147, 0.84478525901, -0.806390602176, -0.830600763134, 0.031034212845,             0, 2.77561934345,             0,             0,             0, 0.026948954819, 0.218615637851, 0.675449367334, 1.38224471312, 2.13570893829, 0.867258662748, 0.843433680033,             0, 2.77561934345,             0,             0,             0, 0.026948954819, 0.218615637851, 0.675449367334, 1.38224471312, 2.13570893829, -0.807938588629, -0.831454056977,            -0,            -0,            -0,            -0, 2.12051569707e-05,             0,             0,             0,             0,             0,             0,             0,             0,             0,             0, 0.319579296258, 0.325461407072,             0,             0,             0,             0,             0,             0,             0,             0,             0,             0, 0.316926656129, 0.323357727826
        1.575, -0.801036022762, -0.383445241424, -0.694150432058, -0.419126162704, 4.10279152709, 2545.21648401, 0.167945014505,             0,  286.74671566, -13.5367309504, 261.958257505, -22.6653518489,  858.78477215,  245.18079054,  870.40053496, 343.628848918, 3815.92005236, 2247.32867471, 4622.71874732, 2891.42594424,             0,             0,             0,             0,             0,             0,             0,             0,             0,             0,             0,             0,             0,             0,             0,             0,             0,             0,             0,             0,             0, 0.0385455376494, -0.0456147479631,            -0,            -0,            -0,            -0,            -0,            -0,            -0,            -0,            -0,            -0,            -0,            -0,            -0,            -0, 0.303793228502,             0,             0,             0,             0,             0,             0,             0,             0,             0,             0,             0,             0,             0,             0, 0.303793324778, 0.138931421915, 0.27102164873, 0.315784859667, 0.183869595037, 25.7029280448, 25.6433358786, 25.7101458111, 25.6511978544, 52.3863103618, 0.79505988568, 0.688758079195, 16.4659220087,             0,             0,             0,             0,             0,             0,             0,             0,             0,             0, 55.6998772898, 85.6718321442, 59.0300944959, 62.3603117019, 65.6905289079,  69.020746114,   72.35096332, 75.6811805261, 79.0113977321, 82.3416149382,             1,             1,             1,             1,             1,             1,             1,             1,             1,             1, 119.887884997,           120, 0.568943556232,             0, 13.7854471068,  1.5484724255, 52.3767666305, 49.4679334514, 52.3951551429, 49.4845894035, 52.3863103618, 55.7165289397, 85.6884961408, 59.0467475176, 62.3769660955, 65.7071846734, 69.0374032513, 72.3676218292, 75.6978404071,  79.028058985, 82.3582775629, 52.3767849918, 49.4679490161, 55.7165289397, 85.6884961408, 59.0467475176, 62.3769660955, 65.7071846734, 69.0374032513, 72.3676218292, 75.6978404071,  79.028058985, 82.3582775629, 52.3951932507, 49.4846005532, 0.561773509265,             0,             0,             0,             0,             0,             0,             0,             0,             0,             0, 1.35694333735, 0.579011997831, 1.25079367764, 0.615914393395, 0.875290064722, 0.847308881719, -0.798901477612, -0.828050610687, 0.038547390493,             0, 2.91147840295,             0,             0, 0.000355512700682, 0.0531801978261, 0.306774925934, 0.833992090863, 1.57597993567, 2.30884304417, 0.874514921815, 0.84576873811,             0, 2.91147840295,             0,             0, 0.000355512700682, 0.0531801978261, 0.306774925934, 0.833992090863, 1.57597993567, 2.30884304417, -0.800646821628, -0.829087775351,            -0, -5.55111512313e-17,            -0,            -0, 3.34932536219e-05,             0,             0,             0,             0,             0,             0,             0,             0,             0,             0, 0.31976055229, 0.325610802442,             0,             0,             0,             0,             0,             0,             0,             0,             0,             0, 0.316746238573, 0.323209432927
          1.6, -0.881563484066, -0.446923631286, -0.772550500079, -0.482392327196, 4.57129575284, 2545.72836922, 0.188277993337,             0,  288.48269414, -13.1972633249, 261.254220565, -22.9812477194, 933.490473815, 282.466521033, 981.138159292, 401.691730878, 3764.83365354, 2204.83525375, 4672.98564056,   2933.316439,             0,             0,             0,             0,             0,             0,             0,             0,             0,             0,             0,             0,             0,             0,             0,             0,             0,             0,             0,             0,             0, 0.0473406367649, -0.0460363350476,            -0,            -0,            -0,            -0,            -0,            -0,            -0,            -0,            -0,            -0,            -0,            -0,            -0,            -0, 0.352910436619,             0,             0,             0,             0,             0,             0,             0,             0,             0,             0,             0,             0,             0,             0, 0.352910550538, 0.177371533252, 0.307050763536, 0.355310890068, 0.219442735852, 26.1110453678, 26.0501659737, 26.1195911991, 26.0595641687, 53.2188246407, 0.85951760521, 0.751256552865, 17.8165974629,             0,             0,             0,             0,             0,             0,             0,             0,             0,             0, 56.5324542993, 86.5049736568, 59.8627342279, 63.1930141565, 66.5232940851, 69.8535740137, 73.1838539424,  76.514133871, 79.8444137996, 83.1746937282,             1,             1,             1,             1,             1,             1,             1,             1,             1,             1, 119.890130616,           120, 0.569517621445,             0, 13.7862943392, 1.54848828622, 53.2076038797, 50.2989057661, 53.2293317669, 50.3187716674, 53.2188246407, 56.5491056993, 86.5216352271,  59.879386758, 63.2096678166, 66.5399488752, 69.8702299339, 73.2005109925, 76.5307920512, 79.8610731098, 83.1913541684, 53.2076303232,  50.298926897, 56.5491056993, 86.5216352271,  59.879386758, 63.2096678166, 66.5399488752, 69.8702299339, 73.2005109925, 76.5307920512, 79.8610731098, 83.1913541684, 53.2293804746, 50.3187874443, 0.670187370746,             0,             0,             0,             0,             0,             0,             0,             0,             0,             0,  1.5298479036, 0.693507824743, 1.42174412702, 0.730603871683, 0.884016340003, 0.850513941985, -0.790126615886, -0.824809530718, 0.0473438755048,             0, 3.03569355872,             0,             0, 0.00319890542521, 0.0925181856674, 0.412107049001,  1.0074063658, 1.76833705558, 2.47375405468, 0.883026213362, 0.848768245461,             0, 3.03569355872,             0,             0, 0.00319890542521, 0.0925181856674, 0.412107049001,  1.0074063658, 1.76833705558, 2.47375405468, -0.792089118314, -0.826046726384,            -0,            -0, -5.55111512313e-17,            -0, 4.33603655296e-05,             0,             0,             0,             0,             0,             0,             0,             0,             0,             0, 0.319950580109, 0.325768324796,             0,             0,             0,             0,             0,             0,             0,             0,             0,             0, 0.316557399445, 0.323052419983
        1.625, -0.96392524121, -0.514543455829, -0.852546369125, -0.549578096637, 5.04217810169, 2546.46331308, 0.20880340811,             0, 290.609428749, -12.8781197344, 260.961809004, -23.2890224404, 1002.37792746, 319.218798195,  1096.8321934, 463.802027807, 3712.05475171, 2160.60700223, 4724.89440106, 2976.97594146,             0,             0,             0,             0,             0,             0,             0,             0,             0,             0,             0,             0,             0,             0,             0,             0,             0,             0,             0,             0,             0, 0.0575438098133, -0.0464046335744,            -0,            -0,            -0,            -0,            -0,            -0,            -0,            -0,            -0,            -0,            -0,            -0,            -0,            -0, 0.406178625784,             0,             0,             0,             0,             0,             0,             0,             0,             0,             0,             0,             0,             0,             0, 0.406178759005, 0.219305765297, 0.345866977487, 0.398392310777, 0.257786375395, 26.5191058728, 26.4569174495, 26.5291092216, 26.4680208606, 54.0513348475, 0.922605149182, 0.81218127127, 19.1214812158,             0,             0,             0,             0,             0,             0,             0,             0,             0,             0, 57.3650150528, 87.3379879423, 60.6953453739, 64.0256756949,  67.356006016,  70.686336337, 74.0166666581, 77.3469969791, 80.6773273002, 84.0076576212,             1,             1,             1,             1,             1,             1,             1,             1,             1,             1, 119.891930408,           120, 0.570475796527,             0, 13.7870104746, 1.54850169209, 54.0382666863, 51.1297207886, 54.0636739852, 51.1531442179, 54.0513348475, 57.3816660479, 87.3546468515, 60.7119972483, 64.0423284487, 67.3726596491, 70.7029908495, 74.0333220499, 77.3636532503, 80.6939844507, 84.0243156511, 54.0383033203,  51.129748961, 57.3816660479, 87.3546468515, 60.7119972483, 64.0423284487, 67.3726596491, 70.7029908495, 74.0333220499, 77.3636532503, 80.6939844507, 84.0243156511, 54.0637355173, 51.1531659614, 0.790356305779,             0,             0,             0,             0,             0,             0,             0,             0,             0,             0,  1.7131412935, 0.820430420133, 1.60288017361, 0.857579610543, 0.894142310426, 0.854518061131, -0.779939264021, -0.820757470133, 0.0575492850593,             0,  3.1469771063,             0,             0, 0.0111855424256, 0.147383847469, 0.534957697833, 1.19162578118, 1.95557048888,  2.6297006444, 0.892917456178, 0.852550744133,             0,  3.1469771063,             0,             0, 0.0111855424256, 0.147383847469, 0.534957697833, 1.19162578118, 1.95557048888,  2.6297006444, -0.782138186218, -0.822210064441,            -0,            -0,            -0,            -0, 4.97668245114e-05,             0,             0,             0,             0,             0,             0,             0,             0,             0,             0, 0.320146704252, 0.325932095075,             0,             0,             0,             0,             0,             0,             0,             0,             0,             0, 0.316362149151, 0.322888612672
         1.65, -1.04726402142, -0.585723526091, -0.933310708044, -0.620247988643, 5.50902192893, 2547.44126283, 0.229592563356,             0, 292.766304699, -12.5969632806, 261.142873452, -23.5752328882,  1069.8542211, 356.366539767, 1212.10500993, 531.001171903, 3658.62317456, 2115.54928855,  4777.4729885, 3021.72908622,             0,             0,             0,             0,             0,             0,             0,             0,             0,             0,             0,             0,             0,             0,             0,             0,             0,             0,             0,             0,             0, 0.0692774589222, -0.0466923702559,            -0,            -0,            -0,            -0,            -0,            -0,            -0,            -0,            -0,            -0,            -0,            -0,            -0,            -0, 0.463283116052,             0,             0,             0,             0,             0,             0,             0,             0,             0,             0,             0,             0,             0,             0, 0.463283269894, 0.264489786133, 0.387212648272, 0.444774254363,  0.2986703917, 26.9271110979, 26.8635883906, 26.9386981286, 26.8765661066,  54.883833317, 0.983305436571, 0.870549924757, 20.3641282482,             0,             0,             0,             0,             0,             0,             0,             0,             0,             0, 58.1975515442, 88.1708638031,  61.527919573, 64.8582876018, 68.1886556305, 71.5190236593, 74.8493916881, 78.1797597168, 81.5101277456, 84.8404957744,             1,             1,             1,             1,             1,             1,             1,             1,             1,             1, 119.893270826,           120, 0.571854423277,             0,   13.78759473, 1.54851262876, 54.8687491187, 51.9603752842, 54.8981728159, 51.9877032735,  54.883833317,  58.214201954, 88.1875196874, 61.5445705911, 64.8749392281, 68.2053078652, 71.5356765022, 74.8660451393, 78.1964137763, 81.5267824133, 84.8571510504, 54.8687982978, 51.9604121948,  58.214201954, 88.1875196874, 61.5445705911, 64.8749392281, 68.2053078652, 71.5356765022, 74.8660451393, 78.1964137763, 81.5267824133, 84.8571510504, 54.8982496183, 51.9877325412, 0.922267259908,             0,             0,             0,             0,             0,             0,             0,             0,             0,             0, 1.90579320894, 0.959645134337, 1.79320617625, 0.996856941643, 0.905790232767, 0.859443960687, -0.768215372186, -0.815769159828, 0.0692864348047,             0, 3.24404300876,             0,             0, 0.0269683920218, 0.218712409961, 0.675671597328, 1.38258305179, 2.13606671125, 2.77594285282, 0.90431225798, 0.857240416926,             0, 3.24404300876,             0,             0, 0.0269683920218, 0.218712409961, 0.675671597328, 1.38258305179, 2.13606671125, 2.77594285282, -0.770668530216, -0.817451192009,            -0,            -0,            -0,            -0, 5.16605658023e-05,             0,             0,             0,             0,             0,             0,             0,             0,             0,             0, 0.32034500777, 0.326098712374,             0,             0,             0,             0,             0,             0,             0,             0,             0,             0, 0.316164081882, 0.322720506762
        1.675, -1.13118039823, -0.659817288352, -1.0144570567, -0.693619689809, 5.96260108937, 2548.71889798, 0.250490124955,             0, 294.170706868, -12.3504310244, 261.787598534, -23.8254540679, 1135.80833813, 393.623343514,  1325.7235275, 602.786829231, 3605.32929591, 2070.20354194, 4829.82869544, 3067.12043284,             0,             0,             0,             0,             0,             0,             0,             0,             0,             0,             0,             0,             0,             0,             0,             0,             0,             0,             0,             0,             0, 0.0826606994757, -0.0468654933745,            -0,            -0,            -0,            -0,            -0,            -0,            -0,            -0,            -0,            -0,            -0,            -0,            -0,            -0, 0.523832180745,             0,             0,             0,             0,             0,             0,             0,             0,             0,             0,             0,             0,             0,             0, 0.523832355986, 0.312600158183, 0.430777182098, 0.494116803715, 0.341801784848, 27.3350827656, 27.2701780902, 27.3483553691, 27.2851964782, 55.7163113601, 1.04116033881, 0.925917832124, 21.5339028427,             0,             0,             0,             0,             0,             0,             0,             0,             0,             0, 59.0300521019, 89.0035624636,  62.360442142, 65.6908321822, 69.0212222224, 72.3516122626, 75.6820023028,  79.012392343, 82.3427823832, 85.6731724234,             1,             1,             1,             1,             1,             1,             1,             1,             1,             1, 119.894042025,           120, 0.573637368228,             0, 13.7880127265,   1.548520453, 55.6990465023, 52.7908682571, 55.7328159927, 52.8224411345, 55.7163113601, 59.0467016977, 89.0202147365, 62.3770920354,  65.707482373, 69.0378727107, 72.3682630483, 75.6986533859, 79.0290437236, 82.3594340612, 85.6898243988, 55.6991108046, 52.7909158215, 59.0467016977, 89.0202147365, 62.3770920354,  65.707482373, 69.0378727107, 72.3682630483, 75.6986533859, 79.0290437236, 82.3594340612, 85.6898243988, 55.7329107147, 52.8224796917, 1.06570241775,             0,             0,             0,             0,             0,             0,             0,             0,             0,             0, 2.10712732745, 1.11101961413, 1.99205910684,  1.1481632445, 0.919078936499, 0.865421672326, -0.754833879786, -0.809712013159, 0.0826750002096,             0, 3.32560485187,             0, 0.000355926249192, 0.0531984305227, 0.306849365353, 0.834154749049, 1.57620893042, 2.30907783428, 2.91168603124, 0.91733125317, 0.862969061788,             0, 3.32560485187,             0, 0.000355926249192, 0.0531984305227, 0.306849365353, 0.834154749049, 1.57620893042, 2.30907783428, 2.91168603124, -0.757557184611, -0.811635841825,            -0,            -0,            -0,            -0, 4.79461629846e-05,             0,             0,             0,             0,             0,             0,             0,             0,             0,             0, 0.320542507914, 0.326266138189,             0,             0,             0,             0,             0,             0,             0,             0,             0,             0, 0.31596650112, 0.32254978124
          1.7, -1.21364460106, -0.735723556989, -1.09396759989, -0.768691555527, 6.39542942296, 2550.35341955, 0.271432297262,             0, 297.211456787, -12.1546145036,  262.36259221, -24.063076603, 1198.71862347, 430.283922521, 1439.77402358, 678.400125749, 3552.70428404, 2024.85105347,  4881.6658516, 3112.80656726,             0,             0,             0,             0,             0,             0,             0,             0,             0,             0,             0,             0,             0,             0,             0,             0,             0,             0,             0,             0,             0, 0.0978091690378, -0.0468825136621,            -0,            -0,            -0,            -0,            -0,            -0,            -0,            -0,            -0,            -0,            -0,            -0,            -0,            -0, 0.587427974878,             0,             0,             0,             0,             0,             0,             0,             0,             0,             0,             0,             0,             0,             0, 0.587428171538, 0.36339392895, 0.476247798006, 0.54616532152, 0.386898933361, 27.7430512393, 27.6766871549, 27.7580785143, 27.6939067884, 56.5487594312, 1.09443584283, 0.976564072854, 22.6095894835,             0,             0,             0,             0,             0,             0,             0,             0,             0,             0, 59.8625091588, 89.8360941515, 63.1929074913, 66.5233058238, 69.8537041564, 73.1841024889, 76.5145008214, 79.8448991539, 83.1752974865,  86.505695819,             1,             1,             1,             1,             1,             1,             1,             1,             1,             1,  119.89431754,           120, 0.575911580318,             0, 13.7882920625, 1.54852568162, 56.5291583316, 53.6212009845, 56.5675857411,  53.657346196, 56.5487594312, 59.8791577751, 89.8527428706, 63.2095561191,  66.539954463,  69.870352807, 73.2007511509, 76.5311494948, 79.8615478388, 83.1919461827, 86.5223445267, 56.5292405023, 53.6212613123, 59.8791577751, 89.8527428706, 63.2095561191,  66.539954463,  69.870352807, 73.2007511509, 76.5311494948, 79.8615478388, 83.1919461827, 86.5223445267, 56.5677011515, 53.6573960032, 1.22023600192,             0,             0,             0,             0,             0,             0,             0,             0,             0,             0, 2.31498334078, 1.27397489115, 2.19729151426, 1.31101134311, 0.934124453611, 0.872588514415, -0.739676480785, -0.802446081843, 0.097831354785,             0, 3.39038412472,             0, 0.00319893879297, 0.0925250872299, 0.412139932153, 1.00748339729, 1.76844551895, 2.47386815425, 3.03579399096, 0.932091836437, 0.869875778913,             0, 3.39038412472,             0, 0.00319893879297, 0.0925250872299, 0.412139932153, 1.00748339729, 1.76844551895, 2.47386815425, 3.03579399096, -0.742684403908, -0.804622452159,            -0,            -0, 5.55111512313e-17,            -0, 3.75480459026e-05,             0,             0,             0,             0,             0,             0,             0,             0,             0,             0, 0.320737189588, 0.326433308515,             0,             0,             0,             0,             0,             0,             0,             0,             0,             0, 0.315770481917, 0.322377700026
        1.725, -1.2936345696, -0.812581856969, -1.17084461805, -0.844469907906, 6.80057759635, 2552.34669448, 0.292097087361,             0, 300.953377641, -12.0022061389, 264.457152615, -24.2930446524, 1257.49241031, 465.716406173, 1552.41604613, 756.943912137, 3500.98988166, 1979.58676832, 4932.93701544,  3158.6572058,             0,             0,             0,             0,             0,             0,             0,             0,             0,             0,             0,             0,             0,             0,             0,             0,             0,             0,             0,             0,             0, 0.114835478326, -0.0467052910793,            -0,            -0,            -0,            -0,            -0,            -0,            -0,            -0,            -0,            -0,            -0,            -0,            -0,            -0, 0.653712137158,             0,             0,             0,             0,             0,             0,             0,             0,             0,             0,             0,             0,             0,             0, 0.653712354359, 0.41661454864, 0.523352947936, 0.600660582622, 0.433725188135, 28.1510203989, 28.0831176377,  28.167883147, 28.1026906896, 57.3811676927, 1.14244196888, 1.02181905405, 23.5678918518,             0,             0,             0,             0,             0,             0,             0,             0,             0,             0, 60.6949130527, 90.6684506921, 64.0253061238, 67.3556991948, 70.6860922658, 74.0164853369, 77.3468784079,  80.677271479,   84.00766455,  87.338057621,             1,             1,             1,             1,             1,             1,             1,             1,             1,             1, 119.894104762,           120, 0.578687878029,             0, 13.7884363071, 1.54852838157, 57.3590848721, 54.4513769424, 57.4024628002,  54.492403727, 57.3811676927, 60.7115605457, 90.6850962228, 64.0419533988, 67.3723462518, 70.7027391048, 74.0331319578, 77.3635248108, 80.6939176638, 84.0243105168, 87.3547033698, 57.3591878044, 54.4514523291, 60.7115605457, 90.6850962228, 64.0419533988, 67.3723462518, 70.7027391048, 74.0331319578, 77.3635248108, 80.6939176638, 84.0243105168, 87.3547033698, 57.4026017843, 54.4924669257, 1.38526139735,             0,             0,             0,             0,             0,             0,             0,             0,             0,             0, 2.52806393771, 1.44798297319, 2.40762625877, 1.48472785407, 0.951039730407, 0.881088250125, -0.722628128958, -0.793825058844, 0.114869049775,             0, 3.43751220569,             0, 0.0111812362722, 0.147364790717, 0.534927630085, 1.19159674616, 1.95555573469, 2.62969971224, 3.14698418944, 0.948708397264,  0.8781058809,             0, 3.43751220569,             0, 0.0111812362722, 0.147364790717, 0.534927630085, 1.19159674616, 1.95555573469, 2.62969971224, 3.14698418944, -0.725933673983, -0.796263354654,            -0,            -0,            -0,            -0, 1.96551059328e-05,             0,             0,             0,             0,             0,             0,             0,             0,             0,             0, 0.320928120718, 0.326599856936,             0,             0,             0,             0,             0,             0,             0,             0,             0,             0, 0.315576176283, 0.322204733639
         1.75, -1.37237301627, -0.889324414341, -1.2462454981, -0.920013943941, 7.17014217044, 2554.65419782, 0.311848566987,             0, 305.246272141, -11.9114079891, 267.412301889, -24.5030531451, 1305.04534975,  501.28548735, 1663.93412093, 835.048731123, 3450.68933187, 1934.71654266,  4983.2976432, 3204.31583767,             0,             0,             0,             0,             0,             0,             0,             0,             0,             0,             0,             0,             0,             0,             0,             0,             0,             0,             0,             0,             0, 0.133845999088, -0.0463091227025,            -0,            -0,            -0,            -0,            -0,            -0,            -0,            -0,            -0,            -0,            -0,            -0,            -0,            -0, 0.722252989878,             0,             0,             0,             0,             0,             0,             0,             0,             0,             0,             0,             0,             0,             0, 0.722253225801, 0.471811473975, 0.571825340392, 0.65717863424,    0.48190505, 28.5589952981, 28.4894729999, 28.5777720182, 28.5115407995, 58.2135263725, 1.18655901096, 1.06300776025, 24.4005124485,             0,             0,             0,             0,             0,             0,             0,             0,             0,             0, 61.5272570409, 91.5006526962, 64.8576343359, 68.1880116309,  71.518388926,  74.848766221,  78.179143516, 81.5095208111, 84.8398981061, 88.1702754012,             1,             1,             1,             1,             1,             1,             1,             1,             1,             1, 119.893513646,           120, 0.581986193526,             0, 13.7884833937, 1.54852926292, 58.1888262541, 55.2814018625, 58.2374277572, 55.3275960853, 58.2135263725, 61.5439032575, 91.5172952222, 64.8742801424, 68.2046570274, 71.5350339124, 74.8654107974, 78.1957876823, 81.5261645673, 84.8565414523, 88.1869183373, 58.1889529838, 55.2814947498, 61.5439032575, 91.5172952222, 64.8742801424, 68.2046570274, 71.5350339124, 74.8654107974, 78.1957876823, 81.5261645673, 84.8565414523, 88.1869183373, 58.2375933512, 55.3276749498, 1.55999613584,             0,             0,             0,             0,             0,             0,             0,             0,             0,             0, 2.74696596549, 1.63210219107, 2.62360479168, 1.66846499533, 0.96993076615, 0.891068201802, -0.703580199527, -0.783700241209, 0.133895625325,             0, 3.46893763336,             0, 0.0269523200333, 0.218650925342, 0.675557513621, 1.38243796184, 2.13593547438, 2.77583953094, 3.24397835746, 0.967289484003, 0.887808228767,             0, 3.46893763336,             0, 0.0269523200333, 0.218650925342, 0.675557513621, 1.38243796184, 2.13593547438, 2.77583953094, 3.24397835746, -0.707194008738, -0.786407714806, 5.55111512313e-17,            -0,            -0,            -0, -6.04006881324e-06,             0,             0,             0,             0,             0,             0,             0,             0,             0,             0, 0.321113405931, 0.326764634037,             0,             0,             0,             0,             0,             0,             0,             0,             0,             0, 0.315384858764, 0.322032206674
        1.775, -1.44666194597, -0.965643112564, -1.31707248997, -0.994955777733, 7.50398179961, 2557.20344763, 0.330480732848,             0, 310.156013594, -11.8174118382, 271.059243361, -24.7364808492, 1348.46117306, 531.877923173,  1771.8751676, 910.372725153, 3402.59905166, 1891.13577362, 5031.96793386, 3248.64157138,             0,             0,             0,             0,             0,             0,             0,             0,             0,             0,             0,             0,             0,             0,             0,             0,             0,             0,             0,             0,             0, 0.154937435677, -0.0456942596041,            -0,            -0,            -0,            -0,            -0,            -0,            -0,            -0,            -0,            -0,            -0,            -0,            -0,            -0, 0.792416775382,             0,             0,             0,             0,             0,             0,             0,             0,             0,             0,             0,             0,             0,             0, 0.792417027399, 0.528583382908, 0.621020325538, 0.715311005746, 0.530865666634, 28.9669854915, 28.8957582013, 28.9877354031, 28.9204490356, 59.0458260967, 1.22399793674, 1.09742124349, 25.0974358585,             0,             0,             0,             0,             0,             0,             0,             0,             0,             0, 62.3595337352, 92.3327106957, 65.6898867308, 69.0202397264, 72.3505927221, 75.6809457177, 79.0112987133, 82.3416517089, 85.6720047045, 89.0023577001,             1,             1,             1,             1,             1,             1,             1,             1,             1,             1, 119.892617307,           120, 0.585743483382,             0, 13.7884575768, 1.54852877968, 59.0183905589, 56.1112833787, 59.0724543409, 56.1629033681, 59.0458260967, 62.3761785341, 92.3493504705, 65.7065309715, 69.0368834089, 72.3672358462, 75.6975882836,  79.027940721, 82.3582931584, 85.6886455957, 89.0189980331, 59.0185440362, 56.1113962609, 62.3761785341, 92.3493504705, 65.7065309715, 69.0368834089, 72.3672358462, 75.6975882836,  79.027940721, 82.3582931584, 85.6886455957, 89.0189980331, 59.0726494338, 56.1630002326, 1.74351725845,             0,             0,             0,             0,             0,             0,             0,             0,             0,             0, 2.96797647763, 1.82546737713, 2.84159402916, 1.86129826381,  0.9908964893, 0.902672262199, -0.682432767403, -0.771925238192, 0.155009198778,             0, 3.48778692409, 0.000354605728574, 0.0531600132275,  0.3067301219, 0.83394164968, 1.57595243398, 2.30884621043, 2.91150176665,  3.3254975976, 0.98793631321, 0.899130438362,             0, 3.48778692409, 0.000354605728574, 0.0531600132275,  0.3067301219, 0.83394164968, 1.57595243398, 2.30884621043, 2.91150176665,  3.3254975976, -0.686363250535, -0.774905937447,            -0,            -0,            -0,            -0, -3.91569780083e-05,             0,             0,             0,             0,             0,             0,             0,             0,             0,             0, 0.321290061862, 0.326924318651,             0,             0,             0,             0,             0,             0,             0,             0,             0,             0, 0.315199434601, 0.321864387087
          1.8, -1.51776162851, -1.04102394695, -1.38465041879, -1.06868927193, 7.80035817504, 2559.92666936, 0.347701612728,             0, 315.451635558, -11.7395461825, 275.345558295, -24.9428281818, 1388.54107475, 559.601674374, 1866.27808542, 985.914757849, 3357.67215803, 1850.25958114, 5077.67565949, 3290.97806299,             0,             0,             0,             0,             0,             0,             0,             0,             0,             0,             0,             0,             0,             0,             0,             0,             0,             0,             0,             0,             0, 0.178197947761, -0.0448754432201,            -0,            -0,            -0,            -0,            -0,            -0,            -0,            -0,            -0,            -0,            -0,            -0,            -0,            -0, 0.863370925127,             0,             0,             0,             0,             0,             0,             0,             0,             0,             0,             0,             0,             0,             0, 0.86337118996, 0.586119354618, 0.670341944655, 0.774263626341, 0.580127251267, 29.3749960632, 29.3019784102, 29.3977672939, 29.3294077057, 59.8780577379, 1.25619221447,  1.1265536381, 25.6386086066,             0,             0,             0,             0,             0,             0,             0,             0,             0,             0,   63.19173615, 93.1646370328, 66.5220584703, 69.8523807907,  73.182703111, 76.5130254313, 79.8433477516, 83.1736700719, 86.5039923922, 89.8343147125,             1,             1,             1,             1,             1,             1,             1,             1,             1,             1, 119.891492534,           120, 0.589871916093,             0, 13.7883846761, 1.54852741515, 59.8477798335,  56.941028352, 59.9075223702, 56.9983057297, 59.8780577379, 63.2083793963, 93.1812743218, 66.5387010547,  69.869022713, 73.1993443714, 76.5296660298, 79.8599876882, 83.1903093466,  86.520631005, 89.8509526634, 59.8479629238, 56.9411637129, 63.2083793963, 93.1812743218, 66.5387010547,  69.869022713, 73.1993443714, 76.5296660298, 79.8599876882, 83.1903093466,  86.520631005, 89.8509526634, 59.9077497971, 56.9984229408, 1.93494014374,             0,             0,             0,             0,             0,             0,             0,             0,             0,             0, 3.19164309066, 2.02706380638, 3.06220225601, 2.06211780093, 1.01402593611, 0.916035895705, -0.65909538996, -0.758362232307, 0.178299612168,             0, 3.49718680075, 0.0031914597796, 0.0924503964636, 0.411947332745, 1.00716371375, 1.76808905804, 2.47355267398, 3.03555135136,  3.3902637349, 1.01074253454, 0.912211460599,             0, 3.49718680075, 0.0031914597796, 0.0924503964636, 0.411947332745, 1.00716371375, 1.76808905804, 2.47355267398, 3.03555135136,  3.3902637349, -0.663346640356, -0.761617526525,            -0,            -0, 5.55111512313e-17,            -0, -7.87656936395e-05,             0,             0,             0,             0,             0,             0,             0,             0,             0,             0, 0.321454552181, 0.327073659753,             0,             0,             0,             0,             0,             0,             0,             0,             0,             0, 0.315024682992, 0.321703740148
        1.825, -1.58200947813, -1.11445329671, -1.44533882398, -1.14028674321, 8.05300545253,  2562.7619921, 0.363827145521,             0, 321.067647644, -11.7139738668, 280.214744839, -25.0250736601, 1423.85687925,  585.24453401, 1953.24148755,  1060.6265837, 3316.70321149, 1812.77310337, 5119.50793643, 3330.83040639,             0,             0,             0,             0,             0,             0,             0,             0,             0,             0,             0,             0,             0,             0,             0,             0,             0,             0,             0,             0,             0, 0.20370421918, -0.0438670575857,            -0,            -0,            -0,            -0,            -0,            -0,            -0,            -0,            -0,            -0,            -0,            -0,            -0,            -0, 0.934209135183,             0,             0,             0,             0,             0,             0,             0,             0,             0,             0,             0,             0,             0,             0, 0.934209409015, 0.643823652113, 0.719171702269, 0.83342814989, 0.629074498355, 29.7830357782, 29.7081383493, 29.8078589402, 29.7384081065, 60.7102124997, 1.27983457502, 1.14711085173, 26.0093067886,             0,             0,             0,             0,             0,             0,             0,             0,             0,             0, 64.0238580442, 93.9964485228, 67.3541458752, 70.6844337061, 74.0147215371,  77.345009368,  80.675297199, 84.0055850299, 87.3358728609, 90.6661606918,             1,             1,             1,             1,             1,             1,             1,             1,             1,             1, 119.890231485,           120, 0.594274648702,             0, 13.7882934474, 1.54852570755, 60.6770049034, 57.7706452461, 60.7426039651, 57.8337807731, 60.7102124997, 64.0404996198, 94.0130837013,   67.37078674, 70.7010738602, 74.0313609803, 77.3616481005, 80.6919352206, 84.0222223408,  87.352509461, 90.6827965811, 60.6772200932, 57.7708054789, 64.0404996198, 94.0130837013,   67.37078674, 70.7010738602, 74.0313609803, 77.3616481005, 80.6919352206, 84.0222223408,  87.352509461, 90.6827965811, 60.7428661215,  57.833920605, 2.13324412868,             0,             0,             0,             0,             0,             0,             0,             0,             0,             0, 3.41363666399, 2.23575822271, 3.28111322967, 2.26983527091, 1.03939901173, 0.931290743808, -0.63348734171, -0.742878503478, 0.203845491409,             0, 3.50026047293, 0.011159824632, 0.147238771757, 0.53464755118, 1.19117251562, 1.95511776491, 2.62932056182, 3.14670919063, 3.43740505789, 1.03579145914, 0.927186541138,             0, 3.50026047293, 0.011159824632, 0.147238771757, 0.53464755118, 1.19117251562, 1.95511776491, 2.62932056182, 3.14670919063, 3.43740505789, -0.638060189313, -0.746406331649,            -0,            -0,            -0,            -0, -0.00012360596723,             0,             0,             0,             0,             0,             0,             0,             0,             0,             0, 0.321603936757, 0.327210143495,             0,             0,             0,             0,             0,             0,             0,             0,             0,             0, 0.31486404478, 0.321552146176
         1.85, -1.6389620337, -1.1847535641, -1.49870744367, -1.20864255623, 8.25734717262, 2565.64634049, 0.378716362346,             0, 326.803040054, -11.7910011687, 285.494418022, -25.1975624642, 1455.35162858, 608.755505887, 2031.24018524, 1133.20263413, 3279.97162714, 1778.61668283, 5157.42702036, 3367.80848854,             0,             0,             0,             0,             0,             0,             0,             0,             0,             0,             0,             0,             0,             0,             0,             0,             0,             0,             0,             0,             0, 0.231524150129, -0.0426723439224,            -0,            -0,            -0,            -0,            -0,            -0,            -0,            -0,            -0,            -0,            -0,            -0,            -0,            -0, 1.00415018542,             0,             0,             0,             0,             0,             0,             0,             0,             0,             0,             0,             0,             0,             0, 1.00415046395, 0.701033274897, 0.766990284321, 0.892169991218, 0.677196720106, 30.1911109809, 30.1142438545, 30.2180025399, 30.1474386733, 61.5422818833, 1.29505672216, 1.15922653172, 26.2110598477,             0,             0,             0,             0,             0,             0,             0,             0,             0,             0, 64.8558933267, 94.8281607912, 68.1861452672, 71.5163972077, 74.8466491482, 78.1769010887, 81.5071530292, 84.8374049697, 88.1676569102, 91.4979088507,             1,             1,             1,             1,             1,             1,             1,             1,             1,             1, 119.888919838,           120, 0.598853111022,             0,  13.788208107, 1.54852411015, 61.5060742096, 58.6001438647, 61.5776740031, 58.6693035813, 61.5422818833, 64.8725331048,  94.844794098, 68.2027843262, 71.5330355477, 74.8632867692, 78.1935379907, 81.5237892121, 84.8540404336, 88.1842916551, 91.5145428765, 61.5063236592, 58.6003312067, 64.8725331048,  94.844794098, 68.2027843262, 71.5330355477, 74.8632867692, 78.1935379907, 81.5237892121, 84.8540404336, 88.1842916551, 91.5145428765, 61.5779729697, 58.6694681783,  2.3372766345,             0,             0,             0,             0,             0,             0,             0,             0,             0,             0, 3.63293496414, 2.45022394178, 3.49730653893, 2.48317426798, 1.06708616432, 0.948566735757, -0.605537707328, -0.725343590535, 0.231716921484,             0, 3.50012806117, 0.0269061105776, 0.218459780769, 0.675175593129, 1.38191663474, 2.13543088623, 2.77541557033, 3.24369586755, 3.46885614469, 1.06315731507, 0.944188621383,             0, 3.50012806117, 0.0269061105776, 0.218459780769, 0.675175593129, 1.38191663474, 2.13543088623, 2.77541557033, 3.24369586755, 3.46885614469, -0.610429541324, -0.729139058307,            -0, 5.55111512313e-17,            -0,            -0, -0.000172189590738,             0,             0,             0,             0,             0,             0,             0,             0,             0,             0,  0.3217372158, 0.327334039506,             0,             0,             0,             0,             0,             0,             0,             0,             0,             0, 0.314717711378, 0.321411099163
        1.875, -1.68856682301, -1.25102200817, -1.54471846022, -1.27275089518, 8.41086594571, 2568.52465272, 0.392136299643,             0, 332.638026375, -11.9110533022, 291.077097992, -25.353938608, 1481.95486986, 629.966378445, 2099.54676613, 1202.38770443, 3247.20927926, 1747.41667173, 5191.57457191, 3401.73772228,             0,             0,             0,             0,             0,             0,             0,             0,             0,             0,             0,             0,             0,             0,             0,             0,             0,             0,             0,             0,             0, 0.261717719563, -0.0412930398645,            -0,            -0,            -0,            -0,            -0,            -0,            -0,            -0,            -0,            -0,            -0,            -0,            -0,            -0, 1.07257414197,             0,             0,             0,             0,             0,             0,             0,             0,             0,             0,             0,             0,             0,             0, 1.07257442056, 0.757213213918, 0.813393287289, 0.949970168434, 0.724117545207, 30.5992286351, 30.5203035498, 30.6281900753, 30.5564899441,  62.374257685,  1.3024799752,  1.1635268115, 26.2497039477,             0,             0,             0,             0,             0,             0,             0,             0,             0,             0, 65.6878360788, 95.6597885619, 69.0180530214, 72.3482699639, 75.6784869065, 79.0087038491, 82.3389207916, 85.6691377342, 88.9993546767, 92.3295716193,             1,             1,             1,             1,             1,             1,             1,             1,             1,             1, 119.887641059,           120, 0.603510706876,             0, 13.7881500529, 1.54852302349, 62.3349970671, 59.4295345297, 62.4127070054, 59.5048473351,  62.374257685, 65.7044739538, 95.6764203734, 69.0346902227, 72.3649064915, 75.6951227604, 79.0253390292,  82.355555298, 85.6857715669, 89.0159878357, 92.3462041046, 62.3352826099, 59.4297510284, 65.7044739538, 95.6764203734, 69.0346902227, 72.3649064915, 75.6951227604, 79.0253390292,  82.355555298, 85.6857715669, 89.0159878357, 92.3462041046, 62.4130445512, 59.5050386736, 2.54579865289,             0,             0,             0,             0,             0,             0,             0,             0,             0,             0, 3.84891905294, 2.66923732415, 3.71016796219, 2.70079015181, 1.09715013273, 0.967990527813, -0.575183740384, -0.705630815118, 0.261976280769, 0.000351761732333, 3.49962373352, 0.0530749117479, 0.306459813975, 0.833448455802, 1.57534741722, 2.30829031266, 2.91105241537, 3.32523209022, 3.48773541049, 1.09290588193, 0.963346696778, 0.000351761732333, 3.49962373352, 0.0530749117479, 0.306459813975, 0.833448455802, 1.57534741722, 2.30829031266, 2.91105241537, 3.32523209022, 3.48773541049, -0.58038914222, -0.70968694939,            -0, 5.55111512313e-17, -5.55111512313e-17,            -0, -0.000222748433986,             0,             0,             0,             0,             0,             0,             0,             0,             0,             0, 0.321855437937, 0.327446789361,             0,             0,             0,             0,             0,             0,             0,             0,             0,             0, 0.314585208407, 0.321281288764
          1.9, -1.73352189635, -1.31236238373, -1.5860084324, -1.33179064563, 8.51141370856, 2571.34043925, 0.40382229256,             0, 338.306880376, -12.0611621085, 296.777400851, -25.493240038, 1501.47287676, 648.189609088, 2160.18002725,  1265.3661885, 3218.26861378, 1719.06595231, 5221.91217077,   3432.425819,             0,             0,             0,             0,             0,             0,             0,             0,             0,             0,             0,             0,             0,             0,             0,             0,             0,             0,             0,             0,             0, 0.29433529246, -0.0397463418587,            -0,            -0,            -0,            -0,            -0,            -0,            -0,            -0,            -0,            -0,            -0,            -0,            -0,            -0, 1.13893057236,             0,             0,             0,             0,             0,             0,             0,             0,             0,             0,             0,             0,             0,             0, 1.13893084643, 0.811724575641, 0.85798966728, 1.00623355305, 0.769449785919, 31.0073927087, 30.9263270012,  31.038414842, 30.9655530845, 63.2061323404,  1.3053801518,  1.1632146864, 26.1177445229,             0,             0,             0,             0,             0,             0,             0,             0,             0,             0, 66.5196811571, 96.4913486154, 69.8498664303, 73.1800517034, 76.5102369765, 79.8404222497, 83.1706075228,  86.500792796, 89.8309780691, 93.1611633423,             1,             1,             1,             1,             1,             1,             1,             1,             1,             1, 119.886483869,           120, 0.608154335248,             0, 13.7881414347, 1.54852286218, 63.1637806199, 60.2588279877, 63.2476802353, 60.3403837983, 63.2061323404, 66.5363170255, 96.5079791916, 69.8665017107, 73.1966863958, 76.5268710809,  79.857055766, 83.1872404511, 86.5174251362, 89.8476098213, 93.1777945065, 63.1641038678, 60.2590754231, 66.5363170255, 96.5079791916, 69.8665017107, 73.1966863958, 76.5268710809,  79.857055766, 83.1872404511, 86.5174251362, 89.8476098213, 93.1777945065, 63.2480579783, 60.3406036214, 2.75750467045,             0,             0,             0,             0,             0,             0,             0,             0,             0,             0, 4.06355831724,  2.8913515381, 3.92159424083, 2.92128739533, 1.12964324245, 0.989682657959, -0.542372895111, -0.683620403096, 0.294676500241, 0.00317726654806,  3.4995727119, 0.0923089411098, 0.411583571037, 1.00656150157, 1.76741912537, 2.47296108863, 3.03509724439, 3.39003870834, 3.49716283229, 1.12509312275, 0.984783575531, 0.00317726654806,  3.4995727119, 0.0923089411098, 0.411583571037, 1.00656150157, 1.76741912537, 2.47296108863, 3.03509724439, 3.39003870834, 3.49716283229, -0.547883223596, -0.687928100375,            -0,            -0,            -0,            -0, -0.00027317343123,             0,             0,             0,             0,             0,             0,             0,             0,             0,             0, 0.321959221871, 0.327548846109,             0,             0,             0,             0,             0,             0,             0,             0,             0,             0, 0.31446675185, 0.321163477937
        1.925, -1.77139898705, -1.36885372131, -1.62019738522, -1.38592182063, 8.56715388768, 2574.04424387, 0.413509755342,             0, 343.880783317, -12.1768714518,  302.41732123, -25.6280699728, 1515.23259286, 662.087640758, 2212.51282452, 1319.13590012, 3193.39388139, 1694.21066997, 5248.04261533, 3459.03203186,             0,             0,             0,             0,             0,             0,             0,             0,             0,             0,             0,             0,             0,             0,             0,             0,             0,             0,             0,             0,             0, 0.329416636786, -0.0380728727455,            -0,            -0,            -0,            -0,            -0,            -0,            -0,            -0,            -0,            -0,            -0,            -0,            -0,            -0, 1.20259356913,             0,             0,             0,             0,             0,             0,             0,             0,             0,             0,             0,             0,             0,             0, 1.20259383467, 0.864131288123, 0.90027033557,  1.0605232364, 0.812653097681, 31.4156110611, 31.3323241352, 31.4486676454, 31.3746199475, 64.0378990122, 1.30198191823, 1.15653347065, 25.7927301698,             0,             0,             0,             0,             0,             0,             0,             0,             0,             0, 67.3514237777, 97.3228547776, 70.6815827777, 74.0117417777, 77.3419007777, 80.6720597777, 84.0022187777, 87.3323777777, 90.6625367777, 93.9926957777,             1,             1,             1,             1,             1,             1,             1,             1,             1,             1, 119.885524771,           120, 0.612692061296,             0, 13.7882010965, 1.54852397893, 63.9924385705, 61.0880338038, 64.0825663413,  61.175885583, 64.0378990122, 67.3680575568, 97.3394844585, 70.6982161014, 74.0283746461, 77.3585331907, 80.6886917353,   84.01885028, 87.3490088246, 90.6791673692, 94.0093259139, 63.9928005655, 61.0883135964, 67.3680575568, 97.3394844585, 70.6982161014, 74.0283746461, 77.3585331907, 80.6886917353,   84.01885028, 87.3490088246, 90.6791673692, 94.0093259139,  64.082985311, 61.1761353071, 2.97115290643,             0,             0,             0,             0,             0,             0,             0,             0,             0,             0, 4.27383506808, 3.11524862611, 4.12858623832, 3.14341663426, 1.16460973929, 1.01374987019, -0.507062504675, -0.659206931756, 0.329860048478, 0.0111224194966,  3.4999334843, 0.147022661658, 0.53417544751, 1.19046846588,  1.9544011183, 2.62870816778, 3.14627019414, 3.43723571709,  3.5002561444, 1.15976577514, 1.00860898521, 0.0111224194966,  3.4999334843, 0.147022661658, 0.53417544751, 1.19046846588,  1.9544011183, 2.62870816778, 3.14627019414, 3.43723571709,  3.5002561444, -0.512866824706, -0.663754143016,            -0,            -0,            -0,            -0, -0.00032114433036,             0,             0,             0,             0,             0,             0,             0,             0,             0,             0, 0.322047720457, 0.327637869246,             0,             0,             0,             0,             0,             0,             0,             0,             0,             0, 0.314363892251, 0.321060867304
         1.95, -1.7990434992, -1.42005991422, -1.64440395021, -1.43467069608, 8.57881326757, 2576.58545698, 0.421411697924,             0, 349.158218633, -12.3395314408, 307.952031299, -25.7156009978, 1523.54791786, 674.836838542, 2252.11061628, 1367.62636838, 3173.08919531,  1673.6250291,  5269.1210512, 3481.16135706,             0,             0,             0,             0,             0,             0,             0,             0,             0,             0,             0,             0,             0,             0,             0,             0,             0,             0,             0,             0,             0, 0.366991583483, -0.036331439982,            -0,            -0,            -0,            -0,            -0,            -0,            -0,            -0,            -0,            -0,            -0,            -0,            -0,            -0, 1.26283727448,             0,             0,             0,             0,             0,             0,             0,             0,             0,             0,             0,             0,             0,             0,  1.2628375284, 0.913962933239, 0.939806556147, 1.11233323066, 0.853363617209, 31.8238890731, 31.7383040311, 31.8589402834, 31.7836838589, 64.8695516287, 1.28948764484,  1.1409465844, 25.2783834558,             0,             0,             0,             0,             0,             0,             0,             0,             0,             0, 68.1830602646, 98.1543250863, 71.5132008004, 74.8433413361, 78.1734818719, 81.5036224076, 84.8337629434, 88.1639034791, 91.4940440149, 94.8241845506,             1,             1,             1,             1,             1,             1,             1,             1,             1,             1, 119.884850503,           120, 0.617040974211,             0, 13.7883520672, 1.54852680478, 64.8209843572, 61.9171592476, 64.9173400922, 62.0113275587, 64.8695516287, 68.1996918912,  98.170954253, 71.5298321536,  74.859972416, 78.1901126785, 81.5202529409, 84.8503932033, 88.1805334657, 91.5106737282, 94.8408139906,  64.821385383, 61.9174724254, 68.1996918912,  98.170954253, 71.5298321536,  74.859972416, 78.1901126785, 81.5202529409, 84.8503932033, 88.1805334657, 91.5106737282, 94.8408139906, 64.9178005474, 62.0116082637, 3.18566217574,             0,             0,             0,             0,             0,             0,             0,             0,             0,             0,  4.4758701708, 3.33974765081, 4.32752573851, 3.36595098032, 1.20208463978, 1.04028224955, -0.469219932197, -0.632301422036, 0.367559572622, 0.0268299194443, 3.50066116346, 0.218153576626, 0.674579877743, 1.38112291599, 2.13467957654, 2.77479714106, 3.24329142048, 3.46874135807, 3.50013139124, 1.19696154009, 1.03491554549, 0.0268299194443, 3.50066116346, 0.218153576626, 0.674579877743, 1.38112291599, 2.13467957654, 2.77479714106, 3.24329142048, 3.46874135807, 3.50013139124, -0.475304692313, -0.63707413093,            -0,            -0, -5.55111512313e-17, -5.55111512313e-17, -0.000364360218984,             0,             0,             0,             0,             0,             0,             0,             0,             0,             0,  0.3221191281, 0.327711040352,             0,             0,             0,             0,             0,             0,             0,             0,             0,             0, 0.314279865428, 0.320974987498
        1.975, -1.81438127313, -1.46515267998, -1.6565412369, -1.4772194255, 8.54057397906, 2578.90793693, 0.427200559954,             0, 353.975755391, -12.5715677129, 313.271380604, -25.7453401787, 1525.84750384, 686.454994428, 2275.88406561, 1409.97553675,  3157.6860353, 1657.58265972, 5284.61637485, 3498.86517534,             0,             0,             0,             0,             0,             0,             0,             0,             0,             0,             0,             0,             0,             0,             0,             0,             0,             0,             0,             0, 0.000347109352273, 0.407078266914, -0.0345858052267,            -0,            -0,            -0,            -0,            -0,            -0,            -0,            -0,            -0,            -0,            -0,            -0,            -0,            -0, 1.31899393616,             0,             0,             0,             0,             0,             0,             0,             0,             0,             0,             0,             0,             0,             0,  1.3189941765, 0.960757280565, 0.976170277166, 1.16118342476, 0.891144166909, 32.2322297822, 32.1442762659, 32.2692243348, 32.1927380166, 65.7010851031, 1.26600097467,   1.114533996, 24.5943261921,             0,             0,             0,             0,             0,             0,             0,             0,             0,             0, 69.0145880759, 98.9857801021, 72.3447205232, 75.6748529706,  79.004985418, 82.3351178653, 85.6652503127, 88.9953827601, 92.3255152074, 95.6556476548,             1,             1,             1,             1,             1,             1,             1,             1,             1,             1, 119.884554068,           120, 0.621112739415,             0, 13.7886185658, 1.54853179301, 65.6494324692, 62.7462127197, 65.7519766535, 62.8466830719, 65.7010851031, 69.0312175129, 99.0024092007, 72.3613499226, 75.6914823324, 79.0216147422, 82.3517471519, 85.6818795617, 89.0120119715, 92.3421443812,  95.672276791,  65.649872028, 62.7465598493, 69.0312175129, 99.0024092007, 72.3613499226, 75.6914823324, 79.0216147422, 82.3517471519, 85.6818795617, 89.0120119715, 92.3421443812,  95.672276791, 65.7524780522, 62.8469954147, 3.39985916832,             0,             0,             0,             0,             0,             0,             0,             0,             0,             0, 4.66659395046, 3.56355561671, 4.51531930328, 3.58756851499, 1.24209058818, 1.06936208958, -0.428825330894, -0.602823925636,  0.4077953866, 0.0529403471194, 3.50171090921, 0.306047354248, 0.832720477214, 1.57448132103,  2.3075169558, 2.91044368419, 3.32488107268, 3.48766874312, 3.49962509396, 1.23670568546, 1.06378804793, 0.0529403471194, 3.50171090921, 0.306047354248, 0.832720477214, 1.57448132103,  2.3075169558, 2.91044368419, 3.32488107268, 3.48766874312, 3.49962509396, -0.435174501174, -0.60780572117,            -0,            -0,            -0, 5.55111512313e-17, -0.000400772136114,             0,             0,             0,             0,             0,             0,             0,             0,             0,             0, 0.322172290153, 0.327767413388,             0,             0,             0,             0,             0,             0,             0,             0,             0,             0, 0.314216742022, 0.320905714146
            2, -1.81691424293, -1.50324385918, -1.65618156947, -1.5128704664, 8.44600214823, 2580.95089342, 0.430713240538,             0, 358.196267005, -12.8769196654, 318.266957396, -25.7108163235, 1522.34329537, 696.906932676, 2282.31380396, 1445.28355588,  3147.5706686, 1646.32551403,  5294.0970308, 3511.79291963,             0,             0,             0,             0,             0,             0,             0,             0,             0,             0,             0,             0,             0,             0,             0,             0,             0,             0,             0,             0, 0.00315460333241, 0.449683292681, -0.0328895067578,            -0,            -0,            -0,            -0,            -0,            -0,            -0,            -0,            -0,            -0,            -0,            -0,            -0,            -0, 1.37041612216,             0,             0,             0,             0,             0,             0,             0,             0,             0,             0,             0,             0,             0,             0, 1.37041634799, 1.00398515502, 1.00894525411, 1.20652695581, 0.925528412019, 32.6406347933, 32.5502518393, 32.6795111854, 32.6017749701, 66.5324955629, 1.23118717012, 1.07702366546, 23.7477408124,             0,             0,             0,             0,             0,             0,             0,             0,             0,             0, 69.8460060301, 99.8172431021, 73.1761434825,  76.506280935, 79.8364183874, 83.1665558399, 86.4966932923, 89.8268307447, 93.1569681972, 96.4871056496,             1,             1,             1,             1,             1,             1,             1,             1,             1,             1, 119.884732993,           120,  0.6248109214,             0, 13.7890256219,   1.548539412, 66.4777987642, 63.5752046894, 66.5864521969, 63.6819231304, 66.5324955629, 69.8626332672, 99.8338726063, 73.1927709716, 76.5229086759, 79.8530463802, 83.1831840846, 86.5133217889, 89.8434594933, 93.1735971976, 96.5037349019, 66.4782756091, 63.5755858077, 69.8626332672, 99.8338726063, 73.1927709716, 76.5229086759, 79.8530463802, 83.1831840846, 86.5133217889, 89.8434594933, 93.1735971976, 96.5037349019, 66.5869932635, 63.6822672835, 3.61241346049,             0,             0,             0,             0,             0,             0,             0,             0,             0,             0, 4.84434136904, 3.78522231509, 4.69036461656, 3.80698331014, 1.28463448724, 1.10106443511, -0.385875085432, -0.570702766137, 0.450572266354, 0.0920921604579,  3.5030379228, 0.411048044283,  1.0057079534, 1.76650288824, 2.47217896415, 3.03451573193, 3.38975892026, 3.49713377424, 3.49957188855,   1.279008116, 1.09530395686, 0.0920921604579,  3.5030379228, 0.411048044283,  1.0057079534, 1.76650288824, 2.47217896415, 3.03451573193, 3.38975892026, 3.49713377424, 3.49957188855, -0.392469786315, -0.575874707093,            -0,            -0,            -0, 5.55111512313e-17, -0.000428845175497,             0,             0,             0,             0,             0,             0,             0,             0,             0,             0, 0.322205860317, 0.327806162822,             0,             0,             0,             0,             0,             0,             0,             0,             0,             0, 0.314176235548, 0.320854429265
        2.025, -1.80756239777, -1.53338857239, -1.64418565181, -1.54069117362, 8.29019413029, 2582.65301055, 0.431958568585,             0, 361.698635513, -13.2474015546,  322.82780919, -25.616982512, 1513.93030684, 706.092934732, 2271.81939106, 1472.45839903, 3143.14451039, 1640.06340412, 5297.21779791, 3519.48789026,             0,             0,             0,             0,             0,             0,             0,             0,             0,             0,             0,             0,             0,             0,             0,             0,             0,             0,             0,             0, 0.0110639682175, 0.494800582682, -0.0312826933627,            -0,            -0,            -0,            -0,            -0,            -0,            -0,            -0,            -0,            -0,            -0,            -0,            -0,            -0, 1.41648609795,             0,             0,             0,             0,             0,             0,             0,             0,             0,             0,             0,             0,             0,             0, 1.41648630912, 1.04305891941, 1.03773147612,  1.2477641735, 0.956054290357, 33.0491043813, 32.9562432674, 33.0897919087, 33.0107866226, 67.3637805203,  1.1863354188, 1.02963533902, 22.7416645512,             0,             0,             0,             0,             0,             0,             0,             0,             0,             0, 70.6773141589, 100.648737045, 74.0074722574, 77.3376303558, 80.6677884543, 83.9979465528, 87.3281046513, 90.6582627497, 93.9884208482, 97.3185789467,             1,             1,             1,             1,             1,             1,             1,             1,             1,             1, 119.885478561,           120, 0.628032699699,             0, 13.7895946153, 1.54855006169, 67.3061003822, 64.4041476388, 67.4207440102, 64.5170166219, 67.3637805203,  70.693939207, 100.665367388, 74.0240978938, 77.3542565806, 80.6844152673, 84.0145739541, 87.3447326409, 90.6748913276, 94.0050500144, 97.3352087012, 67.3066125982, 64.4045621919,  70.693939207, 100.665367388, 74.0240978938, 77.3542565806, 80.6844152673, 84.0145739541, 87.3447326409, 90.6748913276, 94.0050500144, 97.3352087012,  67.421322831, 64.5173921934, 3.82184784721,             0,             0,             0,             0,             0,             0,             0,             0,             0,             0, 5.00892468753, 4.00315325372, 4.85240462925, 4.02259647227, 1.32970676703, 1.13545583919, -0.340382469381, -0.53587571331, 0.495878750449, 0.146699595679, 3.50459743306, 0.533499744523, 1.18950199664,  1.9534560791, 2.62793132365, 3.14573360021, 3.43703581128, 3.50025113911, 3.49993065212, 1.32386259633, 1.12953213812, 0.146699595679, 3.50459743306, 0.533499744523, 1.18950199664,  1.9534560791, 2.62793132365, 3.14573360021, 3.43703581128, 3.50025113911, 3.49993065212, -0.347200669418, -0.541216366659,            -0,            -0,            -0, -5.55111512313e-17, -0.000447645877952,             0,             0,             0,             0,             0,             0,             0,             0,             0,             0, 0.322218447423, 0.327826583224,             0,             0,             0,             0,             0,             0,             0,             0,             0,             0, 0.314159749963, 0.320822913562
         2.05, -1.78768973796, -1.55467225924, -1.62206175228, -1.55982970364, 8.07158292737, 2583.95872971, 0.431061917605,             0, 364.385609631, -13.6647811884, 326.839704457, -25.4766206342, 1501.67490416, 713.805528223, 2246.20032721, 1490.56865019, 3144.55311767, 1638.82170452, 5293.90051852, 3521.74044791,             0,             0,             0,             0,             0,             0,             0,             0,             0,             0,             0,             0,             0,             0,             0,             0,             0,             0,             0,             0, 0.0267130950408, 0.542412925019, -0.0297968628233,            -0,            -0,            -0,            -0,            -0,            -0,            -0,            -0,            -0,            -0,            -0,            -0,            -0,            -0, 1.45669280042,             0,             0,             0,             0,             0,             0,             0,             0,             0,             0,             0,             0,             0,             0, 1.45669299744, 1.07745755764, 1.06221287886, 1.28434129082, 0.982350058782, 33.4576380744, 33.3622642545, 33.5000572839, 33.4197646059, 68.1949388532, 1.13348361049, 0.974537744506, 21.5959671945,             0,             0,             0,             0,             0,             0,             0,             0,             0,             0, 71.5085134052, 101.480281693, 74.8387098816,  78.168906358, 81.4991028344, 84.8292993108, 88.1594957872, 91.4896922636,   94.81988874, 98.1500852164,             1,             1,             1,             1,             1,             1,             1,             1,             1,             1, 119.886865967,           120, 0.63068123839,             0,  13.790339791, 1.54856400839, 68.1343559525, 65.2330552254, 68.2548306975,   65.35193132, 68.1949388532, 71.5251362903, 101.496913224, 74.8553337274, 78.1855311645, 81.5157286016, 84.8459260387, 88.1761234758, 91.5063209129,   94.83651835, 98.1667157872, 68.1349010524, 65.2335020515, 71.5251362903, 101.496913224, 74.8553337274, 78.1855311645, 81.5157286016, 84.8459260387, 88.1761234758, 91.5063209129,   94.83651835, 98.1667157872, 68.2554448349, 65.3523373386, 4.02660194417,             0,             0,             0,             0,             0,             0,             0,             0,             0,             0, 5.16082197263, 4.21567784722,  5.0020484972, 4.23279195741, 1.37728360188, 1.17259294609, -0.292375641486, -0.498291227306, 0.543689051526, 0.217705161066, 3.50634467718, 0.673746613646, 1.38006135258, 2.13371814788, 2.77403941047, 3.24281642638, 3.46861189688, 3.50013498263, 3.50065659924, 1.37124824324, 1.16653104322, 0.217705161066, 3.50634467718, 0.673746613646, 1.38006135258, 2.13371814788, 2.77403941047, 3.24281642638, 3.46861189688, 3.50013498263, 3.50065659924, -0.299392374492, -0.503777161958,            -0,            -0,            -0,            -0, -0.000456810169618,             0,             0,             0,             0,             0,             0,             0,             0,             0,             0, 0.322209612172, 0.327828648434,             0,             0,             0,             0,             0,             0,             0,             0,             0,             0, 0.31416769241, 0.32081201881
        2.075, -1.75805337155, -1.56632742708, -1.59054455521, -1.56957315638, 7.79193654628, 2584.82171538, 0.428094370228,             0, 366.190669249, -14.1099247216, 330.210022309, -25.3020927819, 1485.98118701, 719.725869177, 2206.97539572, 1498.98786521, 3151.55920791, 1642.36243219, 5284.42704147, 3518.73529344,             0,             0,             0,             0,             0,             0,             0,             0,             0,             0,             0,             0,             0,             0,             0,             0,             0,             0,             0,             0, 0.0527374657549, 0.592495067425, -0.0284587249161,            -0,            -0,            -0,            -0,            -0,            -0,            -0,            -0,            -0,            -0,            -0,            -0,            -0,            -0, 1.49070174097,             0,             0,             0,             0,             0,             0,             0,             0,             0,             0,             0,             0,             0,             0, 1.49070192489, 1.10685278295,  1.0822136637, 1.31588939901, 1.00419030694, 33.8662352539, 33.7683290692,  33.910297367, 33.8287008485, 69.0259706145,  1.0742536949, 0.913318623413, 20.3338293403,             0,             0,             0,             0,             0,             0,             0,             0,             0,             0, 72.3396053464, 102.311892535, 75.6698594785, 79.0001136105, 82.3303677426, 85.6606218747, 88.9908760067, 92.3211301388, 95.6513842709, 98.9816384029,             1,             1,             1,             1,             1,             1,             1,             1,             1,             1, 119.888951113,           120, 0.632674098789,             0, 13.7912681815, 1.54858138326, 68.9625857139, 66.0619411212, 69.0886913972, 66.1866353423, 69.0259706145, 72.3562261058, 102.328525527, 75.6864815971, 79.0167370884, 82.3469925797,  85.677248071, 89.0075035623, 92.3377590536, 95.6680145449, 98.9982700362, 68.9631607064, 66.0624184852, 72.3562261058, 102.328525527, 75.6864815971, 79.0167370884, 82.3469925797,  85.677248071, 89.0075035623, 92.3377590536, 95.6680145449, 98.9982700362, 69.0893379134, 66.1870702861,  4.2251201052,             0,             0,             0,             0,             0,             0,             0,             0,             0,             0, 5.30010036212,  4.4211448288, 5.13932936355, 4.43597311997, 1.42733017172, 1.21252077795, -0.241894461088, -0.45790996299, 0.593965979496, 0.30545368945, 3.50823488363, 0.831720941832, 1.57334696528, 2.30655115872, 2.90971896313, 3.32448257606, 3.48759647534,  3.4996265052, 3.50170495948, 1.42113205884, 1.20634666782, 0.30545368945, 3.50823488363, 0.831720941832, 1.57334696528, 2.30655115872, 2.90971896313, 3.32448257606, 3.48759647534,  3.4996265052, 3.50170495948, -0.249082800976, -0.463516541021,            -0, -5.55111512313e-17,            -0,            -0, -0.000456499660013,             0,             0,             0,             0,             0,             0,             0,             0,             0,             0, 0.322180323512, 0.32781329732,             0,             0,             0,             0,             0,             0,             0,             0,             0,             0, 0.314199105946, 0.320821110172
          2.1, -1.7182120428, -1.56781272402, -1.54924253473, -1.56942807342,  7.4547282376, 2585.20457384, 0.423008392046,             0, 367.063895815, -14.5712380669, 332.864148821, -25.0983128012, 1466.41961874, 723.511918699, 2154.56484695,  1497.4125169, 3163.75363577, 1650.34075094, 5269.26482261, 3510.86494608,             0,             0,             0,             0,             0,             0,             0,             0,             0,             0,             0,             0,             0,             0,             0,             0,             0,             0,             0,             0, 0.091770212145, 0.645015106501, -0.0272905976637,            -0,            -0,            -0,            -0,            -0,            -0,            -0,            -0,            -0,            -0,            -0,            -0,            -0,            -0, 1.51833530234,             0,             0,             0,             0,             0,             0,             0,             0,             0,             0,             0,             0,             0,             0, 1.51833547461, 1.13112673102, 1.09767496525, 1.34223282472, 1.02146401625, 34.2748954237, 34.1744519487, 34.3205014127, 34.2375880171,  69.856876894, 1.00900974427, 0.846387436913, 18.9617317797,             0,             0,             0,             0,             0,             0,             0,             0,             0,             0, 73.1705921691, 103.143581816, 76.5009243521, 79.8312565351, 83.1615887181, 86.4919209011, 89.8222530841, 93.1525852671, 96.4829174501, 99.8132496331,             1,             1,             1,             1,             1,             1,             1,             1,             1,             1, 119.891774444,           120, 0.633944129772,             0, 13.7923826941, 1.54860224012, 69.7908116237, 66.8908182911, 69.9223058883, 67.0210983485,  69.856876894, 73.1872108537, 103.160216491, 76.5175448134, 79.8478787731, 83.1782127328, 86.5085466925, 89.8388806522, 93.1692146119, 96.4995485716, 99.8298825313, 69.7914130163, 66.8913239402, 73.1872108537, 103.160216491, 76.5175448134, 79.8478787731, 83.1782127328, 86.5085466925, 89.8388806522, 93.1692146119, 96.4995485716, 99.8298825313, 69.9229813133, 67.0215601885, 4.41591619607,             0,             0,             0,             0,             0,             0,             0,             0,             0,             0, 5.42563869233, 4.61799112044, 5.26317157925, 4.63063182986, 1.47980229799, 1.25527073665, -0.188988905146, -0.414706566692, 0.646662358229, 0.410288232408,  3.5102232621, 1.00455290671, 1.76532178697, 2.47122012873, 3.03383862744, 3.38944972451, 3.49710326088, 3.49957108695, 3.50303096377, 1.47347047111, 1.24901069821, 0.410288232408,  3.5102232621, 1.00455290671, 1.76532178697, 2.47122012873, 3.03383862744, 3.38944972451, 3.49710326088, 3.49957108695, 3.50303096377, -0.196321002953, -0.420408562662,            -0,            -0,            -0, -5.55111512313e-17, -0.000447393653361,             0,             0,             0,             0,             0,             0,             0,             0,             0,             0, 0.322132164699, 0.327781849941,             0,             0,             0,             0,             0,             0,             0,             0,             0,             0, 0.314252314264, 0.320848762526
        2.125, -1.66867680681, -1.5587465192, -1.49867441658, -1.55911371835, 7.06307770071, 2585.07668904, 0.415561447148,             0, 366.916648561, -15.0491526366, 334.750944294, -24.8576905485, 1439.68816089, 724.890442245,  2089.2733929, 1485.74728972, 3180.97909551, 1662.58251109, 5248.78712406,  3498.4049414,             0,             0,             0,             0,             0,             0,             0,             0,             0,             0,             0,             0,             0,             0,             0,             0,             0,             0,             0,             0, 0.146226057534, 0.699932644849, -0.0263089593791,            -0,            -0,            -0,            -0,            -0,            -0,            -0,            -0,            -0,            -0,            -0,            -0,            -0,            -0,  1.5394697481,             0,             0,             0,             0,             0,             0,             0,             0,             0,             0,             0,             0,             0,             0, 1.53946991043, 1.15016049665,   1.108564598, 1.36320245966, 1.03407816919, 34.6836168299, 34.5806467978, 34.7306588716, 34.6464196267, 70.6876598749, 0.938787008322, 0.774795218208, 17.4818549328,             0,             0,             0,             0,             0,             0,             0,             0,             0,             0, 74.0014767663, 103.975359035, 77.3319081295, 80.6623394926, 83.9927708558, 87.3232022189,  90.653633582, 93.9840649452, 97.3144963083, 100.644927671,             1,             1,             1,             1,             1,             1,             1,             1,             1,             1,  119.89536201,           120, 0.634436076546,             0, 13.7936841158,   1.548626593, 70.6190545049, 67.7196990472, 70.7556571338, 67.8552920848, 70.6876598749, 74.0180934408, 103.991995534, 77.3485270067, 80.6789605726, 84.0093941385, 87.3398277044, 90.6702612704, 94.0006948363, 97.3311284022, 100.661561968, 70.6196784125,  67.720230237, 74.0180934408, 103.991995534, 77.3485270067, 80.6789605726, 84.0093941385, 87.3398277044, 90.6702612704, 94.0006948363, 97.3311284022, 100.661561968, 70.7563575818, 67.8557783066, 4.59759191917,             0,             0,             0,             0,             0,             0,             0,             0,             0,             0, 5.53707489016, 4.80469885315, 5.37322906194, 4.81536255129, 1.53464447568, 1.30085873193, -0.13372015679, -0.368671415929, 0.701720086733, 0.532551869964, 3.51226499576, 1.18820745418, 1.95225041181, 2.62699000867, 3.14511764733, 3.43681888671,  3.5002459531, 3.49992795846, 3.50458983424, 1.52820860134, 1.29453917592, 0.532551869964, 3.51226499576, 1.18820745418, 1.95225041181, 2.62699000867, 3.14511764733, 3.43681888671,  3.5002459531, 3.49992795846, 3.50458983424, -0.141167260534, -0.374443117435, 5.55111512313e-17,            -0, 5.55111512313e-17,            -0, -0.000430671510568,             0,             0,             0,             0,             0,             0,             0,             0,             0,             0, 0.322065772859, 0.327734980703,             0,             0,             0,             0,             0,             0,             0,             0,             0,             0, 0.314325986084, 0.320893980279
         2.15, -1.60959891226, -1.53903760088, -1.43901768986, -1.53846521833, 6.61954443912,  2584.4162194, 0.405888748183,             0, 365.815517491, -15.5412129451, 335.826472289, -24.5813830166, 1406.65925498, 723.788307856, 2012.21006881, 1463.94899702, 3203.58988336, 1679.26465804, 5223.07329739, 3481.27649177,             0,             0,             0,             0,             0,             0,             0,             0,             0,             0,             0,             0,             0,             0,             0,             0,             0,             0,             0,             0, 0.217055504963, 0.757191154386, -0.025524335391,            -0,            -0,            -0,            -0,            -0,            -0,            -0,            -0,            -0,            -0,            -0,            -0,            -0,            -0, 1.55391461232,             0,             0,             0,             0,             0,             0,             0,             0,             0,             0,             0,             0,             0,             0, 1.55391476655,  1.1637878235, 1.11478402615, 1.37858435399, 1.04186065874, 35.0923985243, 34.9869271865, 35.1407585182, 35.0551897868, 71.5183230538, 0.864108266084, 0.699093092245,  15.915158087,             0,             0,             0,             0,             0,             0,             0,             0,             0,             0,  74.832262843,  104.80723001, 78.1628147504, 81.4933666578, 84.8239185652, 88.1544704727, 91.4850223801, 94.8155742875, 98.1461261949, 101.476678102,             1,             1,             1,             1,             1,             1,             1,             1,             1,             1, 119.899721826,           120, 0.634105534942,             0, 13.7951698116, 1.54865439177, 71.4473362804, 68.5485956832, 71.5887297596, 68.6891902381, 71.5183230538, 74.8488775905, 104.823868421, 78.1794321272, 81.5099866639, 84.8405412006, 88.1710957373,  91.501650274, 94.8322048107, 98.1627593474, 101.493313884, 71.4479783806, 68.5491491876, 74.8488775905, 104.823868421, 78.1794321272, 81.5099866639, 84.8405412006, 88.1710957373,  91.501650274, 94.8322048107, 98.1627593474, 101.493313884, 71.5894508801,  68.689697823, 4.76881209984,             0,             0,             0,             0,             0,             0,             0,             0,             0,             0, 5.63359735024, 4.97998907931, 5.46871872402, 4.98882679353, 1.59178800273, 1.34928389067, -0.0761629684256, -0.319811903249, 0.759067458789, 0.672587816018, 3.51431523271, 1.37864829957, 2.13249766139, 2.77312562385, 3.24227436628, 3.46847259915, 3.50013858579, 3.50065234628, 3.50633677417, 1.58527866336, 1.34293175469, 0.672587816018, 3.51431523271, 1.37864829957, 2.13249766139, 2.77312562385, 3.24227436628, 3.46847259915, 3.50013858579, 3.50065234628, 3.50633677417, -0.0836951933655, -0.325626685839,            -0,            -0, -5.55111512313e-17, 5.55111512313e-17, -0.000407882806665,             0,             0,             0,             0,             0,             0,             0,             0,             0,             0, 0.321979874647, 0.327672055333,             0,             0,             0,             0,             0,             0,             0,             0,             0,             0, 0.314419885991, 0.320957092131
        2.175, -1.54129372219, -1.50848261077, -1.37062439423, -1.50736854297, 6.12943782166, 2583.20861114, 0.394220779698,             0, 363.664702763, -16.0317078194, 336.028816495, -24.2789535346, 1370.11115768, 720.013820863, 1923.92050216, 1432.06700414, 3231.75333153, 1700.55045946, 5192.13669768, 3459.35446782,             0,             0,             0,             0,             0,             0,             0,             0,             0,             0,             0,             0,             0,             0,             0,             0,             0,             0,             0,             0, 0.304602647823, 0.816720556993, -0.0249417811355,            -0,            -0,            -0,            -0,            -0,            -0,            -0,            -0,            -0,            -0,            -0,            -0,            -0,            -0, 1.56146666371,             0,             0,             0,             0,             0,             0,             0,             0,             0,             0,             0,             0,             0,             0, 1.56146681169, 1.17182609948, 1.11622318284, 1.38813310002, 1.04463062266, 35.5012375933, 35.3933062311, 35.5507891691, 35.4638932562, 72.3488711089, 0.785855558965, 0.620201783881, 14.2854459219,             0,             0,             0,             0,             0,             0,             0,             0,             0,             0, 75.6629546577, 105.639195402, 78.9936480737, 82.3243414897, 85.6550349057, 88.9857283217, 92.3164217377, 95.6471151537, 98.9778085697, 102.308501986,             1,             1,             1,             1,             1,             1,             1,             1,             1,             1,   119.9048385,           120, 0.632925075166,             0, 13.7968306877, 1.54868546537, 72.2756781087, 69.3775202036, 72.4215114706, 69.5227690731, 72.3488711089, 75.6795675612, 105.655835631, 79.0102640134, 82.3409604657, 85.6716569179, 89.0023533702, 92.3330498224, 95.6637462747, 98.9944427269, 102.325139179, 72.2763337236, 69.3780923226, 75.6795675612, 105.655835631, 79.0102640134, 82.3409604657, 85.6716569179, 89.0023533702, 92.3330498224, 95.6637462747, 98.9944427269, 102.325139179, 72.4222485247, 69.5232945176, 4.92833910716,             0,             0,             0,             0,             0,             0,             0,             0,             0,             0,  5.7148512418, 5.14250756259, 5.54932462524, 5.14978193178, 1.65115235818, 1.40052851203, -0.0164040258646, -0.268152262992, 0.818620920485, 0.83033986775,  3.5163290783, 1.57184150678, 2.30532547039, 2.90884359929, 3.32402675161,  3.4875185762, 3.49962793046, 3.50169946413, 3.50822695754,   1.644601127, 1.39417131527, 0.83033986775,  3.5163290783, 1.57184150678, 2.30532547039, 2.90884359929, 3.32402675161,  3.4875185762, 3.49962793046, 3.50169946413, 3.50822695754, -0.0239901667785, -0.27398253603,            -0,            -0,            -0,            -0, -0.000380745213454,             0,             0,             0,             0,             0,             0,             0,             0,             0,             0, 0.321873888307, 0.327592485512,             0,             0,             0,             0,             0,             0,             0,             0,             0,             0, 0.314534021783, 0.321038594573
          2.2, -1.46398516636, -1.4670975169, -1.2937382015, -1.46586158029, 5.59844149669, 2581.45157178, 0.380354887612,             0, 360.574491943, -16.5205630956, 335.363890829, -23.9426370349, 1326.37015592, 713.256606148, 1825.24107816, 1390.42822834, 3265.30281436, 1726.25663776, 5156.25315563, 3432.79562688,             0,             0,             0,             0,             0,             0,             0,             0,             0,             0,             0,             0,             0,             0,             0,             0,             0,             0,             0,             0, 0.40920983569, 0.878441228768, -0.0245620856651,            -0,            -0,            -0,            -0,            -0,            -0,            -0,            -0,            -0,            -0,            -0,            -0,            -0,            -0, 1.56200676462,             0,             0,             0,             0,             0,             0,             0,             0,             0,             0,             0,             0,             0,             0, 1.56200690819, 1.17418822599,  1.1128498966,  1.3916983131, 1.04229913505, 35.9101297608, 35.7997960803, 35.9607394448, 35.8725257473, 73.1793095784, 0.704696814659, 0.538823516967, 12.6023205781,             0,             0,             0,             0,             0,             0,             0,             0,             0,             0, 76.4935566922, 106.471250345, 79.8244115426, 83.1552663929, 86.4861212433, 89.8169760936,  93.147830944, 96.4786857943, 99.8095406447, 103.140395495,             1,             1,             1,             1,             1,             1,             1,             1,             1,             1, 119.910674296,           120, 0.630884137118,             0, 13.7986535877, 1.54871956672, 73.1041001654, 70.2064836605, 73.2539927657, 70.3560082914, 73.1793095784, 76.5101678511, 106.487892306, 79.8410261238, 83.1718843966, 86.5027426693, 89.8336009421, 93.1644592148, 96.4953174875, 99.8261757603, 103.157034033, 73.1047643548, 70.2070703152, 76.5101678511, 106.487892306, 79.8410261238, 83.1718843966, 86.5027426693, 89.8336009421, 93.1644592148, 96.4953174875, 99.8261757603, 103.157034033, 73.2547407032, 70.3565476886, 5.07508466488,             0,             0,             0,             0,             0,             0,             0,             0,             0,             0, 5.78041691585, 5.29111006551,  5.6146616027, 5.29713384237, 1.71264785088, 1.45455827184, 0.0454612410934, -0.213733082489, 0.880288030849, 1.00296509975, 3.51826159522, 1.76375523696, 2.46999910864, 3.03301505169, 3.38909252405, 3.49706995183,  3.4995702874, 3.50302450364,  3.5102155237,  1.7060867241, 1.44822364009, 1.00296509975, 3.51826159522, 1.76375523696, 2.46999910864, 3.03301505169, 3.38909252405, 3.49706995183,  3.4995702874, 3.50302450364,  3.5102155237, 0.0378532314113, -0.21955077195,            -0,            -0,            -0,            -0, -0.000350959173934,             0,             0,             0,             0,             0,             0,             0,             0,             0,             0, 0.321748458247, 0.327496960253,             0,             0,             0,             0,             0,             0,             0,             0,             0,             0, 0.314667401223, 0.32113791627
        2.225, -1.3803646549, -1.41505002782, -1.21111679208, -1.41413611548, 5.02867658339, 2579.15212547, 0.363960113792,             0, 356.298285306, -17.0198519841, 333.823815902, -23.5547566163, 1277.58192796,  703.25858145,  1709.2019233, 1339.49542179, 3304.27592973, 1756.30507924, 5115.47066149, 3401.61792454,             0,             0,             0,             0,             0,             0,             0,             0,             0,             0,             0,             0,             0,             0,             0,             0,             0,             0,             0,             0, 0.531219778858, 0.942260454572, -0.024384552915,            -0,            -0,            -0,            -0,            -0,            -0,            -0,            -0,            -0,            -0,            -0,            -0,            -0,            -0, 1.55539677581,             0,             0,             0,             0,             0,             0,             0,             0,             0,             0,             0,             0,             0,             0,  1.5553969167, 1.17065423584, 1.10460924253, 1.38900434402, 1.03475822182, 36.3190663139, 36.2064079486, 36.3705990857, 36.2810836231, 74.0096451452, 0.623276837893, 0.457679760631, 10.8750953835,             0,             0,             0,             0,             0,             0,             0,             0,             0,             0, 77.3240738549,  107.30338402, 80.6551083177, 83.9861427805, 87.3171772433, 90.6482117061, 93.9792461689, 97.3102806318, 100.641315095, 103.972349557,             1,             1,             1,             1,             1,             1,             1,             1,             1,             1, 119.917165314,           120, 0.627987792504,             0, 13.8006213039, 1.54875637297, 73.9326195356, 71.0354971851, 74.0861691817, 71.1888905374, 74.0096451452, 77.3406833683, 107.320027376, 80.6717215914, 84.0027598145, 87.3337980377, 90.6648362608, 93.9958744839,  97.326912707,  100.65795093, 103.988989153, 73.9332873074, 71.0360939567, 77.3406833683, 107.320027376, 80.6717215914, 84.0027598145, 87.3337980377, 90.6648362608, 93.9958744839,  97.326912707,  100.65795093, 103.988989153, 74.0869229006, 71.1894396118, 5.20805816452,             0,             0,             0,             0,             0,             0,             0,             0,             0,             0, 5.83194947124, 5.42475517634, 5.66646185078, 5.42988647511, 1.77617206859, 1.51132179971, 0.109324940539, -0.156611733891, 0.943964412154, 1.18643578381, 3.52006780621, 1.95064991455, 2.62578382336, 3.14435977927, 3.43656409715,  3.5002401092, 3.49992518471, 3.50458262721, 3.51225757419, 1.76963424015, 1.50503759723, 1.18643578381, 3.52006780621, 1.95064991455, 2.62578382336, 3.14435977927, 3.43656409715,  3.5002401092, 3.49992518471, 3.50458262721, 3.51225757419, 0.101728662398, -0.162388172865,            -0,            -0,            -0, -5.55111512313e-17, -0.000320127515198,             0,             0,             0,             0,             0,             0,             0,             0,             0,             0, 0.321603472672, 0.327385771638,             0,             0,             0,             0,             0,             0,             0,             0,             0,             0, 0.314819889089,  0.3212549982
         2.25, -1.28926473378, -1.35254015866, -1.12159066907, -1.35241533244, 4.42369068174, 2576.33888093, 0.345634625525,             0, 350.984567822, -17.5142650257, 331.455488332, -23.1300929135,  1224.0061773, 689.892961585, 1583.59450954, 1279.62751327, 3348.82497527, 1791.04920059, 5069.32756732, 3365.20550139,             0,             0,             0,             0,             0,             0,             0,             0,             0,             0,             0,             0,             0,             0,             0,             0,             0,             0,             0,             0, 0.670975724074, 1.00806912272, -0.0244092925669,            -0,            -0,            -0,            -0,            -0,            -0,            -0,            -0,            -0,            -0,            -0,            -0,            -0,            -0, 1.54139661614,             0,             0,             0,             0,             0,             0,             0,             0,             0,             0,             0,             0,             0,             0, 1.54139675605, 1.16111377851, 1.09134754518, 1.37986592083, 1.02176736493, 36.7280424092, 36.6131524595, 36.7803557415, 36.6895633891, 74.8398857984, 0.540525647416, 0.375710993953, 9.12642177117,             0,             0,             0,             0,             0,             0,             0,             0,             0,             0, 78.1545115662, 108.135578921, 81.4857412722, 84.8169709783, 88.1482006844, 91.4794303905, 94.8106600965, 98.1418898026, 101.473119509, 104.804349215,             1,             1,             1,             1,             1,             1,             1,             1,             1,             1,  119.92421991,           120, 0.624258464261,             0, 13.8027089145, 1.54879541706, 74.7612590553, 71.8645727749, 74.9180337111, 72.0214009288, 74.8398857984, 78.1711195491, 108.152223305, 81.5023532997, 84.8335870503,  88.164820801, 91.4960545516, 94.8272883023, 98.1585220529, 101.489755804, 104.820989554, 74.7619250582, 71.8651748975, 78.1711195491, 108.152223305, 81.5023532997, 84.8335870503,  88.164820801, 91.4960545516, 94.8272883023, 98.1585220529, 101.489755804, 104.820989554, 74.9187876605,  72.021955013, 5.32632169604,             0,             0,             0,             0,             0,             0,             0,             0,             0,             0, 5.86744126722, 5.54245771565, 5.70272819867, 5.54710537366, 1.84160939616, 1.57075020207, 0.175065796092, -0.0968630024406, 1.00953095068, 1.37672264382, 3.52170270338, 2.13087459219, 2.77194488722, 3.24159705047, 3.46830518762, 3.50014268815, 3.50064779952, 3.50632896439, 3.51430817469, 1.83512860391, 1.56454511918, 1.37672264382, 3.52170270338, 2.13087459219, 2.77194488722, 3.24159705047, 3.46830518762, 3.50014268815, 3.50064779952, 3.50632896439, 3.51430817469, 0.167515834896, -0.102568219245,            -0,            -0,            -0,            -0, -0.000289811438669,             0,             0,             0,             0,             0,             0,             0,             0,             0,             0, 0.321438368857, 0.327257605229,             0,             0,             0,             0,             0,             0,             0,             0,             0,             0, 0.314993228403, 0.321392151203
        2.275, -1.19315433423, -1.27982390763, -1.02755266396, -1.2809799118, 3.78959340795, 2573.05419915, 0.325104251921,             0, 344.588421802, -17.9873186053, 328.184169354, -22.6664428305, 1159.95052432, 671.555209198, 1451.73703498, 1210.96689792, 3399.13577141, 1830.81280864, 5017.60033886, 3323.48463016,             0,             0,             0,             0,             0,             0,             0,             0,             0,             0,             0,             0,             0,             0,             0,             0,             0,             0,             0,             0,  0.8284384783, 1.07574538921, -0.0246345609536,            -0,            -0,            -0,            -0,            -0,            -0,            -0,            -0,            -0,            -0,            -0,            -0,            -0,            -0, 1.51989504615,             0,             0,             0,             0,             0,             0,             0,             0,             0,             0,             0,             0,             0,             0, 1.51989518666, 1.14535453096, 1.07295614655, 1.36402708128, 1.00321689424, 37.1370500032, 37.0200391666, 37.1899980654, 37.0979620878, 75.6700402166, 0.459152415373, 0.295587131499, 7.37936259061,             0,             0,             0,             0,             0,             0,             0,             0,             0,             0, 78.9848753384, 108.967812154, 82.3163127623, 85.6477501863, 88.9791876102, 92.3106250341,  95.642062458, 98.9734998819, 102.304937306,  105.63637473,             1,             1,             1,             1,             1,             1,             1,             1,             1,             1, 119.931722644,           120, 0.619748110559,             0, 13.8048857003, 1.54883612373, 75.5900350242, 72.6937221068, 75.7495865278, 72.8535281139, 75.6700402166, 79.0014818952, 108.984457003, 82.3329235738, 85.6643652525, 88.9958069311, 92.3272486098, 95.6586902884, 98.9901319671, 102.321573646, 105.653015324, 75.5906939871, 72.6943245565, 79.0014818952, 108.984457003, 82.3329235738, 85.6643652525, 88.9958069311, 92.3272486098, 95.6586902884, 98.9901319671, 102.321573646, 105.653015324,  75.750335227, 72.8540822759, 5.42907320905,             0,             0,             0,             0,             0,             0,             0,             0,             0,             0, 5.88880015669, 5.64339315937, 5.72532964802, 5.64804791291, 1.90883315189,  1.6327581666, 0.242553205683, -0.0345770673491,  1.0768597864, 1.56979890635, 3.52312126496, 2.30369175682, 2.90770121459, 3.32344642602, 3.48742219489, 3.49962963435, 3.50169328168, 3.50821861381, 3.51632236386, 1.90244428656, 1.62666145669, 1.56979890635, 3.52312126496, 2.30369175682, 2.90770121459, 3.32344642602, 3.48742219489, 3.49962963435, 3.50169328168, 3.50821861381, 3.51632236386, 0.235085613452, -0.0401804603011, 5.55111512313e-17, 5.55111512313e-17,            -0, -5.55111512313e-17, -0.000261588151127,             0,             0,             0,             0,             0,             0,             0,             0,             0,             0, 0.321252459289, 0.327111243841,             0,             0,             0,             0,             0,             0,             0,             0,             0,             0, 0.315188271212, 0.321549641239
          2.3, -1.09083702314, -1.19819380539, -0.927804819794, -1.20105601645, 3.14038629729, 2569.38898632, 0.302106613842,             0, 337.263581796, -18.3448306302, 322.002384754, -22.1633266316, 1087.68357765, 646.565351727, 1314.74896106, 1128.17747365, 3455.47564462, 1875.77125125, 4960.63005182, 3276.52471816,             0,             0,             0,             0,             0,             0,             0,             0,             0,             0,             0,             0,             0,             0,             0,             0,             0,             0,             0,             0, 1.00080322664, 1.14514266737, -0.0250519043186,            -0,            -0,            -0,            -0,            -0,            -0,            -0,            -0,            -0,            -0,            -0,            -0,            -0,            -0, 1.49086311096,             0,             0,             0,             0,             0,             0,             0,             0,             0,             0,             0,             0,             0,             0,  1.4908632535, 1.12342614884, 1.04938121276, 1.34152541077, 0.978895868666, 37.5460836759, 37.4270759244, 37.5995265079, 37.5062777368, 76.5001173632, 0.377951152078, 0.216118819027, 5.63768222591,             0,             0,             0,             0,             0,             0,             0,             0,             0,             0, 79.8151679221, 109.800030525, 83.1468193224, 86.4784707227, 89.8101221229, 93.1417735232, 96.4734249235, 99.8050763238, 103.136727724, 106.468379124,             1,             1,             1,             1,             1,             1,             1,             1,             1,             1, 119.939446408,           120, 0.614496977659,             0, 13.8070884759, 1.54887731098, 76.4189663171, 73.5229555069, 76.5808265867, 73.6852658918, 76.5001173632, 79.8317730773, 109.816674504, 83.1634287914, 86.4950845055, 89.8267402195, 93.1583959336, 96.4900516477, 99.8217073618, 103.153363076,  106.48501879, 76.4196128369, 73.5235531119, 79.8317730773, 109.816674504, 83.1634287914, 86.4950845055, 89.8267402195, 93.1583959336, 96.4900516477, 99.8217073618, 103.153363076,  106.48501879, 76.5815643528, 73.6858149376, 5.51573071471,             0,             0,             0,             0,             0,             0,             0,             0,             0,             0, 5.89423808137, 5.72697124351, 5.73249475256, 5.73207754251, 1.97770915194, 1.69723971966, 0.311648558557, 0.0301350116521, 1.14581408998, 1.76163937287, 3.52427844341, 2.46836683904, 3.03192742131, 3.38862727676, 3.49702717887, 3.49956930723, 3.50301672231, 3.51020659845, 3.51825511303, 1.97144675005, 1.69128087398, 1.76163937287, 3.52427844341, 2.46836683904, 3.03192742131, 3.38862727676, 3.49702717887, 3.49956930723, 3.50301672231, 3.51020659845, 3.51825511303, 0.304299272979, 0.0246652689246, -5.55111512313e-17,            -0,            -0,            -0, -0.000237052678047,             0,             0,             0,             0,             0,             0,             0,             0,             0,             0, 0.321044710897, 0.326946009675,             0,             0,             0,             0,             0,             0,             0,             0,             0,             0, 0.315403711774, 0.321727200392
        2.325, -0.982538517287, -1.10877355283, -0.822587026036, -1.11375002017, 2.48762257193, 2565.48860814, 0.277474738426,             0,  327.94539754, -18.6668012939, 316.246112478, -21.6300460542, 1008.80293722, 617.564847768, 1171.75576941, 1039.40280192, 3517.48462282, 1925.44144233, 4898.80776933, 3224.51346976,             0,             0,             0,             0,             0,             0,             0,             0,             0,             0,             0,             0,             0,             0,             0,             0,             0,             0,             0,             0, 1.18405212626, 1.21609703329, -0.0256458153934,            -0,            -0,            -0,            -0,            -0,            -0,            -0,            -0,            -0,            -0,            -0,            -0,            -0,            -0, 1.45429550455,             0,             0,             0,             0,             0,             0,             0,             0,             0,             0,             0,             0,             0,             0, 1.45429565026, 1.09536294988,  1.0207651212, 1.31236052488, 0.94903519011, 37.9551341431, 37.8342670663, 38.0089645248, 37.9145101999, 77.3301260421, 0.296950537223, 0.137367979506, 3.89990229081,             0,             0,             0,             0,             0,             0,             0,             0,             0,             0, 80.6453943354, 110.632205032, 83.9772621905, 87.3091300457, 90.6409979008,  93.972865756, 97.3047336111, 100.636601466, 103.968469321, 107.300337177,             1,             1,             1,             1,             1,             1,             1,             1,             1,             1, 119.947255837,           120, 0.608638993754,             0, 13.8092883133, 1.54891843783, 77.2480644352, 74.3522800122, 77.4117599987, 74.5166155283, 77.3301260421, 80.6619981818, 110.648847439, 83.9938703214, 87.3257424611, 90.6576146007, 93.9894867404,   97.32135888,  100.65323102, 103.985103159, 107.316975299, 77.2486932176,  74.352867665, 80.6619981818, 110.648847439, 83.9938703214, 87.3257424611, 90.6576146007, 93.9894867404,   97.32135888,  100.65323102, 103.985103159, 107.316975299, 77.4124811997, 74.5171543447, 5.58609048019,             0,             0,             0,             0,             0,             0,             0,             0,             0,             0, 5.88357985367, 5.79296252245, 5.72408161673, 5.79898984626, 2.04809505785, 1.76406321574, 0.382206594982, 0.0971395490636, 1.21624993875, 1.94849932855, 3.52512928523, 2.62416666514,  3.1433461164, 3.43622388644, 3.50023219578, 3.49992154495,  3.5045732124, 3.51224798137, 3.52006146721,  2.0419933542, 1.75827080556, 1.94849932855, 3.52512928523, 2.62416666514,  3.1433461164, 3.43622388644, 3.50023219578, 3.49992154495,  3.5045732124, 3.51224798137, 3.52006146721, 0.37501169247, 0.09183406961,            -0,            -0,            -0, 5.55111512313e-17, -0.000217703177585,             0,             0,             0,             0,             0,             0,             0,             0,             0,             0, 0.320816421482, 0.32676365282,             0,             0,             0,             0,             0,             0,             0,             0,             0,             0, 0.315638050322, 0.321924066874
         2.35, -0.870760149304, -1.01237029523, -0.714409195183, -1.01984830586, 1.83356515266, 2561.51205897, 0.250936010133,             0, 317.635269998, -18.8714716927, 309.943413137, -20.9224827795, 924.077708811, 584.465662769, 1017.00217462, 945.902072473, 3584.02277592, 1978.64158903, 4833.01150931, 3168.64343088,             0,             0,             0,             0,             0,             0,             0,             0,             0,             0,             0,             0,             0,             0,             0,             0,             0,             0,             0,             0,  1.3741645719,  1.2884340741, -0.0264021306507,            -0,            -0,            -0,            -0,            -0,            -0,            -0,            -0,            -0,            -0,            -0,            -0,            -0,            -0, 1.41037405273,             0,             0,             0,             0,             0,             0,             0,             0,             0,             0,             0,             0,             0,             0,  1.4103742025,  1.0612842377, 0.98735086551, 1.27661729282, 0.913884311209, 38.3642265748,  38.241614418, 38.4183106986,  38.322659714, 78.1600751064, 0.218064969585, 0.061273977386, 2.18408168007,             0,             0,             0,             0,             0,             0,             0,             0,             0,             0,  81.475555051,  111.46426065, 84.8076334509, 88.1397118508, 91.4717902506, 94.8038686505, 98.1359470504,  101.46802545,  104.80010385,  108.13218225,             1,             1,             1,             1,             1,             1,             1,             1,             1,             1, 119.954848531,           120, 0.602270097207,             0, 13.8113990915, 1.54895789455, 78.0773361078, 75.1817020216, 78.2423972999, 75.3475821527, 78.1600751064, 81.4921576607, 111.480900649, 84.8242402149, 88.1563227692, 91.4884053235, 94.8204878777,  98.152570432, 101.484652986, 104.816735541, 108.148818095, 78.0779422928, 75.1822748186, 81.4921576607, 111.480900649, 84.8242402149, 88.1563227692, 91.4884053235, 94.8204878777,  98.152570432, 101.484652986, 104.816735541, 108.148818095, 78.2430967058, 75.3481057873, 5.64010686811,             0,             0,             0,             0,             0,             0,             0,             0,             0,             0, 5.85869433325, 5.84130310456, 5.70198426622, 5.84872383711, 2.11984089833, 1.83308168367, 0.454075478437, 0.166287667087, 1.28801702075, 2.12870573679, 3.52562887574, 2.77035675726, 3.24067837578, 3.46807541407, 3.50014835345, 3.50064142739, 3.50631776857, 3.51429774447, 3.52169642392, 2.11393331807,  1.8274827506, 2.12870573679, 3.52562887574, 2.77035675726, 3.24067837578, 3.46807541407, 3.50014835345, 3.50064142739, 3.50631776857, 3.51429774447, 3.52169642392, 0.447070789453, 0.161175822462,            -0,            -0, -5.55111512313e-17, 5.55111512313e-17, -0.000204697500434,             0,             0,             0,             0,             0,             0,             0,             0,             0,             0, 0.320571779059, 0.326568514125,             0,             0,             0,             0,             0,             0,             0,             0,             0,             0, 0.315887947336, 0.322135721714
        2.375, -0.757546417729, -0.909695347792, -0.605255044706, -0.919992245804, 1.17960482277, 2557.61330252, 0.223233668134,             0, 307.934637471, -19.0731854669, 303.669929434, -20.2918029652, 830.134793337, 548.053955584, 862.299248834, 848.713119137,  3653.9178385, 2034.48804139, 4764.09925111, 3109.74540255,             0,             0,             0,             0,             0,             0,             0,             0,             0,             0,             0,             0,             0,             0,             0,             0,             0,             0,             0,             0, 1.56712211295, 1.36196654601, -0.0273116707415,            -0,            -0,            -0,            -0,            -0,            -0,            -0,            -0,            -0,            -0,            -0,            -0,            -0,            -0, 1.35931605864,             0,             0,             0,             0,             0,             0,             0,             0,             0,             0,             0,             0,             0,             0,  1.3593162131,  1.0213573637, 0.949409526302, 1.23444167471, 0.87366322776, 38.7733916824, 38.6491152516, 38.8275636211, 38.7307231714, 78.9899739621, 0.142743184395, -0.0107528512795, 0.51316218824,             0,             0,             0,             0,             0,             0,             0,             0,             0,             0, 82.3056587554, 112.296199863, 85.6379411008, 88.9702234461, 92.3025057914, 95.6347881367,  98.967070482, 102.299352827, 105.631635173, 108.963917518,             1,             1,             1,             1,             1,             1,             1,             1,             1,             1, 119.962203175,           120, 0.595634199174,             0, 13.8134297863, 1.54899584953, 78.9067890136,   76.01122903, 79.0727493002, 76.1781727996, 78.9899739621, 82.3222602936, 112.312837277, 85.6545466251, 88.9868329567, 92.3191192882, 95.6514056197, 98.9836919512, 102.315978283, 105.648264614, 108.980550946, 78.9073681846, 76.0117823522, 82.3222602936, 112.312837277, 85.6545466251, 88.9868329567, 92.3191192882, 95.6514056197, 98.9836919512, 102.315978283, 105.648264614, 108.980550946, 79.0734220848, 76.1786765089, 5.67775950429,             0,             0,             0,             0,             0,             0,             0,             0,             0,             0, 5.82100981737,  5.8720339497, 5.66759270419, 5.88126279202, 2.19278652146,  1.9041367008, 0.527094537356, 0.237419352642, 1.36095510053, 2.30152298461, 3.52573245561, 2.90616152893, 3.32264922493, 3.48728635462, 3.49963211907,  3.5016840594, 3.50820552371, 3.51631105151, 3.52311518231, 2.18710541033, 1.89875663102, 2.30152298461, 3.52573245561, 2.90616152893, 3.32264922493, 3.48728635462, 3.49963211907,  3.5016840594, 3.50820552371, 3.51631105151, 3.52311518231, 0.520315308714, 0.232529419997,            -0, -5.55111512313e-17,            -0,            -0, -0.000198985600096,             0,             0,             0,             0,             0,             0,             0,             0,             0,             0, 0.320315078532, 0.326363815818,             0,             0,             0,             0,             0,             0,             0,             0,             0,             0, 0.316150119183, 0.322358992798
          2.4, -0.645837320648, -0.80122017543, -0.498030327279, -0.814740021121, 0.528397573365, 2553.84498775, 0.194618882541,             0, 298.297565758, -19.3074464809, 297.399537895, -19.6797161921, 729.713975667, 505.028135054, 711.650570818, 747.845129929,  3726.0908569,  2092.1591754, 4693.09024159, 3048.78752285,             0,             0,             0,             0,             0,             0,             0,             0,             0,             0,             0,             0,             0,             0,             0,             0,             0,             0,             0,             0, 1.75890811783, 1.43649971733, -0.0283797003032,            -0,            -0,            -0,            -0,            -0,            -0,            -0,            -0,            -0,            -0,            -0,            -0,            -0,            -0, 1.30142873175,             0,             0,             0,             0,             0,             0,             0,             0,             0,             0,             0,             0,             0,             0, 1.30142889143, 0.975745598469, 0.907159839183, 1.18600113071, 0.828620813049, 39.1826272193, 39.0567655698, 39.2367223954, 39.1386988175,  79.819833023, 0.073648766811, -0.0760671476331, -1.10066634624,             0,             0,             0,             0,             0,             0,             0,             0,             0,             0, 83.1357122896, 113.127997413, 86.4681884144, 89.8006645392, 93.1331406641, 96.4656167889, 99.7980929138, 103.130569039, 106.463045163, 109.795521288,             1,             1,             1,             1,             1,             1,             1,             1,             1,             1, 119.969190912,           120, 0.588915076628,             0, 13.8153503274, 1.54903174138, 79.7364294291, 76.8408700417, 79.9028298409, 77.0083970802,  79.819833023, 83.1523128982, 113.144631775, 86.4847927735, 89.8172726487,  93.149752524, 96.4822323992, 99.8147122744,  103.14719215, 106.479672025,   109.8121519, 79.7369777485, 76.8413995637, 83.1523128982, 113.144631775, 86.4847927735, 89.8172726487,  93.149752524, 96.4822323992, 99.8147122744,  103.14719215, 106.479672025,   109.8121519, 79.9034717616, 77.0088764049, 5.69906691286,             0,             0,             0,             0,             0,             0,             0,             0,             0,             0,  5.7732085328, 5.88507805887, 5.62357114467, 5.89664172145, 2.26676527889, 1.97706092327, 0.601097052289, 0.310366912358, 1.43489819697, 2.46621962985, 3.52539531699, 3.03046405237, 3.38798324218, 3.49696561548, 3.49956788232, 3.50300455449, 3.51019159733, 3.51824304757, 3.52427294189, 2.26134195266, 1.97192376109, 2.46621962985, 3.52539531699, 3.03046405237, 3.38798324218, 3.49696561548, 3.49956788232, 3.50300455449, 3.51019159733, 3.51824304757, 3.52427294189, 0.594577855112, 0.305725922524,            -0,            -0,            -0,            -0, -0.000201223280447,             0,             0,             0,             0,             0,             0,             0,             0,             0,             0, 0.320050259811, 0.326152551429,             0,             0,             0,             0,             0,             0,             0,             0,             0,             0, 0.316420668056, 0.322590188681
        2.425, -0.533661601319, -0.689518034887, -0.390724150181, -0.706528891991, -0.0947704646404, 2550.26114979, 0.164939678367,             0,  289.04272122, -19.3832239594, 291.193121671, -19.1681748447, 626.013888792, 450.795439916, 565.915833492, 641.743389631, 3799.38703227, 2152.10138715, 4620.79344237, 2986.09961034,             0,             0,             0,             0,             0,             0,             0,             0,             0,             0,             0,             0,             0,             0,             0,             0,             0,             0,             0,             0, 1.94576965401,  1.5118396918, -0.0296078955354,            -0,            -0,            -0,            -0,            -0,            -0,            -0,            -0,            -0,            -0,            -0,            -0,            -0,            -0, 1.23700664734,             0,             0,             0,             0,             0,             0,             0,             0,             0,             0,             0,             0,             0,             0, 1.23700681253, 0.924839013642, 0.860630444495,  1.1316937643, 0.778874570482, 39.5919320435, 39.4645622604, 39.6457848184, 39.5465874123, 80.6496624775, 0.00878305574479, -0.136675218657, -2.6771536175,             0,             0,             0,             0,             0,             0,             0,             0,             0,             0, 83.9657228607,  113.95963357, 87.2983796063, 90.6310363518, 93.9636930973, 97.2963498428, 100.629006588, 103.961663334, 107.294320079, 110.626976825,             1,             1,             1,             1,             1,             1,             1,             1,             1,             1, 119.975703195,           120, 0.582253900285,             0, 13.8171395475, 1.54906517532, 80.5662650796, 77.6706316267, 80.7326518006, 77.8382719423, 80.6496624775, 83.9823226835, 113.976264538, 87.3149828896, 90.6476430957, 93.9803033017, 97.3129635078, 100.645623714,  103.97828392, 107.310944126, 110.643604332, 80.5667790111, 77.6711332983, 83.9823226835, 113.976264538, 87.3149828896, 90.6476430957, 93.9803033017, 97.3129635078, 100.645623714,  103.97828392, 107.310944126, 110.643604332, 80.7332588437,  77.838722718, 5.70438432791,             0,             0,             0,             0,             0,             0,             0,             0,             0,             0, 5.71364635577, 5.88098411467, 5.56826754356, 5.89531339712,  2.3416116974, 2.05166798049, 0.675917557046, 0.384945649188, 1.50968016225, 2.62206430067, 3.52457284446, 3.14199013486, 3.43575217519, 3.50022047811, 3.49991607412, 3.50455805087,  3.5122311481,   3.520048934, 3.52512497673, 2.33647514658, 2.04679759555, 2.62206430067, 3.52457284446, 3.14199013486, 3.43575217519, 3.50022047811, 3.49991607412, 3.50455805087,  3.5122311481,   3.520048934, 3.52512497673, 0.669690945042, 0.380580090137,            -0,            -0,            -0,            -0, -0.000212095792409,             0,             0,             0,             0,             0,             0,             0,             0,             0,             0, 0.319781519044, 0.325932998092,             0,             0,             0,             0,             0,             0,             0,             0,             0,             0, 0.316696446528, 0.322828006507
         2.45, -0.419900940984, -0.576193080439, -0.282148472495, -0.596915005028, -0.681543751933, 2546.91481332, 0.134586683672,             0, 280.286323381, -19.4541501624, 285.387054691, -18.6498010011, 516.871354207,  392.03311542, 418.758948925, 537.652132631, 3873.73039121, 2214.25113932, 4547.22355644, 2921.75193479,             0,             0,             0,             0,             0,             0,             0,             0,             0,             0,             0,             0,             0,             0,             0,             0,             0,             0,             0,             0,  2.1260056668, 1.58780582606, -0.0309826711208,            -0,            -0,            -0,            -0,            -0,            -0,            -0,            -0,            -0,            -0,            -0,            -0,            -0,            -0, 1.16619170558,             0,             0,             0,             0,             0,             0,             0,             0,             0,             0,             0,             0,             0,             0,  1.1661918761, 0.868852251195, 0.810150119739, 1.07177056825, 0.724710295732, 40.0013017068, 39.8724978247, 40.0547517666, 39.9543930229, 81.4794721214, -0.0540113585077, -0.194789527321, -4.21676915141,             0,             0,             0,             0,             0,             0,             0,             0,             0,             0, 84.7956978392,  114.79109387, 88.1285196204, 91.4613414016, 94.7941631829, 98.1269849641, 101.459806745, 104.792628527, 108.125450308, 111.458272089,             1,             1,             1,             1,             1,             1,             1,             1,             1,             1, 119.981650711,           120, 0.575784608082,             0, 13.8187827558, 1.54909587765, 81.3962962214,  78.500515666, 81.5622349165, 78.6678244153, 81.4794721214, 84.8122970315, 114.807721222, 88.1451219415, 91.4779468516, 94.8107717616, 98.1435966716, 101.476421582, 104.809246492, 108.142071402, 111.474896312, 81.3967725139, 78.5009859479, 84.8122970315, 114.807721222, 88.1451219415, 91.4779468516, 94.8107717616, 98.1435966716, 101.476421582, 104.809246492, 108.142071402, 111.474896312, 81.5628033205, 78.6682429319,  5.6945773652,             0,             0,             0,             0,             0,             0,             0,             0,             0,             0, 5.64103038338,  5.8605962406, 5.50033362037, 5.87804617013, 2.41716071826, 2.12774968914, 0.751393112404, 0.460949988611,  1.5851366186, 2.76832557454,  3.5232205103, 3.23946506158, 3.46775951978, 3.50015642652, 3.50063185088, 3.50629971988, 3.51427938012, 3.52168397181, 3.52562663513, 2.41233867102, 2.12316805131, 2.76832557454,  3.5232205103, 3.23946506158, 3.46775951978, 3.50015642652, 3.50063185088, 3.50629971988, 3.51427938012, 3.52168397181, 3.52562663513, 0.745490371429,  0.4568848541,            -0, 5.55111512313e-17,            -0, -5.55111512313e-17, -0.000232471194551,             0,             0,             0,             0,             0,             0,             0,             0,             0,             0, 0.319509041935, 0.325705306457,             0,             0,             0,             0,             0,             0,             0,             0,             0,             0, 0.316977282817, 0.323072095217
        2.475, -0.305815847739, -0.462242117938, -0.173502051631, -0.486926071612, -1.23432946163, 2543.85027424, 0.103822358554,             0, 272.201066713, -19.5432499734, 280.287099242, -18.1242296029, 400.489619267, 329.150080441, 274.099893644, 436.665496875, 3949.22654156, 2278.02207928, 4472.36976854, 2855.97843839,             0,             0,             0,             0,             0,             0,             0,             0,             0,             0,             0,             0,             0,             0,             0,             0,             0,             0,             0,             0, 2.29887953921, 1.66422042803, -0.0324707073245,            -0,            -0,            -0,            -0,            -0,            -0,            -0,            -0,            -0,            -0,            -0,            -0,            -0,            -0, 1.08912015171,             0,             0,             0,             0,             0,             0,             0,             0,             0,             0,             0,             0,             0,             0, 1.08912032663, 0.807871515779, 0.755880706015, 1.00635769354, 0.666264991669, 40.4107295863,  40.280563527, 40.4636244932, 40.3621197381, 82.3092720592, -0.114657937743, -0.250392833726, -5.70494342534,             0,             0,             0,             0,             0,             0,             0,             0,             0,             0, 85.6256456685, 115.622371893,  88.958615249, 92.2915848294, 95.6245544099, 98.9575239904, 102.290493571, 105.623463151, 108.956432732, 112.289402312,             1,             1,             1,             1,             1,             1,             1,             1,             1,             1, 119.986974257,           120, 0.569638924418,             0, 13.8202709135, 1.54912368034,  82.226520253, 79.3305251322, 82.3916022396, 79.4970828491, 82.3092720592, 85.6422444134, 115.638995602, 88.9752167677, 92.3081891219, 95.6411614762, 98.9741338304, 102.307106185, 105.640078539, 108.973050893, 112.306023247, 82.2269561047,  79.330960925, 85.6422444134, 115.638995602, 88.9752167677, 92.3081891219, 95.6411614762, 98.9741338304, 102.307106185, 105.640078539, 108.973050893, 112.306023247, 82.3921287123, 79.4974658016,  5.6705268759,             0,             0,             0,             0,             0,             0,             0,             0,             0,             0, 5.55631677216, 5.82481538944, 5.42066602331, 5.84578302961, 2.49324238396, 2.20509209073, 0.827357286492, 0.538169051248, 1.66109946956, 2.90423011759, 3.52129385851, 3.32161441983, 3.48710227331, 3.49963567271, 3.50167040268, 3.50818477699,  3.5162915527, 3.52310348683, 3.52573333642, 2.48876205404,  2.2008201937, 2.90423011759, 3.52129385851, 3.32161441983, 3.48710227331, 3.49963567271, 3.50167040268, 3.50818477699,  3.5162915527, 3.52310348683, 3.52573333642, 0.821809146159, 0.534428684856, -5.55111512313e-17, -5.55111512313e-17,            -0,            -0, -0.000263427139282,             0,             0,             0,             0,             0,             0,             0,             0,             0,             0, 0.319232344068, 0.325471592228,             0,             0,             0,             0,             0,             0,             0,             0,             0,             0, 0.317263108491, 0.323321502645
          2.5, -0.190613246863, -0.348517033592, -0.0638919741854, -0.377411721368, -1.75545552963, 2541.09092715, 0.0725304464212,             0, 265.011939898, -19.6525982526, 276.132425523, -17.6037259673, 277.057079775, 260.749550462, 131.597208435, 338.735836287, 4025.88005839, 2343.15904808,  4396.4846494,  2789.0538604,             0,             0,             0,             0,             0,             0,             0,             0,             0,             0,             0,             0,             0,             0,             0,             0,             0,             0,             0,             0, 2.46366004536,   1.740904451, -0.0340321812043,            -0,            -0,            -0,            -0,            -0,            -0,            -0,            -0,            -0,            -0,            -0,            -0,            -0,            -0, 1.00598812309,             0,             0,             0,             0,             0,             0,             0,             0,             0,             0,             0,             0,             0,             0, 1.00598830057, 0.742120520853, 0.697934976487, 0.93574175831, 0.603692721773, 40.8202098208, 40.6887507893, 40.8723986188, 40.7697709982, 83.1390728921, -0.174871285596, -0.305285972871, -7.13317829628,             0,             0,             0,             0,             0,             0,             0,             0,             0,             0, 86.4555762825,  116.45347167,   89.78867577, 93.1217752575,  96.454874745, 99.7879742326,  103.12107372, 106.454173208, 109.787272695, 113.120372183,             1,             1,             1,             1,             1,             1,             1,             1,             1,             1, 119.991651103,           120, 0.563940134254,             0, 13.8216032247, 1.54914856928, 83.0569384447,  80.160664761, 83.2207742025, 80.3260754937, 83.1390728921, 86.4721747955, 116.470091926, 89.8052766988, 93.1383786022, 96.4714805055, 99.8045824089, 103.137684312, 106.470786216, 109.803888119, 113.136990022, 83.0573314538, 80.1610633828, 86.4721747955, 116.470091926, 89.8052766988, 93.1383786022, 96.4714805055, 99.8045824089, 103.137684312, 106.470786216, 109.803888119, 113.136990022, 83.2212558468, 80.3264200015, 5.63305251121,             0,             0,             0,             0,             0,             0,             0,             0,             0,             0, 5.45860920774, 5.77445609331, 5.32828185943,  5.7993459902, 2.56968409963, 2.28348024347, 0.903640549688, 0.616391574358, 1.73739728545, 3.02866724003,   3.518748473, 3.38716387097, 3.49688354326, 3.49956598266, 3.50298696308, 3.51016849022, 3.51822298443, 3.52426286606, 3.52540055547, 2.56557140419, 2.27953840611, 3.02866724003,   3.518748473, 3.38716387097, 3.49688354326, 3.49956598266, 3.50298696308, 3.51016849022, 3.51822298443, 3.52426286606, 3.52540055547, 0.898476298593, 0.612999573024,            -0, 5.55111512313e-17,            -0,            -0, -0.000306020880987,             0,             0,             0,             0,             0,             0,             0,             0,             0,             0, 0.318951303042, 0.325232738198,             0,             0,             0,             0,             0,             0,             0,             0,             0,             0, 0.317552851887, 0.323575120729
        2.525, -0.0722732366355, -0.236378370622, 0.0487950145012, -0.269642054286, -2.24765805114, 2538.63858474, 0.0398840307026,             0, 258.770413203, -19.8114035656, 271.252357897, -17.0552333164, 144.168840733, 187.715611198, -17.8425926981, 243.041798946, 4103.94103185, 2410.04368916,  4319.3359759, 2720.79112501,             0,             0,             0,             0,             0,             0,             0,             0,             0,             0,             0,             0,             0,             0,             0,             0,             0,             0,             0,             0, 2.61961568625,  1.8176754268, -0.0356285680601,            -0,            -0,            -0,            -0,            -0,            -0,            -0,            -0,            -0,            -0,            -0,            -0,            -0,            -0, 0.916902592072,             0,             0,             0,             0,             0,             0,             0,             0,             0,             0,             0,             0,             0,             0, 0.916902769361, 0.671828049814, 0.636369636309, 0.860224446879, 0.537019437215, 41.2297341522, 41.0970511817,  41.281066547, 41.1773498138, 83.9688860183, -0.238292933333, -0.36322580422, -8.49444386475,             0,             0,             0,             0,             0,             0,             0,             0,             0,             0, 87.2855002744, 117.284396737, 90.6187109925, 93.9519217106, 97.2851324286, 100.618343147, 103.951553865, 107.284764583, 110.617975301, 113.951186019,             1,             1,             1,             1,             1,             1,             1,             1,             1,             1, 119.995651672,           120, 0.55877788265,             0, 13.8227732105, 1.54917042417, 83.8875560115,  80.990940865, 84.0497688805, 81.1548310695, 83.9688860183, 87.3020987381, 117.301013216, 90.6353114579, 93.9685241777, 97.3017368975, 100.634949617, 103.968162337, 107.301375057, 110.634587777, 113.967800497, 83.8879040988, 80.9913000364, 87.3020987381, 117.301013216, 90.6353114579, 93.9685241777, 97.3017368975, 100.634949617, 103.968162337, 107.301375057, 110.634587777, 113.967800497, 84.0502030947, 81.1551346216, 5.58293446532,             0,             0,             0,             0,             0,             0,             0,             0,             0,             0, 5.34504507552,  5.7104794401, 5.22020279704, 5.73958373223, 2.64630843745, 2.36269598896, 0.980068058659, 0.695402767144, 1.81385322883, 3.14036329803, 3.51553998776, 3.43516567044, 3.50020485386, 3.49990881701, 3.50453680379, 3.51220616414, 3.52002903038, 3.52511753484, 3.52458380986, 2.64258797371, 2.35910420338, 3.14036329803, 3.51553998776, 3.43516567044, 3.50020485386, 3.49990881701, 3.50453680379, 3.51220616414, 3.52002903038, 3.52511753484, 3.52458380986, 0.975315415554, 0.692382681632,            -0, 5.55111512313e-17, 5.55111512313e-17,            -0, -0.000361133475529,             0,             0,             0,             0,             0,             0,             0,             0,             0,             0, 0.318664879328, 0.324987253457,             0,             0,             0,             0,             0,             0,             0,             0,             0,             0, 0.317847247956, 0.323833569629
         2.55, 0.0418826648865, -0.126046209209, 0.157279496752, -0.163743979528, -2.72229904022, 2536.56585123, 0.00724437039763,             0, 252.261192589, -20.0256602226, 266.528672631, -16.4647540537, 1.22474248117, 111.714284253, -159.77649881, 152.855923959, 4184.21912916, 2479.03189981, 4240.03846041, 2650.59955257,             0,             0,             0,             0,             0,             0,             0,             0,             0,             0,             0,             0,             0,             0,             0,             0,             0,             0,             0,             0, 2.76601453164, 1.89434023709, -0.0372171562954,            -0,            -0,            -0,            -0,            -0,            -0,            -0,            -0,            -0,            -0,            -0,            -0,            -0,            -0, 0.821780632263,             0,             0,             0,             0,             0,             0,             0,             0,             0,             0,             0,             0,             0,             0, 0.821780805642, 0.596556916751, 0.571145861561, 0.77939437842, 0.466249736532, 41.6392833258, 41.5054572372, 41.6896626378, 41.5848576527, 84.7987235339,   -0.29886367, -0.418209180874, -9.76550492808,             0,             0,             0,             0,             0,             0,             0,             0,             0,             0, 88.1154255829, 118.115117605, 91.4487246965, 94.7820238101, 98.1153229237, 101.448622037, 104.781921151, 108.115220264, 111.448519378, 114.781818492,             1,             1,             1,             1,             1,             1,             1,             1,             1,             1, 119.998825757,           120, 0.554165585251,             0,  13.823727939,   1.549188257, 84.7183687398, 81.8213628302, 84.8786142586, 81.9833750588, 84.7987235339, 88.1320241711, 118.131729905, 91.4653248082, 94.7986254453, 98.1319260824,  101.46522672, 104.798527357, 108.131827994, 111.465128631, 114.798429268, 84.7186704645,  81.821680603, 88.1320241711, 118.131729905, 91.4653248082, 94.7986254453, 98.1319260824,  101.46522672, 104.798527357, 108.131827994, 111.465128631, 114.798429268, 84.8789992238, 81.9836354948, 5.52074321622,             0,             0,             0,             0,             0,             0,             0,             0,             0,             0, 5.22225311567, 5.63343341008, 5.10300167588, 5.66694342473,  2.7229219263, 2.44252019542, 1.05645154263, 0.774986958989,  1.8902780752, 3.23804272595, 3.51162425165,  3.4673755994, 3.50016647682,  3.5006194528, 3.50627519597, 3.51425309004, 3.52166503884, 3.52562294616, 3.52323871583, 2.71962073563,  2.4392986548, 3.23804272595, 3.51162425165,  3.4673755994, 3.50016647682,  3.5006194528, 3.50627519597, 3.51425309004, 3.52166503884, 3.52562294616, 3.52323871583, 1.05214064296, 0.772362405196, 5.55111512313e-17,            -0,            -0,            -0, -0.000429545928872,             0,             0,             0,             0,             0,             0,             0,             0,             0,             0, 0.318369984462, 0.324733746148,             0,             0,             0,             0,             0,             0,             0,             0,             0,             0, 0.318149523257, 0.324098971881
        2.575, 0.151722575762, -0.0175879418381, 0.261516865906, -0.0597565346062, -3.1754893175, 2534.99920706, -0.0241334643535,             0, 245.776632022, -20.2694642015, 263.940839867, -15.935636684, -142.020900947, 32.7089825763, -286.597209277, 68.2459310059,  4266.0627547, 2549.43913366, 4159.44055207, 2579.16753765,             0,             0,             0,             0,             0,             0,             0,             0,             0,             0,             0,             0,             0,             0,             0,             0,             0,             0,             0,             0,  2.9020845079, 1.97070835918, -0.0387500311955,            -0,            -0,            -0,            -0,            -0,            -0,            -0,            -0,            -0,            -0,            -0,            -0,            -0,            -0, 0.720914955929,             0,             0,             0,             0,             0,             0,             0,             0,             0,             0,             0,             0,             0,             0, 0.720915120812, 0.516511162334, 0.502499645946, 0.693523268334, 0.391659884199, 42.0488763942, 41.9139623745, 42.0982156448,  41.992294432, 85.6285966266, -0.355981234079, -0.469706598677, -10.9405999002,             0,             0,             0,             0,             0,             0,             0,             0,             0,             0,  88.945362302, 118.945634254, 92.2787258522, 95.6120894024, 98.9454529525, 102.278816503, 105.612180053, 108.945543603, 112.278907153, 115.612270703,             1,             1,             1,             1,             1,             1,             1,             1,             1,             1,  120.00113636,           120, 0.550212781552,             0, 13.8244497784, 1.54920173914,  85.549380638, 82.6519406047, 85.7073291632,  82.811730297, 85.6285966266, 88.9619612438, 118.962242799,  92.295325861, 95.6286904782, 98.9620550954, 102.295419713,  105.62878433, 108.962148947, 112.295513564, 115.628878181, 85.5496351006, 82.6522155301, 88.9619612438, 118.962242799,  92.295325861, 95.6286904782, 98.9620550954, 102.295419713,  105.62878433, 108.962148947, 112.295513564, 115.628878181, 85.7076636402, 82.8119459755, 5.44693853136,             0,             0,             0,             0,             0,             0,             0,             0,             0,             0, 5.09129436172, 5.54383528271, 4.97766654745, 5.58193362261, 2.79933495285, 2.52273988049, 1.13260447033, 0.854934372221, 1.96648368547,  3.3204296074, 3.50695709531, 3.48688351246, 3.49964009277, 3.50165319718, 3.50815746631, 3.51626463766, 3.52308644873, 3.52573463703, 3.52132094005, 2.79647885408, 2.51990738686,  3.3204296074, 3.50695709531, 3.48688351246, 3.49964009277, 3.50165319718, 3.50815746631, 3.51626463766, 3.52308644873, 3.52573463703, 3.52132094005, 1.12876414022, 0.85272754749,            -0,            -0,            -0,            -0, -0.000511858231642,             0,             0,             0,             0,             0,             0,             0,             0,             0,             0, 0.318068930703, 0.324474688089,             0,             0,             0,             0,             0,             0,             0,             0,             0,             0, 0.318456368975, 0.324368661909
          2.6, 0.258406445351, 0.0886188054825, 0.362770632356, 0.0421227162476, -3.59854381912, 2533.95960616, -0.0543505735746,             0,  242.12603213, -20.2722399692, 262.409080254, -15.3569170993, -279.928527658,   -49.8589086, -404.480807918, -11.0665527334, 4346.74606888, 2619.63080586, 4080.11795332, 2508.79399351,             0,             0,             0,             0,             0,             0,             0,             0,             0,             0,             0,             0,             0,             0,             0,             0,             0,             0,             0,             0, 3.02671875953,  2.0466068836, -0.0401810793842,            -0,            -0,            -0,            -0,            -0,            -0,            -0,            -0,            -0,            -0,            -0,            -0,            -0,            -0, 0.615316893116,             0,             0,             0,             0,             0,             0,             0,             0,             0,             0,             0,             0,             0,             0, 0.615317044431, 0.432626173032, 0.431189342772, 0.603626680364, 0.31411885896, 42.4585421838, 42.3225603893, 42.5067203259, 42.3996620372, 86.4585150505, -0.410262075463, -0.518419341456, -12.0275282267,             0,             0,             0,             0,             0,             0,             0,             0,             0,             0, 89.7753240558, 119.775994967, 93.1087319349, 96.4421398139,  99.775547693, 103.108955572, 106.442363451,  109.77577133, 113.109179209, 116.442587088,             1,             1,             1,             1,             1,             1,             1,             1,             1,             1, 120.002725685,           120, 0.547111919204,             0, 13.8249826257, 1.54921169101, 86.3805933179, 83.4826811071, 86.5359321732, 83.6399224726, 86.4585150505, 89.7919236439, 119.792600984, 93.1253322373, 96.4587408306,  99.792149424, 103.125558017, 106.458966611, 109.792375204, 113.125783797, 116.459192391, 86.3808004506, 83.4829125312, 89.7919236439, 119.792600984, 93.1253322373, 96.4587408306,  99.792149424, 103.125558017, 106.458966611, 109.792375204, 113.125783797, 116.459192391, 86.5362157692, 83.6400926002, 5.36217149458,             0,             0,             0,             0,             0,             0,             0,             0,             0,             0, 4.95220312521, 5.44247345903, 4.84414661644, 5.48518752175, 2.87537475501, 2.60314795342, 1.20835710173, 0.935042307539, 2.04229894528, 3.38624741386, 3.50149407044, 3.49678790943, 3.49956382134, 3.50296541958, 3.51013902972, 3.51819627493, 3.52424877842, 3.52540816338, 3.51878605299, 2.87298425113, 2.60071896259, 3.38624741386, 3.50149407044, 3.49678790943, 3.49956382134, 3.50296541958, 3.51013902972, 3.51819627493, 3.52424877842, 3.52540816338, 3.51878605299, 1.20501077068, 0.933270663613,            -0,            -0,            -0,            -0, -0.000608312895624,             0,             0,             0,             0,             0,             0,             0,             0,             0,             0, 0.317771739341, 0.324216076858,             0,             0,             0,             0,             0,             0,             0,             0,             0,             0, 0.318757988671, 0.324633949592
        2.625, 0.361178154487, 0.191768460154, 0.460481562794, 0.14108668395, -3.98787306959, 2533.33745011, -0.0835552878121,             0, 239.301878909, -20.5422810246, 261.525125046, -15.058876981, -417.422082465, -134.268121295, -513.247964623, -84.1212878956, 4424.69533864, 2688.33788347, 4004.56899584, 2441.52135121,             0,             0,             0,             0,             0,             0,             0,             0,             0,             0,             0,             0,             0,             0,             0,             0,             0,             0,             0,             0, 3.13864106065, 2.12187790868, -0.0414617857959,            -0,            -0,            -0,            -0,            -0,            -0,            -0,            -0,            -0,            -0,            -0,            -0,            -0,            -0, 0.506367513988,             0,             0,             0,             0,             0,             0,             0,             0,             0,             0,             0,             0,             0,             0, 0.506367646575, 0.346007826499, 0.358215045041, 0.510972991027, 0.234747878937,  42.868265518, 42.7312377276, 42.9151755068, 42.8069622351, 87.2884880964, -0.46121528769, -0.564025269808, -13.0327784487,             0,             0,             0,             0,             0,             0,             0,             0,             0,             0, 90.6053229025, 120.606236628, 93.9387577609, 97.2721926193, 100.605627478, 103.939062336, 107.272497194, 110.605932053, 113.939366911,  117.27280177,             1,             1,             1,             1,             1,             1,             1,             1,             1,             1,  120.00368826,           120, 0.544901527414,             0, 13.8253537616, 1.54921862245, 87.2120039654, 84.3135891462, 87.3644451337, 84.4679803507, 87.2884880964, 90.6219233145, 120.622840277, 93.9553585325, 97.2887937505, 100.622228969, 103.955664187, 107.289099405, 110.622534623, 113.955969841, 117.289405059, 87.2121646106, 84.3137773077, 90.6219233145, 120.622840277, 93.9553585325, 97.2887937505, 100.622228969, 103.955664187, 107.289099405, 110.622534623, 113.955969841, 117.289405059, 87.3646784559, 84.4681051042, 5.26725340942,             0,             0,             0,             0,             0,             0,             0,             0,             0,             0, 4.80628180214, 5.33038301381, 4.70357535317, 5.37773399105,  2.9508801117, 2.68354183103, 1.28355334268, 1.01511329505, 2.11756624532, 3.43452496836,  3.4949079784, 3.50018658953, 3.49990053377, 3.50451152374, 3.51217531585, 3.52000346409, 3.52510752243, 3.52459904486, 3.51558958536, 2.94896955112, 2.68152513928, 3.43452496836,  3.4949079784, 3.50018658953, 3.49990053377, 3.50451152374, 3.51217531585, 3.52000346409, 3.52510752243, 3.52459904486, 3.51558958536, 1.28071755595, 1.01378804392,            -0, 5.55111512313e-17,            -0,            -0, -0.000718567178327,             0,             0,             0,             0,             0,             0,             0,             0,             0,             0, 0.317484153477, 0.323962556883,             0,             0,             0,             0,             0,             0,             0,             0,             0,             0, 0.319044890559, 0.32488711884
         2.65, 0.459870995275, 0.291019363298, 0.554644557572, 0.236466234276, -4.34164596565, 2533.06509679, -0.111647606506,             0, 237.195323557, -20.7244564597, 261.214849954, -14.7330358875, -554.05017241, -220.046508479, -611.963589754, -151.386375227, 4499.85605441, 2755.01171274, 3934.06758409, 2377.96156706,             0,             0,             0,             0,             0,             0,             0,             0,             0,             0,             0,             0,             0,             0,             0,             0,             0,             0,             0,             0, 3.23657272519, 2.19637234929, -0.0425234365973,            -0,            -0,            -0,            -0,            -0,            -0,            -0,            -0,            -0,            -0,            -0,            -0,            -0,            -0, 0.395396019898,             0,             0,             0,             0,             0,             0,             0,             0,             0,             0,             0,             0,             0,             0, 0.395396128796, 0.257675099518, 0.284384789503, 0.416777760731, 0.154504659832, 43.2780329327, 43.1399865663, 43.3235831666, 43.2141973855, 88.1185241785, -0.509085415249, -0.60695065856, -13.9654922923,             0,             0,             0,             0,             0,             0,             0,             0,             0,             0, 91.4353673602, 121.436368504, 94.7688119317, 98.1022565032, 101.435701075, 104.769145646, 108.102590218, 111.436034789, 114.769479361, 118.102923932,             1,             1,             1,             1,             1,             1,             1,             1,             1,             1, 120.004026183,           120, 0.543510886876,             0, 13.8255575689, 1.54922242874, 88.0436093232, 85.1446681082, 88.1928889892, 85.2959330973, 88.1185241785, 91.4519687752, 121.452970145, 94.7854133719, 98.1188579686, 101.452302565, 104.785747162, 108.119191759, 111.452636355, 114.786080952, 118.119525549, 88.0437250768, 85.1448139756, 91.4519687752, 121.452970145, 94.7854133719, 98.1188579686, 101.452302565, 104.785747162, 108.119191759, 111.452636355, 114.786080952, 118.119525549,   88.19307351, 85.2960134806,  5.1630478446,             0,             0,             0,             0,             0,             0,             0,             0,             0,             0,  4.6541498678, 5.20868090936, 4.55639034513, 5.26050656719, 3.02569660392, 2.76372216101, 1.35804399433, 1.09495340789, 2.19213469214, 3.46696615477, 3.48441345006, 3.50017734534, 3.50060564588, 3.50624691638,  3.5142217373, 3.52164163826, 3.52561814884, 3.52326279864, 3.51168711728, 3.02427473311, 2.76212203363, 3.46696615477, 3.48441345006, 3.50017734534, 3.50060564588, 3.50624691638,  3.5142217373, 3.52164163826, 3.52561814884, 3.52326279864, 3.51168711728, 1.35572857121,  1.0940803593,            -0,            -0,            -0,            -0, -0.000841486716274,             0,             0,             0,             0,             0,             0,             0,             0,             0,             0, 0.317206284477, 0.323716117998,             0,             0,             0,             0,             0,             0,             0,             0,             0,             0, 0.319312195246, 0.325125826961
        2.675, 0.55444895486, 0.385576543195, 0.645326819129, 0.327566881038, -4.6584858542, 2533.11590049, -0.138419513198,             0,   235.8060096, -20.9045072771, 261.428067185, -14.4501892185, -685.220168431, -305.934915862, -703.863755336, -212.589194506, 4572.04363644, 2819.24888692, 3868.69113648, 2317.73899594,             0,             0,             0,             0,             0,             0,             0,             0,             0,             0,             0,             0,             0,             0,             0,             0,             0,             0,             0,             0, 3.31923384593, 2.26994938231, -0.0432906386737,            -0,            -0,            -0,            -0,            -0,            -0,            -0,            -0,            -0,            -0,            -0,            -0,            -0,            -0, 0.283564588431,             0,             0,             0,             0,             0,             0,             0,             0,             0,             0,             0,             0,             0,             0, 0.283564669372, 0.168521431244, 0.210355139347, 0.322078929777, 0.0742201802936,  43.687835942, 43.5487976971,  43.731946889, 43.6213721877, 88.9486309173, -0.554267283047, -0.647729034754, -14.8372978087,             0,             0,             0,             0,             0,             0,             0,             0,             0,             0, 92.2654661019, 122.266408624,   95.59890416,  98.932342218, 102.265780276, 105.599218334, 108.932656392,  112.26609445, 115.599532508, 118.932970566,             1,             1,             1,             1,             1,             1,             1,             1,             1,             1, 120.003776368,           120, 0.542874734774,             0, 13.8255995594, 1.54922321294, 88.8754049261, 85.9759197638, 89.0212844602, 86.1238096914, 88.9486309173, 92.2820686872, 122.283008616, 95.6155064571,  98.948944227, 102.282381997, 105.615819767, 108.949257537, 112.282695307, 115.616133077, 118.949570846,  88.875478006, 85.9760248931, 92.2820686872, 122.283008616, 95.6155064571,  98.948944227, 102.282381997, 105.615819767, 108.949257537, 112.282695307, 115.616133077, 118.949570846, 89.0214223688, 86.1238474095, 5.05046219543,             0,             0,             0,             0,             0,             0,             0,             0,             0,             0, 4.49632081694, 5.07852255565, 4.40296625352, 5.13453869618, 3.09967656921,  2.8434938637, 1.43168600238, 1.17437301835, 2.26585971087, 3.48665563868, 3.46596194533, 3.49964487786, 3.50163458822,  3.5081270211, 3.51623372384,  3.5230662438, 3.52573612832, 3.52135492473, 3.50703418039, 3.09874723813,  2.8423109059, 3.48665563868, 3.46596194533, 3.49964487786, 3.50163458822,  3.5081270211, 3.51623372384,  3.5230662438, 3.52573612832, 3.52135492473, 3.50703418039, 1.42989493285, 1.17395325341,            -0,            -0, -5.55111512313e-17,            -0, -0.000974546964213,             0,             0,             0,             0,             0,             0,             0,             0,             0,             0, 0.316938764765, 0.323478234491,             0,             0,             0,             0,             0,             0,             0,             0,             0,             0, 0.319559536294, 0.32535144719
          2.7, 0.644791163366, 0.474853802047, 0.732491210672, 0.413900350117, -4.94009532644, 2533.47918469, -0.164001270333,             0, 235.090616251, -21.1076698359, 262.159309042, -14.1896523777, -814.192943555, -390.007781655, -789.445465338, -267.694825131, 4640.89205088, 2880.56289492, 3807.88072811, 2260.36366741,             0,             0,             0,             0,             0,             0,             0,             0,             0,             0,             0,             0,             0,             0,             0,             0,             0,             0,             0,             0,  3.3853432653, 2.34247619557, -0.0437070284271,            -0,            -0,            -0,            -0,            -0,            -0,            -0,            -0,            -0,            -0,            -0,            -0,            -0,            -0, 0.17187806041,             0,             0,             0,             0,             0,             0,             0,             0,             0,             0,             0,             0,             0,             0, 0.171878110419, 0.0793166792241, 0.136681335448, 0.227765757619, -0.00536497765953, 44.0976679888, 43.9576617094, 44.1402711344, 44.0284908819, 89.7788154051, -0.59718762337, -0.686888514296, -15.6591360371,             0,             0,             0,             0,             0,             0,             0,             0,             0,             0,  93.095627371, 123.096375534, 96.4290438335, 99.7624602961, 103.095876759, 106.429293221, 109.762709684, 113.096126146, 116.429542609, 119.762959071,             1,             1,             1,             1,             1,             1,             1,             1,             1,             1, 120.002980813,           120, 0.54294448256,             0, 13.8254861959, 1.54922109579, 89.7073856547, 86.8073447395, 89.8496517067, 86.9516381406, 89.7788154051, 93.1122312905,  123.11297426,  96.445647176, 99.7790630615, 103.112478947, 106.445894832, 109.779310718, 113.112726603, 116.446142489, 119.779558374,  89.707418779, 86.8074111572, 93.1122312905,  123.11297426,  96.445647176, 99.7790630615, 103.112478947, 106.445894832, 109.779310718, 113.112726603, 116.446142489, 119.779558374, 89.8497457776, 86.9516354833,  4.9304087306,             0,             0,             0,             0,             0,             0,             0,             0,             0,             0, 4.33328165667, 4.94103739322, 4.24368866996, 5.00084244581,  3.1726786154, 2.92266840616, 1.50434271329, 1.25318873279, 2.33860307088, 3.49669025801, 3.43549645138, 3.49956170135, 3.50294280062, 3.51010726758, 3.51816670648, 3.52423272153, 3.52541691699, 3.51883089707, 3.50158626602, 3.17224147235, 2.92190014304, 3.49669025801, 3.43549645138, 3.49956170135, 3.50294280062, 3.51010726758, 3.51816670648, 3.52423272153, 3.52541691699, 3.51883089707, 3.50158626602, 1.50307494689, 1.25321910159,            -0,            -0,            -0,            -0, -0.00111362097984,             0,             0,             0,             0,             0,             0,             0,             0,             0,             0, 0.316682935172, 0.32325071121,             0,             0,             0,             0,             0,             0,             0,             0,             0,             0, 0.319788963038, 0.325565805784
        2.725, 0.73062639316, 0.558823742882, 0.815930883755, 0.495573210548, -5.19357761758, 2534.14667003, -0.188090037567,             0, 234.986409658, -21.3565848294,  263.42161786, -13.9232140595, -940.026713376, -469.838385465, -868.842586334, -315.738777984, 4706.15202566, 2938.42706183, 3750.85899546, 2205.57294771,             0,             0,             0,             0,             0,             0,             0,             0,             0,             0,             0,             0,             0,             0,             0,             0,             0,             0,             0,             0, 3.43390668444, 2.41382650626, -0.0437558226133,            -0,            -0,            -0,            -0,            -0,            -0,            -0,            -0,            -0,            -0,            -0,            -0,            -0,            -0, 0.0611924423009,             0,             0,             0,             0,             0,             0,             0,             0,             0,             0,             0,             0,             0,             0, 0.061192460145, -0.00930732605368, 0.0638596242733, 0.134589528895, -0.083568649415, 44.5075237951, 44.3665700256, 44.5485605834, 44.4355572403, 90.6090845576, -0.638067093126, -0.724734488331, -16.4374263391,             0,             0,             0,             0,             0,             0,             0,             0,             0,             0,  93.925859402, 123.926289311, 97.2592405031, 100.592621604, 103.926002705, 107.259383806, 110.592764907, 113.926146008, 117.259527109,  120.59290821,             1,             1,             1,             1,             1,             1,             1,             1,             1,             1, 120.001688889,           120, 0.543678089026,             0,  13.825226333, 1.54921624257, 90.5395473241, 87.6389439339, 90.6780091452, 87.7794434707, 90.6090845576, 93.9424648212, 123.942887194, 97.2758450848, 100.609225348, 103.942605612, 107.275985876, 110.609366139, 113.942746403, 117.276126666,  120.60950693, 90.5395435902,  87.638974044, 93.9424648212, 123.942887194, 97.2758450848, 100.609225348, 103.942605612, 107.275985876, 110.609366139, 113.942746403, 117.276126666,  120.60950693, 90.6780626157, 87.7794032133, 4.80368756576,             0,             0,             0,             0,             0,             0,             0,             0,             0,             0, 4.16561365955, 4.79720349197, 4.07905424447, 4.86023570797, 3.24456606279, 3.00106797329, 1.57588152437, 1.33122726634, 2.41023081577, 3.50016787149, 3.38896091234, 3.49989233663, 3.50448572728, 3.51214308678, 3.51997611196, 3.52509649966,  3.5246159467, 3.51564614993, 3.49503385757, 3.24461733056,  3.0007091917, 3.50016787149, 3.38896091234, 3.49989233663, 3.50448572728, 3.51214308678, 3.51997611196, 3.52509649966,  3.5246159467, 3.51564614993, 3.49503385757, 1.57513172949, 1.33170070926,            -0,            -0,            -0,            -0, -0.0012533788947,             0,             0,             0,             0,             0,             0,             0,             0,             0,             0, 0.316439727072, 0.323035519274,             0,             0,             0,             0,             0,             0,             0,             0,             0,             0, 0.320003374597, 0.325769903679
         2.75, 0.81275827095, 0.637662162801, 0.896519203166, 0.572736288829, -5.42544334187, 2535.10547032, -0.210724468342,             0, 235.485774107, -21.6271982619,  265.17619072, -13.6735902248, -1062.31982115, -547.298224101, -940.131371967, -357.695531275, 4767.29524292, 2992.65101893, 3697.16198516, 2153.64156798,             0,             0,             0,             0,             0,             0,             0,             0,             0,             0,             0,             0,             0,             0,             0,             0,             0,             0,             0,             0, 3.46657922653,  2.4838883296, -0.04346134206,            -0,            -0,            -0,            -0,            -0,            -0,            -0,            -0,            -0,            -0,            -0,            -0,            -0,            -0, -0.0476941179521,             0,             0,             0,             0,             0,             0,             0,             0,             0,             0,             0,             0,             0,             0, -0.0476941316734, -0.0967058723534, -0.00778061346669, 0.0433113634015, -0.159782485653, 44.9174004367, 44.7755156865, 44.9568187563, 44.8425739247, 91.4394450622, -0.677912113444, -0.762354927798, -17.1866356827,             0,             0,             0,             0,             0,             0,             0,             0,             0,             0, 94.7561703923, 124.756171682, 98.0895038689, 101.422837345, 104.756170822, 108.089504299, 111.422837775, 114.756171252, 118.089504728, 121.422838205,             1,             1,             1,             1,             1,             1,             1,             1,             1,             1, 119.999955976,           120, 0.545031582688,             0, 13.8248319099, 1.54920887616, 91.3718890973, 88.4707194038, 91.5063708816, 88.6072462956, 91.4394450622, 94.7727774721, 124.772769161,  98.106109882, 101.439442292, 104.772774702, 108.106107112, 111.439439522, 114.772771932, 118.106104342, 121.439436752, 91.3718519331, 88.4707158514, 94.7727774721, 124.772769161,  98.106109882, 101.439442292, 104.772774702, 108.106107112, 111.439439522, 114.772771932, 118.106104342, 121.439436752,  91.506387381, 88.6071715979, 4.67090639401,             0,             0,             0,             0,             0,             0,             0,             0,             0,             0, 3.99292001234, 4.64779144114, 3.90858483496, 4.71350516208, 3.31520779671, 3.07852885004, 1.64617462521, 1.40832929905, 2.48061380534, 3.50018766666,  3.3222991072, 3.50059225442, 3.50621881139, 3.51418990455, 3.52161735513, 3.52561298436, 3.52328861344, 3.51175606362, 3.48463733274, 3.31574021421, 3.07857254578, 3.50018766666,  3.3222991072, 3.50059225442, 3.50621881139, 3.51418990455, 3.52161735513, 3.52561298436, 3.52328861344, 3.51175606362, 3.48463733274, 1.64593313726, 1.40923524939,            -0,            -0,            -0,            -0, -0.00138801446758,             0,             0,             0,             0,             0,             0,             0,             0,             0,             0, 0.316211134504, 0.322833388744,             0,             0,             0,             0,             0,             0,             0,             0,             0,             0, 0.320204527972, 0.325962756487
        2.775, 0.892167822184, 0.711387489282, 0.97528769031, 0.645539403241, -5.6371425762, 2536.33630992, -0.232036852321,             0, 236.548182213, -21.9063523278, 267.420524382, -13.4509021867, -1180.88606604, -621.932514072, -1004.19906538, -395.135961526, 4823.93224925, 3043.23022425, 3646.64746142, 2104.80291248,             0,             0,             0,             0,             0,             0,             0,             0,             0,             0,             0,             0,             0,             0,             0,             0,             0,             0,             0,             0, 3.48644436108, 2.55255936704, -0.0428754494384,            -0,            -0,            -0,            -0,            -0,            -0,            -0,            -0,            -0,            -0,            -0,            -0,            -0,            -0, -0.154056806813,             0,             0,             0,             0,             0,             0,             0,             0,             0,             0,             0,             0,             0,             0, -0.154056849948, -0.182285181253, -0.0778702847528, -0.0453617777413, -0.233508438626, 45.3272960413, 45.1844927995, 45.3650491948, 45.2495430731, 92.2699030868, -0.717711278141, -0.800805421688, -17.9310057688,             0,             0,             0,             0,             0,             0,             0,             0,             0,             0,  95.586568118, 125.586044774,  98.919843302, 102.253118486,  105.58639367, 108.919668854, 112.252944038, 115.586219222, 118.919494406,  122.25276959,             1,             1,             1,             1,             1,             1,             1,             1,             1,             1, 119.997840387,           120, 0.546954597933,             0, 13.8243166251, 1.54919925222, 92.2044106978, 89.3026730547, 92.3347490767, 89.4350646939, 92.2699030868, 95.6031770075, 125.602642293, 98.9364509281, 102.269724849, 105.602998769,  108.93627269, 112.269546611, 115.602820531, 118.936094452, 122.269368373, 92.2043438117,    89.3026387, 95.6031770075, 125.602642293, 98.9364509281, 102.269724849, 105.602998769,  108.93627269, 112.269546611, 115.602820531, 118.936094452, 122.269368373, 92.3347325672, 89.4349589923,  4.5325842407,             0,             0,             0,             0,             0,             0,             0,             0,             0,             0, 3.81473280123, 4.49345663583, 3.73174582031, 4.56112541308, 3.38447959783, 3.15489934976, 1.71510061521, 1.48434617408, 2.54962952798, 3.49964945741, 3.23183568308, 3.50161692062,  3.5080974882,  3.5162031334, 3.52304582949, 3.52573754972, 3.52139026733,  3.5071159556, 3.46635116762, 3.38548271609, 3.15533650585, 3.49964945741, 3.23183568308, 3.50161692062,  3.5080974882,  3.5162031334, 3.52304582949, 3.52573754972, 3.52139026733,  3.5071159556, 3.46635116762, 1.71535373654, 1.48567116707,            -0,            -0,            -0,            -0, -0.00151197566887,             0,             0,             0,             0,             0,             0,             0,             0,             0,             0, 0.315998653558, 0.322644365359,             0,             0,             0,             0,             0,             0,             0,             0,             0,             0, 0.320393006075, 0.326143549209
          2.8, 0.970108084325, 0.78004587905, 1.05347266066, 0.713905399565, -5.83079143083,  2537.8142634, -0.25197988372,             0, 238.111142614, -22.1884965437, 269.144289839, -13.2493016112, -1290.23516814, -693.271837439, -1065.95058895, -428.458533272, 4875.72903061, 3090.03005244, 3599.07578489, 2059.11900454,             0,             0,             0,             0,             0,             0,             0,             0,             0,             0,             0,             0,             0,             0,             0,             0,             0,             0,             0,             0,  3.4966011563, 2.61974112231, -0.0420559923325,            -0,            -0,            -0,            -0,            -0,            -0,            -0,            -0,            -0,            -0,            -0,            -0,            -0,            -0, -0.257301564586,             0,             0,             0,             0,             0,             0,             0,             0,             0,             0,             0,             0,             0,             0, -0.257301633901, -0.265522078942, -0.146082511322, -0.130834606843, -0.304339108239, 45.7372097554, 45.5934960656, 45.7732551611, 45.6564667615, 93.1004640923, -0.758768291975, -0.841397748892, -18.6867985475,             0,             0,             0,             0,             0,             0,             0,             0,             0,             0, 96.4170595541, 126.415929051,  99.750267276, 103.083474998,  106.41668272, 109.749890442, 113.083098164, 116.416305886, 119.749513608,  123.08272133,             1,             1,             1,             1,             1,             1,             1,             1,             1,             1,  119.99539459,           120, 0.549389996795,             0, 13.8236928658, 1.54918760191, 93.0371120863, 90.1348062533, 93.1631541085, 90.2629149342, 93.1004640923, 96.4336703519, 126.432526689, 99.7668766116, 103.100082871, 106.433289131, 109.766495391,  113.09970165,  116.43290791, 119.766114169, 123.099320429, 93.0370194207, 90.1347441101, 96.4336703519, 126.432526689, 99.7668766116, 103.100082871, 106.433289131, 109.766495391,  113.09970165,  116.43290791, 119.766114169, 123.099320429, 93.1631088114, 90.2627818441, 4.38919691074,             0,             0,             0,             0,             0,             0,             0,             0,             0,             0, 3.63022535918, 4.33476999647,  3.5477027251, 4.40375990668,  3.4522643619, 3.23003700721, 1.78254431126, 1.55913796187, 2.61716190272, 3.49955985233, 3.11749729766, 3.50292178953,  3.5100771768, 3.51813816326, 3.52421689802,  3.5254255302, 3.51887620893, 3.50168108333, 3.43611655609, 3.45372494367, 3.23085683076, 3.49955985233, 3.11749729766, 3.50292178953,  3.5100771768, 3.51813816326, 3.52421689802,  3.5254255302, 3.51887620893, 3.50168108333, 3.43611655609, 1.78327492908, 1.56086613941,            -0, -5.55111512313e-17,            -0,            -0, -0.00162062546025,             0,             0,             0,             0,             0,             0,             0,             0,             0,             0, 0.315803590079, 0.322468988999,             0,             0,             0,             0,             0,             0,             0,             0,             0,             0, 0.32056977696, 0.326312116734
        2.825, 1.04542001701, 0.843819517474,  1.1299086356, 0.778114822457, -6.01194642977, 2539.55683214, -0.27106099567,             0, 240.222312517, -22.4953035925, 271.600567553, -13.0371143573, -1397.45847865, -761.031238424, -1125.19215928, -458.062311647, 4922.85571844, 3133.10630248, 3554.10893192, 2016.39747345,             0,             0,             0,             0,             0,             0,             0,             0,             0,             0,             0,             0,             0,             0,             0,             0,             0,             0,             0,             0, 3.50015073191, 2.68533663122, -0.0410515496017,            -0,            -0,            -0,            -0,            -0,            -0,            -0,            -0,            -0,            -0,            -0,            -0,            -0,            -0, -0.357018865111,             0,             0,             0,             0,             0,             0,             0,             0,             0,             0,             0,             0,             0,             0, -0.35701895675, -0.34614831296, -0.212208688944, -0.212807160823, -0.372025685116, 46.1471391172, 46.0025208618, 46.1814620148, 46.0633466375, 93.9311324731, -0.800209873261, -0.883267351077, -19.4625961328,             0,             0,             0,             0,             0,             0,             0,             0,             0,             0, 97.2476482776, 127.245820524, 100.580778527, 103.913908777, 107.247039026, 110.580169276, 113.913299525, 117.246429775, 120.579560024, 123.912690274,             1,             1,             1,             1,             1,             1,             1,             1,             1,             1,  119.99258912,           120, 0.552237393641,             0, 13.8229451768, 1.54917363631, 93.8699906891, 90.9671200679, 93.9915970852, 91.0908104137, 93.9311324731, 97.2642611008, 127.262418751, 100.597389729, 103.930518356, 107.263646984, 110.596775612,  113.92990424, 117.263032867, 120.596161495, 123.929290123, 93.8698762498, 90.9670332179, 97.2642611008, 127.262418751, 100.597389729, 103.930518356, 107.263646984, 110.596775612,  113.92990424, 117.263032867, 120.596161495, 123.929290123, 93.9915273125, 91.0906536217,  4.2411347215,             0,             0,             0,             0,             0,             0,             0,             0,             0,             0,  3.4406620139, 4.17218677009, 3.35771133074, 4.24174606611, 3.51844842814, 3.30380859684, 1.84839454935, 1.63257339525,    2.68309925, 3.49988507952, 2.98119314702, 3.50446228842, 3.51211325735, 3.51995033722, 3.52508587892, 3.52463223334, 3.51570175137, 3.49515886055, 3.38987445519, 3.52035184212, 3.30499918055, 3.49988507952, 2.98119314702, 3.50446228842, 3.51211325735, 3.51995033722, 3.52508587892, 3.52463223334, 3.51570175137, 3.49515886055, 3.38987445519, 1.84958378353, 1.63468740723,            -0,            -0,            -0,            -0, -0.00171070395687,             0,             0,             0,             0,             0,             0,             0,             0,             0,             0, 0.31562537531, 0.322307094174,             0,             0,             0,             0,             0,             0,             0,             0,             0,             0, 0.320736187189, 0.326469246738
         2.85, 1.11889151166, 0.903089735011, 1.20536441906, 0.838387342247, -6.1865371033, 2541.57369072, -0.289166280428,             0, 241.986685263, -22.8306571752, 274.877771848, -12.8170902379, -1502.30475347, -823.338978532, -1182.11226997, -484.303426709, 4966.10389804, 3172.92116113,  3511.1401152, 1976.05718413,             0,             0,             0,             0,             0,             0,             0,             0,             0,             0,             0,             0,             0,             0,             0,             0,             0,             0,             0,             0, 3.50019647609, 2.74924635812, -0.0399028800727,            -0,            -0,            -0,            -0,            -0,            -0,            -0,            -0,            -0,            -0,            -0,            -0,            -0,            -0, -0.453080912972,             0,             0,             0,             0,             0,             0,             0,             0,             0,             0,             0,             0,             0,             0, -0.453081022852, -0.424042026626, -0.276182476604, -0.291142707905, -0.436556128287, 46.5570905899, 46.4115637839, 46.5896883017, 46.4701833687, 94.7619120657, -0.842974024218, -0.927344564636, -20.2757984427,             0,             0,             0,             0,             0,             0,             0,             0,             0,             0, 98.0783406046, 128.075747793, 101.411385848, 104.744431091, 108.077476334, 111.410521577, 114.743566821, 118.076612064, 121.409657307,  124.74270255,             1,             1,             1,             1,             1,             1,             1,             1,             1,             1, 119.989512346,           120, 0.555500336191,             0, 13.8220998596, 1.54915784642, 94.7030478274, 91.7996165903, 94.8200839213, 91.9187610005, 94.7619120657, 98.0949555403, 128.092346812, 101.427999015, 104.761042489, 108.094085964, 111.427129439, 114.760172913, 118.093216388, 121.426259863, 124.759303337, 94.7029156534, 91.7995081054, 98.0949555403, 128.092346812, 101.427999015, 104.761042489, 108.094085964, 111.427129439, 114.760172913, 118.093216388, 121.426259863, 124.759303337, 94.8199940043, 91.9185841325, 4.08863737303,             0,             0,             0,             0,             0,             0,             0,             0,             0,             0,  3.2453448035, 4.00591084983, 3.16108149133, 4.07542794133, 3.58291992435, 3.37608992291, 1.91254080929, 1.70452919708, 2.74733027022,  3.5005805999, 2.82484702343, 3.50619383245, 3.51416110811, 3.52159499909,  3.5256080776, 3.52331291583,   3.511822086,  3.4848533019, 3.32356283547, 3.58525092821, 3.37763903226,  3.5005805999, 2.82484702343, 3.50619383245, 3.51416110811, 3.52159499909,  3.5256080776, 3.52331291583,   3.511822086,  3.4848533019, 3.32356283547, 1.91416893566, 1.70701156017, 5.55111512313e-17, -5.55111512313e-17,            -0,            -0, -0.0017804274688,             0,             0,             0,             0,             0,             0,             0,             0,             0,             0, 0.315461121882, 0.322156999204,             0,             0,             0,             0,             0,             0,             0,             0,             0,             0, 0.320894588021, 0.326617171292
        2.875, 1.19142185502, 0.95856573229, 1.28069807905, 0.895418597888, -6.36411044478, 2543.84129544, -0.306539132252,             0,  245.02904354, -23.2130686541, 278.822574798, -12.5737532839, -1606.01330696, -879.838319396, -1237.58360099, -508.761775315, 5006.15780153, 3209.79127845, 3469.54484369, 1937.54311627,             0,             0,             0,             0,             0,             0,             0,             0,             0,             0,             0,             0,             0,             0,             0,             0,             0,             0,             0,             0, 3.49965338779,  2.8113677704, -0.0386543553774,            -0,            -0,            -0,            -0,            -0,            -0,            -0,            -0,            -0,            -0,            -0,            -0,            -0,            -0, -0.545555676956,             0,             0,             0,             0,             0,             0,             0,             0,             0,             0,             0,             0,             0,             0, -0.545555801114, -0.499217118169, -0.338039884282, -0.36588102258, -0.498116807862, 46.9670827157, 46.8206231021,  46.997934013, 46.8769765811, 95.5928063751, -0.888026055175, -0.974563559124,  -21.14325856,             0,             0,             0,             0,             0,             0,             0,             0,             0,             0, 98.9091418898, 128.905732819, 102.242096437, 105.575050985, 108.908005533, 112.240960081, 115.573914628, 118.906869176, 122.239823724, 125.572778271,             1,             1,             1,             1,             1,             1,             1,             1,             1,             1,  119.98623336,           120, 0.559153568065,             0, 13.8211784532, 1.54914063433, 95.5362874168, 92.6322998384, 95.6486172792, 92.7467725554, 95.5928063751, 98.9257590659, 128.922333283, 102.258711757, 105.591664447, 108.924617138, 112.257569829,  115.59052252, 118.923475211, 122.256427901, 125.589380592, 95.5361415558, 92.6321727312, 98.9257590659, 128.922333283, 102.258711757, 105.591664447, 108.924617138, 112.257569829,  115.59052252, 118.923475211, 122.256427901, 125.589380592, 95.6485115203,  92.746579091,  3.9317506813,             0,             0,             0,             0,             0,             0,             0,             0,             0,             0, 3.04335415094, 3.83607714654, 2.95692490141,  3.9049392682,  3.6455677648,  3.4467675857, 1.97487277331,  1.7748919283, 2.80974402367, 3.50160185088,  2.6503817902, 3.50807181042, 3.51617607455,  3.5230274514, 3.52573874911, 3.52142277581, 3.50719233965, 3.46671743854, 3.23347400063, 3.64831123559, 3.44866322541, 3.50160185088,  2.6503817902, 3.50807181042, 3.51617607455,  3.5230274514, 3.52573874911, 3.52142277581, 3.50719233965, 3.46671743854, 3.23347400063, 1.97692022515, 1.77772616637,            -0,            -0, 5.55111512313e-17,            -0, -0.00182933105842,             0,             0,             0,             0,             0,             0,             0,             0,             0,             0, 0.315308337848, 0.322017562247,             0,             0,             0,             0,             0,             0,             0,             0,             0,             0, 0.321047391075, 0.326758012641
          2.9, 1.26487138509, 1.01122946607, 1.35777516541, 0.950232794979, -6.55231391992, 2546.29690684, -0.322997548754,             0, 248.490520409, -23.6250979696, 283.223338865, -12.3073178816, -1710.51852129, -933.87543581, -1286.65207187, -528.584031635, 5043.68707212, 3244.63801519, 3428.92020191, 1900.67099378,             0,             0,             0,             0,             0,             0,             0,             0,             0,             0,             0,             0,             0,             0,             0,             0,             0,             0,             0,             0, 3.49955839605, 2.87159131839, -0.0373549952862,            -0,            -0,            -0,            -0,            -0,            -0,            -0,            -0,            -0,            -0,            -0,            -0,            -0,            -0, -0.634641569129,             0,             0,             0,             0,             0,             0,             0,             0,             0,             0,             0,             0,             0,             0, -0.634641704015, -0.571748389181, -0.398030811962, -0.437131520679, -0.556827420541, 47.3771183983, 47.2296991359, 47.4061983994, 47.2837245646, 96.4238187389, -0.93700152289, -1.02656084785, -22.0683926068,             0,             0,             0,             0,             0,             0,             0,             0,             0,             0, 99.7400572133, 129.735796282,  103.07291711, 106.405777006, 109.738636903, 113.071496799, 116.404356696, 119.737216592, 123.070076489, 126.402936385,             1,             1,             1,             1,             1,             1,             1,             1,             1,             1, 119.982812724,           120, 0.563156600441,             0, 13.8202020899, 1.54912239459, 96.3697170752, 93.4651762795, 96.4771953919, 93.5748466463, 96.4238187389, 99.7566767069, 129.752398419, 103.089534675, 106.422392643, 109.755250611, 113.088108579, 116.420966547, 119.753824515, 123.086682483, 126.419540451, 96.3695616353, 93.4650334389, 99.7566767069, 129.752398419, 103.089534675, 106.422392643, 109.755250611, 113.088108579, 116.420966547, 119.753824515, 123.086682483, 126.419540451, 96.4770780985, 93.5746399674, 3.77029992052,             0,             0,             0,             0,             0,             0,             0,             0,             0,             0, 2.83287926826, 3.66241478134, 2.74342997951, 3.72999993211,  3.7062810781, 3.51573861858, 2.03528012755, 1.84356008331, 2.87022925394, 3.50290424249, 2.45971968445,  3.5100515815, 3.51811346737,  3.5242029544, 3.52543309688, 3.51891694911, 3.50176756537, 3.43668666225, 3.11946068856, 3.70942233226, 3.51797020875, 3.50290424249, 2.45971968445,  3.5100515815, 3.51811346737,  3.5242029544, 3.52543309688, 3.51891694911, 3.50176756537, 3.43668666225, 3.11946068856, 2.03772789549,  1.8467303491,            -0,            -0,            -0,            -0, -0.00185810983081,             0,             0,             0,             0,             0,             0,             0,             0,             0,             0, 0.315164579694, 0.32188537447,             0,             0,             0,             0,             0,             0,             0,             0,             0,             0, 0.321196173394, 0.32689250616
        2.925, 1.33874360201, 1.06203314644, 1.43599504599, 1.00358683636, -6.75566235536, 2548.89508864, -0.33900186423,             0,  252.33789232, -24.0543932467, 288.121407644, -12.0340903269, -1813.5946128, -986.530590976, -1334.23471508, -546.372560355, 5079.26626949, 3278.20766405, 3389.23859744, 1865.43379744,             0,             0,             0,             0,             0,             0,             0,             0,             0,             0,             0,             0,             0,             0,             0,             0,             0,             0,             0,             0, 3.49987929956, 2.92980615966, -0.0360438697425,            -0,            -0,            -0,            -0,            -0,            -0,            -0,            -0,            -0,            -0,            -0,            -0,            -0,            -0, -0.720560502572,             0,             0,             0,             0,             0,             0,             0,             0,             0,             0,             0,             0,             0,             0, -0.720560645159, -0.641841999477, -0.456317165786, -0.505166266999, -0.612992611335, 47.7871986868, 47.6387935233, 47.8144824723, 47.6904245817, 97.2549516922, -0.988948458894, -1.08227862762, -23.0498312608,             0,             0,             0,             0,             0,             0,             0,             0,             0,             0, 100.571089866, 130.565948106, 103.903851893, 107.236613919, 110.569375946, 113.902137973, 117.234899999, 120.567662026, 123.900424053, 127.233186079,             1,             1,             1,             1,             1,             1,             1,             1,             1,             1, 119.979276473,           120, 0.567437694848,             0, 13.8191813501, 1.54910332468, 97.2033426963, 94.2982536291,  97.305817217, 94.4029815941, 97.2549516922, 100.587711732, 130.582552094, 103.920471773, 107.253231813, 110.585991853, 113.918751893, 117.251511934, 120.584271974, 123.917032014, 127.249792054, 97.2031817078, 94.2980978782, 100.587711732, 130.582552094, 103.920471773, 107.253231813, 110.585991853, 113.918751893, 117.251511934, 120.584271974, 123.917032014, 127.249792054, 97.3056925776, 94.4027649264, 3.60395702084,             0,             0,             0,             0,             0,             0,             0,             0,             0,             0, 2.61454337148, 3.48448410619, 2.52132584097, 3.55034445966, 3.76495027866, 3.58291043716, 2.09365334113, 1.91044053101, 2.92867654312, 3.50444315124, 2.25493716324, 3.51208846584, 3.51992855213, 3.52507671887, 3.52464627483, 3.51575052875, 3.49526940554, 3.39069342106, 2.98342198378, 3.76847577402, 3.58546830822, 3.50444315124, 2.25493716324, 3.51208846584, 3.51992855213, 3.52507671887, 3.52464627483, 3.51575052875, 3.49526940554, 3.39069342106, 2.98342198378, 2.09648387658, 1.91393265876,            -0,            -0,            -0, -5.55111512313e-17, -0.00186852514441,             0,             0,             0,             0,             0,             0,             0,             0,             0,             0, 0.315027746385, 0.321757677186,             0,             0,             0,             0,             0,             0,             0,             0,             0,             0, 0.321341096997, 0.327020709347
         2.95, 1.41497278047, 1.11156468514, 1.51718722655, 1.05611587164, -6.97495383955, 2551.60963584, -0.354648039779,             0, 256.553979544, -24.4206560111, 293.383554698, -11.7102102485, -1912.23827942, -1038.50858523, -1383.23424198, -562.833735316, 5113.26628411, 3310.94656079,  3350.2767557, 1831.40177373,             0,             0,             0,             0,             0,             0,             0,             0,             0,             0,             0,             0,             0,             0,             0,             0,             0,             0,             0,             0, 3.50057149987, 2.98590267003, -0.0347325364963,            -0,            -0,            -0,            -0,            -0,            -0,            -0,            -0,            -0,            -0,            -0,            -0,            -0,            -0, -0.803601331536,             0,             0,             0,             0,             0,             0,             0,             0,             0,             0,             0,             0,             0,             0, -0.803601479197, -0.709627027187, -0.513068981683, -0.570198198347, -0.666931386433, 48.1973271282, 48.0479084083,  48.222784401, 48.0970731433, 98.0862067411, -1.0453148125, -1.14307497888, -24.0976416009,             0,             0,             0,             0,             0,             0,             0,             0,             0,             0, 101.402241847,  131.39619452, 104.734903255, 108.067564663, 111.400226072,  114.73288748, 118.065548888, 121.398210296, 124.730871704, 128.063533112,             1,             1,             1,             1,             1,             1,             1,             1,             1,             1,  119.97564022,           120, 0.571944402372,             0, 13.8181243367, 1.54908357586,  98.037173253, 95.1315399159, 98.1344765275, 95.2311739028, 98.0862067411, 101.418866112, 131.412800448, 104.751525482, 108.084184853, 111.416844224, 114.749503595, 118.082162965, 121.414822336, 124.747481707, 128.080141077, 98.0370108436, 95.1313740218, 101.418866112, 131.412800448, 104.751525482, 108.084184853, 111.416844224, 114.749503595, 118.082162965, 121.414822336, 124.747481707, 128.080141077, 98.1343487494, 95.2309503368, 3.43232723117,             0,             0,             0,             0,             0,             0,             0,             0,             0,             0, 2.38650315466, 3.30193688939, 2.28885911206, 3.36558551156, 3.82146803534, 3.64819545148, 2.14988487573, 1.97544524056, 2.98497780186, 3.50617391661, 2.03967295536, 3.51413774398, 3.52157655231, 3.52560391196, 3.52333339324, 3.51187856652, 3.48503916313, 3.32466702581, 2.82728231886, 3.82536494831, 3.65107088623, 3.50617391661, 2.03967295536, 3.51413774398, 3.52157655231, 3.52560391196, 3.52333339324, 3.51187856652, 3.48503916313, 3.32466702581, 2.82728231886, 2.15308177531, 1.97924685211,            -0,            -0,            -0,            -0, -0.00186328868463,             0,             0,             0,             0,             0,             0,             0,             0,             0,             0, 0.314896494663, 0.321632825904,             0,             0,             0,             0,             0,             0,             0,             0,             0,             0, 0.321483046987, 0.327144247153
        2.975, 1.49263043824, 1.16053461643, 1.60043659022, 1.10836789711, -7.21319938515, 2554.42855784, -0.3704427255,             0, 261.095336258, -24.8763007356, 299.044775332, -11.423958607, -2013.48256825, -1090.47551315, -1432.64631519, -578.29422286,  5146.4853662, 3343.23685781, 3311.77364924, 1798.01632427,             0,             0,             0,             0,             0,             0,             0,             0,             0,             0,             0,             0,             0,             0,             0,             0,             0,             0,             0,             0,  3.5015903603, 3.03977182014, -0.033405467637,            -0,            -0,            -0,            -0,            -0,            -0,            -0,            -0,            -0,            -0,            -0,            -0,            -0,            -0, -0.884124598994,             0,             0,             0,             0,             0,             0,             0,             0,             0,             0,             0,             0,             0,             0, -0.884124749277, -0.775439601851, -0.568507622684, -0.632654725478, -0.71898982861, 48.6075057645, 48.4570445926, 48.6311042549, 48.5036651056, 98.9175843193, -1.10484137138, -1.20767715978, -25.2227009673,             0,             0,             0,             0,             0,             0,             0,             0,             0,             0, 102.233513717, 132.226537054, 105.566071866, 108.898630014, 112.231188163, 115.563746311,  118.89630446, 122.228862608, 125.561420757, 128.893978906,             1,             1,             1,             1,             1,             1,             1,             1,             1,             1, 119.971905853,           120, 0.576644505574,             0, 13.8170341904, 1.54906320668, 98.8712139772, 95.9650430737, 98.9631692689, 96.0594187856, 98.9175843193, 102.250140372, 132.243144845, 105.582696425, 108.915252477,  112.24780853, 115.580364582, 118.912920635, 122.245476688,  125.57803274, 128.910588793, 98.8710541787, 95.9648697631, 102.250140372, 132.243144845, 105.582696425, 108.915252477,  112.24780853, 115.580364582, 118.912920635, 122.245476688,  125.57803274, 128.910588793, 98.9630424207, 96.0591912965, 3.25497939071,             0,             0,             0,             0,             0,             0,             0,             0,             0,             0, 2.14958636339,   3.114153664, 2.04687098266, 3.17528541548, 3.87572626915, 3.71150859073, 2.20386743366, 2.03848899049,  3.0390255828,   3.508051838, 1.81848581699, 3.51615465458, 3.52301264882, 3.52573965951, 3.52144952543, 3.50725608538, 3.46702514713, 3.23487103559, 2.65296790594, 3.87998359149, 3.71469410675,   3.508051838, 1.81848581699, 3.51615465458, 3.52301264882, 3.52573965951, 3.52144952543, 3.50725608538, 3.46702514713, 3.23487103559, 2.65296790594, 2.20741664384, 2.04258966685,            -0,            -0,            -0, 5.55111512313e-17, -0.00184576300534,             0,             0,             0,             0,             0,             0,             0,             0,             0,             0, 0.314767866422, 0.321509408233,             0,             0,             0,             0,             0,             0,             0,             0,             0,             0, 0.321623027901, 0.327265214805
            3, 1.57132869258, 1.20944800658, 1.68528294049, 1.16093240196, -7.47501087184, 2557.35621571, -0.386738170121,             0, 265.890991006, -25.371101619, 305.017803755, -11.1120938144, -2117.5908503, -1143.0923953, -1486.3258905, -592.856228214, 5180.10183629, 3375.80380394, 3273.04749983, 1764.40865063,             0,             0,             0,             0,             0,             0,             0,             0,             0,             0,             0,             0,             0,             0,             0,             0,             0,             0,             0,             0, 3.50289120371, 3.09130017964, -0.0320315793134,            -0,            -0,            -0,            -0,            -0,            -0,            -0,            -0,            -0,            -0,            -0,            -0,            -0,            -0, -0.96266875856,             0,             0,             0,             0,             0,             0,             0,             0,             0,             0,             0,             0,             0,             0, -0.962668909013, -0.839743365625, -0.623006912289, -0.693089516694, -0.769636468547, 49.0177369841, 48.8662047393, 49.0394415261, 48.9101957707, 99.7490839728, -1.16705405434, -1.27554778125, -26.4160810249,             0,             0,             0,             0,             0,             0,             0,             0,             0,             0, 103.064904296, 133.056967844, 106.397355801, 109.729807306, 113.062258812, 116.394710317, 119.727161823, 123.059613328, 126.392064833, 129.724516339,             1,             1,             1,             1,             1,             1,             1,             1,             1,             1, 119.968046176,           120, 0.581527621683,             0, 13.8159037889, 1.54904208392, 99.7054716349, 96.7987718705, 99.7918881725, 96.8877093502, 99.7490839728, 103.081533303, 133.073577272, 106.413982633, 109.746431962, 113.078881292, 116.411330622, 119.743779952, 123.076229282, 126.408678612, 129.741127942, 99.7053184306, 96.7985938048, 103.081533303, 133.073577272, 106.413982633, 109.746431962, 113.078881292, 116.411330622, 119.743779952, 123.076229282, 126.408678612, 129.741127942, 99.7917662214, 96.8874807975, 3.07138763602,             0,             0,             0,             0,             0,             0,             0,             0,             0,             0, 1.90374107951, 2.92064309089, 1.79537274008, 2.97888988143, 3.92761314273, 3.77276534769, 2.25548940561,  2.0994873636, 3.09070809992,  3.5100321722, 1.59595181939, 3.51809439244,  3.5241919805, 3.52543905245, 3.51894972433, 3.50183811221, 3.43715541883, 3.12109875535, 2.46240825813, 3.93222234436, 3.77625552976,  3.5100321722, 1.59595181939, 3.51809439244,  3.5241919805, 3.52543905245, 3.51894972433, 3.50183811221, 3.43715541883, 3.12109875535, 2.46240825813, 2.25937996039, 2.10387937155,            -0,            -0, 5.55111512313e-17, -5.55111512313e-17, -0.00181959705355,             0,             0,             0,             0,             0,             0,             0,             0,             0,             0, 0.314637465656, 0.321384716997,             0,             0,             0,             0,             0,             0,             0,             0,             0,             0, 0.321763592925, 0.327386847033
        3.025, 1.65277268391,  1.2591131467, 1.77345570987, 1.21448019542, -7.76272476542, 2560.41200358, -0.402866459821,             0, 271.004624754, -25.8723261286, 311.400919242, -10.7936464571, -2225.56273201, -1197.33868897, -1532.98236726, -606.560627192, 5215.10778448, 3409.48691195, 3233.29536006, 1729.70688185,             0,             0,             0,             0,             0,             0,             0,             0,             0,             0,             0,             0,             0,             0,             0,             0,             0,             0,             0,             0, 3.50442931116, 3.14036833723, -0.030578029789,            -0,            -0,            -0,            -0,            -0,            -0,            -0,            -0,            -0,            -0,            -0,            -0,            -0,            -0, -1.03990219532,             0,             0,             0,             0,             0,             0,             0,             0,             0,             0,             0,             0,             0,             0, -1.03990234343, -0.903026744876, -0.677040892714, -0.752063298822, -0.819416879477, 49.4280246758, 49.2753928614, 49.4477955635, 49.3166600808,  100.58070437, -1.23319033536, -1.34792467173, -27.6598766247,             0,             0,             0,             0,             0,             0,             0,             0,             0,             0, 103.896411603, 133.887478893, 107.228752413, 110.561093223, 113.893434033, 117.225774843, 120.558115653, 123.890456463, 127.222797273, 130.555138083,             1,             1,             1,             1,             1,             1,             1,             1,             1,             1, 119.964037872,           120, 0.586603119936,             0, 13.8147292276, 1.54902013447, 100.539955926, 97.6327362186, 100.620620877, 97.7160362594,  100.58070437, 103.913042917, 133.904089844, 107.245381465, 110.577720012, 113.910058559, 117.242397107, 120.574735654, 123.907074202, 127.239412749, 130.571751296, 100.539813441, 97.6325560233, 103.913042917, 133.904089844, 107.245381465, 110.577720012, 113.910058559, 117.242397107, 120.574735654, 123.907074202, 127.239412749, 130.571751296, 100.620507869, 97.7158094145, 2.88090876049,             0,             0,             0,             0,             0,             0,             0,             0,             0,             0, 1.64708643437, 2.72060992167, 1.53248314335, 2.77576066733, 3.97701140389, 3.83188130853, 2.30463455051, 2.15835631533,    3.13990764, 3.51207013512, 1.37664996098, 3.51991211442, 3.52506965294, 3.52465715451, 3.51578902302, 3.49535752061, 3.39135549086, 2.98525063806, 2.25767848144, 3.98196655948,  3.8356733529, 3.51207013512, 1.37664996098, 3.51991211442, 3.52506965294, 3.52465715451, 3.51578902302, 3.49535752061, 3.39135549086, 2.98525063806, 2.25767848144, 2.30885863649, 2.16303506431,            -0, 5.55111512313e-17,            -0, 5.55111512313e-17, -0.00178834038549,             0,             0,             0,             0,             0,             0,             0,             0,             0,             0, 0.314501577063, 0.321255603846,             0,             0,             0,             0,             0,             0,             0,             0,             0,             0, 0.321907732121, 0.327512373356
         3.05, 1.73649103651, 1.31027340058, 1.86443068731, 1.26978923824, -8.07196333635, 2563.61426618, -0.419162037055,             0, 276.448600279, -26.3746086988, 318.205386416, -10.483186922, -2338.76956793, -1253.98566905, -1574.76939296, -619.746458988, 5251.64772431, 3444.39440586, 3192.86022151, 1693.98647128,             0,             0,             0,             0,             0,             0,             0,             0,             0,             0,             0,             0,             0,             0,             0,             0,             0,             0,             0,             0, 3.50615992044, 3.18686016818, -0.0290219423802,            -0,            -0,            -0,            -0,            -0,            -0,            -0,            -0,            -0,            -0,            -0,            -0,            -0,            -0, -1.11627823092,             0,             0,             0,             0,             0,             0,             0,             0,             0,             0,             0,             0,             0,             0, -1.11627837414, -0.965702223635, -0.73086833555, -0.810051242516, -0.868663806689, 49.8383706927, 49.6846126921, 49.8561672499, 49.7230529106, 101.412442948, -1.30181105781, -1.42331017404, -28.9509479953,             0,             0,             0,             0,             0,             0,             0,             0,             0,             0, 104.728032558, 134.718062207, 108.060258074, 111.392483591, 114.724709107, 118.056934624,  121.38916014, 124.721385657, 128.053611174,  131.38583669,             1,             1,             1,             1,             1,             1,             1,             1,             1,             1, 119.959861967,           120, 0.591889636513,             0, 13.8135099885, 1.54899734846, 101.374671204, 98.4669446996,  101.44935837, 98.5443904093, 101.412442948, 104.744666105, 134.734674514, 108.076889261, 111.409112418, 114.741335574, 118.073558731, 121.405781888, 124.738005044, 128.070228201, 131.402451357, 101.374543545, 98.4667650629, 104.744666105, 134.734674514, 108.076889261, 111.409112418, 114.741335574, 118.073558731, 121.405781888, 124.738005044, 128.070228201, 131.402451357, 101.449258311, 98.5441680762, 2.68295420789,             0,             0,             0,             0,             0,             0,             0,             0,             0,             0, 1.38047313199, 2.51331792299,  1.2591112867, 2.56513677569, 4.02380593072, 3.88877232531, 2.35118896868, 2.21501254798, 3.18650978214, 3.51412090164, 1.16516180819, 3.52156294061, 3.52560074098, 3.52334900634, 3.51192244033, 3.48518502691, 3.32554865987, 2.82925725582, 2.04240203179, 4.02910332678, 3.89286485365, 3.51412090164, 1.16516180819, 3.52156294061, 3.52560074098, 3.52334900634, 3.51192244033, 3.48518502691, 3.32554865987, 2.82925725582, 2.04240203179, 2.35574139396, 2.21997533783, 5.55111512313e-17, 5.55111512313e-17,            -0,            -0, -0.00175509338602,             0,             0,             0,             0,             0,             0,             0,             0,             0,             0, 0.314359642551, 0.321121654314,             0,             0,             0,             0,             0,             0,             0,             0,             0,             0, 0.322054152915, 0.327641495966
        3.075, 1.82537393401, 1.36358755319, 1.96102242981, 1.32753970346, -8.40324316864, 2566.97988077, -0.434894012294,             0, 282.236339298, -26.8721105562, 325.401811633, -10.1545055036, -2447.30178858, -1308.43152908, -1616.85930893, -631.603625481, 5289.12383305,  3480.0009656, 3152.17117453, 1657.82136492,             0,             0,             0,             0,             0,             0,             0,             0,             0,             0,             0,             0,             0,             0,             0,             0,             0,             0,             0,             0, 3.50803822592, 3.23066243417, -0.0273511431285,            -0,            -0,            -0,            -0,            -0,            -0,            -0,            -0,            -0,            -0,            -0,            -0,            -0,            -0, -1.19203220124,             0,             0,             0,             0,             0,             0,             0,             0,             0,             0,             0,             0,             0,             0, -1.19203233708, -1.02780514906, -0.784396602198, -0.867134797746, -0.917494733587, 50.2487791526, 50.0938673991, 50.2645544529, 50.1293695615, 102.244295926, -1.37513163775, -1.50383474103, -30.2828276162,             0,             0,             0,             0,             0,             0,             0,             0,             0,             0, 105.559762716, 135.548707171, 108.891867656, 112.223972595, 115.556077534, 118.888182474, 122.220287413, 125.552392353, 128.884497292, 132.216602232,             1,             1,             1,             1,             1,             1,             1,             1,             1,             1, 119.955494088,           120, 0.59741017545,             0, 13.8122436335, 1.54897368014, 102.209624248, 99.3014045278, 102.278086075, 99.3727629317, 102.244295926, 105.576398392,  135.56532058, 108.908500857, 112.240603322, 115.572705788, 118.904808253, 122.236910718, 125.569013184, 128.901115649, 132.233218114, 102.209515916, 99.3012282952, 105.576398392,  135.56532058, 108.908500857, 112.240603322, 115.572705788, 118.904808253, 122.236910718, 125.569013184, 128.901115649, 132.233218114, 102.278003298, 99.3725480171, 2.47698762076,             0,             0,             0,             0,             0,             0,             0,             0,             0,             0, 1.10114924769, 2.29826778191, 0.972590328635, 2.34649598135, 4.06788573179, 3.94335521825, 2.39504264721, 2.26937330569,  3.2304030286, 3.51613960644, 0.965923026718, 3.52300195639, 3.52574029289, 3.52146963304, 3.50730499396, 3.46726439857, 3.23597823975, 2.65505151139, 1.82114703014, 4.07352184786, 3.94774633761, 3.51613960644, 0.965923026718, 3.52300195639, 3.52574029289, 3.52146963304, 3.50730499396, 3.46726439857, 3.23597823975, 2.65505151139, 1.82114703014,   2.399918626, 2.27461806673, 5.55111512313e-17, 5.55111512313e-17, 5.55111512313e-17,            -0, -0.00172238903005,             0,             0,             0,             0,             0,             0,             0,             0,             0,             0, 0.314213900646, 0.320984839225,             0,             0,             0,             0,             0,             0,             0,             0,             0,             0, 0.322201263836, 0.327772070269
          3.1, 1.91671274673, 1.42010872142, 2.06046225523, 1.38869117799, -8.75861659906, 2570.53051369, -0.450892120097,             0, 288.367687528, -27.3622653184, 332.002593201, -9.80056116803, -2557.6224821, -1365.97997276, -1658.89051406, -642.263792099, 5326.58175539, 3515.56256742, 3111.91265817, 1622.18128002,             0,             0,             0,             0,             0,             0,             0,             0,             0,             0,             0,             0,             0,             0,             0,             0,             0,             0,             0,             0, 3.51001937893, 3.27166535063, -0.0255583092238,            -0,            -0,            -0,            -0,            -0,            -0,            -0,            -0,            -0,            -0,            -0,            -0,            -0,            -0, -1.26714144033,             0,             0,             0,             0,             0,             0,             0,             0,             0,             0,             0,             0,             0,             0, -1.26714156642, -1.0894171201, -0.837640338215, -0.923488107164, -0.965845373963, 50.6592519397, 50.5031602157, 50.6729602357, 50.5356051323, 103.076258156, -1.4497442105, -1.58603156973, -31.6343692542,             0,             0,             0,             0,             0,             0,             0,             0,             0,             0, 106.391595704,   136.3793961, 109.723573526, 113.055551347, 116.387529169, 119.719506991, 123.051484813, 126.383462634, 129.715440456, 133.047418278,             1,             1,             1,             1,             1,             1,             1,             1,             1,             1, 119.950886281,           120, 0.603183192124,             0, 13.8109222094, 1.54894898064,  103.04481434, 100.136122597, 103.106795226, 100.201143421, 103.076258156, 106.408233333, 136.396009923,  109.74020851, 113.072183686, 116.404158863,  119.73613404, 123.068109216, 126.400084393,  129.73205957, 133.064034746, 103.044729708, 100.135952771, 106.408233333, 136.396009923,  109.74020851, 113.072183686, 116.404158863,  119.73613404, 123.068109216, 126.400084393,  129.73205957, 133.064034746, 103.106733941,    100.200939, 2.26242594128,             0,             0,             0,             0,             0,             0,             0,             0,             0,             0, 0.811940145699, 2.07471627977, 0.675804324971,  2.1192344507, 4.10914073051, 3.99555017921, 2.43608771127, 2.32136143054, 3.27147940833, 3.51808134512, 0.781728991868, 3.52418421561, 3.52544333813, 3.51897406039, 3.50189173013, 3.43751780948,   3.122392171, 2.46456960884, 1.59849925309, 4.11511251142, 4.00023810101, 3.51808134512, 0.781728991868, 3.52418421561, 3.52544333813, 3.51897406039, 3.50189173013, 3.43751780948,   3.122392171, 2.46456960884, 1.59849925309, 2.44128335122, 2.32688565141,            -0,            -0,            -0,            -0, -0.00169224608387,             0,             0,             0,             0,             0,             0,             0,             0,             0,             0, 0.314067914062, 0.320847938409,             0,             0,             0,             0,             0,             0,             0,             0,             0,             0, 0.322346510361, 0.327900490407
        3.125, 2.00944401065, 1.47983055594,  2.1616763578, 1.45333928515, -9.13516187084,  2574.3328852, -0.467151282287,             0, 295.054030634, -27.8350746564, 339.373700817, -9.46257326281, -2670.61377438, -1427.2078824, -1697.67916143, -653.345477645, 5363.98379914, 3551.31519982,  3072.3844873,  1587.0525227,             0,             0,             0,             0,             0,             0,             0,             0,             0,             0,             0,             0,             0,             0,             0,             0,             0,             0,             0,             0, 3.51205848887, 3.30975784991, -0.0236280979637,            -0,            -0,            -0,            -0,            -0,            -0,            -0,            -0,            -0,            -0,            -0,            -0,            -0,            -0, -1.34162863772,             0,             0,             0,             0,             0,             0,             0,             0,             0,             0,             0,             0,             0,             0, -1.34162875183, -1.15060757784, -0.890637289845, -0.979227234198, -1.01379879995, 51.0697911084, 50.9124939675, 51.0814077462, 50.9417542795, 103.908322856, -1.52417002506, -1.66839070267, -32.9802137308,             0,             0,             0,             0,             0,             0,             0,             0,             0,             0, 107.223522335, 137.210097881, 110.555364062, 113.887205789, 117.219047517, 120.550889244, 123.882730971, 127.214572699, 130.546414426, 133.878256153,             1,             1,             1,             1,             1,             1,             1,             1,             1,             1, 119.945951934,           120, 0.609219093406,             0, 13.8095222285, 1.54892281065, 103.880241507, 100.971104561, 103.935472921, 101.029520613, 103.908322856, 107.240161773,  137.22671203, 110.572000691, 113.903839608, 117.235678525, 120.567517443,  123.89935636, 127.231195278, 130.563034195, 133.894873113, 103.880184974, 100.970944286, 107.240161773,  137.22671203, 110.572000691, 113.903839608, 117.235678525, 120.567517443,  123.89935636, 127.231195278, 130.563034195, 133.894873113, 103.935437356, 101.029329899, 2.03868896031,             0,             0,             0,             0,             0,             0,             0,             0,             0,             0, 0.513744994007, 1.84219502747, 0.369683478415,   1.882776959, 4.14746017896, 4.04527626333, 2.47421581632, 2.37089787869, 3.30962971924, 3.51990117675, 0.614355593574, 3.52506474733, 3.52466490221,   3.515817343, 3.49542389469, 3.39186665418, 2.98669618606, 2.25988964371, 1.37904918707, 4.15376491685, 4.05025938286, 3.51990117675, 0.614355593574, 3.52506474733, 3.52466490221,   3.515817343, 3.49542389469, 3.39186665418, 2.98669618606, 2.25988964371, 1.37904918707, 2.47972780988, 2.37669949868, -5.55111512313e-17,            -0, 5.55111512313e-17,            -0, -0.00166629507616,             0,             0,             0,             0,             0,             0,             0,             0,             0,             0, 0.313921824877, 0.32071007289,             0,             0,             0,             0,             0,             0,             0,             0,             0,             0, 0.322488774629, 0.328026805864
         3.15, 2.10410982682, 1.54285664517,  2.2652500056, 1.52146692368, -9.52431247632, 2578.42053587, -0.483344257884,             0, 301.735246101, -28.2754853785, 347.312522704, -9.16570813898, -2787.30929785, -1492.42506907, -1728.15274556, -664.057573017, 5401.71930289, 3587.65483863,  3033.4346398, 1551.81015505,             0,             0,             0,             0,             0,             0,             0,             0,             0,             0,             0,             0,             0,             0,             0,             0,             0,             0,             0,             0, 3.51411062705,  3.3448290279, -0.0215408675789,            -0,            -0,            -0,            -0,            -0,            -0,            -0,            -0,            -0,            -0,            -0,            -0,            -0,            -0,  -1.415650871,             0,             0,             0,             0,             0,             0,             0,             0,             0,             0,             0,             0,             0,             0, -1.41565097107, -1.21151816285, -0.943532214795, -1.03450797864, -1.0614882425,  51.480399658, 51.3218704435, 51.4899124315, 51.3478121245, 104.740482014, -1.59829968318, -1.75085494487, -34.3055597382,             0,             0,             0,             0,             0,             0,             0,             0,             0,             0, 108.055535149, 138.040809822, 111.387232335, 114.718929521, 118.050626707, 121.382323892, 124.714021078, 128.045718264,  131.37741545, 134.709112636,             1,             1,             1,             1,             1,             1,             1,             1,             1,             1, 119.940709978,           120, 0.615601679273,             0, 13.8080574962, 1.54889542788, 104.715903988, 101.806353606, 104.764105094, 101.857885116, 104.740482014, 108.072176205, 138.057423921, 111.403870396, 114.735564586, 118.067258777, 121.398952968, 124.730647159, 128.062341349,  131.39403554, 134.725729731, 104.715880102, 101.806206179, 108.072176205, 138.057423921, 111.403870396, 114.735564586, 118.067258777, 121.398952968, 124.730647159, 128.062341349,  131.39403554, 134.725729731, 104.764099618, 101.857711454, 1.80534603303,             0,             0,             0,             0,             0,             0,             0,             0,             0,             0, 0.206243077532, 1.60014786023, 0.0538547770766, 1.63669279341, 4.18273368697, 4.09244501913, 2.50931961867, 2.41789699475, 3.34474495905, 3.52155413858, 0.465556444162, 3.52559857185,  3.5233600043, 3.51195451339, 3.48529460063, 3.32623101972, 2.83082669868, 2.04462061844, 1.16738148257, 4.18936938185, 4.09772249819, 3.52155413858, 0.465556444162, 3.52559857185,  3.5233600043, 3.51195451339, 3.48529460063, 3.32623101972, 2.83082669868, 2.04462061844, 1.16738148257, 2.51514549291, 2.42397473115,            -0,            -0,            -0, 5.55111512313e-17, -0.00164560115155,             0,             0,             0,             0,             0,             0,             0,             0,             0,             0, 0.31377417207, 0.320569756193,             0,             0,             0,             0,             0,             0,             0,             0,             0,             0, 0.322628617837, 0.328153339527
        3.175, 2.19938542444, 1.60886864602,  2.3696409782, 1.59287234779, -9.91980607277, 2582.80824357, -0.499772518808,             0,  309.23361796, -28.7063252698, 355.724492473, -8.89181508533, -2904.34353476, -1561.5382373, -1757.67787611, -674.661610056, 5439.77438849, 3624.57866524, 2994.74485809, 1516.18772925,             0,             0,             0,             0,             0,             0,             0,             0,             0,             0,             0,             0,             0,             0,             0,             0,             0,             0,             0,             0,  3.5161308306, 3.37677176817, -0.0192816157712,            -0,            -0,            -0,            -0,            -0,            -0,            -0,            -0,            -0,            -0,            -0,            -0,            -0,            -0, -1.48934721502,             0,             0,             0,             0,             0,             0,             0,             0,             0,             0,             0,             0,             0,             0, -1.48934729937, -1.27234272895, -0.996417584881, -1.08958106384, -1.10902335648, 51.8910892505, 51.7312899908, 51.8984817497, 51.7537751518, 105.572726332, -1.67041546403, -1.83147079481, -35.5956047825,             0,             0,             0,             0,             0,             0,             0,             0,             0,             0, 108.887623802, 138.871511932, 112.219166928, 115.550710053, 118.882253179, 122.213796304,  125.54533943, 128.876882555, 132.208425681, 135.539968806,             1,             1,             1,             1,             1,             1,             1,             1,             1,             1, 119.935122909,           120, 0.622356720992,             0, 13.8065202138, 1.54886668621, 105.551793906, 102.641869609, 105.592682018,  102.68623005, 105.572726332, 108.904266282, 138.888125835, 112.235806233, 115.567346183, 118.898886133, 122.230426084, 125.561966034, 128.893505984, 132.225045934, 135.556585885, 105.551807166, 102.641738461, 108.904266282, 138.888125835, 112.235806233, 115.567346183, 118.898886133, 122.230426084, 125.561966034, 128.893505984, 132.225045934, 135.556585885, 105.592710942, 102.686076918, 1.56216769359,             0,             0,             0,             0,             0,             0,             0,             0,             0,             0, -0.109076509629, 1.34844261347, -0.269957142283, 1.38073432214, 4.21485418676, 4.13696148663, 2.54129466283, 2.46226696472, 3.37671995385, 3.52299524153, 0.337087391805, 3.52574069641,  3.5214836732, 3.50734064988, 3.46744468193, 3.23684134882, 2.65672371612, 1.82333772598, 0.967942964769,  4.2218198544, 4.14253297648, 3.52299524153, 0.337087391805, 3.52574069641,  3.5214836732, 3.50734064988, 3.46744468193, 3.23684134882, 2.65672371612, 1.82333772598, 0.967942964769, 2.54743332673, 2.46862015753,            -0,            -0, -5.55111512313e-17,            -0, -0.00163055253887,             0,             0,             0,             0,             0,             0,             0,             0,             0,             0, 0.31362498926, 0.320426991858,             0,             0,             0,             0,             0,             0,             0,             0,             0,             0, 0.322767207679, 0.328281076775
          3.2, 2.29782535238, 1.67773162189,  2.4774550011,  1.6673088173, -10.3119871541, 2587.49062901, -0.515629821314,             0, 317.361261683, -29.0912498023, 364.449721268, -8.66864795264, -3009.7206599, -1634.50005047, -1787.36695357, -684.905908792, 5477.80329558, 3662.07568266, 2955.94179403,  1480.0602749,             0,             0,             0,             0,             0,             0,             0,             0,             0,             0,             0,             0,             0,             0,             0,             0,             0,             0,             0,             0, 3.51807410796, 3.40548179615, -0.0168439706626,            -0,            -0,            -0,            -0,            -0,            -0,            -0,            -0,            -0,            -0,            -0,            -0,            -0,            -0, -1.56283727942,             0,             0,             0,             0,             0,             0,             0,             0,             0,             0,             0,             0,             0,             0, -1.56283734698, -1.33307624929, -1.04937586052, -1.14444220803, -1.15647193806,  52.301868251,  52.140751763, 52.3071208289, 52.1596410221, 106.405045387, -1.74255130265, -1.91233821168, -36.8304731774,             0,             0,             0,             0,             0,             0,             0,             0,             0,             0, 109.719778379, 139.702198671, 113.051158412, 116.382538444, 119.713918476, 123.045298509, 126.376678541, 129.708058574, 133.039438606, 136.370818639,             1,             1,             1,             1,             1,             1,             1,             1,             1,             1,  119.92920893,           120, 0.629524541479,             0, 13.8049225623, 1.54883681302, 106.387904129, 103.477649361, 106.421189556, 103.514550547, 106.405045387, 109.736422065,  139.71881217, 113.067798744, 116.399175422,   119.7305521, 123.061928779, 126.393305457, 129.724682135, 133.056058813, 136.387435492, 106.387959423, 103.477538078, 109.736422065,  139.71881217, 113.067798744, 116.399175422,   119.7305521, 123.061928779, 126.393305457, 129.724682135, 133.056058813, 136.387435492, 106.421257546,  103.51442156, 1.30909696604,             0,             0,             0,             0,             0,             0,             0,             0,             0,             0, -0.43430459949, 1.08689232388, -0.603909029425, 1.11482222257, 4.24371864799, 4.17872453667, 2.57004111353, 2.50391039248, 3.40545240128, 3.52417948306, 0.230700608399, 3.52544612706, 3.51899094184,  3.5019308293,  3.4377926191, 3.12341072221, 2.46632668377, 1.60062880022, 0.783547340986, 4.25101325596, 4.18459011897, 3.52417948306, 0.230700608399, 3.52544612706, 3.51899094184,  3.5019308293,  3.4377926191, 3.12341072221, 2.46632668377, 1.60062880022, 0.783547340986, 2.57649142828, 2.51053875481,            -0,            -0,            -0,            -0, -0.00162103344441,             0,             0,             0,             0,             0,             0,             0,             0,             0,             0, 0.313475568945, 0.320281813072,             0,             0,             0,             0,             0,             0,             0,             0,             0,             0, 0.322905940508, 0.32841047786
        3.225, 2.39501553641, 1.74883131795, 2.58418306821, 1.74427523127, -10.692533546, 2592.44716087, -0.531408757897,             0, 325.989658965, -29.4573914798, 373.414002251, -8.47937178758, -3115.48613281, -1710.72269615, -1813.04437732, -694.38051505, 5515.14400039,  3699.6104565, 2917.41657984, 1444.02997072,             0,             0,             0,             0,             0,             0,             0,             0,             0,             0,             0,             0,             0,             0,             0,             0,             0,             0,             0,             0, 3.51989544481, 3.43086389901, -0.0142268889981,            -0,            -0,            -0,            -0,            -0,            -0,            -0,            -0,            -0,            -0,            -0,            -0,            -0,            -0, -1.63601604945,             0,             0,             0,             0,             0,             0,             0,             0,             0,             0,             0,             0,             0,             0, -1.6360160999, -1.39382498097, -1.10228150985, -1.19926873046, -1.20369387496, 52.7127338589, 52.5502531721, 52.7158409795, 52.5654091389, 107.237427618, -1.81004113564, -1.98868147844, -37.9862086011,             0,             0,             0,             0,             0,             0,             0,             0,             0,             0, 110.551987564, 140.532860734, 113.883195694, 117.214403824, 120.545611954, 123.876820084, 127.208028214, 130.539236344, 133.870444474, 137.201652604,             1,             1,             1,             1,             1,             1,             1,             1,             1,             1, 119.922976034,           120, 0.637088920697,             0, 13.8032705915, 1.54880592113, 107.224214629, 104.313685187,  107.24962603,  104.34284491, 107.237427618,  110.56863222, 140.549473636, 113.899836822, 117.231041424, 120.562246025, 123.893450627, 127.224655229,  130.55585983, 133.887064432, 137.218269034,  107.22431636, 104.313597485,  110.56863222, 140.549473636, 113.899836822, 117.231041424, 120.562246025, 123.893450627, 127.224655229,  130.55585983, 133.887064432, 137.218269034, 107.249737331, 104.342743812, 1.04633409938,             0,             0,             0,             0,             0,             0,             0,             0,             0,             0, -0.764573313371, 0.815811067119, -0.943023917979, 0.839142719027,  4.2692301203, 4.21762873845, 2.59546621447, 2.54272593275, 3.43084905095, 3.52506185043, 0.147902372445, 3.52466987339, 3.51583686231, 3.49547219383, 3.39225663565, 2.98784524734, 2.26170860396, 1.38108263067, 0.615966252085, 4.27685323305, 4.22378779619, 3.52506185043, 0.147902372445, 3.52466987339, 3.51583686231, 3.49547219383, 3.39225663565, 2.98784524734, 2.26170860396, 1.38108263067, 0.615966252085,   2.602227967, 2.54962830033,            -0, -5.55111512313e-17,            -0,            -0, -0.00161682366348,             0,             0,             0,             0,             0,             0,             0,             0,             0,             0, 0.313328368543, 0.320136230201,             0,             0,             0,             0,             0,             0,             0,             0,             0,             0, 0.323043339313, 0.328539314101
         3.25, 2.49062265936, 1.82237815421,  2.6894509486,  1.8238528919, -11.0601741193, 2597.66665001, -0.546046652688,             0, 334.931644709, -29.7681016969, 382.642209868, -8.26560518289, -3222.36368111, -1782.7071182, -1829.58931313, -700.271557181, 5551.42490942, 3736.32410054, 2880.08038393, 1408.92013111,             0,             0,             0,             0,             0,             0,             0,             0,             0,             0,             0,             0,             0,             0,             0,             0,             0,             0,             0,             0, 3.52154981115, 3.45282862389, -0.0114309598435,            -0,            -0,            -0,            -0,            -0,            -0,            -0,            -0,            -0,            -0,            -0,            -0,            -0,            -0, -1.70865033385,             0,             0,             0,             0,             0,             0,             0,             0,             0,             0,             0,             0,             0,             0, -1.70865036787, -1.45440076919, -1.1547041706, -1.25386410747, -1.25037413323, 53.1236833033, 52.9597906613, 53.1246523137, 52.9710803241, 108.069860415, -1.87237840418, -2.05996302857, -39.0387770407,             0,             0,             0,             0,             0,             0,             0,             0,             0,             0, 111.384239061, 141.363488462, 114.715266772, 118.046294483, 121.377322195, 124.708349906, 128.039377617, 131.370405328,  134.70143304, 138.032460751,             1,             1,             1,             1,             1,             1,             1,             1,             1,             1, 119.916435542,           120, 0.645003588388,             0, 13.8015730156, 1.54877417322, 108.060707429, 105.149966538, 108.077984618, 105.171112431, 108.069860415, 111.400884432, 141.380100589,  114.73190845, 118.062932467, 121.393956485, 124.724980502,  128.05600452, 131.387028537, 134.718052555, 138.049076572, 108.060859947, 105.149906267, 111.400884432, 141.380100589,  114.73190845, 118.062932467, 121.393956485, 124.724980502,  128.05600452, 131.387028537, 134.718052555, 138.049076572, 108.078143423, 105.171043067, 0.774207857518,             0,             0,             0,             0,             0,             0,             0,             0,             0,             0, -1.09904631675, 0.535414565239,  -1.286434647, 0.554024700482, 4.29129882753, 4.25356894796,  2.6174843955, 2.57861177949, 3.45282234961, 3.52559732931, 0.0872906994593, 3.52336695768, 3.51197651368, 3.48537444187, 3.32675525235, 2.83208650598, 2.04646734175, 1.16928774011, 0.466953466931, 4.29924898131, 4.26001849323, 3.52559732931, 0.0872906994593, 3.52336695768, 3.51197651368, 3.48537444187, 3.32675525235, 2.83208650598, 2.04646734175, 1.16928774011, 0.466953466931, 2.62455614454, 2.58578507741,            -0,            -0,            -0, -5.55111512313e-17, -0.00161774754136,             0,             0,             0,             0,             0,             0,             0,             0,             0,             0, 0.313184800286, 0.319993497025,             0,             0,             0,             0,             0,             0,             0,             0,             0,             0, 0.323176029526, 0.328664556603
        3.275, 2.58251272655, 1.89801487812, 2.79101322592, 1.90574903299, -11.4159015739, 2603.14692378, -0.560833919873,             0, 344.416923655, -30.0440691348, 392.249722192, -8.06207931361, -3329.18359271, -1857.60539793, -1844.90361415, -706.574899791, 5586.02648723,   3771.433068,  2844.7962109, 1375.52962142,             0,             0,             0,             0,             0,             0,             0,             0,             0,             0,             0,             0,             0,             0,             0,             0,             0,             0,             0,             0, 3.52299216934, 3.47129181704, -0.00846498253385,            -0,            -0,            -0,            -0,            -0,            -0,            -0,            -0,            -0,            -0,            -0,            -0,            -0,            -0, -1.78035745918,             0,             0,             0,             0,             0,             0,             0,             0,             0,             0,             0,             0,             0,             0, -1.78035747861, -1.51453994724, -1.20653197552, -1.30799897648, -1.29631242119, 53.5347151853, 53.3693608707, 53.5335649927, 53.3766556327, 108.902330276, -1.92771889896, -2.12423488778, -39.9636145771,             0,             0,             0,             0,             0,             0,             0,             0,             0,             0, 112.216520044, 142.194074983, 115.547359482, 118.878198919, 122.209038357, 125.539877795, 128.870717232,  132.20155667, 135.532396107, 138.863235545,             1,             1,             1,             1,             1,             1,             1,             1,             1,             1, 119.909610318,           120, 0.653225910895,             0, 13.7998407858, 1.54874177385, 108.897362699, 105.986482279, 108.906259042, 105.999350764, 108.902330276, 112.233165874, 142.210686251, 115.564001471, 118.894837069, 122.225672666, 125.556508264, 128.887343861, 132.218179459, 135.549015056, 138.879850654, 108.897570062, 105.986453347, 112.233165874, 142.210686251, 115.564001471, 118.894837069, 122.225672666, 125.556508264, 128.887343861, 132.218179459, 135.549015056, 138.879850654, 108.906469265, 105.999317031, 0.49300507896,             0,             0,             0,             0,             0,             0,             0,             0,             0,             0, -1.43559115987, 0.246075153511, -1.63190537903, 0.259785641596, 4.30983991504, 4.28644420309,  2.6360139443, 2.61147152215, 3.47128990308, 3.52574091231, 0.0455614466723, 3.52149242213, 3.50736500528, 3.46757637862, 3.23750860793, 2.65807682658, 1.82517829855, 0.969695099866, 0.338261183827, 4.31811424391, 4.29318066189, 3.52574091231, 0.0455614466723, 3.52149242213, 3.50736500528, 3.46757637862, 3.23750860793, 2.65807682658, 1.82517829855, 0.969695099866, 0.338261183827, 2.64339283128, 2.61891141008,            -0,            -0, 5.55111512313e-17,            -0, -0.00162346733667,             0,             0,             0,             0,             0,             0,             0,             0,             0,             0, 0.313047216278, 0.319856557252,             0,             0,             0,             0,             0,             0,             0,             0,             0,             0, 0.323300825036, 0.328783258896
          3.3, 2.67065008539, 1.97501911956,  2.8887455367, 1.98920155491, -11.7503252684, 2608.87700779, -0.574368996335,             0, 354.327108996, -30.2554197565, 402.085012053, -7.92153036094, -3419.27663285, -1933.23277483, -1858.82884586, -712.899540339, 5618.96978199, 3805.58505549, 2811.22449644, 1343.44469036,             0,             0,             0,             0,             0,             0,             0,             0,             0,             0,             0,             0,             0,             0,             0,             0,             0,             0,             0,             0, 3.52417748271, 3.48617053413, -0.00534859515181,            -0,            -0,            -0,            -0,            -0,            -0,            -0,            -0,            -0,            -0,            -0,            -0,            -0,            -0, -1.85096729599,             0,             0,             0,             0,             0,             0,             0,             0,             0,             0,             0,             0,             0,             0, -1.85096730405, -1.57410851143, -1.25766741698, -1.36157214365, -1.34142782354,   53.94582754, 53.7789599987, 53.9425853774, 53.7821362981, 109.734823114, -1.97589119733, -2.18124280909, -40.7429244084,             0,             0,             0,             0,             0,             0,             0,             0,             0,             0, 113.048817888, 143.024620745, 116.379462649, 119.710107411, 123.040752173, 126.371396935, 129.702041697, 133.032686459, 136.363331221, 139.693975983,             1,             1,             1,             1,             1,             1,             1,             1,             1,             1, 119.902554744,           120, 0.661710035172,             0, 13.7980955455, 1.54870912772, 109.734160354, 106.823218759,  109.73444148, 106.827558366, 109.734823114, 113.065463929, 143.041231266, 116.396104745,  119.72674556, 123.057386375,  126.38802719, 129.718668005, 133.049308821, 136.379949636, 139.710590451, 109.734426502, 106.823225101, 113.065463929, 143.041231266, 116.396104745,  119.72674556, 123.057386375,  126.38802719, 129.718668005, 133.049308821, 136.379949636, 139.710590451, 109.734706913, 106.827564164, 0.203119128257,             0,             0,             0,             0,             0,             0,             0,             0,             0,             0, -1.77364249296, -0.0517650911999, -1.97878812444, -0.0431303984546, 4.32477069105, 4.31615070992, 2.65097484002, 2.64120482645,  3.4861702953,  3.5254476066, 0.0193777864866, 3.51900133197, 3.50195747082, 3.43799403493, 3.12420277529, 2.46775822546, 1.60243125313, 0.785136303812, 0.231639691192, 4.33336558196, 4.32316989444,  3.5254476066, 0.0193777864866, 3.51900133197, 3.50195747082, 3.43799403493, 3.12420277529, 2.46775822546, 1.60243125313, 0.785136303812, 0.231639691192, 2.65865740567, 2.64890647699, 5.55111512313e-17, -5.55111512313e-17,            -0,            -0, -0.00163321331155,             0,             0,             0,             0,             0,             0,             0,             0,             0,             0, 0.312915565485, 0.319723015553,             0,             0,             0,             0,             0,             0,             0,             0,             0,             0, 0.323419013665, 0.328896985733
        3.325, 2.75434432105, 2.05251965824, 2.98186004767, 2.07334242812,  -12.04970306, 2614.83630104, -0.587083789513,             0, 364.817540667, -30.4097378978, 411.703270692, -7.83215173165, -3499.2258241, -2009.09364941, -1871.25702807, -719.275816629, 5649.54550498,  3838.3735395, 2779.68409025, 1313.08211114,             0,             0,             0,             0,             0,             0,             0,             0,             0,             0,             0,             0,             0,             0,             0,             0,             0,             0,             0,             0, 3.52506072423, 3.49739679242, -0.00211003727559,            -0,            -0,            -0,            -0,            -0,            -0,            -0,            -0,            -0,            -0,            -0,            -0,            -0,            -0, -1.92012020108,             0,             0,             0,             0,             0,             0,             0,             0,             0,             0,             0,             0,             0,             0, -1.92012020238, -1.63282602874, -1.30783769196, -1.41434875166, -1.38545759316, 54.3570172128, 54.1885825328, 54.3517241584, 54.1875254777, 110.567324466, -2.0158127678, -2.22981781759, -41.3650250889,             0,             0,             0,             0,             0,             0,             0,             0,             0,             0, 113.881120274, 143.855132694, 117.211566099, 120.542011923, 123.872457748, 127.202903572, 130.533349396, 133.863795221, 137.194241045, 140.524686869,             1,             1,             1,             1,             1,             1,             1,             1,             1,             1, 119.895346838,           120, 0.670373511579,             0, 13.7963664349, 1.54867677991, 110.571074022, 107.660156933, 110.562529831, 107.655737803, 110.567324466, 113.897766274, 143.871742555, 117.228208083, 120.558649892, 123.889091701,  127.21953351, 130.549975319, 133.880417128, 137.210858937, 140.541300746, 110.571402525, 107.660202433, 113.897766274, 143.871742555, 117.228208083, 120.558649892, 123.889091701,  127.21953351, 130.549975319, 133.880417128, 137.210858937, 140.541300746, 110.562853911, 107.655786959, -0.0947285944839,             0,             0,             0,             0,             0,             0,             0,             0,             0,             0, -2.11139559324, -0.357292937173, -2.32519201813, -0.353951763595, 4.33602196284, 4.34258240787, 2.66230127548, 2.66770919108, 3.49739675462, 3.52467244008, 0.00540385083905, 3.51584877811, 3.49550505983, 3.39254382858, 2.98874424096, 2.26319994818, 1.38281418167, 0.617381445584, 0.148603657456, 4.34493234481, 4.34987861938, 3.52467244008, 0.00540385083905, 3.51584877811, 3.49550505983, 3.39254382858, 2.98874424096, 2.26319994818, 1.38281418167, 0.617381445584, 0.148603657456, 2.67028265934, 2.67566617457,            -0, -5.55111512313e-17,            -0,            -0, -0.00164597728343,             0,             0,             0,             0,             0,             0,             0,             0,             0,             0, 0.312792546588, 0.319594433507,             0,             0,             0,             0,             0,             0,             0,             0,             0,             0, 0.323529447858, 0.32900423026
         3.35, 2.83243328821, 2.12950220933, 3.06912747455, 2.15698359663, -12.3059137179, 2621.01115449, -0.59874709346,             0, 376.032011477, -30.5123165792, 421.764620831, -7.81799947914, -3573.35145182, -2084.2450011, -1875.51041123, -725.787667455, 5677.30534494, 3869.17970608, 2750.84202917, 1285.00992335,             0,             0,             0,             0,             0,             0,             0,             0,             0,             0,             0,             0,             0,             0,             0,             0,             0,             0,             0,             0, 3.52559688501, 3.50491434216, 0.00122041505288,            -0,            -0,            -0,            -0,            -0,            -0,            -0,            -0,            -0,            -0,            -0,            -0,            -0,            -0, -1.98737521209,             0,             0,             0,             0,             0,             0,             0,             0,             0,             0,             0,             0,             0,             0, -1.98737521254, -1.69033697738, -1.35668640236, -1.46599223706, -1.42807382745, 54.7682797191, 54.5982213195, 54.7610054674, 54.5928279301, 111.399819661, -2.04668268772, -2.26909632976, -41.8221186317,             0,             0,             0,             0,             0,             0,             0,             0,             0,             0, 114.713415056, 144.685621363, 118.043660201, 121.373905347, 124.704150492, 128.034395637, 131.364640782, 134.694885927, 138.025131073, 141.355376218,             1,             1,             1,             1,             1,             1,             1,             1,             1,             1, 119.888078929,           120, 0.679117878336,             0, 13.7946808774, 1.54864524362, 111.408073773, 108.497273069, 111.390525105, 108.483894364, 111.399819661, 114.730060806, 144.702231108, 118.060301951, 121.390543095,  124.72078424, 128.051025384, 131.381266529, 134.711507674, 138.041748818, 141.371989963, 111.408467749, 108.497361491, 114.730060806, 144.702231108, 118.060301951, 121.390543095,  124.72078424, 128.051025384, 131.381266529, 134.711507674, 138.041748818, 141.371989963,  111.39091082, 108.483990538, -0.399565424104,             0,             0,             0,             0,             0,             0,             0,             0,             0,             0, -2.44707615564, -0.66961288857, -2.66928035146, -0.671646090171, 4.34353622402, 4.36563198706, 2.66993893746, 2.69088032212, 3.50491383922, 3.52337046741, 0.000304982186775, 3.51198988054, 3.48542882627, 3.32714273645,  2.8330756499, 2.04798561956, 1.17091367788, 0.468181539315, 0.0877858332863, 4.35275515221, 4.37319757638, 3.52337046741, 0.000304982186775, 3.51198988054, 3.48542882627, 3.32714273645,  2.8330756499, 2.04798561956, 1.17091367788, 0.468181539315, 0.0877858332863, 2.67821227467, 2.69908421327,            -0,            -0,            -0,            -0, -0.00166066337389,             0,             0,             0,             0,             0,             0,             0,             0,             0,             0, 0.312679902677, 0.319473180537,             0,             0,             0,             0,             0,             0,             0,             0,             0,             0, 0.323629700902, 0.329102935222
        3.375, 2.90401683489,  2.2049415091, 3.14955925184, 2.23910354027, -12.5156605392, 2627.34238315, -0.609250149567,             0,  387.96671993, -30.5958431906, 432.546285425, -7.84654282176, -3641.01550722, -2153.52606509, -1879.06076322, -729.264936029, 5702.06309351, 3897.68882606,  2724.9814217, 1259.58576757,             0,             0,             0,             0,             0,             0,             0,             0,             0,             0,             0,             0,             0,             0,             0,             0,             0,             0,             0,             0,  3.5257409826, 3.50867632755, 0.00460557832969,            -0,            -0,            -0,            -0,            -0,            -0,            -0,            -0,            -0,            -0,            -0,            -0,            -0,            -0, -2.05232800959,             0,             0,             0,             0,             0,             0,             0,             0,             0,             0,             0,             0,             0,             0, -2.05232801622, -1.74629963815, -1.40378771569, -1.51617920776, -1.46890112458, 55.1796113534, 55.0078683393, 55.1704502525, 54.9980503545, 112.232294455, -2.06826364858, -2.29878380806, -42.1108317718,             0,             0,             0,             0,             0,             0,             0,             0,             0,             0, 115.545692876, 145.516121527, 118.875740503, 122.205788131, 125.535835759, 128.865883387, 132.195931015, 135.525978643, 138.856026271, 142.186073899,             1,             1,             1,             1,             1,             1,             1,             1,             1,             1, 119.880929739,           120, 0.687896062469,             0, 13.7930923139, 1.54861551913, 112.245127987, 109.334540004, 112.218430535, 109.312035357, 112.232294455, 115.562338195, 145.532731856, 118.892381935, 122.222425675, 125.552469415, 128.882513155, 132.212556895, 135.542600635, 138.872644376, 142.202688116,  112.24559008, 109.334674877, 115.562338195, 145.532731856, 118.892381935, 122.222425675, 125.552469415, 128.882513155, 132.212556895, 135.542600635, 138.872644376, 142.202688116, 112.218880401, 109.312181942, -0.710232923526,             0,             0,             0,             0,             0,             0,             0,             0,             0,             0, -2.77928821516, -0.987466645439, -3.00960008867, -0.994988415684,  4.3472655673, 4.38519267517, 2.67384165638, 2.71061362055,  3.5086750164, 3.52149676914,             0, 3.50737976389, 3.46766611742, 3.23800172342, 2.65913695105, 1.82668536365, 0.971180582164, 0.339285140952, 0.0458838054223, 4.35678428532, 4.39301764055, 3.52149676914,             0, 3.50737976389, 3.46766611742, 3.23800172342, 2.65913695105, 1.82668536365, 0.971180582164, 0.339285140952, 0.0458838054223, 2.68239818837, 2.71905374144,            -0,            -0, 5.55111512313e-17,            -0, -0.00167596932261,             0,             0,             0,             0,             0,             0,             0,             0,             0,             0, 0.312578404128, 0.319360507309,             0,             0,             0,             0,             0,             0,             0,             0,             0,             0, 0.323718783053, 0.329191840494
          3.4, 2.96723041474, 2.27893187386, 3.22116952977, 2.31977830975, -12.6885672181, 2633.71010025, -0.618550274474,             0, 400.381107348, -30.6307633647, 443.793068768, -7.87140439512, -3700.6235454, -2214.8660769, -1881.68966868, -733.041173173, 5723.55202265, 3923.04035737, 2702.09807055, 1237.20728175,             0,             0,             0,             0,             0,             0,             0,             0,             0,             0,             0,             0,             0,             0,             0,             0,             0,             0,             0,             0, 3.52544806754, 3.50864158101, 0.00799199914877,            -0,            -0,            -0,            -0,            -0,            -0,            -0,            -0,            -0,            -0,            -0,            -0,            -0,            -0, -2.11457404189,             0,             0,             0,             0,             0,             0,             0,             0,             0,             0,             0,             0,             0,             0, -2.11457406247, -1.8004097785, -1.44872421231, -1.5646543124, -1.50775295883,  55.591008883, 55.4175161459, 55.5800711395, 55.4032008853, 113.064735313, -2.07942284544, -2.31763614621, -42.2102531443,             0,             0,             0,             0,             0,             0,             0,             0,             0,             0, 116.377944946,  146.34666725,  119.70780298, 123.037661014, 126.367519048, 129.697377081, 133.027235115, 136.357093149, 139.686951183, 143.016809217,             1,             1,             1,             1,             1,             1,             1,             1,             1,             1, 119.874071391,           120, 0.696638427474,             0, 13.7916548176, 1.54858861888, 113.082206402, 110.171932129, 113.046249553, 110.140165784, 113.064735313, 116.394589664, 146.363278824, 119.724444015, 123.054298366, 126.384152717, 129.714007068,  133.04386142, 136.373715771, 139.703570122, 143.033424473,   113.0827386, 110.172116693, 116.394589664, 146.363278824, 119.724444015, 123.054298366, 126.384152717, 129.714007068,  133.04386142, 136.373715771, 139.703570122, 143.033424473, 113.046765442, 110.140365878, -1.02569508705,             0,             0,             0,             0,             0,             0,             0,             0,             0,             0, -3.10586299722, -1.30980333264, -3.34387139846, -1.32292797048, 4.34716742184, 4.40116903663, 2.67396788956, 2.72681415821, 3.50863888763, 3.51900645516,             0, 3.50197357051, 3.43813069079, 3.12478360793,  2.4688671497, 1.60388602488, 0.786460557043, 0.232443398027, 0.0195618380861, 4.35697559713, 4.40924113177, 3.51900645516,             0, 3.50197357051, 3.43813069079, 3.12478360793,  2.4688671497, 1.60388602488, 0.786460557043, 0.232443398027, 0.0195618380861, 2.68279739179, 2.73547865944, 5.55111512313e-17,            -0,            -0,            -0, -0.00169028962543,             0,             0,             0,             0,             0,             0,             0,             0,             0,             0, 0.312489121683, 0.319259706108,             0,             0,             0,             0,             0,             0,             0,             0,             0,             0, 0.323796771744, 0.329269513669
        3.425, 3.02300350673, 2.35058269653, 3.28492139303, 2.39796430598, -12.8221832226, 2639.97739553, -0.627119993835,             0, 413.036513148, -30.6672907785, 455.115228395, -7.94365419575, -3752.48917946, -2273.67323473, -1883.81660506, -737.54269824, 5741.54043513, 3945.52623103, 2682.15354884, 1217.85066341,             0,             0,             0,             0,             0,             0,             0,             0,             0,             0,             0,             0,             0,             0,             0,             0,             0,             0,             0,             0, 3.52467322894, 3.50477446268, 0.0113144609683,            -0,            -0,            -0,            -0,            -0,            -0,            -0,            -0,            -0,            -0,            -0,            -0,            -0,            -0, -2.17376807883,             0,             0,             0,             0,             0,             0,             0,             0,             0,             0,             0,             0,             0,             0, -2.17376812123, -1.85229663091, -1.4914510044, -1.61104686029, -1.54445111646, 56.0024711064, 55.8271585172, 55.9898739236, 55.8082873248, 113.897129374, -2.08159979638, -2.32709841145, -42.1008593033,             0,             0,             0,             0,             0,             0,             0,             0,             0,             0,  117.21016252, 147.177286907, 120.539843007, 123.869523495, 127.199203982,  130.52888447, 133.858564957, 137.188245445, 140.517925932,  143.84760642,             1,             1,             1,             1,             1,             1,             1,             1,             1,             1, 119.867650285,           120, 0.705236284486,             0, 13.7904110894, 1.54856534278, 113.919283728, 111.009424516, 113.873980845, 110.968288797, 113.897129374, 117.226806451, 147.193900152, 120.556483529, 123.886160607, 127.215837685, 130.545514763,  133.87519184, 137.204868918, 140.534545996, 143.864223074, 113.919887731, 111.009661714, 117.226806451, 147.193900152, 120.556483529, 123.886160607, 127.215837685, 130.545514763,  133.87519184, 137.204868918, 140.534545996, 143.864223074, 113.874564312, 110.968545146, -1.34501254307,             0,             0,             0,             0,             0,             0,             0,             0,             0,             0, -3.42730237982, -1.63563745331, -3.67260144642, -1.65432080201, 4.34320489311, 4.41347393188, 2.67028190308, 2.73939685988,  3.5047689786, 3.51585466973,             0,  3.4955248263, 3.39273663896, 2.98939247722,  2.2643300552, 1.38417565908, 0.618526508423, 0.149184882788, 0.00548552813963, 4.35329024149, 4.42178064409, 3.51585466973,             0,  3.4955248263, 3.39273663896, 2.98939247722,  2.2643300552, 1.38417565908, 0.618526508423, 0.149184882788, 0.00548552813963, 2.67937202588, 2.74827281336,            -0,            -0,            -0,            -0, -0.00170187950913,             0,             0,             0,             0,             0,             0,             0,             0,             0,             0, 0.312413012363, 0.319169722127,             0,             0,             0,             0,             0,             0,             0,             0,             0,             0, 0.323863894576, 0.329336094953
         3.45, 3.07205447549, 2.41888157446, 3.34149685342, 2.47262884869, -12.9124444568, 2646.02947245, -0.63458085275,             0, 425.396525905, -30.6692919419, 466.224182548, -8.06579808353, -3792.31296816,  -2329.647396, -1885.25914083, -742.339535874, 5756.54390997, 3966.03009919, 2664.42012083,  1200.9305393,             0,             0,             0,             0,             0,             0,             0,             0,             0,             0,             0,             0,             0,             0,             0,             0,             0,             0,             0,             0, 3.52337160031, 3.49704410543, 0.0145117271232,            -0,            -0,            -0,            -0,            -0,            -0,            -0,            -0,            -0,            -0,            -0,            -0,            -0,            -0, -2.22982074515,             0,             0,             0,             0,             0,             0,             0,             0,             0,             0,             0,             0,             0,             0, -2.2298208167, -1.90183100615, -1.53196849377, -1.65522251296, -1.57900474126,  56.413996986, 56.2367902449,  56.399862308, 56.2133182039, 114.729464089, -2.07627986524, -2.32867599147, -41.7752911598,             0,             0,             0,             0,             0,             0,             0,             0,             0,             0, 118.042335767, 148.007995167, 121.371853479,  124.70137119, 128.030888901, 131.360406612, 134.689924323, 138.019442034, 141.348959745, 144.678477456,             1,             1,             1,             1,             1,             1,             1,             1,             1,             1, 119.861765931,           120, 0.713572821753,             0, 13.7893823967,  1.5485460897, 114.756333666, 111.846990231, 114.701624558, 111.796407988, 114.729464089, 118.058978715, 148.024610356, 121.388493342, 124.718007969, 128.047522595, 131.377037222, 134.706551849, 138.036066476, 141.365581102, 144.695095729, 114.757010932, 111.847282683, 118.058978715, 148.024610356, 121.388493342, 124.718007969, 128.047522595, 131.377037222, 134.706551849, 138.036066476, 141.365581102, 144.695095729, 114.702276901, 111.796722995, -1.66715611581,             0,             0,             0,             0,             0,             0,             0,             0,             0,             0, -3.74406484272, -1.9639100801, -3.99626839035, -1.98812492611, 4.33534586529, 4.42202155443, 2.66275188544, 2.74827627679, 3.49703295633, 3.51199660166,             0, 3.48546142209, 3.32739876178, 2.83377111362, 2.04909984766, 1.17214535575, 0.46913494131, 0.088178353777, 0.000320417106161, 4.34569537899, 4.43055029765, 3.51199660166,             0, 3.48546142209, 3.32739876178, 2.83377111362, 2.04909984766, 1.17214535575, 0.46913494131, 0.088178353777, 0.000320417106161, 2.67208956649, 2.75735081784,            -0, 5.55111512313e-17,            -0,            -0, -0.0017091709638,             0,             0,             0,             0,             0,             0,             0,             0,             0,             0, 0.312348208546, 0.319087286099,             0,             0,             0,             0,             0,             0,             0,             0,             0,             0, 0.323922917209, 0.329393790789
        3.475, 3.11138267511, 2.48290051037, 3.38772870892, 2.54276971429, -12.9528083122, 2651.77483489, -0.640951784938,             0, 437.589820908, -30.6424257198, 476.964436449, -8.24548373624, -3822.27280965, -2382.15060098, -1885.05131171, -747.171939589, 5768.78875482, 3984.66435983, 2648.61286428, 1186.16230246,             0,             0,             0,             0,             0,             0,             0,             0,             0,             0,             0,             0,             0,             0,             0,             0,             0,             0,             0,             0, 3.52149836555, 3.48542951074, 0.0175443507362,            -0,            -0,            -0,            -0,            -0,            -0,            -0,            -0,            -0,            -0,            -0,            -0,            -0,            -0, -2.28264460974,             0,             0,             0,             0,             0,             0,             0,             0,             0,             0,             0,             0,             0,             0, -2.28264471681, -1.94905871499, -1.57019922069, -1.6972854675, -1.61138924653, 56.8255831378, 56.6464057531, 56.8100406834, 56.6183032697, 115.561727128, -2.06084527048, -2.31960477475, -41.2412696524,             0,             0,             0,             0,             0,             0,             0,             0,             0,             0, 118.874455737, 148.838813546, 122.203828827, 125.533201917, 128.862575007, 132.191948097, 135.521321187, 138.850694277, 142.180067367, 145.509440456,             1,             1,             1,             1,             1,             1,             1,             1,             1,             1, 119.856541181,           120, 0.721547503693,             0, 13.7885970717,  1.5485313907, 115.593323398, 112.684599345, 115.529189509, 112.624528028, 115.561727128, 118.891097534, 148.855431188,  122.22046794, 125.549838346, 128.879208752, 132.208579158, 135.537949564,  138.86731997, 142.196690376, 145.526060782, 115.594074426, 112.684949287, 118.891097534, 148.855431188,  122.22046794, 125.549838346, 128.879208752, 132.208579158, 135.537949564,  138.86731997, 142.196690376, 145.526060782, 115.529911131, 112.624903694, -1.99094969563,             0,             0,             0,             0,             0,             0,             0,             0,             0,             0, -4.05235632868, -2.29343995692, -4.31093228329, -2.32311334115, 4.32356688152,  4.4267285989, 2.65135316367, 2.75336858125,  3.4854077238, 3.50738748209,             0, 3.46772013769, 3.23832265289, 2.65986180273, 1.82775151034, 0.972258259845, 0.340042764227, 0.0461264872598,             0, 4.33416786603, 4.43546635452, 3.50738748209,             0, 3.46772013769, 3.23832265289, 2.65986180273, 1.82775151034, 0.972258259845, 0.340042764227, 0.0461264872598,             0, 2.66092599183, 2.76262869803,            -0,            -0,            -0,            -0, -0.00171117875826,             0,             0,             0,             0,             0,             0,             0,             0,             0,             0, 0.312293890017, 0.319012016186,             0,             0,             0,             0,             0,             0,             0,             0,             0,             0, 0.323974914497, 0.329443689576
          3.5, 3.13716807897, 2.54168058187, 3.41961956001, 2.60736556901, -12.9395173005,  2656.8933993, -0.645971854074,             0, 449.122910692, -30.5859925109, 487.038179916, -8.47743917441, -3842.45597606, -2430.19160182, -1880.89183349, -751.72267495, 5778.15260979, 4000.95886591, 2635.12390958, 1173.72921826,             0,             0,             0,             0,             0,             0,             0,             0,             0,             0,             0,             0,             0,             0,             0,             0,             0,             0,             0,             0, 3.51900876392, 3.46992035101, 0.0203941010434,            -0,            -0,            -0,            -0,            -0,            -0,            -0,            -0,            -0,            -0,            -0,            -0,            -0,            -0, -2.3320496528,             0,             0,             0,             0,             0,             0,             0,             0,             0,             0,             0,             0,             0,             0, -2.33204980062, -1.99394725236, -1.60594436022, -1.73726392007, -1.64146163123, 57.2372189757, 57.0559990758, 57.2204091424, 57.0232537026, 116.393906686, -2.03210773929, -2.2965416938, -40.5064816089,             0,             0,             0,             0,             0,             0,             0,             0,             0,             0, 119.706514235, 149.669766475, 123.035764484, 126.365014733, 129.694264982, 133.023515231,  136.35276548, 139.682015729, 143.011265977, 146.340516226,             1,             1,             1,             1,             1,             1,             1,             1,             1,             1, 119.852106051,           120, 0.728776578607,             0, 13.7880815074, 1.54852174045, 116.430218397, 113.522219299, 116.356687733, 113.452654355, 116.393906686, 119.723154726, 149.686387085, 123.052402766, 126.381650806, 129.710898846, 133.040146885, 136.369394925, 139.698642965, 143.027891005, 146.357139045, 116.431042514, 113.522628513, 119.723154726, 149.686387085, 123.052402766, 126.381650806, 129.710898846, 133.040146885, 136.369394925, 139.698642965, 143.027891005, 146.357139045, 116.357477938, 113.453092211, -2.31509910583,             0,             0,             0,             0,             0,             0,             0,             0,             0,             0, -4.34769293159, -2.62292979173, -4.61195511029, -2.65794823897, 4.30785500737, 4.42751637859, 2.63607048417,  2.7545937408, 3.46988025156, 3.50198258649,             0, 3.43821446988, 3.12515842053, 2.46960640291, 1.60487809704, 0.787378983977, 0.233008487883, 0.0196929489565,             0,  4.3186947278, 4.43644908709, 3.50198258649,             0, 3.43821446988, 3.12515842053, 2.46960640291, 1.60487809704, 0.787378983977, 0.233008487883, 0.0196929489565,             0, 2.64586623092, 2.76402555677,            -0,            -0,            -0,            -0, -0.0017075702199,             0,             0,             0,             0,             0,             0,             0,             0,             0,             0, 0.312250549386, 0.318945721993,             0,             0,             0,             0,             0,             0,             0,             0,             0,             0, 0.324018445971, 0.329485152984
        3.525, 3.14671831208,  2.5943838392, 3.43436532339, 2.66553597715, -12.8697132102, 2659.85342594, -0.649486525266,             0, 458.447281273,  -30.50041016, 495.484702503, -8.7528009675, -3850.97759732, -2472.71450643, -1875.02423788, -754.693971072, 5784.20550771,  4014.2264357, 2624.78841738, 1164.21971736,             0,             0,             0,             0,             0,             0,             0,             0,             0,             0,             0,             0,             0,             0,             0,             0,             0,             0,             0,             0, 3.51585809369, 3.45051798546, 0.0230580340932,            -0,            -0,            -0,            -0,            -0,            -0,            -0,            -0,            -0,            -0,            -0,            -0,            -0,            -0, -2.37770386323,             0,             0,             0,             0,             0,             0,             0,             0,             0,             0,             0,             0,             0,             0, -2.37770405588, -2.03628197464, -1.63890436184, -1.77499338203, -1.66891264387, 57.6488888019, 57.4655640116, 57.6309562298,  57.428181893, 117.225991664, -1.98788921602, -2.25720496745, -39.5640311692,             0,             0,             0,             0,             0,             0,             0,             0,             0,             0, 120.538502817, 150.500869515, 123.867654673, 127.196806528, 130.525958383, 133.855110238, 137.184262094, 140.513413949, 143.842565804, 147.171717659,             1,             1,             1,             1,             1,             1,             1,             1,             1,             1, 119.848552839,           120, 0.733748761337,             0, 13.7878484865, 1.54851737871, 117.266984718, 114.359815105, 117.184131845, 114.280792828, 117.225991664, 120.555141791, 150.517492935, 123.884291918, 127.213442045, 130.542592172, 133.871742299, 137.200892426, 140.530042554, 143.859192681, 147.188342808, 117.267880118, 114.360284829, 120.555141791, 150.517492935, 123.884291918, 127.213442045, 130.542592172, 133.871742299, 137.200892426, 140.530042554, 143.859192681, 147.188342808, 117.184988856, 114.281293825, -2.63821636675,             0,             0,             0,             0,             0,             0,             0,             0,             0,             0, -4.62650682277, -2.95097237584, -4.89566593242, -2.99119230338, 4.28820919379, 4.42431295989, 2.61689944372, 2.75187789467, 3.45044865737, 3.49553705646,             0, 3.39285943396, 2.98981245158, 2.26507034286,  1.3850746225, 0.619287193968, 0.149573208448, 0.00554057612119,             0, 4.29927393671, 4.43342499716, 3.49553705646,             0, 3.39285943396, 2.98981245158, 2.26507034286,  1.3850746225, 0.619287193968, 0.149573208448, 0.00554057612119,             0, 2.62690493441, 2.76146568011, -5.55111512313e-17,            -0,            -0, -5.55111512313e-17, -0.0016985722947,             0,             0,             0,             0,             0,             0,             0,             0,             0,             0, 0.312219860603, 0.31889103959,             0,             0,             0,             0,             0,             0,             0,             0,             0,             0, 0.324050450999, 0.329516059579
         3.55,  3.1408912645, 2.64034535384, 3.43285094146,  2.7164858426, -12.7445415179, 2661.30706427, -0.651376573102,             0, 464.682925097, -30.381353491, 501.203049823, -9.04930678683, -3848.04813886, -2503.82475888, -1869.07611031, -758.561072253, 5786.50512186,  4023.5678377, 2618.48302708, 1158.00875396,             0,             0,             0,             0,             0,             0,             0,             0,             0,             0,             0,             0,             0,             0,             0,             0,             0,             0,             0,             0, 3.51200171953, 3.42723467982, 0.0255588208685,            -0,            -0,            -0,            -0,            -0,            -0,            -0,            -0,            -0,            -0,            -0,            -0,            -0,            -0, -2.41919403273,             0,             0,             0,             0,             0,             0,             0,             0,             0,             0,             0,             0,             0,             0, -2.41919427358, -2.07559897304, -1.66858899006, -1.81002211385, -1.69349758598, 58.0605698232, 57.8750941468,  58.041643002, 57.8331009948, 118.057970873, -1.9298005297, -2.20323779334, -38.4124163167,             0,             0,             0,             0,             0,             0,             0,             0,             0,             0,  121.37040822, 151.332090581, 124.699484038, 128.028559855, 131.357635673, 134.686711491, 138.015787309, 141.344863127, 144.673938945, 148.003014763,             1,             1,             1,             1,             1,             1,             1,             1,             1,             1, 119.845802393,           120, 0.737115209067,             0, 13.7878495591, 1.54851739879, 118.103592452, 115.197349751, 118.011529132, 115.108947953, 118.057970873, 121.387045379, 151.348715931, 124.716119884,  128.04519439, 131.374268896, 134.703343402, 138.032417908, 141.361492414, 144.690566919, 148.019641425, 118.104556766,  115.19788057, 121.387045379, 151.348715931, 124.716119884,  128.04519439, 131.374268896, 134.703343402, 138.032417908, 141.361492414, 144.690566919, 148.019641425, 118.012450587, 115.109512422, -2.95888747108,             0,             0,             0,             0,             0,             0,             0,             0,             0,             0, -4.88899417013, -3.27618104613, -5.16229326722, -3.3213629661, 4.26463983933, 4.41705692063, 2.59384728627, 2.74515489067, 3.42712152019, 3.48548441997,             0, 3.32757272635, 2.83423318929, 2.04982908879, 1.17294298816, 0.46974761027, 0.0884293607777, 0.000330426789245,             0, 4.27591352104, 4.42633007617, 3.48548441997,             0, 3.32757272635, 2.83423318929, 2.04982908879, 1.17294298816, 0.46974761027, 0.0884293607777, 0.000330426789245,             0, 2.60404672882, 2.75488146672,            -0,            -0, -5.55111512313e-17, 5.55111512313e-17, -0.00168509325851,             0,             0,             0,             0,             0,             0,             0,             0,             0,             0, 0.312203594504, 0.318851428429,             0,             0,             0,             0,             0,             0,             0,             0,             0,             0, 0.324067766854, 0.329535074741
        3.575, 3.12065111652, 2.67888094193, 3.41605751057, 2.75968499217, -12.5682713135, 2662.01822742, -0.651991167561,             0, 468.727546133, -30.235289087, 504.843069793, -9.35753811866, -3834.23537686, -2527.22509553, -1863.55886217, -763.302760738, 5784.92449266, 4028.34847307, 2616.70295381, 1155.05929775,             0,             0,             0,             0,             0,             0,             0,             0,             0,             0,             0,             0,             0,             0,             0,             0,             0,             0,             0,             0, 3.50739508266, 3.40009056603, 0.0279301365733,            -0,            -0,            -0,            -0,            -0,            -0,            -0,            -0,            -0,            -0,            -0,            -0,            -0,            -0, -2.45614892741,             0,             0,             0,             0,             0,             0,             0,             0,             0,             0,             0,             0,             0,             0, -2.45614921942, -2.11146642088, -1.69484001216, -1.84194553548, -1.71495735693, 58.4722406357, 58.2845832895, 58.4524249725, 58.2380239778, 118.889832398, -1.8597004177, -2.13653340631, -37.0570053268,             0,             0,             0,             0,             0,             0,             0,             0,             0,             0, 122.202216243, 152.163394846, 125.531236088, 128.860255933, 132.189275778, 135.518295622, 138.847315467, 142.176335312, 145.505355157, 148.834375002,             1,             1,             1,             1,             1,             1,             1,             1,             1,             1, 119.843773924,           120, 0.739382845351,             0,   13.78803624, 1.54852089313, 118.940012731,  116.03478549, 118.838884495, 115.937120805, 118.889832398, 122.218851328, 152.180021701, 125.547870259, 128.876889189, 132.205908119, 135.534927049,  138.86394598,  142.19296491,  145.52198384, 148.851002771, 118.941043091, 116.035377369, 122.218851328, 152.180021701, 125.547870259, 128.876889189, 132.205908119, 135.534927049,  138.86394598,  142.19296491,  145.52198384, 148.851002771, 118.839867516, 115.937748438, -3.27579204759,             0,             0,             0,             0,             0,             0,             0,             0,             0,             0, -5.13569274766, -3.59708282799, -5.41240929766, -3.64711712293, 4.23716524304, 4.40569768786, 2.56692848522, 2.73437093478, 3.39991494873, 3.46776469613,             0, 3.23856255611,  2.6603704664, 1.82846740523, 0.972958844704, 0.340523326599, 0.0462776373849,             0,             0, 4.24862953885, 4.41511299676, 3.46776469613,             0, 3.23856255611,  2.6603704664, 1.82846740523, 0.972958844704, 0.340523326599, 0.0462776373849,             0,             0, 2.57730377451, 2.74421764768, -5.55111512313e-17,            -0,            -0,            -0, -0.00166843062061,             0,             0,             0,             0,             0,             0,             0,             0,             0,             0, 0.312202344044, 0.318829308968,             0,             0,             0,             0,             0,             0,             0,             0,             0,             0, 0.32406864923, 0.329542402974
          3.6, 3.08646072781, 2.70911113887, 3.38441433112, 2.79405332235, -12.3410881979, 2662.43060191, -0.651379490289,             0, 471.502422409, -30.0784480502, 507.153615612, -9.69823420025, -3810.00243442, -2543.89869072, -1857.91435086, -768.641516952, 5779.76835464, 4029.25593073, 2619.15621405, 1155.10888311,             0,             0,             0,             0,             0,             0,             0,             0,             0,             0,             0,             0,             0,             0,             0,             0,             0,             0,             0,             0, 3.50199370483, 3.36911149163, 0.0301811849245,            -0,            -0,            -0,            -0,            -0,            -0,            -0,            -0,            -0,            -0,            -0,            -0,            -0,            -0, -2.48839435042,             0,             0,             0,             0,             0,             0,             0,             0,             0,             0,             0,             0,             0,             0, -2.48839469588, -2.1436614386, -1.71765792047, -1.87058165745, -1.73319627019, 58.8838846945,  58.694025601, 58.8632664325, 58.6429633728, 119.721564402, -1.77898855728, -2.05847495426, -35.5122464041,             0,             0,             0,             0,             0,             0,             0,             0,             0,             0, 123.033915564, 152.994775711, 126.362900025, 129.691884486, 133.020868947, 136.349853407, 139.678837868, 143.007822329,  146.33680679, 149.665791251,             1,             1,             1,             1,             1,             1,             1,             1,             1,             1, 119.842491927,           120, 0.740968074561,             0, 13.7883931422, 1.54852757362, 119.776216702, 116.872083718, 119.666202774, 116.765310466, 119.721564402, 123.050548385, 153.011404236, 126.379532369, 129.708516352, 133.037500336, 136.366484319, 139.695468302, 143.024452286, 146.353436269, 149.682420253, 119.777309756, 116.872736062, 123.050548385, 153.011404236, 126.379532369, 129.708516352, 133.037500336, 136.366484319, 139.695468302, 143.024452286, 146.353436269, 149.682420253, 119.667244013, 116.766000319, -3.58765279691,             0,             0,             0,             0,             0,             0,             0,             0,             0,             0, -5.36672539198, -3.91240999806, -5.64612012183, -3.96699715714,  4.2058095707, 4.39019340034,  2.5361624716, 2.71947987121, 3.36885056256, 3.43829634755,             0, 3.12547562769, 2.47017291395, 1.60558497105, 0.787997910101, 0.233373029622, 0.0197747006905,             0,             0, 4.21744499361, 4.39973188436, 3.43829634755,             0, 3.12547562769, 2.47017291395, 1.60558497105, 0.787997910101, 0.233373029622, 0.0197747006905,             0,             0, 2.54669454816, 2.72942757213,            -0, -5.55111512313e-17, 5.55111512313e-17,            -0, -0.00164957080762,             0,             0,             0,             0,             0,             0,             0,             0,             0,             0, 0.312215052757, 0.318822142144,             0,             0,             0,             0,             0,             0,             0,             0,             0,             0, 0.32405425094, 0.329539060485
        3.625, 3.03740464615, 2.73022451525, 3.33706874597, 2.81877851994, -12.0616195916, 2662.74717932, -0.649248727229,             0, 473.610257998, -29.9155902748, 508.662689571, -10.0873049744, -3774.5860458, -2553.89625036, -1849.01834151, -774.331184782, 5771.48459267, 4027.18568644,  2625.1733098, 1157.91875564,             0,             0,             0,             0,             0,             0,             0,             0,             0,             0,             0,             0,             0,             0,             0,             0,             0,             0,             0,             0, 3.49555513933, 3.33432935297, 0.0322835174242,            -0,            -0,            -0,            -0,            -0,            -0,            -0,            -0,            -0,            -0,            -0,            -0,            -0,            -0, -2.51591423859,             0,             0,             0,             0,             0,             0,             0,             0,             0,             0,             0,             0,             0,             0, -2.51591463823, -2.17218531767, -1.73708883373, -1.89596919869, -1.74825155545, 59.2954880419, 59.1034156564, 59.2741433976, 59.0479319305, 120.553156092, -1.68744456967, -1.96890476085, -33.7772462216,             0,             0,             0,             0,             0,             0,             0,             0,             0,             0, 123.865498577, 153.826254518, 127.194471459, 130.523444342, 133.852417224, 137.181390106, 140.510362989, 143.839335871, 147.168308753, 150.497281635,             1,             1,             1,             1,             1,             1,             1,             1,             1,             1, 119.842077542,           120, 0.742156339095,             0, 13.7889389298, 1.54853778937, 120.612174328, 117.709205495, 120.493491945, 117.593515571, 120.553156092, 123.882129023, 153.842885404, 127.211101954, 130.540074886, 133.869047817, 137.198020748, 140.526993679,  143.85596661, 147.184939541, 150.513912473, 120.613326033, 117.709917154, 123.882129023, 153.842885404, 127.211101954, 130.540074886, 133.869047817, 137.198020748, 140.526993679,  143.85596661, 147.184939541, 150.513912473, 120.494587445, 117.594266147, -3.89318174238,             0,             0,             0,             0,             0,             0,             0,             0,             0,             0, -5.58058492722, -4.22085724651, -5.86198118217,  -4.279722669, 4.17060366837, 4.37050922475, 2.50157429125, 2.70044138258, 3.33395644227, 3.39300143616,             0, 2.99022252565, 2.26570786151, 1.38577690668, 0.619836797472, 0.149836480682, 0.00557605154751,             0,             0,    4.18239079,  4.3801521217, 3.39300143616,             0, 2.99022252565, 2.26570786151, 1.38577690668, 0.619836797472, 0.149836480682, 0.00557605154751,             0,             0, 2.51224446661,  2.7104712004, -5.55111512313e-17,            -0,            -0,            -0, -0.00162886709597,             0,             0,             0,             0,             0,             0,             0,             0,             0,             0, 0.312240083385, 0.318826602677,             0,             0,             0,             0,             0,             0,             0,             0,             0,             0, 0.324027090097, 0.329525949212
         3.65, 2.97404662985,  2.7414213649, 3.27455159398, 2.83297529988, -11.7237874823, 2663.01824191, -0.645067666019,             0, 475.088585331, -29.7246117575, 509.769361773, -10.5553370886, -3719.33570267, -2556.93224774, -1838.38718556, -780.417668357, 5759.96498174, 4022.39839174, 2634.54823288, 1163.74055729,             0,             0,             0,             0,             0,             0,             0,             0,             0,             0,             0,             0,             0,             0,             0,             0,             0,             0,             0,             0, 3.48552322841, 3.29578124111, 0.0341859435143,            -0,            -0,            -0,            -0,            -0,            -0,            -0,            -0,            -0,            -0,            -0,            -0,            -0,            -0, -2.53861978474,             0,             0,             0,             0,             0,             0,             0,             0,             0,             0,             0,             0,             0,             0, -2.53862023691, -2.19691428859, -1.75303522413, -1.9179990469, -1.76009530008,  59.707041838, 59.5127482686, 59.6850392815,  59.452943306, 121.384598647, -1.58588661478, -1.86861172941, -31.8665006771,             0,             0,             0,             0,             0,             0,             0,             0,             0,             0, 124.696961533, 154.657873618, 128.025951765, 131.354941996, 134.683932228,  138.01292246, 141.341912691, 144.670902923, 147.999893155, 151.328883386,             1,             1,             1,             1,             1,             1,             1,             1,             1,             1, 119.842717826,           120, 0.743095761115,             0,  13.789717731, 1.54855236597, 121.447857336, 118.546111107, 121.320761639, 118.421736219, 121.384598647, 124.713589567, 154.674507853, 128.042580488, 131.371571408, 134.700562329,  138.02955325,  141.35854417, 144.687535091, 148.016526011, 151.345516932, 121.449063114, 118.546880317, 124.713589567, 154.674507853, 128.042580488, 131.371571408, 134.700562329,  138.02955325,  141.35854417, 144.687535091, 148.016526011, 151.345516932, 121.321906927, 118.422545417, -4.19100293197,             0,             0,             0,             0,             0,             0,             0,             0,             0,             0, -5.77671646206, -4.52105310662, -6.05940777729, -4.58386977826, 4.13159109287, 4.34661857206, 2.46320082432, 2.67722222825,  3.2952725041, 3.32780567105,             0,  2.8347517961, 2.05053960414, 1.17363452152, 0.470228918935, 0.0886106401485, 0.000337220639208,             0,             0, 4.14350992033, 4.35634661114, 3.32780567105,             0,  2.8347517961, 2.05053960414, 1.17363452152, 0.470228918935, 0.0886106401485, 0.000337220639208,             0,             0,  2.4739898867, 2.68731515435,            -0,            -0, -5.55111512313e-17,            -0, -0.00160622059443,             0,             0,             0,             0,             0,             0,             0,             0,             0,             0, 0.312277894761, 0.318841753927,             0,             0,             0,             0,             0,             0,             0,             0,             0,             0, 0.323987980509, 0.329502150196
        3.675, 2.89727536923, 2.74174266928, 3.19780374109, 2.83559411484, -11.3232395859, 2663.21250413, -0.639397689654,             0, 476.583078577, -29.5340590857, 510.679212089, -11.1057111023, -3652.04366993, -2552.16953318, -1826.49071206, -787.220835675,  5744.4522937, 4014.32641033, 2647.78920273,  1173.3104906,             0,             0,             0,             0,             0,             0,             0,             0,             0,             0,             0,             0,             0,             0,             0,             0,             0,             0,             0,             0,  3.4678463157, 3.25351169064, 0.0358348147566,            -0,            -0,            -0,            -0,            -0,            -0,            -0,            -0,            -0,            -0,            -0,            -0,            -0,            -0, -2.55621172296,             0,             0,             0,             0,             0,             0,             0,             0,             0,             0,             0,             0,             0,             0, -2.55621222325, -2.21749089552, -1.76517024288, -1.93631458907, -1.76852779491, 60.1185418515, 59.9220179443, 60.0959406724, 59.8580129043, 122.215885927, -1.47578052656, -1.75912703923, -29.8054992018,             0,             0,             0,             0,             0,             0,             0,             0,             0,             0,  125.52830471, 155.489691526,  128.85734769, 132.186390669, 135.515433649, 138.844476629, 142.173519608, 145.502562588, 148.831605567, 152.160648547,             1,             1,             1,             1,             1,             1,             1,             1,             1,             1, 119.844646919,           120, 0.743842498583,             0, 13.7907864687,  1.5485723681, 122.283238531, 119.382759323, 122.148025355, 119.249975461, 122.215885927, 125.544930371, 155.506330373, 128.873974816, 132.203019261, 135.532063705,  138.86110815, 142.190152595, 145.519197039, 148.848241484, 152.177285929, 122.284493268, 119.383583574, 125.544930371, 155.506330373, 128.873974816, 132.203019261, 135.532063705,  138.86110815, 142.190152595, 145.519197039, 148.848241484, 152.177285929, 122.149215415, 119.250840462, -4.47958118771,             0,             0,             0,             0,             0,             0,             0,             0,             0,             0, -5.95505433651, -4.81146710384, -6.23839883427, -4.87783900247, 4.08883151401,  4.3185038223, 2.42109517908, 2.64979679727, 3.25285494173, 3.23892066679,             0, 2.66100938731, 1.82924166255, 0.973622718879, 0.340927804209, 0.0463919471096,             0,             0,             0, 4.10086030048, 4.32829605328, 3.23892066679,             0, 2.66100938731, 1.82924166255, 0.973622718879, 0.340927804209, 0.0463919471096,             0,             0,             0, 2.43198190572, 2.65993265939, -5.55111512313e-17,            -0, -5.55111512313e-17,            -0, -0.00158140780854,             0,             0,             0,             0,             0,             0,             0,             0,             0,             0, 0.31233141219, 0.318869785026,             0,             0,             0,             0,             0,             0,             0,             0,             0,             0, 0.323935117284, 0.329464964739
          3.7, 2.80752430892, 2.73015925496, 3.10713222563, 2.82553369885, -10.8598314998,  2663.2558725, -0.632228626318,             0, 477.901857494, -29.3517680401, 511.395290857, -11.7266710266, -3573.26085241, -2538.85246753, -1813.45040783, -794.684432147, 5724.55817528,  4002.5547089, 2665.18586472, 1186.87038104,             0,             0,             0,             0,             0,             0,             0,             0,             0,             0,             0,             0,             0,             0,             0,             0,             0,             0,             0,             0, 3.43845217491, 3.20756826174, 0.0371872296813,            -0,            -0,            -0,            -0,            -0,            -0,            -0,            -0,            -0,            -0,            -0,            -0,            -0,            -0, -2.56840545847,             0,             0,             0,             0,             0,             0,             0,             0,             0,             0,             0,             0,             0,             0, -2.56840599981, -2.23358260088, -1.77320854904, -1.95059805066, -1.77337984272,  60.529979523, 60.3312195646, 60.5068355106, 60.2631578717, 123.047014243, -1.35857124634, -1.64178261706, -27.6212742148,             0,             0,             0,             0,             0,             0,             0,             0,             0,             0, 126.359530749, 156.321768258,  129.68866825, 133.017805751, 136.346943252, 139.676080753, 143.005218254, 146.334355755, 149.663493256, 152.992630757,             1,             1,             1,             1,             1,             1,             1,             1,             1,             1, 119.848093466,           120, 0.744394193301,             0, 13.7921977562, 1.54859877931, 123.118292571,  120.21910923, 122.975299921, 120.078237842, 123.047014243, 126.376154107,  156.33841288, 129.705293971, 133.034433834, 136.363573698, 139.692713562, 143.021853425, 146.350993289, 149.680133153, 153.009273016, 123.119590634, 120.219985252, 126.376154107,  156.33841288, 129.705293971, 133.034433834, 136.363573698, 139.692713562, 143.021853425, 146.350993289, 149.680133153, 153.009273016, 122.976529191, 120.079155111, -4.75733841527,             0,             0,             0,             0,             0,             0,             0,             0,             0,             0, -6.11546904046, -5.09051642701, -6.39871097411, -5.15997283247,  4.0423954805, 4.28615584592,   2.375320056, 2.61814703681, 3.20677009108, 3.12598117872,             0,  2.4709389461, 1.60640404979, 0.788617045152, 0.233689633852, 0.0198366253346,             0,             0,             0,  4.0545108031, 4.29598985948, 3.12598117872,             0,  2.4709389461, 1.60640404979, 0.788617045152, 0.233689633852, 0.0198366253346,             0,             0,             0, 2.38628146604,  2.6283047446,            -0,            -0,            -0, 5.55111512313e-17, -0.00155424389463,             0,             0,             0,             0,             0,             0,             0,             0,             0,             0, 0.312402178606, 0.318912306455,             0,             0,             0,             0,             0,             0,             0,             0,             0,             0, 0.323867501758, 0.329413529718
        3.725,  2.7040116723, 2.70574017732, 3.00208042486, 2.80181663925, -10.3345648628, 2663.06606332, -0.623484150359,             0, 478.970508274, -29.1831223411, 511.832819538, -12.4089514021, -3483.18540834, -2516.54834488, -1798.86606212, -802.398691787, 5700.38396522, 3987.05362563, 2686.62910836,   1204.174138,             0,             0,             0,             0,             0,             0,             0,             0,             0,             0,             0,             0,             0,             0,             0,             0,             0,             0,             0,             0, 3.39327331794,  3.1579990959, 0.0382129040484,            -0,            -0,            -0,            -0,            -0,            -0,            -0,            -0,            -0,            -0,            -0,            -0,            -0,            -0, -2.57502165872,             0,             0,             0,             0,             0,             0,             0,             0,             0,             0,             0,             0,             0,             0, -2.5750222318, -2.24502304876, -1.7769911052, -1.96068350338, -1.77457227758, 60.9413447615, 60.7403488482, 60.9177114081, 60.6683966018, 123.877982142, -1.23448737975, -1.51713315746, -25.3215807235,             0,             0,             0,             0,             0,             0,             0,             0,             0,             0, 127.190643993, 157.154160742, 130.519923632, 133.849203271,  137.17848291, 140.507762548, 143.837042187, 147.166321826, 150.495601465, 153.824881104,             1,             1,             1,             1,             1,             1,             1,             1,             1,             1, 119.853267481,           120, 0.744705586245,             0, 13.7940002824, 1.54863250898,  123.95299526, 121.055121229,  123.80260533, 120.906528791, 123.877982142, 127.207265151, 157.170812236, 130.536548161,  133.86583117, 137.195114179, 140.524397189, 143.853680198, 147.182963208, 150.512246217, 153.841529227,  123.95433035, 121.056045048, 127.207265151, 157.170812236, 130.536548161,  133.86583117, 137.195114179, 140.524397189, 143.853680198, 147.182963208, 150.512246217, 153.841529227,  123.80386768, 120.907494138, -5.02270942815,             0,             0,             0,             0,             0,             0,             0,             0,             0,             0,  -6.256626562, -5.35662645141, -6.53933593145, -5.4286300414, 3.99236163838, 4.24957450655, 2.32594535107, 2.58226333099,  3.1570921781, 2.99089453471,             0, 2.26660086127, 1.38661539191, 0.620393303806, 0.150060926196, 0.00560127568995,             0,             0,             0, 4.00453924532, 4.25942709313, 2.99089453471,             0, 2.26660086127, 1.38661539191, 0.620393303806, 0.150060926196, 0.00560127568995,             0,             0,             0, 2.33695762881,  2.5924214606,            -0,            -0,            -0, -5.55111512313e-17, -0.00152467905186,             0,             0,             0,             0,             0,             0,             0,             0,             0,             0, 0.312489872465, 0.318969466014,             0,             0,             0,             0,             0,             0,             0,             0,             0,             0, 0.323785589911, 0.329348782093
         3.75, 2.58719956297, 2.66770181335, 2.88281878423,  2.7636285763, -9.7477217147,  2662.5699853, -0.612534969157,             0, 479.591911959, -29.0102941086, 511.075264827, -13.1521940623, -3380.67553312, -2485.01127801, -1775.86061186, -809.933696836, 5672.14207937, 3967.89722886, 2712.03037461, 1224.97550001,             0,             0,             0,             0,             0,             0,             0,             0,             0,             0,             0,             0,             0,             0,             0,             0,             0,             0,             0,             0, 3.32824687159, 3.10485390723, 0.0388882938145,            -0,            -0,            -0,            -0,            -0,            -0,            -0,            -0,            -0,            -0,            -0,            -0,            -0,            -0, -2.57593606135,             0,             0,             0,             0,             0,             0,             0,             0,             0,             0,             0,             0,             0,             0, -2.57593665508, -2.25164976181, -1.7764116233, -1.96642926653, -1.77205822126, 61.3526270318,   61.14940247,  61.328555323,  61.073748427, 124.708790483, -1.10474847658, -1.3860890456, -22.9229351936,             0,             0,             0,             0,             0,             0,             0,             0,             0,             0, 128.021650116, 157.986918401,  131.35112437, 134.680598624, 138.010072878, 141.339547132, 144.669021385, 147.998495639, 151.327969893, 154.657444147,             1,             1,             1,             1,             1,             1,             1,             1,             1,             1, 119.860342376,           120, 0.744711050873,             0, 13.7962357894, 1.54867433568, 124.787326288, 121.890757619, 124.629962922, 121.734854752, 124.708790483, 128.038269182, 158.003577466,  131.36774788, 134.697226578, 138.026705276, 141.356183975, 144.685662673, 148.015141371, 151.344620069, 154.674098768, 124.788691692,   121.8917246, 128.038269182, 158.003577466,  131.36774788, 134.697226578, 138.026705276, 141.356183975, 144.685662673, 148.015141371, 151.344620069, 154.674098768, 124.631251781,  121.73586338, -5.27415659924,             0,             0,             0,             0,             0,             0,             0,             0,             0,             0, -6.37821199435, -5.60825224735, -6.65964874255, -5.68221165528, 3.93881776109, 4.20877017407, 2.27304990018, 2.54214619368, 3.10390409845, 2.83560677842,             0, 2.05154660664,  1.1744641602, 0.470707663193, 0.0887559342824, 0.000341453704006,             0,             0,             0, 3.95103254023, 4.21861760313, 2.83560677842,             0, 2.05154660664,  1.1744641602, 0.470707663193, 0.0887559342824, 0.000341453704006,             0,             0,             0, 2.28408852341, 2.55228318261,            -0,            -0,            -0, -5.55111512313e-17, -0.00149282177285,             0,             0,             0,             0,             0,             0,             0,             0,             0,             0, 0.312593752306, 0.319041010823,             0,             0,             0,             0,             0,             0,             0,             0,             0,             0, 0.323689751684, 0.329271649606
        3.775, 2.46072332549, 2.61533226957,  2.7531918432, 2.71019272335, -9.0905669862, 2661.73112477, -0.598801901075,             0, 479.823352822, -28.7825374858, 509.378744632, -13.9923540348, -3254.53649511, -2443.67225158, -1748.09808647, -817.302388795, 5639.28160115, 3944.44384875, 2742.25417652, 1249.76240258,             0,             0,             0,             0,             0,             0,             0,             0,             0,             0,             0,             0,             0,             0,             0,             0,             0,             0,             0,             0, 3.23958828147, 3.04819480686, 0.0391917818906,            -0,            -0,            -0,            -0,            -0,            -0,            -0,            -0,            -0,            -0,            -0,            -0,            -0,            -0, -2.57080378352,             0,             0,             0,             0,             0,             0,             0,             0,             0,             0,             0,             0,             0,             0, -2.57080438535, -2.25296338023, -1.77114531054, -1.96731600389, -1.76559830201, 61.7638177436, 61.5583771868, 61.7393703822,  61.479233795, 125.539443008, -0.972939125839, -1.25246280302, -20.465669182,             0,             0,             0,             0,             0,             0,             0,             0,             0,             0, 128.852554928, 158.820066294, 132.182278413, 135.512001898, 138.841725383, 142.171448868, 145.501172353, 148.830895838, 152.160619323, 155.490342809,             1,             1,             1,             1,             1,             1,             1,             1,             1,             1, 119.869395527,           120, 0.744296617047,             0, 13.7989241516,  1.5487246279, 125.621269472, 122.725980713, 125.457394166, 122.563225143, 125.539443008, 128.869172068, 158.836733612, 132.198901129, 135.528630189,  138.85835925,  142.18808831, 145.517817371, 148.847546431, 152.177275492, 155.507004552,  125.62265839, 122.726985448, 128.869172068, 158.836733612, 132.198901129, 135.528630189,  138.85835925,  142.18808831, 145.517817371, 148.847546431, 152.177275492, 155.507004552, 125.458702842, 122.564271535, -5.51003803868,             0,             0,             0,             0,             0,             0,             0,             0,             0,             0, -6.48217301118, -5.84373978102, -6.76182379631, -5.91900849028, 3.88187024669, 4.16376604388, 2.21673088698, 2.49780814257, 3.04730634726, 2.66206186032,             0, 1.83034535122, 0.974419024002, 0.341319851719, 0.046475966284,             0,             0,             0,             0, 3.89409443856, 4.17358293404, 2.66206186032,             0, 1.83034535122, 0.974419024002, 0.341319851719, 0.046475966284,             0,             0,             0,             0,  2.2277683244, 2.50790111548,            -0,            -0, 5.55111512313e-17, 5.55111512313e-17, -0.00145899412053,             0,             0,             0,             0,             0,             0,             0,             0,             0,             0, 0.312715989377, 0.319129389753,             0,             0,             0,             0,             0,             0,             0,             0,             0,             0, 0.323576870738, 0.329180351538
          3.8, 2.32353557132, 2.54802614569, 2.61214336395, 2.64084070999, -8.36771627479, 2660.53690013, -0.582801056632,             0, 479.968760165, -28.5781348369, 507.659360732, -14.8837922991, -3116.36159143, -2384.50231651, -1718.79578392, -824.851029673, 5600.53187197, 3915.15462323, 2778.29801255, 1279.62160724,             0,             0,             0,             0,             0,             0,             0,             0,             0,             0,             0,             0,             0,             0,             0,             0,             0,             0,             0,             0, 3.12690913756,  2.9881158437, 0.0390959231831,            -0,            -0,            -0,            -0,            -0,            -0,            -0,            -0,            -0,            -0,            -0,            -0,            -0,            -0, -2.5590343257,             0,             0,             0,             0,             0,             0,             0,             0,             0,             0,             0,             0,             0,             0, -2.55903492185, -2.24840463351, -1.76039751418, -1.96284748137, -1.75476188439, 62.1749067884,  61.967269179, 62.1501653321, 61.8848749069, 126.369946796, -0.839003798578, -1.11619077313, -17.9832436435,             0,             0,             0,             0,             0,             0,             0,             0,             0,             0, 129.683369892, 159.653655854, 133.013401666, 136.343433439, 139.673465213, 143.003496986,  146.33352876, 149.663560534, 152.993592307, 156.323624081,             1,             1,             1,             1,             1,             1,             1,             1,             1,             1, 119.880588886,           120, 0.743444235398,             0, 13.8021106874, 1.54878422906, 126.454806214, 123.560753494, 126.284931111, 123.391652864, 126.369946796, 129.699985362, 159.670332459, 133.030023928, 136.360062495, 139.690101061, 143.020139627, 146.350178193,  149.68021676, 153.010255326, 156.340293892, 126.456210969, 123.561789537, 129.699985362, 159.670332459, 133.030023928, 136.360062495, 139.690101061, 143.020139627, 146.350178193,  149.68021676, 153.010255326, 156.340293892,  126.28625207, 123.392730659, -5.7286038145,             0,             0,             0,             0,             0,             0,             0,             0,             0,             0, -6.56670675526, -6.06132992084, -6.84404958554, -6.13718132763, 3.82164405059,  4.1146015776, 2.15710279463, 2.44927553045, 2.98741921183, 2.47220044914,             0, 1.60758203163, 0.789364207311, 0.233990131933, 0.0198775268775,             0,             0,             0,             0, 3.83384709715, 4.12435839068, 2.47220044914,             0, 1.60758203163, 0.789364207311, 0.233990131933, 0.0198775268775,             0,             0,             0,             0, 2.16810871277, 2.45929915193,            -0,            -0,            -0,            -0, -0.00142368906916,             0,             0,             0,             0,             0,             0,             0,             0,             0,             0, 0.312861444492, 0.319240471829,             0,             0,             0,             0,             0,             0,             0,             0,             0,             0, 0.323443323586, 0.329070902083
        3.825,  2.1763850007, 2.46576599157, 2.46032241948, 2.55551542484, -7.58694699412, 2658.94701512, -0.563956851722,             0, 479.460747497, -28.3471408735, 505.013610713, -15.8108612193, -2963.58684461, -2311.33874805, -1680.54177968, -830.749345934,  5554.8526499, 3879.19140922, 2820.89382812, 1315.45837268,             0,             0,             0,             0,             0,             0,             0,             0,             0,             0,             0,             0,             0,             0,             0,             0,             0,             0,             0,             0,  2.9921113217, 2.92473507032, 0.0385599918808,            -0,            -0,            -0,            -0,            -0,            -0,            -0,            -0,            -0,            -0,            -0,            -0,            -0,            -0, -2.54007975971,             0,             0,             0,             0,             0,             0,             0,             0,             0,             0,             0,             0,             0,             0, -2.54008033532, -2.2373882572, -1.74378964999, -1.9525080924, -1.73912070767, 62.5858775683, 62.3760764369, 62.5609300768, 62.2906942503, 127.200311693, -0.704317238474, -0.978508254652, -15.4866788863,             0,             0,             0,             0,             0,             0,             0,             0,             0,             0,  130.51410724,  160.48772129, 133.844508801, 137.174910362, 140.505311923, 143.835713484, 147.166115046, 150.496516607, 153.826918168, 157.157319729,             1,             1,             1,             1,             1,             1,             1,             1,             1,             1, 119.894006006,           120, 0.742148710881,             0, 13.8058299142, 1.54885377921, 127.287925545, 124.395045237,  127.11260319, 124.220150845, 127.200311693, 130.530721278, 160.504407541, 133.861130863, 137.191540447, 140.521950032, 143.852359617, 147.182769202, 150.513178787, 153.843588372, 157.173997957, 127.289337957, 124.396105371, 130.530721278, 160.504407541, 133.861130863, 137.191540447, 140.521950032, 143.852359617, 147.182769202, 150.513178787, 153.843588372, 157.173997957, 127.113928387, 124.221252891, -5.92833074168,             0,             0,             0,             0,             0,             0,             0,             0,             0,             0, -6.63166901566, -6.25947636996, -6.90604143956, -6.33505260855, 3.75827458948, 4.06133510194, 2.09429112468, 2.39659657898, 2.92437279576,  2.2680758583,             0, 1.38784082929, 0.621077859205, 0.15027266263, 0.00561587548903,             0,             0,             0,             0, 3.77042289286, 4.07100034845,  2.2680758583,             0, 1.38784082929, 0.621077859205, 0.15027266263, 0.00561587548903,             0,             0,             0,             0, 2.10523228707,  2.4065231002,            -0, 5.55111512313e-17,            -0,            -0, -0.00138747117724,             0,             0,             0,             0,             0,             0,             0,             0,             0,             0, 0.313034115429, 0.319377431398,             0,             0,             0,             0,             0,             0,             0,             0,             0,             0, 0.32328647133, 0.328939984264
         3.85, 2.02471405647, 2.36832532237, 2.30307912261, 2.45408605815, -6.74628183721, 2656.93533354, -0.541617782598,             0,  478.12431742, -28.0462204305,  501.61977195, -16.8153422359, -2782.90107753, -2226.07242165,  -1636.192825, -834.438892551, 5501.53615942,  3836.5770905, 2871.33004713, 1358.18253308,             0,             0,             0,             0,             0,             0,             0,             0,             0,             0,             0,             0,             0,             0,             0,             0,             0,             0,             0,             0,  2.8371362655, 2.85819403935, 0.0375446046522,            -0,            -0,            -0,            -0,            -0,            -0,            -0,            -0,            -0,            -0,            -0,            -0,            -0,            -0, -2.51337011259,             0,             0,             0,             0,             0,             0,             0,             0,             0,             0,             0,             0,             0,             0, -2.51337065254, -2.21911312861, -1.7209727756, -1.93552693146, -1.71826829269, 62.9967174263, 62.7847978183, 62.9716545109, 62.6967137742, 128.030550441, -0.574255740012, -0.844691859572, -13.0045925356,             0,             0,             0,             0,             0,             0,             0,             0,             0,             0, 131.344779309, 161.322271856, 134.675611814, 138.006444319, 141.337276824,  144.66810933, 147.998941835,  151.32977434, 154.660606845,  157.99143935,             1,             1,             1,             1,             1,             1,             1,             1,             1,             1, 119.909631706,           120, 0.74035347942,             0, 13.8100937715, 1.54893349483, 128.120624922, 125.228828907, 127.940435885, 125.048734139, 128.030550441, 131.361392178, 161.338967807, 134.692233915, 138.023075651, 141.353917388, 144.684759124, 148.015600861, 151.346442598, 154.677284334, 158.008126071, 128.122037069, 125.229905203, 131.361392178, 161.338967807, 134.692233915, 138.023075651, 141.353917388, 144.684759124, 148.015600861, 151.346442598, 154.677284334, 158.008126071, 127.941757419, 125.049852575, -6.10775935661,             0,             0,             0,             0,             0,             0,             0,             0,             0,             0, -6.68098369124, -6.4366610757, -6.95162167967, -6.51117767611, 3.69191528981, 4.00404528469,  2.0284402281, 2.33983963879, 2.85831425527, 2.05322021888,             0, 1.17570625942, 0.471318148339, 0.0888956100725, 0.000343506594265,             0,             0,             0,             0, 3.70397085566, 4.01358556726, 2.05322021888,             0, 1.17570625942, 0.471318148339, 0.0888956100725, 0.000343506594265,             0,             0,             0,             0, 2.03927891243, 2.34963903219, 5.55111512313e-17, 5.55111512313e-17,            -0, 5.55111512313e-17, -0.0013511566251,             0,             0,             0,             0,             0,             0,             0,             0,             0,             0, 0.313236793376, 0.319540215073,             0,             0,             0,             0,             0,             0,             0,             0,             0,             0, 0.323101636066, 0.328784250539
        3.875, 1.86594993683, 2.25506975109, 2.13790101092, 2.33581244929, -5.84451508639, 2652.53486832, -0.517321432767,             0, 474.170689048, -27.6903787039, 496.651930059, -17.8737051116, -2590.22515833, -2128.95300086, -1590.06752335, -836.76743226, 5440.24243259, 3787.08714832, 2929.85357415, 1407.77718118,             0,             0,             0,             0,             0,             0,             0,             0,             0,             0,             0,             0,             0,             0,             0,             0,             0,             0,             0,             0, 2.66392179483,  2.7886626403, 0.0360321141985,            -0,            -0,            -0,            -0,            -0,            -0,            -0,            -0,            -0,            -0,            -0,            -0,            -0,            -0, -2.47831933382,             0,             0,             0,             0,             0,             0,             0,             0,             0,             0,             0,             0,             0,             0, -2.4783198242, -2.19315053032, -1.6915287437, -1.91157592462, -1.69190141624, 63.4074313259, 63.1934315273,   63.38233033, 63.1029558592, 128.860678535, -0.446776198922, -0.7127523052, -10.5766451224,             0,             0,             0,             0,             0,             0,             0,             0,             0,             0, 132.175397292, 162.157280322, 135.506717629, 138.838037965, 142.169358302, 145.500678639, 148.831998976, 152.163319312, 155.494639649, 158.825959986,             1,             1,             1,             1,             1,             1,             1,             1,             1,             1,  119.92730625,           120, 0.735801882161,             0, 13.8148631493, 1.54902263719, 128.952894844, 126.062078846, 128.768469338,  125.87742147, 128.860678535, 132.192009171, 162.173984901, 135.523339808, 138.854670445, 142.186001081, 145.517331718, 148.848662355, 152.179992991, 155.511323628, 158.842654264, 128.954297755,  126.06316266, 132.192009171, 162.173984901, 135.523339808, 138.854670445, 142.186001081, 145.517331718, 148.848662355, 152.179992991, 155.511323628, 158.842654264,  128.76977843, 125.878547816, -6.26534503429,             0,             0,             0,             0,             0,             0,             0,             0,             0,             0, -6.71106334412, -6.59128006754,   -6.97725676, -6.66381780459, 3.62273888526, 3.94282837335, 1.95971169939, 2.27908923164, 2.78941217607, 1.83219235837,             0, 0.975646476857, 0.341846327068, 0.0465610175226,             0,             0,             0,             0,             0, 3.63466143382, 3.95220800557, 1.83219235837,             0, 0.975646476857, 0.341846327068, 0.0465610175226,             0,             0,             0,             0,             0, 1.97040849613, 2.28872990217,            -0,            -0,            -0,            -0, -0.00131598663276,             0,             0,             0,             0,             0,             0,             0,             0,             0,             0, 0.313470801747, 0.31972969018,             0,             0,             0,             0,             0,             0,             0,             0,             0,             0, 0.322887922374, 0.328603780592
          3.9, 1.70321377577, 2.12565344619, 1.96794301492, 2.20032579409, -4.89011123026, 2644.02341222, -0.490086018594,             0, 465.662603849, -27.1701099318, 484.607559242, -18.8921460542, -2393.56549569, -2015.50436965, -1526.92224363, -835.825969049, 5372.32158842, 3731.39416326, 2995.67307736, 1462.52467408,             0,             0,             0,             0,             0,             0,             0,             0,             0,             0,             0,             0,             0,             0,             0,             0,             0,             0,             0,             0, 2.47440287486, 2.71632587942, 0.0340558120733,            -0,            -0,            -0,            -0,            -0,            -0,            -0,            -0,            -0,            -0,            -0,            -0,            -0,            -0, -2.43477444901,             0,             0,             0,             0,             0,             0,             0,             0,             0,             0,             0,             0,             0,             0, -2.43477487937, -2.15918634234, -1.65530682038, -1.88041418651, -1.66002604668, 63.8180198037, 63.6019753704, 63.7929279329, 63.5094424791, 129.690711262, -0.326010429987, -0.586790117577, -8.23364355008,             0,             0,             0,             0,             0,             0,             0,             0,             0,             0, 133.005965096,  162.99264787, 136.337818738, 139.669672379, 143.001526021, 146.333379662, 149.665233304, 152.997086945, 156.328940587, 159.660794228,             1,             1,             1,             1,             1,             1,             1,             1,             1,             1, 119.946603757,           120, 0.72707138618,             0, 13.8200109793, 1.54911882426, 129.784734682, 126.894772555, 129.596732968,   126.7062312, 129.690711262, 133.022575837, 163.009357015, 136.354440412, 139.686304988, 143.018169563, 146.350034138, 149.681898714, 153.013763289, 156.345627864,  159.67749244, 129.786119773, 126.895854785, 133.022575837, 163.009357015, 136.354440412, 139.686304988, 143.018169563, 146.350034138, 149.681898714, 153.013763289, 156.345627864,  159.67749244, 129.598021283,  126.70735669, -6.39966312695,             0,             0,             0,             0,             0,             0,             0,             0,             0,             0, -6.72461744926, -6.72185894575, -6.98562386578, -6.7913840755, 3.55092692418, 3.87779515429, 1.88827886689, 2.21444462764, 2.71784285753, 1.60957177139,             0, 0.790561174315, 0.234427187238, 0.0199246091397,             0,             0,             0,             0,             0,  3.5626740782, 3.88697751082, 1.60957177139,             0, 0.790561174315, 0.234427187238, 0.0199246091397,             0,             0,             0,             0,             0, 1.89879316471,  2.2238953593,            -0,            -0,            -0,            -0, -0.00128384734552,             0,             0,             0,             0,             0,             0,             0,             0,             0,             0, 0.313731119009, 0.319943318395,             0,             0,             0,             0,             0,             0,             0,             0,             0,             0, 0.322648272837, 0.32840493366
        3.925, 1.54120697956, 1.98224773412, 1.79765584751,  2.0500268384, -3.90672144103, 2633.12501875, -0.458658063016,             0, 451.894880441, -26.5792898485,  466.13409077, -19.6269848834, -2173.30071575, -1881.43897751, -1460.84529718, -823.921705592, 5299.01292098, 3668.69739281, 3068.51752739,   1521.284718,             0,             0,             0,             0,             0,             0,             0,             0,             0,             0,             0,             0,             0,             0,             0,             0,             0,             0,             0,             0, 2.27062130142, 2.64138924219, 0.0317155929081,            -0,            -0,            -0,            -0,            -0,            -0,            -0,            -0,            -0,            -0,            -0,            -0,            -0,            -0, -2.3825525822,             0,             0,             0,             0,             0,             0,             0,             0,             0,             0,             0,             0,             0,             0, -2.38255294742, -2.11683729833, -1.61202458673, -1.84175940188, -1.62237412037, 64.2284497166, 64.0104254201, 64.2034527917, 63.9161919308, 130.520660735, -0.216597681373, -0.471166264439, -5.97317114763,             0,             0,             0,             0,             0,             0,             0,             0,             0,             0, 133.836466836,  163.82810586, 137.168871172, 140.501275508, 143.833679844,  147.16608418, 150.498488516, 153.830892852, 157.163297188, 160.495701524,             1,             1,             1,             1,             1,             1,             1,             1,             1,             1, 119.966506816,           120, 0.71510284015,             0, 13.8252328854, 1.54921636495, 130.616147127, 127.726893307,  130.42524793, 127.535176893, 130.520660735, 133.853076157, 163.844814948, 137.185491578, 140.517906999,  143.85032242, 147.182737842, 150.515153263, 153.847568684, 157.179984106, 160.512399527,  130.61750637, 127.727964488, 133.853076157, 163.844814948, 137.185491578, 140.517906999,  143.85032242, 147.182737842, 150.515153263, 153.847568684, 157.179984106, 160.512399527, 130.426507704, 127.536292477, -6.50965615939,             0,             0,             0,             0,             0,             0,             0,             0,             0,             0, -6.72522715384, -6.8273209394, -6.98002514229, -6.89288216009, 3.47667389822, 3.80908682489, 1.81432738145, 2.14603872601, 2.64379518256, 1.38994137159,             0, 0.62223731233, 0.150622904419, 0.00563844229275,             0,             0,             0,             0,             0, 3.48820077605,  3.8180337288, 1.38994137159,             0, 0.62223731233, 0.150622904419, 0.00563844229275,             0,             0,             0,             0,             0, 1.82461706936, 2.15526703289, -5.55111512313e-17,            -0,            -0,            -0, -0.0012580431148,             0,             0,             0,             0,             0,             0,             0,             0,             0,             0, 0.31401312927, 0.320184062216,             0,             0,             0,             0,             0,             0,             0,             0,             0,             0, 0.322383678731, 0.32819195118
         3.95, 1.37403756963, 1.82641144345, 1.62124080299, 1.88651114301, -2.91257963807, 2621.09710887, -0.425482853725,             0, 434.859706787, -25.923325947, 444.984505699, -20.1238684643, -1951.33044888, -1740.58584827, -1385.78217069, -805.234591099, 5220.00128459, 3598.14071714, 3148.56094416, 1585.01421168,             0,             0,             0,             0,             0,             0,             0,             0,             0,             0,             0,             0,             0,             0,             0,             0,             0,             0,             0,             0, 2.05607797628, 2.56408964555, 0.0291221900883,            -0,            -0,            -0,            -0,            -0,            -0,            -0,            -0,            -0,            -0,            -0,            -0,            -0,            -0, -2.32103729894,             0,             0,             0,             0,             0,             0,             0,             0,             0,             0,             0,             0,             0,             0, -2.32103759892, -2.06584902071, -1.56167977994, -1.79550424309, -1.57855078114, 64.6386910692, 64.4187797098, 64.6139293386, 64.3232127772, 131.350536387, -0.112491646833, -0.359870185999, -3.79902138024,             0,             0,             0,             0,             0,             0,             0,             0,             0,             0, 134.666895562, 164.663499755, 137.999851583, 141.332807605, 144.665763626, 147.998719648, 151.331675669,  154.66463169, 157.997587712, 161.330543733,             1,             1,             1,             1,             1,             1,             1,             1,             1,             1,  119.98642788,           120, 0.70079611903,             0, 13.8303789109, 1.54931245821, 131.447128907, 128.558434246, 131.254039387, 128.364265386, 131.350536387, 134.683503333, 164.680205847, 138.016470279, 141.349437225, 144.682404171, 148.015371117, 151.348338063, 154.681305009, 158.014271955, 161.347238901, 131.448452966, 128.559484918, 134.683503333, 164.680205847, 138.016470279, 141.349437225, 144.682404171, 148.015371117, 151.348338063, 154.681305009, 158.014271955, 161.347238901, 131.255261842, 128.365361777, -6.59487757088,             0,             0,             0,             0,             0,             0,             0,             0,             0,             0, -6.70639079287, -6.90713665924, -6.95399649494, -6.96772223981, 3.40018476265, 3.73688503323, 1.73805523842, 2.07405008325, 2.56747353081, 1.17787935308,             0, 0.472430131666, 0.0891721108715, 0.000348888348948,             0,             0,             0,             0,             0, 3.41144510473,  3.7455582574, 1.17787935308,             0, 0.472430131666, 0.0891721108715, 0.000348888348948,             0,             0,             0,             0,             0, 1.74807785775, 2.08302125257,            -0,            -0, -5.55111512313e-17,            -0, -0.00124270131056,             0,             0,             0,             0,             0,             0,             0,             0,             0,             0, 0.314317961845, 0.320455029634,             0,             0,             0,             0,             0,             0,             0,             0,             0,             0, 0.32209341979, 0.327961258572
        3.975,  1.2053366134, 1.65883226319,  1.4422698882, 1.71063274561, -1.91671817297, 2608.70219377, -0.389973207206,             0, 415.497650995, -25.1632769107, 421.657188269, -20.6204301661, -1723.67657301, -1591.67915504, -1301.47931139, -777.042124387, 5135.94108003, 3521.29191357, 3235.02345477, 1652.93742533,             0,             0,             0,             0,             0,             0,             0,             0,             0,             0,             0,             0,             0,             0,             0,             0,             0,             0,             0,             0, 1.83531763492, 2.48468132374, 0.0263260736345,            -0,            -0,            -0,            -0,            -0,            -0,            -0,            -0,            -0,            -0,            -0,            -0,            -0,            -0,  -2.249934573,             0,             0,             0,             0,             0,             0,             0,             0,             0,             0,             0,             0,             0,             0, -2.24993481062, -2.00578610267, -1.50421916792, -1.74134259715, -1.52840227325, 65.0487201683, 64.8270368881, 65.0243438996, 64.7305053886,  132.18034651, -0.0173130352229, -0.256418352079, -1.72722008824,             0,             0,             0,             0,             0,             0,             0,             0,             0,             0, 135.497242392, 165.498665787,  138.83073388, 142.164225368, 145.497716857, 148.831208345, 152.164699833, 155.498191322,  158.83168281, 162.165174299,             1,             1,             1,             1,             1,             1,             1,             1,             1,             1, 120.005750433,           120, 0.684838662752,             0,  13.835286265, 1.54940406695, 132.277690442,  129.38939453, 132.083112872, 129.193501162,  132.18034651, 135.513848453, 165.515365943, 138.847350397,  142.18085234, 145.514354283, 148.847856227,  152.18135817, 155.514860113, 158.848362057,    162.181864, 132.278970651, 129.390415324, 135.513848453, 165.515365943, 138.847350397,  142.18085234, 145.514354283, 148.847856227,  152.18135817, 155.514860113, 158.848362057,    162.181864, 132.084289971,  129.19456919, -6.65516475389,             0,             0,             0,             0,             0,             0,             0,             0,             0,             0, -6.67156625921, -6.96104323992, -6.91089113276, -7.01578195014, 3.32167064421, 3.66139199053, 1.65967006026, 1.99867721659, 2.48908665281, 0.97785014531,             0, 0.342892347328, 0.0467712430125,             0,             0,             0,             0,             0,             0, 3.33261541972, 3.66975268189, 0.97785014531,             0, 0.342892347328, 0.0467712430125,             0,             0,             0,             0,             0,             0, 1.66938159715, 2.00735584934, -5.55111512313e-17,            -0, -5.55111512313e-17,            -0, -0.00124129195763,             0,             0,             0,             0,             0,             0,             0,             0,             0,             0, 0.314643139931, 0.320750280699,             0,             0,             0,             0,             0,             0,             0,             0,             0,             0, 0.321780348144, 0.327715688788
            4, 1.03630799703, 1.48323611473, 1.26183689656, 1.52604400005, -0.944105743463, 2596.49566757, -0.350090701354,             0, 395.647779137, -24.3159860771,  397.74887067, -20.8710772828, -1486.50880532, -1423.25328216, -1200.43501698, -733.880380058, 5047.18813813, 3438.52345186, 3326.62428864, 1725.78051052,             0,             0,             0,             0,             0,             0,             0,             0,             0,             0,             0,             0,             0,             0,             0,             0,             0,             0,             0,             0, 1.61290546095, 2.40343132548, 0.0233285377253,            -0,            -0,            -0,            -0,            -0,            -0,            -0,            -0,            -0,            -0,            -0,            -0,            -0,            -0, -2.16893638038,             0,             0,             0,             0,             0,             0,             0,             0,             0,             0,             0,             0,             0,             0, -2.16893656025, -1.9363973038, -1.43902523593, -1.67916196239, -1.47158995986,  65.458519694, 65.2351969677, 65.4346863734, 65.1380685746, 133.010099006, 0.0690411503998, -0.160520100927, 0.239999935389,             0,             0,             0,             0,             0,             0,             0,             0,             0,             0, 136.327503537, 166.333495242, 139.661502615, 142.995501694, 146.329500772,  149.66349985, 152.997498929, 156.331498007, 159.665497086, 162.999496164,             1,             1,             1,             1,             1,             1,             1,             1,             1,             1, 120.024061968,           120, 0.667730689238,             0, 13.8398819645, 1.54948983327, 133.107843074, 130.219783512, 132.912473234, 130.022886822, 133.010099006, 136.344107891, 166.350187857, 139.678116776, 143.012125661, 146.346134547, 149.680143432, 153.014152317, 156.348161202, 159.682170087, 163.016178972, 133.109070956, 130.220764962, 136.344107891, 166.350187857, 139.678116776, 143.012125661, 146.346134547, 149.680143432, 153.014152317, 156.348161202, 159.682170087, 163.016178972, 132.913597271, 130.023917431, -6.69075406443,             0,             0,             0,             0,             0,             0,             0,             0,             0,             0, -6.6208853047, -6.98930405372, -6.85065338413, -7.03721812201, 3.24134978281, 3.58284056895, 1.57938798474,  1.9201499764, 2.40885214906, 0.792763013964,             0, 0.23537161439, 0.0200694835157,             0,             0,             0,             0,             0,             0, 3.25192828271, 3.59084619547, 0.792763013964,             0, 0.23537161439, 0.0200694835157,             0,             0,             0,             0,             0,             0, 1.58874408308, 1.92849877462,            -0,            -0,            -0,            -0, -0.00125680651701,             0,             0,             0,             0,             0,             0,             0,             0,             0,             0, 0.31498723295, 0.321068397048,             0,             0,             0,             0,             0,             0,             0,             0,             0,             0, 0.321449127911, 0.327452485092
        4.025, 0.868243889365, 1.30267636565, 1.08139101189, 1.33567583197, -0.0112003651141, 2584.89965452, -0.30824078297,             0, 372.657193055, -23.3640045537, 374.068913389, -21.0314892316, -1253.98342378, -1250.54371168, -1077.26389553, -685.030734298, 4951.72384359, 3348.47435856, 3424.93941901, 1805.22997719,             0,             0,             0,             0,             0,             0,             0,             0,             0,             0,             0,             0,             0,             0,             0,             0,             0,             0,             0,             0, 1.39340420713, 2.32062605481, 0.0200873379674,            -0,            -0,            -0,            -0,            -0,            -0,            -0,            -0,            -0,            -0,            -0,            -0,            -0,            -0, -2.07706481521,             0,             0,             0,             0,             0,             0,             0,             0,             0,             0,             0,             0,             0,             0, -2.07706494292, -1.85680866238, -1.36566584013, -1.60815689862, -1.40775141481, 65.8681001238, 65.6432631773, 65.8449437925, 65.5458956851, 133.839803556, 0.147196775496, -0.0716721961281, 2.11119434126,             0,             0,             0,             0,             0,             0,             0,             0,             0,             0, 137.157676314, 167.167874286, 140.492142756, 143.826609197, 147.161075638,  150.49554208, 153.830008521, 157.164474962, 160.498941403, 163.833407845,             1,             1,             1,             1,             1,             1,             1,             1,             1,             1, 120.040910553,           120, 0.649896241727,             0, 13.8440762867, 1.54956808827, 133.937607751, 131.049625717,  133.74211816, 130.852422372, 133.839803556, 137.174278876, 167.184556759, 140.508754197, 143.843229517, 147.177704837, 150.512180158, 153.846655478, 157.181130798, 160.515606118, 163.850081439, 133.938774762, 131.050558573, 137.174278876, 167.184556759, 140.508754197, 143.843229517, 147.177704837, 150.512180158, 153.846655478, 157.181130798, 160.515606118, 163.850081439,  133.74318142,  130.85340677, -6.70250568439,             0,             0,             0,             0,             0,             0,             0,             0,             0,             0, -6.55458144833, -6.99272826852, -6.77363977162, -7.03277349403, 3.15945679764,  3.5015065181, 1.49744599967, 1.83874589695, 2.32700671795, 0.624389166083,             0, 0.151417753907, 0.00571743406722,             0,             0,             0,             0,             0,             0, 3.16961348401, 3.50911200166, 0.624389166083,             0, 0.151417753907, 0.00571743406722,             0,             0,             0,             0,             0,             0, 1.50639778768, 1.84672544148, -5.55111512313e-17,            -0,            -0,            -0, -0.00129194650521,             0,             0,             0,             0,             0,             0,             0,             0,             0,             0, 0.315357745151, 0.321414369362,             0,             0,             0,             0,             0,             0,             0,             0,             0,             0, 0.321093856186, 0.327165290857
         4.05, 0.702268015933, 1.11949330111, 0.901893288495, 1.14188613151, 0.868208584314, 2574.24668567, -0.263732067125,             0,  353.09478216, -22.3811353189, 348.027252503, -20.9800236239, -1018.68966846, -1066.53377795, -946.107710769, -621.207417294,  4849.0173892, 3252.02720288, 3529.57003657, 1890.88603706,             0,             0,             0,             0,             0,             0,             0,             0,             0,             0,             0,             0,             0,             0,             0,             0,             0,             0,             0,             0, 1.18137512591, 2.23655714196, 0.0165427522066,            -0,            -0,            -0,            -0,            -0,            -0,            -0,            -0,            -0,            -0,            -0,            -0,            -0,            -0, -1.97360974166,             0,             0,             0,             0,             0,             0,             0,             0,             0,             0,             0,             0,             0,             0, -1.97360982396, -1.76640889047, -1.28345551489, -1.52781369648, -1.33637204978, 66.2775263306, 66.0512385465, 66.2551234881, 65.9539755553, 134.669470053, 0.217217755023, 0.010343590958, 3.89054208426,             0,             0,             0,             0,             0,             0,             0,             0,             0,             0, 137.987763244, 168.001739141, 141.322649454, 144.657535665, 147.992421876, 151.327308087, 154.662194298, 157.997080509, 161.331966719,  164.66685293,             1,             1,             1,             1,             1,             1,             1,             1,             1,             1, 120.056038771,           120, 0.632124825905,             0, 13.8478303697,  1.5496381128, 134.767009947, 131.878952138, 134.572041609, 131.682108237, 134.669470053, 138.004364075, 168.018410266, 141.339258096, 144.674152117, 148.009046138,  151.34394016, 154.678834181, 158.013728202, 161.348622223, 164.683516245, 134.768107846, 131.879827273, 138.004364075, 168.018410266, 141.339258096, 144.674152117, 148.009046138,  151.34394016, 154.678834181, 158.013728202, 161.348622223, 164.683516245, 134.573036755, 131.683037934, -6.69150265369,             0,             0,             0,             0,             0,             0,             0,             0,             0,             0, -6.47367286641, -6.97226059898, -6.68071447368, -7.0033642887, 3.07623388582, 3.41768717566, 1.41408829447, 1.75476466785, 2.24379440406, 0.474471475871,             0, 0.089802388839, 0.000368103871597,             0,             0,             0,             0,             0,             0, 3.08590954476,  3.4248432174, 0.474471475871,             0, 0.089802388839, 0.000368103871597,             0,             0,             0,             0,             0,             0, 1.42258425025,   1.762332769,            -0,            -0, 5.55111512313e-17, -5.55111512313e-17, -0.00134926835689,             0,             0,             0,             0,             0,             0,             0,             0,             0,             0, 0.315756533939, 0.321784820099,             0,             0,             0,             0,             0,             0,             0,             0,             0,             0, 0.320715907446, 0.326855528054
        4.075, 0.542071469311, 0.93699387836, 0.727045977631, 0.947985745484, 1.67320329744, 2564.65320025, -0.218904486456,             0,  335.16036497, -21.1200918059, 326.116484636, -20.5259291082, -790.247388274, -885.974406187, -804.597103129, -552.770957067, 4739.66431525, 3150.11023457,  3638.3669966, 1982.44683206,             0,             0,             0,             0,             0,             0,             0,             0,             0,             0,             0,             0,             0,             0,             0,             0,             0,             0,             0,             0, 0.981276360249, 2.15150982361, 0.0126459252642,            -0,            -0,            -0,            -0,            -0,            -0,            -0,            -0,            -0,            -0,            -0,            -0,            -0,            -0, -1.85817906959,             0,             0,             0,             0,             0,             0,             0,             0,             0,             0,             0,             0,             0,             0, -1.85817911486, -1.66478970574, -1.19247981004, -1.4378479975, -1.25771804914, 66.6868121238, 66.4591285299, 66.6653101197, 66.3622913995,  135.49910818, 0.277007457125, 0.0834832386929, 5.59303615358,             0,             0,             0,             0,             0,             0,             0,             0,             0,             0,  138.81776731, 168.835032431,  142.15301899,  145.48827067,  148.82352235,  152.15877403,  155.49402571,  158.82927739,  162.16452907, 165.499780751,             1,             1,             1,             1,             1,             1,             1,             1,             1,             1, 120.069209158,           120, 0.615117036983,             0, 13.8511060352, 1.54969920054, 135.596085927, 132.707807615, 135.402225878, 132.511940991,  135.49910818, 138.834366641, 168.851692794, 142.169625103, 145.504883564, 148.840142025, 152.175400487, 155.510658948, 158.845917409, 162.181175871, 165.516434332, 135.597107401, 132.708616724, 138.834366641, 168.851692794, 142.169625103, 145.504883564, 148.840142025, 152.175400487, 155.510658948, 158.845917409, 162.181175871, 165.516434332, 135.403146603, 132.512808519, -6.65944036044,             0,             0,             0,             0,             0,             0,             0,             0,             0,             0, -6.38194995077, -6.92954460243, -6.57561565346, -6.95065583634, 2.99192144402,  3.3317053043, 1.32956158689, 1.66853480935, 2.15945903174, 0.344751900526,             0, 0.047231744749,             0,             0,             0,             0,             0,             0,             0, 3.00105406199,  3.3383626382, 0.344751900526,             0, 0.047231744749,             0,             0,             0,             0,             0,             0,             0, 1.33754894943, 1.67565091144, 5.55111512313e-17, 5.55111512313e-17,            -0,            -0, -0.00143193683499,             0,             0,             0,             0,             0,             0,             0,             0,             0,             0, 0.316181169701, 0.322176066486,             0,             0,             0,             0,             0,             0,             0,             0,             0,             0, 0.320323112624, 0.326524124992
          4.1, 0.387402906641, 0.755789419953, 0.556866803653, 0.754524143603, 2.41129805495, 2556.04220659, -0.174404939846,             0, 318.114461106, -20.0815123236, 305.438249016, -20.3451716063, -577.045912142, -709.486619167, -653.073965245, -479.35492838, 4626.59066798, 3046.31385399, 3749.61220962,  2076.5596453,             0,             0,             0,             0,             0,             0,             0,             0,             0,             0,             0,             0,             0,             0,             0,             0,             0,             0,             0,             0, 0.796045224627, 2.06574732549, 0.00838056088334,            -0,            -0,            -0,            -0,            -0,            -0,            -0,            -0,            -0,            -0,            -0,            -0,            -0,            -0, -1.73121059934,             0,             0,             0,             0,             0,             0,             0,             0,             0,             0,             0,             0,             0,             0, -1.73121061786, -1.55252112937, -1.09323148972, -1.3387263773, -1.17258257836,   67.09596441, 66.8669330541, 67.0755282166, 66.7708139012, 136.328728007, 0.32775267884, 0.148774067601, 7.20364946439,             0,             0,             0,             0,             0,             0,             0,             0,             0,             0, 139.647698933,  169.66776776, 142.983262136, 146.318825339, 149.654388542, 152.989951745, 156.325514948, 159.661078151, 162.996641354, 166.332204557,             1,             1,             1,             1,             1,             1,             1,             1,             1,             1, 120.080430433,           120, 0.599304515259,             0, 13.8539268496, 1.54975179613, 136.424869698, 133.536240401, 136.232656958, 133.341918961, 136.328728007, 139.664296853, 169.684416461, 142.999865698, 146.335434543, 149.671003389, 153.006572234, 156.342141079, 159.677709925,  163.01327877, 166.348847615, 136.425808396, 133.536976326, 139.664296853, 169.684416461, 142.999865698, 146.335434543, 149.671003389, 153.006572234, 156.342141079, 159.677709925,  163.01327877, 166.348847615, 136.233498002, 133.342718301, -6.60807671364,             0,             0,             0,             0,             0,             0,             0,             0,             0,             0, -6.27997811998, -6.86632053615, -6.45906966625, -6.87628843738, 2.90675364398,  3.2438836489, 1.24410751829, 1.58038485128, 2.07423893692, 0.236970834853,             0, 0.0203653653109,             0,             0,             0,             0,             0,             0,             0, 2.91528358536, 3.24999512434, 0.236970834853,             0, 0.0203653653109,             0,             0,             0,             0,             0,             0,             0, 1.25153644816, 1.58701324071,            -0,            -0,            -0,            -0, -0.00154400107173,             0,             0,             0,             0,             0,             0,             0,             0,             0,             0, 0.316620330971, 0.322574429313,             0,             0,             0,             0,             0,             0,             0,             0,             0,             0, 0.319921562123, 0.326183322909
        4.125, 0.233728132692, 0.579429277595, 0.387147125953, 0.565504446194, 3.06049949335, 2548.44487664, -0.12869351511,             0, 302.236011671,  -19.19297623, 286.381918803, -20.0690148682, -369.725606857, -538.814561197, -493.588646092, -385.263810096, 4513.51758898, 2943.10707391, 3861.83756019, 2173.95899601,             0,             0,             0,             0,             0,             0,             0,             0,             0,             0,             0,             0,             0,             0,             0,             0,             0,             0,             0,             0, 0.627454129259,  1.9795097916, 0.00380805068778,            -0,            -0,            -0,            -0,            -0,            -0,            -0,            -0,            -0,            -0,            -0,            -0,            -0,            -0, -1.59374104327,             0,             0,             0,             0,             0,             0,             0,             0,             0,             0,             0,             0,             0,             0, -1.59374104679, -1.43098592742, -0.98651534744, -1.23158808885, -1.08118615482, 67.5049835381, 67.2746563795,  67.485771653, 67.1795173108,  137.15833839, 0.375570343281, 0.212039954853, 8.75003990756,             0,             0,             0,             0,             0,             0,             0,             0,             0,             0,  140.47756255, 170.499909506, 143.813378879, 147.149195207, 150.485011536, 153.820827864, 157.156644193, 160.492460521, 163.828276849, 167.164093178,             1,             1,             1,             1,             1,             1,             1,             1,             1,             1, 120.089541778,           120, 0.584635619242,             0, 13.8562503925, 1.54979511313, 137.253390903, 134.364302926, 137.063324741, 134.172040935,  137.15833839, 140.494159177,  170.51654626, 143.829979964, 147.165800751, 150.501621538, 153.837442325, 157.173263112, 160.509083899, 163.844904686, 167.180725473, 137.254241284, 134.364959935, 140.494159177,  170.51654626, 143.829979964, 147.165800751, 150.501621538, 153.837442325, 157.173263112, 160.509083899, 163.844904686, 167.180725473, 137.064081758, 134.172767159, -6.53932316371,             0,             0,             0,             0,             0,             0,             0,             0,             0,             0, -6.16354203761, -6.78456763597, -6.32715658044, -6.78246116363, 2.82095559002, 3.15454452731, 1.15795850745, 1.49065112712, 1.98836396873, 0.152690840497,             0, 0.00586674878811,             0,             0,             0,             0,             0,             0,             0, 2.82883014876, 3.16006701708, 0.152690840497,             0, 0.00586674878811,             0,             0,             0,             0,             0,             0,             0, 1.16478581316, 1.49675732277, -5.55111512313e-17, -5.55111512313e-17, -5.55111512313e-17,            -0, -0.00169040571604,             0,             0,             0,             0,             0,             0,             0,             0,             0,             0, 0.317059604394, 0.322970377779,             0,             0,             0,             0,             0,             0,             0,             0,             0,             0, 0.319516328441, 0.325830192203
         4.15, 0.077294685686, 0.410270572385, 0.21459153182, 0.383277482503, 3.62455611549,  2542.0013292, -0.0829141875373,             0, 288.954578235, -18.3120967459, 269.725773771, -19.8996444079, -168.202795718, -383.31598857, -318.777233434, -284.487312104, 4401.85471365, 2840.92823834, 3976.10219757, 2275.51400491,             0,             0,             0,             0,             0,             0,             0,             0,             0,             0,             0,             0,             0,             0,             0,             0,             0,             0,             0,             0, 0.477246453105, 1.89303017857, -0.00091287972681,            -0,            -0,            -0,            -0,            -0,            -0,            -0,            -0,            -0,            -0,            -0,            -0,            -0,            -0, -1.44665276128,             0,             0,             0,             0,             0,             0,             0,             0,             0,             0,             0,             0,             0,             0, -1.44665276147, -1.3013611055, -0.87322452372, -1.11728463397, -0.984470578848, 67.9138689555, 67.6823063371, 67.8960312208,  67.588376749, 137.987947725, 0.426627842313, 0.27903084858,  10.235215345,             0,             0,             0,             0,             0,             0,             0,             0,             0,             0, 141.307366523,  171.33146585, 144.643377559, 147.979388596, 151.315399632, 154.651410668, 157.987421705, 161.323432741, 164.659443777, 167.995454814,             1,             1,             1,             1,             1,             1,             1,             1,             1,             1, 120.096539623,           120, 0.571271404657,             0, 13.8580771686, 1.54982916483,  138.08168418, 135.192055175, 137.894213788, 135.002302335, 137.987947725, 141.323962086, 171.348091333, 144.659976447, 147.995990807, 151.332005168, 154.668019529,  158.00403389,  161.34004825, 164.676062611, 168.012076972, 138.082441687, 135.192629059, 141.323962086, 171.348091333, 144.659976447, 147.995990807, 151.332005168, 154.668019529,  158.00403389,  161.34004825, 164.676062611, 168.012076972, 137.894883361, 135.002952102, -6.45545097298,             0,             0,             0,             0,             0,             0,             0,             0,             0,             0, -6.02873516996, -6.68663174164, -6.17638947804, -6.67175876712, 2.73475115477, 3.06402590448, 1.07134923995, 1.39968272959, 1.90206412974, 0.0907548772128,             0, 0.000402417967269,             0,             0,             0,             0,             0,             0,             0, 2.74192374116, 3.06892100506, 0.0907548772128,             0, 0.000402417967269,             0,             0,             0,             0,             0,             0,             0, 1.07753650948, 1.40523756351, 5.55111512313e-17,            -0,            -0,            -0, -0.00187574544563,             0,             0,             0,             0,             0,             0,             0,             0,             0,             0, 0.317493256843, 0.323361963058,             0,             0,             0,             0,             0,             0,             0,             0,             0,             0, 0.319103116837, 0.325461227261
        4.175, -0.0788629424984, 0.249573884405, 0.04247677479, 0.209386864725, 4.12444652372, 2536.76359594, -0.0356094008489,             0, 276.089898244, -17.4146834838, 256.219722475, -19.8890793917, 39.2145231635, -238.541080049, -127.35745095, -174.240317402, 4291.48029751, 2739.00022127, 4093.74575382, 2379.03259547,             0,             0,             0,             0,             0,             0,             0,             0,             0,             0,             0,             0,             0,             0,             0,             0,             0,             0,             0,             0, 0.34716601364, 1.80654722243, -0.00557019109108,            -0,            -0,            -0,            -0,            -0,            -0,            -0,            -0,            -0,            -0,            -0,            -0,            -0,            -0, -1.29073560288,             0,             0,             0,             0,             0,             0,             0,             0,             0,             0,             0,             0,             0,             0, -1.29073560898, -1.16440259755, -0.75380889595, -0.996270777766, -0.882947671171, 68.3226157464, 68.0898884738,  68.306291669, 67.9973689842, 138.817566444, 0.481516188495, 0.349945974373, 11.6358894994,             0,             0,             0,             0,             0,             0,             0,             0,             0,             0, 142.137124438, 172.162479327, 145.473274981, 148.809425525, 152.145576068, 155.481726611, 158.817877154, 162.154027697,  165.49017824, 168.826328784,             1,             1,             1,             1,             1,             1,             1,             1,             1,             1, 120.101540615,           120, 0.559512153394,             0, 13.8594318994, 1.54985441504, 138.909787217, 136.019551621, 138.725308779, 135.832704571, 138.817566444, 142.153719195, 172.179093955, 145.489871946, 148.826024697, 152.162177448, 155.498330199,  158.83448295, 162.170635702, 165.506788453, 168.842941204, 138.910448853, 136.020039323, 142.153719195, 172.179093955, 145.489871946, 148.826024697, 152.162177448, 155.498330199,  158.83448295, 162.170635702, 165.506788453, 168.842941204, 138.725888864, 135.833275745, -6.35833700561,             0,             0,             0,             0,             0,             0,             0,             0,             0,             0, -5.87683575124, -6.57438411344, -6.00843960909, -6.54626995045, 2.64837661964, 2.97265943601, 0.984526544701, 1.30782091269, 1.81557985923, 0.0478890648513,             0,             0,             0,             0,             0,             0,             0,             0,             0, 2.65480455467, 2.97689109424, 0.0478890648513,             0,             0,             0,             0,             0,             0,             0,             0,             0, 0.990037874401, 1.31279830683,            -0,            -0,            -0,            -0, -0.00210219121022,             0,             0,             0,             0,             0,             0,             0,             0,             0,             0, 0.317921350092, 0.323751828457,             0,             0,             0,             0,             0,             0,             0,             0,             0,             0, 0.318676647315, 0.325084408572
          4.2, -0.224749032672, 0.0978983802881, -0.11897133784, 0.0446445558915, 4.57766555541, 2532.78440733, 0.0104422735995,             0, 265.752822544, -16.5178781527, 242.231971045, -20.0024211967, 226.023409091, -108.889983784, 78.4486901345, -59.7824147938, 4181.17596017, 2635.82101059, 4214.31717577, 2484.98629135,             0,             0,             0,             0,             0,             0,             0,             0,             0,             0,             0,             0,             0,             0,             0,             0,             0,             0,             0,             0, 0.238957474352, 1.72031320403, -0.00995839635794,            -0,            -0,            -0,            -0,            -0,            -0,            -0,            -0,            -0,            -0,            -0,            -0,            -0,            -0, -1.12660930507,             0,             0,             0,             0,             0,             0,             0,             0,             0,             0,             0,             0,             0,             0, -1.12660932209, -1.02021796649, -0.628875187722, -0.868502501345, -0.776944228822, 68.7312777476, 68.4974047612, 68.7165292281, 68.4064748109, 139.647207423, 0.532001853762, 0.416317866815, 12.9256194001,             0,             0,             0,             0,             0,             0,             0,             0,             0,             0,  142.96684726, 172.992943867, 146.303080216, 149.639313172, 152.975546129, 156.311779085, 159.648012041, 162.984244998, 166.320477954,  169.65671091,             1,             1,             1,             1,             1,             1,             1,             1,             1,             1,  120.10447774,           120, 0.549514324262,             0, 13.8602635892,  1.5498699155, 139.737743698, 136.846838298, 139.556592054,  136.66325585, 139.647207423, 142.983441455, 173.009547744, 146.319675487, 149.655909519, 152.992143551, 156.328377583, 159.664611616, 163.000845648,  166.33707968, 169.673313712, 139.738308474, 136.847237942, 142.983441455, 173.009547744, 146.319675487, 149.655909519, 152.992143551, 156.328377583, 159.664611616, 163.000845648,  166.33707968, 169.673313712, 139.557082355, 136.663747267, -6.24934870344,             0,             0,             0,             0,             0,             0,             0,             0,             0,             0, -5.71744075529, -6.4493344473, -5.83313818923, -6.40773790952, 2.56208622483,  2.8807670201, 0.897756278406, 1.21539746403, 1.72916867129, 0.0207659757035,             0,             0,             0,             0,             0,             0,             0,             0,             0, 2.56772718003, 2.88430244722, 0.0207659757035,             0,             0,             0,             0,             0,             0,             0,             0,             0, 0.902555597998, 1.21977320475,            -0, 5.55111512313e-17,            -0, 5.55111512313e-17, -0.00236862753737,             0,             0,             0,             0,             0,             0,             0,             0,             0,             0, 0.318348122859, 0.324145320889,             0,             0,             0,             0,             0,             0,             0,             0,             0,             0, 0.318238371296, 0.324697808093
        4.225, -0.363676403222, -0.0451944230588, -0.272703248868, -0.111034005923, 4.98062423491, 2530.15659302, 0.0535563303607,             0, 259.828470148, -15.8695457664, 233.786287039, -19.9772620115, 390.214471455, 5.98626053006, 276.705617295,  59.051832659, 4072.21380973, 2532.91440644, 4335.50602576, 2591.81494423,             0,             0,             0,             0,             0,             0,             0,             0,             0,             0,             0,             0,             0,             0,             0,             0,             0,             0,             0,             0, 0.154206761217, 1.63456563285, -0.0139231891221,            -0,            -0,            -0,            -0,            -0,            -0,            -0,            -0,            -0,            -0,            -0,            -0,            -0,            -0, -0.955645450672,             0,             0,             0,             0,             0,             0,             0,             0,             0,             0,             0,             0,             0,             0, -0.95564547889, -0.870262445916, -0.499685649525, -0.735094521606, -0.667268315947, 69.1398879189, 68.9048557952, 69.1267958404, 68.8156783799, 140.476882898, 0.580664714491, 0.48038468362, 14.1120931897,             0,             0,             0,             0,             0,             0,             0,             0,             0,             0,  143.79655384, 173.822937636, 147.132818706, 150.469083573, 153.805348439, 157.141613305, 160.477878171, 163.814143037, 167.150407904,  170.48667277,             1,             1,             1,             1,             1,             1,             1,             1,             1,             1, 120.105602818,           120, 0.54162672617,             0, 13.8606252474,  1.5498766556, 140.565580758, 137.673956505, 140.388063034,   137.4939649, 140.476882898, 143.813147996, 173.839533876, 147.149413094, 150.485678192, 153.821943289, 157.158208387, 160.494473485, 163.830738582,  167.16700368, 170.503268778, 140.566048989, 137.674267714, 143.813147996, 173.839533876, 147.149413094, 150.485678192, 153.821943289, 157.158208387, 160.494473485, 163.830738582,  167.16700368, 170.503268778, 140.388464428, 137.494376593, -6.12966697175,             0,             0,             0,             0,             0,             0,             0,             0,             0,             0, -5.54914740245, -6.31256407524, -5.6494249438, -6.25757164505,   2.476123555, 2.78865223397, 0.811288901022, 1.12272577411, 1.64307782322, 0.00605975599839,             0,             0,             0,             0,             0,             0,             0,             0,             0, 2.48094299099, 2.79146547915, 0.00605975599839,             0,             0,             0,             0,             0,             0,             0,             0,             0, 0.815346592592, 1.12648033033, -5.55111512313e-17,            -0,            -0, -5.55111512313e-17, -0.00267062489875,             0,             0,             0,             0,             0,             0,             0,             0,             0,             0, 0.318768398236, 0.324536484551,             0,             0,             0,             0,             0,             0,             0,             0,             0,             0, 0.317796581578, 0.324307054591
         4.25, -0.49509309658, -0.179623137328, -0.417690419934, -0.257165850254, 5.33126884287, 2528.59883425, 0.0944305833016,             0, 255.944526504, -15.0958761246, 228.124294651, -20.2769884246, 536.542444861, 106.285391977, 473.783794142, 180.623452241, 3968.26741678, 2434.15876877,  4453.2427113, 2697.15399606,             0,             0,             0,             0,             0,             0,             0,             0,             0,             0,             0,             0,             0,             0,             0,             0,             0,             0,             0,             0, 0.0918435672382, 1.54949473137, -0.0173541743675,            -0,            -0,            -0,            -0,            -0,            -0,            -0,            -0,            -0,            -0,            -0,            -0,            -0,            -0, -0.78034031084,             0,             0,             0,             0,             0,             0,             0,             0,             0,             0,             0,             0,             0,             0, -0.780340346637, -0.716866970195, -0.36842176792, -0.597949260583, -0.555540448314, 69.5484431253, 69.3122435431, 69.5370931798,  69.224959014, 141.306604856, 0.626663453798, 0.540885282232,  15.205400136,             0,             0,             0,             0,             0,             0,             0,             0,             0,             0, 144.626268571, 174.652596741, 147.962527257, 151.298785942, 154.635044628, 157.971303313, 161.307561999, 164.643820684,  167.98007937, 171.316338056,             1,             1,             1,             1,             1,             1,             1,             1,             1,             1, 120.105358669,           120, 0.536003591631,             0, 13.8606377636, 1.54987688886, 141.393331012, 138.500949979,  141.21971383, 138.324838091, 141.306604856, 144.642863055, 174.669186841, 147.979121253, 151.315379452,  154.65163765, 157.987895849, 161.324154047, 164.660412246, 167.996670444, 171.332928643,  141.39370504, 138.501174368, 144.642863055, 174.669186841, 147.979121253, 151.315379452,  154.65163765, 157.987895849, 161.324154047, 164.660412246, 167.996670444, 171.332928643, 141.220028981,  138.32517172, -6.00059556763,             0,             0,             0,             0,             0,             0,             0,             0,             0,             0, -5.37410057092, -6.16552296264, -5.45986467406, -6.09761644585,  2.3907043198, 2.69659669331, 0.725349378032, 1.03009812534, 1.55752548285, 0.000446061635423,             0,             0,             0,             0,             0,             0,             0,             0,             0, 2.39468030554, 2.69867386868, 0.000446061635423,             0,             0,             0,             0,             0,             0,             0,             0,             0, 0.728646562307, 1.03322119302, 5.55111512313e-17,            -0,            -0,            -0, -0.00300112625031,             0,             0,             0,             0,             0,             0,             0,             0,             0,             0, 0.319168048738, 0.324910600852,             0,             0,             0,             0,             0,             0,             0,             0,             0,             0, 0.317366139139, 0.323920765637
        4.275, -0.619115885393, -0.305000792686, -0.553561528945, -0.392956963055,  5.6306513025, 2527.80595189, 0.132776143476,             0, 253.603795852, -14.5870697091, 224.114348028, -20.5102527945, 665.206931398, 193.397306363, 665.645854538, 303.370650907, 3872.59132735, 2342.30001344, 4566.61747392,   2799.188779,             0,             0,             0,             0,             0,             0,             0,             0,             0,             0,             0,             0,             0,             0,             0,             0,             0,             0,             0,             0, 0.0486120125645, 1.46526109632, -0.0201399673833,            -0,            -0,            -0,            -0,            -0,            -0,            -0,            -0,            -0,            -0,            -0,            -0,            -0,            -0, -0.603631223766,             0,             0,             0,             0,             0,             0,             0,             0,             0,             0,             0,             0,             0,             0, -0.603631261059, -0.562790159686, -0.237453098763, -0.45920819712, -0.443514030172, 69.9569469524, 69.7195699547, 69.9474004262, 69.6343016894, 142.136384642, 0.670363570128, 0.597657157042, 16.2122093464,             0,             0,             0,             0,             0,             0,             0,             0,             0,             0, 145.456006799,  175.48197227, 148.792225185,  152.12844357, 155.464661956, 158.800880342, 162.137098728, 165.473317113, 168.809535499, 172.145753885,             1,             1,             1,             1,             1,             1,             1,             1,             1,             1, 120.103884046,           120, 0.532344034083,             0, 13.8603184936, 1.54987093875,  142.22102489, 139.327861577, 142.051537807, 139.155880151, 142.136384642, 145.472601905,  175.49855727, 148.808819167,  152.14503643, 155.481253693, 158.817470956, 162.153688219, 165.489905481, 168.826122744, 172.162340007, 142.221308993, 139.328002707, 145.472601905,  175.49855727, 148.808819167,  152.14503643, 155.481253693, 158.817470956, 162.153688219, 165.489905481, 168.826122744, 172.162340007, 142.051770952, 139.156138895, -5.86341960779,             0,             0,             0,             0,             0,             0,             0,             0,             0,             0, -5.19322167187, -6.00968313973, -5.26590654867, -5.92979238218, 2.30602594318, 2.60486426041, 0.640144811598, 0.937789070952,  1.4727116408,             0,             0,             0,             0,             0,             0,             0,             0,             0,             0, 2.30915180191, 2.60620483614,             0,             0,             0,             0,             0,             0,             0,             0,             0,             0, 0.642674403764, 0.940280214866,            -0,            -0,            -0,            -0, -0.0033509016145,             0,             0,             0,             0,             0,             0,             0,             0,             0,             0, 0.319534617021, 0.325257281322,             0,             0,             0,             0,             0,             0,             0,             0,             0,             0, 0.316950202586, 0.323545572135
          4.3, -0.735590085402, -0.420899974536, -0.679902029893, -0.517837548194, 5.88088810951, 2527.62003082, 0.168557441369,             0, 252.537944883, -14.1500023553,  221.57764822, -20.7828514875, 780.776465278, 268.104565072, 851.007566478, 422.718240614, 3786.84376601, 2258.02399537, 4673.72008041, 2895.95789943,             0,             0,             0,             0,             0,             0,             0,             0,             0,             0,             0,             0,             0,             0,             0,             0,             0,             0,             0,             0, 0.0211909529541, 1.38201306635, -0.0221448111569,            -0,            -0,            -0,            -0,            -0,            -0,            -0,            -0,            -0,            -0,            -0,            -0,            -0,            -0, -0.428443765659,             0,             0,             0,             0,             0,             0,             0,             0,             0,             0,             0,             0,             0,             0, -0.42844379766, -0.410708948769, -0.10905061653, -0.321086963832, -0.332897903979, 70.3654057435,  70.126840291, 70.3577076525, 70.0436914271, 142.966232232, 0.712020976694, 0.650589261847, 17.1374854196,             0,             0,             0,             0,             0,             0,             0,             0,             0,             0, 146.285782941, 176.311118424, 149.621931328, 152.958079715, 156.294228102, 159.630376489, 162.966524876, 166.302673263,  169.63882165, 172.974970037,             1,             1,             1,             1,             1,             1,             1,             1,             1,             1, 120.101335167,           120, 0.530334309922,             0, 13.8596930703, 1.54985928265,  143.04869165, 140.154732279, 142.883527484, 139.987092948, 142.966232232, 146.302378945, 176.327699355, 149.638525657, 152.974672369, 156.310819081, 159.646965794, 162.983112506, 166.319259218,  169.65540593, 172.991552643, 143.048891787,   140.1547954, 146.302378945, 176.327699355, 149.638525657, 152.974672369, 156.310819081, 159.646965794, 162.983112506, 166.319259218,  169.65540593, 172.991552643, 142.883684225, 139.987281271, -5.71940912531,             0,             0,             0,             0,             0,             0,             0,             0,             0,             0, -5.00752859004, -5.84654042985, -5.06893485466, -5.75582255694, 2.22227141055, 2.51370371291, 0.555866520977, 0.846056956463, 1.38882131081,             0,             0,             0,             0,             0,             0,             0,             0,             0,             0, 2.22455553906, 2.51432015274,             0,             0,             0,             0,             0,             0,             0,             0,             0,             0, 0.557633588006, 0.84792529004,            -0,            -0,            -0, -5.55111512313e-17, -0.00370854546828,             0,             0,             0,             0,             0,             0,             0,             0,             0,             0, 0.319861767975, 0.32557394763,             0,             0,             0,             0,             0,             0,             0,             0,             0,             0, 0.316555775172, 0.323188731761
        4.325, -0.843692335519, -0.527574847815, -0.79572727386, -0.631703400083, 6.09320235153, 2527.95974942, 0.201503658758,             0,  252.56613012, -13.7440913577, 220.254097057, -21.1158422002, 883.926060073, 329.749178285, 1028.74348578, 536.012218997, 3711.05001633, 2180.91997802, 4772.98653892, 2985.04252084,             0,             0,             0,             0,             0,             0,             0,             0,             0,             0,             0,             0,             0,             0,             0,             0,             0,             0,             0,             0, 0.00625838058073, 1.29989311316, -0.023254977717,            -0,            -0,            -0,            -0,            -0,            -0,            -0,            -0,            -0,            -0,            -0,            -0,            -0,            -0, -0.257413312048,             0,             0,             0,             0,             0,             0,             0,             0,             0,             0,             0,             0,             0,             0, -0.25741333325, -0.262962522497, 0.0147015096321, -0.185559870182, -0.225124858784, 70.7738258906, 70.5340586849,  70.768008245, 70.4531143609, 143.796157125, 0.751380629319, 0.699191268798,  17.977030774,             0,             0,             0,             0,             0,             0,             0,             0,             0,             0, 147.115610585, 177.140085576, 150.451663362, 153.787716138, 157.123768915, 160.459821692, 163.795874469, 167.131927245, 170.467980022, 173.804032799,             1,             1,             1,             1,             1,             1,             1,             1,             1,             1,  120.09785774,           120, 0.529730584712,             0, 13.8587870842, 1.54984239688, 143.876358089, 140.981597968, 143.715676879, 140.818477699, 143.796157125, 147.132207755, 177.156663433, 150.468258386, 153.804309017, 157.140359648, 160.476410279, 163.812460909,  167.14851154, 170.484562171, 173.820612802, 143.876481511, 140.981589697, 147.132207755, 177.156663433, 150.468258386, 153.804309017, 157.140359648, 160.476410279, 163.812460909,  167.14851154, 170.484562171, 173.820612802, 143.715763823, 140.818600992, -5.56965614516,             0,             0,             0,             0,             0,             0,             0,             0,             0,             0, -4.81837428312, -5.67739968767, -4.87053702582, -5.57741694836, 2.13961411841, 2.42334487579, 0.472694919132, 0.755140238541, 1.30602940975,             0,             0,             0,             0,             0,             0,             0,             0,             0,             0, 2.14107828157, 2.42326167303,             0,             0,             0,             0,             0,             0,             0,             0,             0,             0, 0.473715243458, 0.756402808399, 5.55111512313e-17,            -0,            -0,            -0, -0.00406009051057,             0,             0,             0,             0,             0,             0,             0,             0,             0,             0, 0.320149426591, 0.325862228161,             0,             0,             0,             0,             0,             0,             0,             0,             0,             0, 0.316188690519, 0.322859289411
         4.35, -0.94419440289, -0.625444195261, -0.90173901518, -0.734842086601, 6.27427225642, 2528.77548671, 0.23118268218,             0, 253.478893967, -13.4083399398, 219.997243987, -21.4563968408, 970.012209222, 381.087925768, 1194.23834719, 643.747278714, 3644.41928485, 2110.55402408, 4862.99137868, 3065.48279699,             0,             0,             0,             0,             0,             0,             0,             0,             0,             0,             0,             0,             0,             0,             0,             0,             0,             0,             0,             0, 0.000491001237219, 1.21903907345, -0.0234247754378,            -0,            -0,            -0,            -0,            -0,            -0,            -0,            -0,            -0,            -0,            -0,            -0,            -0,            -0, -0.0928037268231,             0,             0,             0,             0,             0,             0,             0,             0,             0,             0,             0,             0,             0,             0, -0.0928037345792, -0.12159903731, 0.132067947554, -0.0543860665389, -0.121148953316, 71.1822121045, 70.9412278845,  71.178299248, 70.8625589767, 144.626168696, 0.789210618376, 0.744088536095, 18.7298073641,             0,             0,             0,             0,             0,             0,             0,             0,             0,             0, 147.945503067, 177.968922659, 151.281438577, 154.617374088, 157.953309598, 161.289245108, 164.625180618, 167.961116128, 171.297051639, 174.632987149,             1,             1,             1,             1,             1,             1,             1,             1,             1,             1, 120.093594924,           120, 0.530339829333,             0, 13.8576302201, 1.54982083391, 144.704045425, 141.808488023, 144.547984735, 141.650036042, 144.626168696, 147.962101668, 177.985498413,  151.29803464, 154.633967611, 157.969900583, 161.305833555, 164.641766527, 167.977699498,  171.31363247, 174.649565442, 144.704100265, 141.808415931, 147.962101668, 177.985498413,  151.29803464, 154.633967611, 157.969900583, 161.305833555, 164.641766527, 167.977699498,  171.31363247, 174.649565442, 144.548009149, 141.650100177, -5.41499379169,             0,             0,             0,             0,             0,             0,             0,             0,             0,             0, -4.62583114666, -5.50327042672, -4.67092726509, -5.39575731956, 2.05821827685, 2.33399604134, 0.390799241524, 0.665254808674,   1.224501461,             0,             0,             0,             0,             0,             0,             0,             0,             0,             0, 2.05889605044, 2.33324778256,             0,             0,             0,             0,             0,             0,             0,             0,             0,             0, 0.391098059879, 0.665933825837, -5.55111512313e-17,            -0, 5.55111512313e-17,            -0, -0.00438975145542,             0,             0,             0,             0,             0,             0,             0,             0,             0,             0, 0.320400699008, 0.326123932048,             0,             0,             0,             0,             0,             0,             0,             0,             0,             0, 0.315854367487, 0.322560910286
        4.375, -1.03810830006, -0.714748179401, -0.999021783709, -0.827318178688, 6.42182623042, 2530.02269709, 0.257566153128,             0, 255.202378936, -13.1591787799, 220.776578852, -21.7763487796, 1045.98531476, 424.448280374, 1339.52290257,  744.19731382, 3586.15648399, 2046.88955504, 4941.96600302, 3136.13886965,             0,             0,             0,             0,             0,             0,             0,             0,             0,             0,             0,             0,             0,             0,             0,             0,             0,             0,             0,             0,             0, 1.13957420191, -0.0227059613175,            -0,            -0,            -0,            -0,            -0,            -0,            -0,            -0,            -0,            -0,            -0,            -0,            -0,            -0, 0.063425210089,             0,             0,             0,             0,             0,             0,             0,             0,             0,             0,             0,             0,             0,             0, 0.0634252150694, 0.0116120238985, 0.241557422448, 0.0708613210207, -0.0218927657916, 71.5905698615,  71.348350744, 71.5885789846, 71.2720148924, 145.456275735, 0.826017422668, 0.785793157764, 19.4058805814,             0,             0,             0,             0,             0,             0,             0,             0,             0,             0, 148.775473289, 178.797679451, 152.111273974, 155.447074659, 158.782875343, 162.118676028, 165.454476712, 168.790277397, 172.126078081, 175.461878766,             1,             1,             1,             1,             1,             1,             1,             1,             1,             1, 120.088697996,           120, 0.531997534616,             0, 13.8562594657, 1.54979528227, 145.531773655, 142.635429312, 145.380448927, 142.481767495, 145.456275735, 148.792073572, 178.814254108, 152.127871409, 155.463669247, 158.799467084, 162.135264921, 165.471062759, 168.806860596, 172.142658433, 175.478456271, 145.531768635, 142.635301617, 148.792073572, 178.814254108, 152.127871409, 155.463669247, 158.799467084, 162.135264921, 165.471062759, 168.806860596, 172.142658433, 175.478456271, 145.380418507, 142.481778682, -5.25622390774,             0,             0,             0,             0,             0,             0,             0,             0,             0,             0, -4.43020213442, -5.32505688592, -4.4704020099, -5.21206041386,  1.9782322232, 2.24584742261, 0.31033107898, 0.576596398274, 1.14438636708,             0,             0,             0,             0,             0,             0,             0,             0,             0,             0, 1.97816743816, 2.24447743026,             0,             0,             0,             0,             0,             0,             0,             0,             0,             0, 0.309941993559, 0.576719039415,            -0,            -0,            -0,            -0, -0.00468126091627,             0,             0,             0,             0,             0,             0,             0,             0,             0,             0, 0.320618812505, 0.32635945196,             0,             0,             0,             0,             0,             0,             0,             0,             0,             0, 0.315559587009, 0.322297965764
          4.4, -1.12379305355, -0.795592920717, -1.08602540401, -0.909388118445, 6.54106466906, 2531.67981452, 0.281126912311,             0,  255.90737828, -12.9297880773, 221.455839438, -22.1015109039, 1113.57824813, 461.005370499, 1472.23841396, 833.399856376,  3535.2830382, 1990.23330502, 5008.94779965, 3195.67794504,             0,             0,             0,             0,             0,             0,             0,             0,             0,             0,             0,             0,             0,             0,             0,             0,             0,             0,             0,             0,             0, 1.06160749865, -0.021241627023,            -0,            -0,            -0,            -0,            -0,            -0,            -0,            -0,            -0,            -0,            -0,            -0,            -0,            -0, 0.209717858124,             0,             0,             0,             0,             0,             0,             0,             0,             0,             0,             0,             0,             0,             0, 0.209717872536, 0.135382798865, 0.342001487779, 0.189012389021, 0.0717627719276, 71.9989209183, 71.7554307985, 71.9988447677, 71.6814724728, 146.286486291, 0.860252172272, 0.822803028713, 20.0066553455,             0,             0,             0,             0,             0,             0,             0,             0,             0,             0, 149.605530754, 179.626378386, 152.941180491, 156.276830227, 159.612479964, 162.948129701, 166.283779438, 169.619429175, 172.955078912, 176.290728649,             1,             1,             1,             1,             1,             1,             1,             1,             1,             1, 120.083218911,           120, 0.534506331832,             0, 13.8546797535, 1.54976583292, 146.359563961, 143.462446435, 146.213063661, 143.313669648, 146.286486291, 149.622132856, 179.642951944, 152.957779422, 156.293425987, 159.629072552, 162.964719118, 166.300365683, 169.636012248, 172.971658814, 176.307305379, 146.359507998, 143.462271667, 149.622132856, 179.642951944, 152.957779422, 156.293425987, 159.629072552, 162.964719118, 166.300365683, 169.636012248, 172.971658814, 176.307305379,  146.21298619, 143.313634298, -5.09413490079,             0,             0,             0,             0,             0,             0,             0,             0,             0,             0, -4.23383078806, -5.14380965611, -4.27125730886, -5.02733366136, 1.89978898985, 2.15907269714, 0.231426969649, 0.489342094004,  1.0658173066,             0,             0,             0,             0,             0,             0,             0,             0,             0,             0, 1.89903302826, 2.15713122329,             0,             0,             0,             0,             0,             0,             0,             0,             0,             0, 0.230389688287, 0.488940247086,            -0, -5.55111512313e-17,            -0,            -0, -0.00491960693754,             0,             0,             0,             0,             0,             0,             0,             0,             0,             0, 0.320807749814, 0.326567938499,             0,             0,             0,             0,             0,             0,             0,             0,             0,             0, 0.315308180565, 0.322075575935
        4.425, -1.20101979469, -0.86889156023, -1.16271316688, -0.982013013212, 6.64229089277, 2533.77199811, 0.301744066495,             0, 258.923211551, -12.7320800124, 223.884158912, -22.4415457824, 1172.72642398, 493.606385022, 1590.21184548,  908.98116282, 3490.46633087, 1940.55971994, 5063.81999099, 3243.46445486,             0,             0,             0,             0,             0,             0,             0,             0,             0,             0,             0,             0,             0,             0,             0,             0,             0,             0,             0,             0,             0, 0.985261425887, -0.0192571411537,            -0,            -0,            -0,            -0,            -0,            -0,            -0,            -0,            -0,            -0,            -0,            -0,            -0,            -0, 0.345112753258,             0,             0,             0,             0,             0,             0,             0,             0,             0,             0,             0,             0,             0,             0, 0.345112772751, 0.248899545554, 0.432855804677, 0.299289739453, 0.159231004328, 72.4072951636, 72.1624707018, 72.4091130602, 72.0909242133, 147.116807979, 0.891628570018, 0.854971136966, 20.5252747137,             0,             0,             0,             0,             0,             0,             0,             0,             0,             0, 150.435687307, 180.455069438, 153.771174211, 157.106661114, 160.442148017, 163.777634921, 167.113121824, 170.448608728, 173.784095631, 177.119582535,             1,             1,             1,             1,             1,             1,             1,             1,             1,             1, 120.077322406,           120, 0.537757990456,             0, 13.8529396228, 1.54973338978, 147.187431996, 144.289558308, 147.045827232,  144.14574111, 147.116807979, 150.452291556, 180.471643747, 153.787775132, 157.123258709, 160.458742286, 163.794225863, 167.129709439, 170.465193016, 173.800676593,  177.13616017, 147.187333819,  144.28934487, 150.452291556, 180.471643747, 153.787775132, 157.123258709, 160.458742286, 163.794225863, 167.129709439, 170.465193016, 173.800676593,  177.13616017, 147.045710288, 144.145665596, -4.92929800459,             0,             0,             0,             0,             0,             0,             0,             0,             0,             0, -4.03757855274, -4.96012655979, -4.07421482002, -4.84223227409, 1.82301306864, 2.07382684125, 0.15421287298, 0.403647611666, 0.988918954233,             0,             0,             0,             0,             0,             0,             0,             0,             0,             0, 1.82162217709, 2.07136752294,             0,             0,             0,             0,             0,             0,             0,             0,             0,             0, 0.152571059533, 0.402756218571,            -0,            -0,            -0,            -0, -0.00509255918511,             0,             0,             0,             0,             0,             0,             0,             0,             0,             0, 0.320972843281, 0.32674978078,             0,             0,             0,             0,             0,             0,             0,             0,             0,             0, 0.315100850332, 0.321896277616
         4.45, -1.26980124358, -0.934998807007, -1.22933771972, -1.04577777808,  6.7285668671, 2536.23131413, 0.319543103955,             0, 262.699929484, -12.5811420823, 227.213670672, -22.762375364, 1223.81912247,  519.77569164, 1692.81058021, 975.419059769, 3450.32512434, 1897.73070771, 5106.21156329, 3280.74809353,             0,             0,             0,             0,             0,             0,             0,             0,             0,             0,             0,             0,             0,             0,             0,             0,             0,             0,             0,             0,             0, 0.910651852281, -0.0170438887947,            -0,            -0,            -0,            -0,            -0,            -0,            -0,            -0,            -0,            -0,            -0,            -0,            -0,            -0, 0.469224583571,             0,             0,             0,             0,             0,             0,             0,             0,             0,             0,             0,             0,             0,             0, 0.469224604332, 0.35187054335, 0.513963777139, 0.401311083334, 0.240480417287, 72.8156947096, 72.5694725022, 72.8193914123, 72.5003652545, 147.947248879, 0.919883745751, 0.882247602041,  20.961042617,             0,             0,             0,             0,             0,             0,             0,             0,             0,             0, 151.265957508, 181.283825503, 154.601276174,  157.93659484, 161.271913506, 164.607232172, 167.942550838, 171.277869504, 174.613188171, 177.948506837,             1,             1,             1,             1,             1,             1,             1,             1,             1,             1, 120.071242074,           120, 0.541744664787,             0, 13.8511150396, 1.54969936845, 148.015390732, 145.116780159, 147.878740376, 144.977982436, 147.947248879, 151.282564155, 181.300401632,  154.61787943, 157.953194705,  161.28850998, 164.623825256, 167.959140531, 171.294455806, 174.629771081, 177.965086357, 148.015258586, 145.116536065, 151.282564155, 181.300401632,  154.61787943, 157.953194705,  161.28850998, 164.623825256, 167.959140531, 171.294455806, 174.629771081, 177.965086357, 147.878591118, 144.977872786, -4.76211864286,             0,             0,             0,             0,             0,             0,             0,             0,             0,             0,   -3.84211474, -4.77460638793, -3.87973057774, -4.65715952163, 1.74801949237, 1.99024592363, 0.0788040737782, 0.319650646965, 0.913806343374,             0,             0,             0,             0,             0,             0,             0,             0,             0,             0, 1.74605180831, 1.98732355891,             0,             0,             0,             0,             0,             0,             0,             0,             0,             0, 0.0766031957068, 0.318304633339,            -0,            -0, 5.55111512313e-17, -5.55111512313e-17, -0.00519181140191,             0,             0,             0,             0,             0,             0,             0,             0,             0,             0, 0.321119596823, 0.326905762207,             0,             0,             0,             0,             0,             0,             0,             0,             0,             0, 0.314939246348, 0.321755568547
        4.475, -1.33150611449, -0.994652958746, -1.28747285495, -1.10177618045, 6.80387695931, 2538.91102931, 0.334506193482,             0, 267.001332342, -12.4725519366, 231.198737582, -22.9920315716, 1263.87211026, 540.996912823, 1780.61154492, 1033.37779616, 3413.78107692, 1861.79903149, 5136.69201175,  3309.3461109,             0,             0,             0,             0,             0,             0,             0,             0,             0,             0,             0,             0,             0,             0,             0,             0,             0,             0,             0,             0,             0, 0.837884375618, -0.0148931782091,            -0,            -0,            -0,            -0,            -0,            -0,            -0,            -0,            -0,            -0,            -0,            -0,            -0,            -0, 0.582178606956,             0,             0,             0,             0,             0,             0,             0,             0,             0,             0,             0,             0,             0,             0, 0.582178626624, 0.444412089532, 0.585705129722, 0.495047305724, 0.315579676533, 73.2241201769, 72.9764383439,  73.229679396, 72.9097924391, 148.777816519, 0.945809265175, 0.905628967607,   21.31170649,             0,             0,             0,             0,             0,             0,             0,             0,             0,             0, 152.096353032, 182.112695371, 155.431502181, 158.766651329, 162.101800478, 165.436949627, 168.772098776, 172.107247925, 175.442397074, 178.777546222,             1,             1,             1,             1,             1,             1,             1,             1,             1,             1,  120.06512693,           120, 0.54625709896,             0, 13.8492562299, 1.54966470508, 148.843449765, 145.944124491,  148.71180587, 145.810394949, 148.777816519,  152.11296229, 182.129274235, 155.448108062, 158.783253834, 162.118399605, 165.453545377, 168.788691149,  172.12383692, 175.458982692, 178.794128463, 148.843291263, 145.943857081,  152.11296229, 182.129274235, 155.448108062, 158.783253834, 162.118399605, 165.453545377, 168.788691149,  172.12383692, 175.458982692, 178.794128463,  148.71163094, 145.810256803, -4.59291067301,             0,             0,             0,             0,             0,             0,             0,             0,             0,             0, -3.64696010664, -4.58772635219, -3.68712020742, -4.47231970307, 1.67491204797, 1.90845108952, 0.00530406367251, 0.23747101658, 0.840583662914,             0,             0,             0,             0,             0,             0,             0,             0,             0,             0, 1.67242526501, 1.90511856576,             0,             0,             0,             0,             0,             0,             0,             0,             0,             0, 0.00258950417876, 0.235704793117,            -0, 5.55111512313e-17,            -0,            -0, -0.00521432148189,             0,             0,             0,             0,             0,             0,             0,             0,             0,             0, 0.321252346979, 0.327035900456,             0,             0,             0,             0,             0,             0,             0,             0,             0,             0, 0.314821487189, 0.321646814653
          4.5, -1.38697159326, -1.04839060689, -1.3382358914, -1.15081162893, 6.86597869183, 2541.68255129, 0.346951575892,             0, 271.687561236, -12.3678512462, 235.676010413, -23.239608935, 1296.66930765, 559.488963527, 1851.36086181,  1083.5093874, 3380.58099083, 1832.20894538, 5156.53208533, 3330.68670893,             0,             0,             0,             0,             0,             0,             0,             0,             0,             0,             0,             0,             0,             0,             0,             0,             0,             0,             0,             0,             0, 0.767050995981, -0.0130235311497,            -0,            -0,            -0,            -0,            -0,            -0,            -0,            -0,            -0,            -0,            -0,            -0,            -0,            -0, 0.684430827889,             0,             0,             0,             0,             0,             0,             0,             0,             0,             0,             0,             0,             0,             0, 0.684430845571, 0.526981840353, 0.648816574893, 0.580747345082, 0.384675473794, 73.6325737726, 73.3833704049, 73.6399771287, 73.3192021986, 149.608516738, 0.969519673934, 0.925505725564, 21.5823258842,             0,             0,             0,             0,             0,             0,             0,             0,             0,             0, 152.926883398,  182.94172132,  156.26186539, 159.596847381, 162.931829372, 166.266811363, 169.601793355, 172.936775346, 176.271757337, 179.606739329,             1,             1,             1,             1,             1,             1,             1,             1,             1,             1, 120.059105051,           120, 0.551073915587,             0, 13.8474081206, 1.54963023742, 149.671618075, 146.771601998,  149.54502455,  146.64297944, 149.608516738, 152.943495432, 182.958303677, 156.278474126,  159.61345282, 162.948431514, 166.283410208, 169.618388902, 172.953367596, 176.288346289, 179.623324983, 149.671440077, 146.771317791, 152.943495432, 182.958303677, 156.278474126,  159.61345282, 162.948431514, 166.283410208, 169.618388902, 172.953367596, 176.288346289, 179.623324983, 149.544829991, 146.642818023, -4.42197445833,             0,             0,             0,             0,             0,             0,             0,             0,             0,             0, -3.45229758664, -4.39977737653, -3.49629063978, -4.28776431818, 1.60378081198, 1.82854910956, -0.0661979089523, 0.157212651077, 0.769341128256,             0,             0,             0,             0,             0,             0,             0,             0,             0,             0, 1.60083024918, 1.82485531276,             0,             0,             0,             0,             0,             0,             0,             0,             0,             0, -0.0693823009554, 0.155059722239,            -0, -5.55111512313e-17, 5.55111512313e-17,            -0, -0.00516312444968,             0,             0,             0,             0,             0,             0,             0,             0,             0,             0, 0.321372298059, 0.327142423167,             0,             0,             0,             0,             0,             0,             0,             0,             0,             0, 0.31474303998, 0.321564816982
        4.525, -1.43583711668, -1.09641000351, -1.38153532214, -1.19331592539, 6.91213257801, 2544.44880841, 0.357347161185,             0, 276.582200572, -12.357885108, 240.513306329, -23.4556964283, 1324.88026957, 575.820569739, 1907.59179607, 1126.52897734, 3350.73692087, 1808.04855148,   5167.601802, 3346.45435566,             0,             0,             0,             0,             0,             0,             0,             0,             0,             0,             0,             0,             0,             0,             0,             0,             0,             0,             0,             0,             0, 0.698229735858, -0.0115448482097,            -0,            -0,            -0,            -0,            -0,            -0,            -0,            -0,            -0,            -0,            -0,            -0,            -0,            -0, 0.77670242628,             0,             0,             0,             0,             0,             0,             0,             0,             0,             0,             0,             0,             0,             0, 0.776702442048, 0.600367214372, 0.704184504005, 0.658912911256, 0.448077214653, 74.0410583393, 73.7902701299, 74.0502841557, 73.7285921536, 150.439353331, 0.990109128525, 0.941241534339, 21.7794914622,             0,             0,             0,             0,             0,             0,             0,             0,             0,             0, 153.757555423, 183.770937014,   157.0923756, 160.427195777, 163.762015954, 167.096836131, 170.431656307, 173.766476484, 177.101296661, 180.436116838,             1,             1,             1,             1,             1,             1,             1,             1,             1,             1, 120.053279857,           120, 0.556003404085,             0, 13.8456072219, 1.54959664656, 150.499905609, 147.599222875, 150.378393452, 147.475734943, 150.439353331, 153.774170343, 183.787523454, 157.108987355, 160.443804367,  163.77862138, 167.113438392, 170.448255404, 173.783072417, 177.117889429, 180.452706441, 150.499714076, 147.598927525, 153.774170343, 183.787523454, 157.108987355, 160.443804367,  163.77862138, 167.113438392, 170.448255404, 173.783072417, 177.117889429, 180.452706441, 150.378184594, 147.475555009, -4.24968127778,             0,             0,             0,             0,             0,             0,             0,             0,             0,             0, -3.25940144513, -4.21127260974, -3.30824666109, -4.10376134761, 1.53470174014, 1.75063543609, -0.135626462292, 0.0789684550416, 0.700154743177,             0,             0,             0,             0,             0,             0,             0,             0,             0,             0, 1.53133847932, 1.74662433964,             0,             0,             0,             0,             0,             0,             0,             0,             0,             0, -0.139239669897, 0.0764605578671,            -0,            -0,            -0, -5.55111512313e-17, -0.00504698708764,             0,             0,             0,             0,             0,             0,             0,             0,             0,             0, 0.321479600813, 0.327228834273,             0,             0,             0,             0,             0,             0,             0,             0,             0,             0, 0.314697092509, 0.321503398351
         4.55, -1.47789578194, -1.1389186636, -1.41737959142, -1.22987389086, 6.94194477383, 2547.13820992, 0.366019940774,             0, 281.548230328, -12.3898184651, 245.526154406, -23.6447658769, 1348.40401071, 590.172744987, 1952.98238417, 1163.21594766, 3324.38419188, 1788.21167021, 5172.68907528, 3358.44214168,             0,             0,             0,             0,             0,             0,             0,             0,             0,             0,             0,             0,             0,             0,             0,             0,             0,             0,             0,             0,             0, 0.631487659339, -0.0104670603351,            -0,            -0,            -0,            -0,            -0,            -0,            -0,            -0,            -0,            -0,            -0,            -0,            -0,            -0, 0.859939558932,             0,             0,             0,             0,             0,             0,             0,             0,             0,             0,             0,             0,             0,             0, 0.859939573283, 0.66556109473,  0.7528200353, 0.730230628017, 0.506246793226, 74.4495759597, 74.1971403739, 74.4605993651, 74.1379609911, 151.270328308, 1.00710164087, 0.952583323508, 21.9072044282,             0,             0,             0,             0,             0,             0,             0,             0,             0,             0, 154.588373541, 184.600368389, 157.923039635, 161.257705729, 164.592371824, 167.927037918, 171.261704012, 174.596370106, 177.931036201, 181.265702295,             1,             1,             1,             1,             1,             1,             1,             1,             1,             1, 120.047734201,           120, 0.560892323654,             0, 13.8438820153, 1.54956446411, 151.328320985, 148.426996377, 151.211908306, 148.308659192, 151.270328308, 154.604991414, 184.616959361, 157.939654519, 161.274317624, 164.608980729, 167.943643835,  171.27830694, 174.612970045,  177.94763315, 181.282296256, 151.328120974, 148.426694678, 154.604991414, 184.616959361, 157.939654519, 161.274317624, 164.608980729, 167.943643835,  171.27830694, 174.612970045,  177.94763315, 181.282296256, 151.211689759, 148.308464997, -4.07643759648,             0,             0,             0,             0,             0,             0,             0,             0,             0,             0, -3.06915214599, -4.02266870425, -3.12364588192, -3.92036750934, 1.46773933431, 1.67479560781, -0.202917586283, 0.00282161198139, 0.633089311162,             0,             0,             0,             0,             0,             0,             0,             0,             0,             0, 1.46400904754, 1.67050550831,             0,             0,             0,             0,             0,             0,             0,             0,             0,             0, -0.206922334196, -1.20954003178e-05,            -0,            -0,            -0, 5.55111512313e-17, -0.00487890655802,             0,             0,             0,             0,             0,             0,             0,             0,             0,             0, 0.321573884069, 0.327299314169,             0,             0,             0,             0,             0,             0,             0,             0,             0,             0, 0.314673362929, 0.321455951171
        4.575, -1.51351190289, -1.17616981998, -1.44636193033, -1.26090391922, 6.95509405087, 2549.69754058, 0.373168788208,             0, 286.472299496, -12.4437287926, 250.587562112, -23.8168609829, 1367.74490931, 602.589558723, 1988.93505277, 1194.37892621, 3301.61602111, 1771.61187857, 5174.58181156, 3368.29284982,             0,             0,             0,             0,             0,             0,             0,             0,             0,             0,             0,             0,             0,             0,             0,             0,             0,             0,             0,             0,             0, 0.566882450937, -0.00972807551506,            -0,            -0,            -0,            -0,            -0,            -0,            -0,            -0,            -0,            -0,            -0,            -0,            -0,            -0, 0.935200883586,             0,             0,             0,             0,             0,             0,             0,             0,             0,             0,             0,             0,             0,             0, 0.935200897067, 0.723644256505, 0.795761607733, 0.795452706107, 0.559724574218, 74.8581276955, 74.6039850734, 74.8709212529, 74.5473076215, 152.101442253, 1.02059259019, 0.959862520252, 21.9694506106,             0,             0,             0,             0,             0,             0,             0,             0,             0,             0, 155.419340247, 185.430034946, 158.753861881, 162.088383514, 165.422905147,  168.75742678, 172.091948413, 175.426470047,  178.76099168, 182.095513313,             1,             1,             1,             1,             1,             1,             1,             1,             1,             1, 120.042534356,           120, 0.565620964553,             0, 13.8422551877, 1.54953411379, 152.156871077, 149.254930533, 152.045564383, 149.141748996, 152.101442253, 155.435961105, 185.446630778, 158.770479958,  162.10499881, 165.439517663, 168.774036516, 172.108555368, 175.443074221, 178.777593073, 182.112111926, 152.156666817, 149.254626471, 155.435961105, 185.446630778, 158.770479958,  162.10499881, 165.439517663, 168.774036516, 172.108555368, 175.443074221, 178.777593073, 182.112111926, 152.045340111, 149.141544295, -3.90265672642,             0,             0,             0,             0,             0,             0,             0,             0,             0,             0, -2.88186675283, -3.83439608794, -2.94256943035, -3.73781704407, 1.40294843666, 1.60110553268, -0.268017228555, -0.0711540805224, 0.568200036372,             0,             0,             0,             0,             0,             0,             0,             0,             0,             0,  1.3988908656, 1.59656885538,             0,             0,             0,             0,             0,             0,             0,             0,             0,             0, -0.272380279551, -0.0742874296352,            -0,            -0,            -0,            -0, -0.00467402750792,             0,             0,             0,             0,             0,             0,             0,             0,             0,             0, 0.321654880937, 0.327357932543,             0,             0,             0,             0,             0,             0,             0,             0,             0,             0, 0.314661531734, 0.321416405449
          4.6, -1.54322670597, -1.20845816176, -1.46922348026, -1.28682681079, 6.95168608884, 2552.08681947, 0.378998856383,             0, 291.260769269, -12.5131176262, 255.584153911,  -23.97898286,  1383.5176872, 613.159883623, 2016.94402621, 1220.66565391, 3282.57248407, 1757.54755957, 5175.42692457, 3377.10248947,             0,             0,             0,             0,             0,             0,             0,             0,             0,             0,             0,             0,             0,             0,             0,             0,             0,             0,             0,             0,             0, 0.504462051793, -0.00923115768064,            -0,            -0,            -0,            -0,            -0,            -0,            -0,            -0,            -0,            -0,            -0,            -0,            -0,            -0, 1.00348084996,             0,             0,             0,             0,             0,             0,             0,             0,             0,             0,             0,             0,             0,             0, 1.00348086298, 0.775631327156, 0.833928221668, 0.855265681238, 0.608988788066, 75.2667140343, 75.0108083591, 75.2812478594, 74.9566311532, 152.932694617, 1.03084710157, 0.963558478153, 21.9700008172,             0,             0,             0,             0,             0,             0,             0,             0,             0,             0, 156.250456423, 186.259950242, 159.584844625, 162.919232827, 166.253621029, 169.588009231, 172.922397434, 176.256785636, 179.591173838,  182.92556204,             1,             1,             1,             1,             1,             1,             1,             1,             1,             1, 120.037730423,           120, 0.570102494537,             0, 13.8407437381, 1.54950591331, 152.985561618, 150.083032225, 152.879356138, 149.975000227, 152.932694617,  156.26708027, 186.276551146, 159.601465923, 162.935851575, 166.270237228, 169.604622881, 172.939008534, 176.273394187,  179.60777984, 182.942165493,  152.98535662, 150.082729095,  156.26708027, 186.276551146, 159.601465923, 162.935851575, 166.270237228, 169.604622881, 172.939008534, 176.273394187,  179.60777984, 182.942165493, 152.879129548, 149.974788329, -3.72875449157,             0,             0,             0,             0,             0,             0,             0,             0,             0,             0, -2.69769603938, -3.64686296219, -2.76495401671, -3.55635865312, 1.34037403345, 1.52963111021, -0.330881219295, -0.142894558771,  0.5055322097,             0,             0,             0,             0,             0,             0,             0,             0,             0,             0, 1.33602333896, 1.52487507841,             0,             0,             0,             0,             0,             0,             0,             0,             0,             0, -0.335572998367, -0.1463040195, 5.55111512313e-17,            -0,            -0,            -0, -0.00444740727546,             0,             0,             0,             0,             0,             0,             0,             0,             0,             0, 0.321722113714, 0.327407304347,             0,             0,             0,             0,             0,             0,             0,             0,             0,             0, 0.314653646473, 0.321380716837
        4.625, -1.56838914173, -1.23602336768, -1.48747683325, -1.30820286032, 6.93297211804, 2554.27531746, 0.383742477221,             0, 295.826008293, -12.5875611437, 260.396840154, -24.1388709469, 1396.86754297, 622.008206638, 2039.04855542, 1241.98163809, 3267.35333368, 1745.68120543,  5176.5325296, 3385.39696805,             0,             0,             0,             0,             0,             0,             0,             0,             0,             0,             0,             0,             0,             0,             0,             0,             0,             0,             0,             0,             0, 0.444265351619, -0.00887683433604,            -0,            -0,            -0,            -0,            -0,            -0,            -0,            -0,            -0,            -0,            -0,            -0,            -0,            -0,  1.0656146877,             0,             0,             0,             0,             0,             0,             0,             0,             0,             0,             0,             0,             0,             0, 1.06561470049, 0.822332492004, 0.868057725776, 0.910181316439, 0.654388782344,  75.675334287, 75.4176144636, 75.6915773948, 75.3659308757, 153.764084054, 1.03906607363, 0.965047880724, 21.9113715514,             0,             0,             0,             0,             0,             0,             0,             0,             0,             0, 157.081721586, 187.090121463, 160.415988239, 163.750254892, 167.084521545, 170.418788198, 173.753054851, 177.087321504, 180.421588157,  183.75585481,             1,             1,             1,             1,             1,             1,             1,             1,             1,             1, 120.033353284,           120, 0.57427881698,             0,  13.839357686, 1.54948005023, 153.814396036, 150.911307106, 153.713278516, 150.808407976, 153.764084054,   157.0983484, 187.106727515, 160.432612746, 163.766877092, 167.101141438, 170.435405784,  173.76967013, 177.103934476, 180.438198823, 183.772463169, 153.814193301, 150.911007635,   157.0983484, 187.106727515, 160.432612746, 163.766877092, 167.101141438, 170.435405784,  173.76967013, 177.103934476, 180.438198823, 183.772463169, 153.713052644, 150.808191831, -3.5551331015,             0,             0,             0,             0,             0,             0,             0,             0,             0,             0, -2.51584188418, -3.46050971526, -2.58982590981, -3.37607970635, 1.28005185917, 1.46042833926, -0.391474680349, -0.212345481515, 0.445121947804,             0,             0,             0,             0,             0,             0,             0,             0,             0,             0, 1.27543774377, 1.45547600614,             0,             0,             0,             0,             0,             0,             0,             0,             0,             0, -0.396468336897, -0.216009451635,            -0,            -0,            -0,            -0, -0.00421221277611,             0,             0,             0,             0,             0,             0,             0,             0,             0,             0, 0.321775238731, 0.327448679836,             0,             0,             0,             0,             0,             0,             0,             0,             0,             0, 0.314644874958, 0.321346961618
         4.65, -1.58875156387, -1.25944436129, -1.50103408322, -1.3255529219,  6.9027621323, 2556.24288376, 0.387506892503,             0, 300.099848293, -12.6560364915, 264.920596711, -24.2955232461, 1408.13761174, 629.453098013, 2055.95791925, 1258.44910741,   3255.869184, 1735.86958146, 5178.40310267,  3393.1626801,             0,             0,             0,             0,             0,             0,             0,             0,             0,             0,             0,             0,             0,             0,             0,             0,             0,             0,             0,             0,             0, 0.386324124114, -0.00858551455098,            -0,            -0,            -0,            -0,            -0,            -0,            -0,            -0,            -0,            -0,            -0,            -0,            -0,            -0,  1.1222526019,             0,             0,             0,             0,             0,             0,             0,             0,             0,             0,             0,             0,             0,             0,  1.1222526145, 0.864461680794, 0.898711672706, 0.960643026988,  0.6961580911, 76.0839880968, 75.8244073921,  76.101907204, 75.7752065575, 154.595608707, 1.04490559353, 0.964160436857, 21.7926508346,             0,             0,             0,             0,             0,             0,             0,             0,             0,             0, 157.913134234, 187.920550215, 161.247291565, 164.581448896, 167.915606228, 171.249763559,  174.58392089, 177.918078221, 181.252235552, 184.586392884,             1,             1,             1,             1,             1,             1,             1,             1,             1,             1, 120.029416108,           120, 0.578109528484,             0, 13.8381014925, 1.54945660839, 154.643378334, 151.739758846, 154.547324932, 151.641967286, 154.595608707, 157.929763977, 187.937161406, 161.263919247, 164.598074517, 167.932229787, 171.266385057, 174.600540327, 177.934695597, 181.268850866, 184.603006136, 154.643180329, 151.739465321, 157.929763977, 187.937161406, 161.263919247, 164.598074517, 167.932229787, 171.266385057, 174.600540327, 177.934695597, 181.268850866, 184.603006136, 154.547102379, 151.641749535, -3.38212761636,             0,             0,             0,             0,             0,             0,             0,             0,             0,             0, -2.33698403963, -3.27553680158, -2.41769146162, -3.19720469653, 1.22201097596, 1.39354279722, -0.449769329689, -0.279462790098, 0.386998166983,             0,             0,             0,             0,             0,             0,             0,             0,             0,             0, 1.21715920316, 1.38841404766,             0,             0,             0,             0,             0,             0,             0,             0,             0,             0, -0.455040391705, -0.283360965789,            -0,            -0,            -0, -5.55111512313e-17, -0.00397859624146,             0,             0,             0,             0,             0,             0,             0,             0,             0,             0, 0.321814602174, 0.327482584606,             0,             0,             0,             0,             0,             0,             0,             0,             0,             0, 0.314633371634, 0.321315226107
        4.675, -1.6041416018, -1.27895206814, -1.50984860693, -1.33923396248, 6.86234170264,  2557.9793201, 0.390398666515,             0, 304.020568181, -12.7337203713, 269.105588351, -24.4399704792, 1417.01992683, 635.665445232, 2067.56277955, 1271.79636285, 3247.88510295, 1728.07687455, 5180.84175032, 3400.31255101,             0,             0,             0,             0,             0,             0,             0,             0,             0,             0,             0,             0,             0,             0,             0,             0,             0,             0,             0,             0,             0, 0.330663873956, -0.00830729141838,            -0,            -0,            -0,            -0,            -0,            -0,            -0,            -0,            -0,            -0,            -0,            -0,            -0,            -0, 1.17386514235,             0,             0,             0,             0,             0,             0,             0,             0,             0,             0,             0,             0,             0,             0, 1.17386515469, 0.90254784352, 0.926279898953, 1.00696045714, 0.734513304581,  76.492674216, 76.2311906832, 76.5122349102, 76.1844584597, 155.427266354, 1.04802580417, 0.960699298487, 21.6151170412,             0,             0,             0,             0,             0,             0,             0,             0,             0,             0, 158.744692193, 188.751234708, 162.078752472, 165.412812752, 168.746873031, 172.080933311,  175.41499359, 178.749053869, 182.083114149, 185.417174428,             1,             1,             1,             1,             1,             1,             1,             1,             1,             1,  120.02592095,           120, 0.581568884227,             0,  13.836976264, 1.54943560898, 155.472510949, 152.568389221, 155.381489285, 152.475673186, 155.427266354, 158.761324816, 188.767850982, 162.095383279, 165.429441742, 168.763500205, 172.097558668, 175.431617131, 178.765675594, 182.099734056, 185.433792519,   155.4723197, 152.568103579, 158.761324816, 188.767850982, 162.095383279, 165.429441742, 168.763500205, 172.097558668, 175.431617131, 178.765675594, 182.099734056, 185.433792519, 155.381272276, 152.475456187, -3.21000214125,             0,             0,             0,             0,             0,             0,             0,             0,             0,             0, -2.16172710021, -3.09224904422, -2.24901246069, -3.01987494569, 1.16627427313, 1.32901032824, -0.50574305894, -0.344211470284, 0.331183499479,             0,             0,             0,             0,             0,             0,             0,             0,             0,             0, 1.16120768228, 1.32372285628,             0,             0,             0,             0,             0,             0,             0,             0,             0,             0, -0.511268742844, -0.348324756492, -5.55111512313e-17, -5.55111512313e-17,            -0, -5.55111512313e-17, -0.0037533271601,             0,             0,             0,             0,             0,             0,             0,             0,             0,             0, 0.321841090927, 0.327509148395,             0,             0,             0,             0,             0,             0,             0,             0,             0,             0, 0.314619905923, 0.321285864078
          4.7, -1.6147815029, -1.29473408444, -1.5142428751, -1.34948847127, 6.81136283777, 2559.48136898, 0.392413500389,             0, 307.523957397, -12.8247569867, 272.909789408, -24.5663263336, 1423.23006474,  640.77347546, 2073.84111197, 1282.14458075, 3243.03951523, 1722.25883709,   5183.276233, 3406.63174163,             0,             0,             0,             0,             0,             0,             0,             0,             0,             0,             0,             0,             0,             0,             0,             0,             0,             0,             0,             0,             0, 0.277303532405, -0.00802083031811,            -0,            -0,            -0,            -0,            -0,            -0,            -0,            -0,            -0,            -0,            -0,            -0,            -0,            -0, 1.22078484047,             0,             0,             0,             0,             0,             0,             0,             0,             0,             0,             0,             0,             0,             0, 1.22078485243, 0.936951637756, 0.951025592105, 1.04933435617, 0.769570235329, 76.9013904982, 76.6379678082, 76.9225582787, 76.5936868631, 156.259054414, 1.04843693261, 0.954791328212,  21.382167755,             0,             0,             0,             0,             0,             0,             0,             0,             0,             0, 159.576392763, 189.582171086, 162.910368132, 166.244343501,  169.57831887,  172.91229424, 176.246269609, 179.580244978, 182.914220347, 186.248195717,             1,             1,             1,             1,             1,             1,             1,             1,             1,             1, 120.022863796,           120, 0.584643038479,             0, 13.8359811832, 1.54941703724, 156.301795223, 153.397199296, 156.215765445, 153.309519964, 156.259054414, 159.593028207, 189.598792344,    162.927002, 166.260975793, 169.594949586, 172.928923379, 176.262897172, 179.596870965, 182.930844758, 186.264818551,  156.30161241, 153.396923191, 159.593028207, 189.598792344,    162.927002, 166.260975793, 169.594949586, 172.928923379, 176.262897172, 179.596870965, 182.930844758, 186.264818551, 156.215555904, 153.309305834, -3.03901499827,             0,             0,             0,             0,             0,             0,             0,             0,             0,             0, -1.99031947755, -2.91089158929, -2.08392082551, -2.84426025505, 1.11285807474, 1.26686007358, -0.55938020659, -0.406563239939, 0.277694063124,             0,             0,             0,             0,             0,             0,             0,             0,             0,             0, 1.10759750392, 1.26143009794,             0,             0,             0,             0,             0,             0,             0,             0,             0,             0, -0.565138852752, -0.410873194288,            -0,            -0, 5.55111512313e-17,            -0, -0.00354006929617,             0,             0,             0,             0,             0,             0,             0,             0,             0,             0, 0.321856066592, 0.327528536997,             0,             0,             0,             0,             0,             0,             0,             0,             0,             0, 0.314606647767, 0.321259706745
        4.725, -1.62044462533, -1.3069312747, -1.51404679999, -1.3564885703, 6.74929387837, 2560.75074984, 0.393536952851,             0,  310.57608612, -12.9283196843, 276.301814444, -24.670412802,  1426.7548133, 644.749099371, 2074.64174632, 1289.49152776,  3240.9585709,  1718.3833579, 5184.98389529, 3411.71808181,             0,             0,             0,             0,             0,             0,             0,             0,             0,             0,             0,             0,             0,             0,             0,             0,             0,             0,             0,             0,             0, 0.226255265123, -0.00772428229996,            -0,            -0,            -0,            -0,            -0,            -0,            -0,            -0,            -0,            -0,            -0,            -0,            -0,            -0, 1.26322571009,             0,             0,             0,             0,             0,             0,             0,             0,             0,             0,             0,             0,             0,             0, 1.26322572157, 0.967926944354, 0.973098394484, 1.08791089556, 0.801388172825, 77.3101349874, 77.0447423535, 77.3328746897, 77.0028919017, 157.090969903, 1.04572885363, 0.94609725279,  21.097720218,             0,             0,             0,             0,             0,             0,             0,             0,             0,             0,   160.4082327, 190.413353706, 163.742135034, 167.076037368, 170.409939702, 173.743842036,  177.07774437, 180.411646704, 183.745549038, 187.079451372,             1,             1,             1,             1,             1,             1,             1,             1,             1,             1, 120.020235215,           120, 0.587325864008,             0, 13.8351136426, 1.54940084495, 157.131232752, 154.226189729, 157.050146034,  154.14350099, 157.090969903, 160.424870895, 190.429979826, 163.758771888,  167.09267288, 170.426573872, 173.760474865, 177.094375857, 180.428276849, 183.762177842, 187.096078834,  157.13105972,  154.22592458, 160.424870895, 190.429979826, 163.758771888,  167.09267288, 170.426573872, 173.760474865, 177.094375857, 180.428276849, 183.762177842, 187.096078834,  157.04994556, 154.143291627, -2.86943673865,             0,             0,             0,             0,             0,             0,             0,             0,             0,             0, -1.82344195543, -2.73172403566, -1.92302659946, -2.67056875673, 1.06177215131, 1.20711516179, -0.610671504285, -0.466495580879, 0.226539299449,             0,             0,             0,             0,             0,             0,             0,             0,             0,             0, 1.05633702596, 1.20155806968,             0,             0,             0,             0,             0,             0,             0,             0,             0,             0, -0.616642295397, -0.470984109402,            -0,            -0,            -0,            -0, -0.00334008761925,             0,             0,             0,             0,             0,             0,             0,             0,             0,             0, 0.321860937475, 0.327540876787,             0,             0,             0,             0,             0,             0,             0,             0,             0,             0, 0.314596325942, 0.321238283794
         4.75, -1.62130857514, -1.31568460113, -1.50948282997, -1.36038513177, 6.67575250748, 2561.79169081, 0.393735826375,             0, 313.170296711, -13.0408957987, 279.282580599, -24.7498076607, 1427.53333675, 647.495349379, 2069.69401781,  1293.8058654, 3241.36040881, 1716.46509739, 5185.25381224,  3415.1594541,             0,             0,             0,             0,             0,             0,             0,             0,             0,             0,             0,             0,             0,             0,             0,             0,             0,             0,             0,             0,             0, 0.177524621612, -0.0074269077895,            -0,            -0,            -0,            -0,            -0,            -0,            -0,            -0,            -0,            -0,            -0,            -0,            -0,            -0, 1.30131201312,             0,             0,             0,             0,             0,             0,             0,             0,             0,             0,             0,             0,             0,             0, 1.30131202405, 0.995603878054, 0.992561070132, 1.12275960408, 0.82999787665, 77.7189054991, 77.4515180314, 77.7431817231, 77.4120735282,  157.92300942, 1.03990738757, 0.934679794052, 20.7658549505,             0,             0,             0,             0,             0,             0,             0,             0,             0,             0, 161.240208318, 191.244776236, 164.574049198, 167.907890077, 171.241730957, 174.575571837, 177.909412717, 181.243253596, 184.577094476, 187.910935356,             1,             1,             1,             1,             1,             1,             1,             1,             1,             1, 120.018024554,           120, 0.589616917988,             0, 13.8343708437, 1.54938698024, 157.960824235, 155.055360802, 157.884623506,  154.97760874,  157.92300942, 161.256849187, 191.261407087, 164.590688953,  167.92452872, 171.258368487, 174.592208253,  177.92604802, 181.259887787, 184.593727553,  187.92756732, 157.960662071, 155.055107826, 161.256849187, 191.261407087, 164.590688953,  167.92452872, 171.258368487, 174.592208253,  177.92604802, 181.259887787, 184.593727553,  187.92756732, 157.884433441, 154.977405829, -2.70155016502,             0,             0,             0,             0,             0,             0,             0,             0,             0,             0, -1.66137141833, -2.55501899052, -1.76654981145, -2.49904509766, 1.01301964031, 1.14979286434, -0.659614236774, -0.523991590851, 0.177722141981,             0,             0,             0,             0,             0,             0,             0,             0,             0,             0,  1.0074286632, 1.14412370636,             0,             0,             0,             0,             0,             0,             0,             0,             0,             0, -0.665776786595, -0.528640792113,            -0, -5.55111512313e-17, -5.55111512313e-17,            -0, -0.00315307978395,             0,             0,             0,             0,             0,             0,             0,             0,             0,             0, 0.321856773967, 0.327546124681,             0,             0,             0,             0,             0,             0,             0,             0,             0,             0, 0.314591627164, 0.321223160443
        4.775, -1.61729386394, -1.32104105297, -1.50048993283, -1.36123041044, 6.58972942965, 2562.60896445, 0.393050469303,             0, 315.285093801, -13.169734701, 281.841282388, -24.7986454912, 1425.64664311, 649.556616548, 2058.98379115, 1295.03748578, 3244.06237552, 1716.49587907,  5183.5253562, 3416.64048726,             0,             0,             0,             0,             0,             0,             0,             0,             0,             0,             0,             0,             0,             0,             0,             0,             0,             0,             0,             0,             0, 0.131110610264, -0.00714348680438,            -0,            -0,            -0,            -0,            -0,            -0,            -0,            -0,            -0,            -0,            -0,            -0,            -0,            -0,  1.3351106425,             0,             0,             0,             0,             0,             0,             0,             0,             0,             0,             0,             0,             0,             0, 1.33511065288, 1.02006000071, 1.00944988478, 1.15392964911, 0.855419760727,  78.127700098, 77.8582986513, 78.1534767378, 77.8212315074, 158.755169172,  1.0307522236, 0.920345834917, 20.3916277275,             0,             0,             0,             0,             0,             0,             0,             0,             0,             0, 162.072315505, 192.076431625, 165.406106185, 168.739896865, 172.073687545, 175.407478225, 178.741268905, 182.075059585, 185.408850265, 188.742640945,             1,             1,             1,             1,             1,             1,             1,             1,             1,             1, 120.016219956,           120, 0.591519113521,             0, 13.8337494476,  1.5493753811, 158.790570496, 155.884712528, 158.719189353, 155.811834813, 158.755169172,  162.08895896, 192.093067056, 165.422748749, 168.756538537, 172.090328326, 175.424118114, 178.757907902, 182.091697691, 185.425487479, 188.759277268, 158.790420025, 155.884472754,  162.08895896, 192.093067056, 165.422748749, 168.756538537, 172.090328326, 175.424118114, 178.757907902, 182.091697691, 185.425487479, 188.759277268, 158.719010764, 155.811639832, -2.53565396343,             0,             0,             0,             0,             0,             0,             0,             0,             0,             0, -1.50462667856, -2.38106872961, -1.6149821023, -2.3299682365, 0.96659732017, 1.09490506034, -0.706211970999, -0.579039787201, 0.13123910848,             0,             0,             0,             0,             0,             0,             0,             0,             0,             0, 0.960868766353,  1.0891386968,             0,             0,             0,             0,             0,             0,             0,             0,             0,             0, -0.712546207084, -0.583831891567, -5.55111512313e-17,            -0,            -0,            -0, -0.00297793070536,             0,             0,             0,             0,             0,             0,             0,             0,             0,             0, 0.321844276824, 0.327544322878,             0,             0,             0,             0,             0,             0,             0,             0,             0,             0, 0.314594674622, 0.321215538403
          4.8,  -1.608867136, -1.32298889493, -1.48754250311, -1.35901004906, 6.49017512007, 2563.20728225, 0.391496752136,             0, 316.925044287, -13.3138021747, 283.993849688, -24.8176041136, 1421.23883663, 650.914444762, 2042.65028425, 1293.13744783, 3248.91904955, 1718.41550455, 5179.49915699, 3416.03213879,             0,             0,             0,             0,             0,             0,             0,             0,             0,             0,             0,             0,             0,             0,             0,             0,             0,             0,             0,             0,             0, 0.0870060696218, -0.006890169743,            -0,            -0,            -0,            -0,            -0,            -0,            -0,            -0,            -0,            -0,            -0,            -0,            -0,            -0, 1.36467887877,             0,             0,             0,             0,             0,             0,             0,             0,             0,             0,             0,             0,             0,             0, 1.36467888864, 1.04132426013, 1.02378073513, 1.18144644818, 0.877692210292, 78.5365166248, 78.2650881881, 78.5637572808, 78.2303653418, 159.587445016, 1.01864837419, 0.903494257642, 19.9805310083,             0,             0,             0,             0,             0,             0,             0,             0,             0,             0, 162.904549762, 192.908312116, 166.238301135, 169.572052507,  172.90580388, 176.239555253, 179.573306625, 182.907057998,  186.24080937, 189.574560743,             1,             1,             1,             1,             1,             1,             1,             1,             1,             1, 120.014808338,           120, 0.593037269762,             0, 13.8332453854, 1.54936597182,  159.62047153, 156.714244899, 159.553835006, 156.646169887, 159.587445016, 162.921195711, 192.924951967, 166.254946406, 169.588697101, 172.922447796, 176.256198491, 179.589949186, 182.923699881, 186.257450577, 189.591201272, 159.620333393, 156.714019169, 162.921195711, 192.924951967, 166.254946406, 169.588697101, 172.922447796, 176.256198491, 179.589949186, 182.923699881, 186.257450577, 189.591201272,  159.55366876, 156.645984101, -2.37207469574,             0,             0,             0,             0,             0,             0,             0,             0,             0,             0, -1.35314896978, -2.21019464877, -1.46825079679, -2.16365572402, 0.922495767834, 1.04245894177, -0.750474475819, -0.631633208483, 0.0870806872217,             0,             0,             0,             0,             0,             0,             0,             0,             0,             0, 0.916647752682, 1.03661015225,             0,             0,             0,             0,             0,             0,             0,             0,             0,             0, -0.756960494644, -0.636550669332,            -0,            -0,            -0,            -0, -0.00281328556355,             0,             0,             0,             0,             0,             0,             0,             0,             0,             0, 0.321824008955, 0.327535707462,             0,             0,             0,             0,             0,             0,             0,             0,             0,             0, 0.314606614998, 0.32121591946
        4.825, -1.59625889561, -1.32149947766, -1.47086556437, -1.35369130297, 6.37649775559, 2563.59132706, 0.38911891831,             0, 318.088317551, -13.4695600706, 285.737231584, -24.8097680223, 1414.54863615, 651.526003542,  2021.1161974, 1288.09831452,  3255.7870922, 1722.14210225, 5173.13532344, 3413.36638844,             0,             0,             0,             0,             0,             0,             0,             0,             0,             0,             0,             0,             0,             0,             0,             0,             0,             0,             0,             0,             0, 0.0451981387366, -0.00668171427849,            -0,            -0,            -0,            -0,            -0,            -0,            -0,            -0,            -0,            -0,            -0,            -0,            -0,            -0, 1.39008930177,             0,             0,             0,             0,             0,             0,             0,             0,             0,             0,             0,             0,             0,             0, 1.39008931123, 1.05944657872, 1.03558342524, 1.20536719771, 0.896878728554, 78.9453532739, 78.6718907742, 78.9740205846, 78.6394743194, 160.419832506,   1.003807592, 0.884335111902, 19.5378334656,             0,             0,             0,             0,             0,             0,             0,             0,             0,             0, 163.736906233, 193.740409096, 167.070628773, 170.404351314, 173.738073854, 177.071796394, 180.405518935, 183.739241475, 187.072964015, 190.406686556,             1,             1,             1,             1,             1,             1,             1,             1,             1,             1, 120.013774622,           120, 0.594177519104,             0, 13.8328536148, 1.54935865849, 160.450527581,  157.54395782, 160.388551058, 157.480603889, 160.419832506, 163.753554574,  193.75705318, 167.087276641, 170.420998709, 173.754720776, 177.088442843, 180.422164911, 183.755886978, 187.089609045, 190.423331113, 160.450402219, 157.543746789, 163.753554574,  193.75705318, 167.087276641, 170.420998709, 173.754720776, 177.088442843, 180.422164911, 183.755886978, 187.089609045, 190.423331113, 160.388397807, 157.480428351, -2.21116007167,             0,             0,             0,             0,             0,             0,             0,             0,             0,             0, -1.20707392658, -2.04273748326, -1.32649318593, -2.00044979338, 0.88070006631, 0.992457232344, -0.792417026261, -0.681769364847, 0.0452318174306,             0,             0,             0,             0,             0,             0,             0,             0,             0,             0, 0.874750423556, 0.986540631246,             0,             0,             0,             0,             0,             0,             0,             0,             0,             0, -0.799035247114, -0.686794989627, -5.55111512313e-17, -5.55111512313e-17,            -0, 5.55111512313e-17, -0.00265791074845,             0,             0,             0,             0,             0,             0,             0,             0,             0,             0, 0.321796520004, 0.327520591845,             0,             0,             0,             0,             0,             0,             0,             0,             0,             0, 0.314627619198, 0.321224199186
         4.85, -1.57987799593, -1.31654941108, -1.45085994755, -1.34524674494,  6.2487290273, 2563.76644033, 0.385975093536,             0,   318.7810952,  -13.63252168, 287.073091973, -24.7792084604, 1405.84078392, 651.327748393, 1994.94648682, 1279.95510209, 3264.52529808, 1727.55548014, 5164.58256821,  3408.7788168,             0,             0,             0,             0,             0,             0,             0,             0,             0,             0,             0,             0,             0,             0,             0,             0,             0,             0,             0,             0,             0, 0.00566888417454, -0.00652944175483,            -0,            -0,            -0,            -0,            -0,            -0,            -0,            -0,            -0,            -0,            -0,            -0,            -0,            -0, 1.41144193115,             0,             0,             0,             0,             0,             0,             0,             0,             0,             0,             0,             0,             0,             0, 1.41144194032, 1.07448789059, 1.04491260284, 1.22576606913, 0.913067211937, 79.3542082599, 79.0787105982, 79.3842638746, 79.0485576133, 161.252326937, 0.986675088145, 0.863308159539, 19.0682127523,             0,             0,             0,             0,             0,             0,             0,             0,             0,             0, 164.569379718, 194.572712896, 167.903083405, 171.236787091, 174.570490777, 177.904194464,  181.23789815, 184.571601837, 187.905305523, 191.239009209,             1,             1,             1,             1,             1,             1,             1,             1,             1,             1, 120.013100873,           120, 0.594947563251,             0, 13.8325679045, 1.54935332491, 161.280738406, 158.373850921, 161.223328019, 158.315126257, 161.252326937, 164.586030344,  194.58936101, 167.919733751, 171.253437159, 174.587140566, 177.920843973, 181.254547381, 184.588250788, 187.921954195, 191.255657602,   161.2806261, 158.373655058, 164.586030344,  194.58936101, 167.919733751, 171.253437159, 174.587140566, 177.920843973, 181.254547381, 184.588250788, 187.921954195, 191.255657602, 161.223188239, 158.314961807, -2.05326487401,             0,             0,             0,             0,             0,             0,             0,             0,             0,             0, -1.06631078891, -1.87904261982, -1.18962388926, -1.84069846734, 0.841190332812, 0.94489811334, -0.832059929063, -0.729450382237, 0.00567252621468,             0,             0,             0,             0,             0,             0,             0,             0,             0,             0, 0.835156548021, 0.938928001887,             0,             0,             0,             0,             0,             0,             0,             0,             0,             0, -0.838791171172, -0.734567461954,            -0,            -0,            -0,            -0, -0.00251086332195,             0,             0,             0,             0,             0,             0,             0,             0,             0,             0, 0.321762347154, 0.327499427709,             0,             0,             0,             0,             0,             0,             0,             0,             0,             0, 0.31465714832, 0.321239881178
        4.875, -1.56003427132, -1.30814165801, -1.42782545265, -1.33367476476, 6.10745533912, 2563.73922536, 0.382105274176,             0, 319.021741469,   -13.7988309, 288.009557974, -24.7293417295, 1395.17178232,  650.25089338, 1964.63105107, 1268.78068812, 3274.98758713, 1734.51249318, 5154.09492737,  3402.4470758,             0,             0,             0,             0,             0,             0,             0,             0,             0,             0,             0,             0,             0,             0,             0,             0,             0,             0,             0,             0,             0, -0.0316040962401, -0.00644033509722,            -0,            -0,            -0,            -0,            -0,            -0,            -0,            -0,            -0,            -0,            -0,            -0,            -0,            -0, 1.42886360281,             0,             0,             0,             0,             0,             0,             0,             0,             0,             0,             0,             0,             0,             0, 1.42886361184, 1.08653721118, 1.05184579699,  1.2427452722, 0.926363513742, 79.7630799563, 79.4855517775, 79.7944842561, 79.4576143861, 162.084923382, 0.967624792277, 0.840779253123, 18.5756871556,             0,             0,             0,             0,             0,             0,             0,             0,             0,             0, 165.401964726, 195.405212878, 168.735658965, 172.069353204, 175.403047443, 178.736741682, 182.070435921,  185.40413016, 188.737824399, 192.071518638,             1,             1,             1,             1,             1,             1,             1,             1,             1,             1, 120.012766452,           120, 0.595357159227,             0, 13.8323810791, 1.54934983724, 162.111103535, 159.203923359, 162.058156233, 159.149726207, 162.084923382, 165.418617524, 195.421864802, 168.752311666, 172.086005808,  175.41969995, 178.753394092, 182.087088234, 185.420782376, 188.754476518,  192.08817066,  162.11100441, 159.203742952, 165.418617524, 195.421864802, 168.752311666, 172.086005808,  175.41969995, 178.753394092, 182.087088234, 185.420782376, 188.754476518,  192.08817066, 162.058030225, 159.149573485, -1.89873550136,             0,             0,             0,             0,             0,             0,             0,             0,             0,             0, -0.93083175131,   -1.71944378, -1.05762311278, -1.68473800916, 0.803942419504, 0.899775050512, -0.869427831368, -0.774683203516, -0.0316214580832,             0,             0,             0,             0,             0,             0,             0,             0,             0,             0, 0.797841468536, 0.893765281102,             0,             0,             0,             0,             0,             0,             0,             0,             0,             0, -0.876253456488, -0.77987560964,            -0, 5.55111512313e-17,            -0,            -0, -0.00237151583272,             0,             0,             0,             0,             0,             0,             0,             0,             0,             0, 0.321722039539, 0.327472747867,             0,             0,             0,             0,             0,             0,             0,             0,             0,             0, 0.314694263101, 0.321262307235
          4.9, -1.53699352723, -1.29634609707, -1.40201736071, -1.31903658642, 5.95375741476, 2563.51729499, 0.37749859499,             0, 318.821827664, -13.9603838488, 288.551249188, -24.6646592177, 1382.41508235, 647.703750746, 1930.62713932, 1254.68262943,  3287.0687336, 1742.91864564,  5141.9218566, 3394.52003216,             0,             0,             0,             0,             0,             0,             0,             0,             0,             0,             0,             0,             0,             0,             0,             0,             0,             0,             0,             0,             0, -0.0666474354242, -0.00641748991864,            -0,            -0,            -0,            -0,            -0,            -0,            -0,            -0,            -0,            -0,            -0,            -0,            -0,            -0, 1.44248962471,             0,             0,             0,             0,             0,             0,             0,             0,             0,             0,             0,             0,             0,             0, 1.44248963376,  1.0956933488, 1.05644931126, 1.25641536203,  0.9368741996, 80.1719666411, 79.8924182619, 80.2046787876,  79.866643863, 162.917616742, 0.946969692444, 0.817052799521, 18.0636792313,             0,             0,             0,             0,             0,             0,             0,             0,             0,             0, 166.234655543,  196.23789781, 169.568349129, 172.902042714, 176.235736299, 179.569429884, 182.903123469, 186.236817054, 189.570510639, 192.904204224,             1,             1,             1,             1,             1,             1,             1,             1,             1,             1, 120.012749168,           120, 0.595418409986,             0, 13.8322857535, 1.54934805769, 162.941622137, 160.034173686, 162.893026104, 159.984392938, 162.917616742, 166.251310399, 196.254553312, 169.585004056, 172.918697713,  176.25239137, 179.586085027, 182.919778684, 186.253472341, 189.587165998, 192.920859655, 162.941536167, 160.034008856, 166.251310399, 196.254553312, 169.585004056, 172.918697713,  176.25239137, 179.586085027, 182.919778684, 186.253472341, 189.587165998, 192.920859655, 162.892914002, 159.984252388, -1.7478986338,             0,             0,             0,             0,             0,             0,             0,             0,             0,             0, -0.800650301187, -1.56425118754, -0.930512866947, -1.53288206494, 0.76892815867, 0.857076351172, -0.904549472535, -0.817479909259, -0.0666784602325,             0,             0,             0,             0,             0,             0,             0,             0,             0,             0, 0.762776452545, 0.851040391794,             0,             0,             0,             0,             0,             0,             0,             0,             0,             0, -0.911451428436, -0.822732098511,            -0,            -0,            -0,            -0, -0.0022394926945,             0,             0,             0,             0,             0,             0,             0,             0,             0,             0, 0.32167598968, 0.32744090282,             0,             0,             0,             0,             0,             0,             0,             0,             0,             0, 0.314738036339, 0.321290923458
        4.925, -1.51092371798, -1.28129486394, -1.37359490747, -1.30145715393, 5.78933916242, 2563.10959327,  0.3722298762,             0, 318.201252458, -14.1160318537, 288.709681038, -24.5859385406, 1367.83373925, 643.998816172, 1893.24756216, 1237.80596077,   3300.739033, 1752.77118895, 5128.21511739, 3385.05763156,             0,             0,             0,             0,             0,             0,             0,             0,             0,             0,             0,             0,             0,             0,             0,             0,             0,             0,             0,             0,             0, -0.0994918717931, -0.00646080075605,            -0,            -0,            -0,            -0,            -0,            -0,            -0,            -0,            -0,            -0,            -0,            -0,            -0,            -0, 1.45243818349,             0,             0,             0,             0,             0,             0,             0,             0,             0,             0,             0,             0,             0,             0, 1.45243819273, 1.10204431233, 1.05879671195, 1.26687319393, 0.944686922163, 80.5808665209, 80.2993137176,  80.614844577, 80.2756454315, 163.750401774, 0.924912916004, 0.79232524238, 17.5346387471,             0,             0,             0,             0,             0,             0,             0,             0,             0,             0,  167.06744624, 197.070755519, 170.401147271, 173.734848302, 177.068549333, 180.402250364, 183.735951395, 187.069652426, 190.403353457, 193.737054488,             1,             1,             1,             1,             1,             1,             1,             1,             1,             1, 120.013023885,           120, 0.59514491373,             0, 13.8322739386, 1.54934783712, 163.772292863, 160.864599625, 163.727928332, 160.819115904, 163.750401774, 167.084103031, 197.087414348, 170.417804288, 173.751505546, 177.085206803, 180.418908061, 183.752609318, 187.086310576, 190.420011833,  193.75371309, 163.772219884, 160.864450337, 167.084103031, 197.087414348, 170.417804288, 173.751505546, 177.085206803, 180.418908061, 183.752609318, 187.086310576, 190.420011833,  193.75371309, 163.727830116, 160.818987801, -1.60104324506,             0,             0,             0,             0,             0,             0,             0,             0,             0,             0, -0.675852163159, -1.41373533639, -0.808385515579, -1.38540587538, 0.73611554571, 0.816784684812, -0.937457533305, -0.85785846996, -0.0995307279447,             0,             0,             0,             0,             0,             0,             0,             0,             0,             0, 0.729928994181, 0.810735581249,             0,             0,             0,             0,             0,             0,             0,             0,             0,             0, -0.944418284418, -0.863155383176,            -0,            -0,            -0,            -0, -0.00211457737802,             0,             0,             0,             0,             0,             0,             0,             0,             0,             0, 0.321624306605, 0.327403898216,             0,             0,             0,             0,             0,             0,             0,             0,             0,             0, 0.314787903208, 0.321325506704
         4.95, -1.4819277791, -1.26320265863, -1.3426531069, -1.28115149591,   5.616659045, 2562.52681474, 0.366211762104,             0, 317.193388029, -14.2591913306,  288.48970155, -24.4909029404, 1351.47551808,  639.27032925, 1852.71951668, 1216.52916458, 3315.98245102, 1764.02487439, 5113.06478871, 3374.03298341,             0,             0,             0,             0,             0,             0,             0,             0,             0,             0,             0,             0,             0,             0,             0,             0,             0,             0,             0,             0,             0, -0.130171798464, -0.0065689562765,            -0,            -0,            -0,            -0,            -0,            -0,            -0,            -0,            -0,            -0,            -0,            -0,            -0,            -0, 1.45881419369,             0,             0,             0,             0,             0,             0,             0,             0,             0,             0,             0,             0,             0,             0, 1.45881420328, 1.10567088423, 1.05895346025, 1.27420621302, 0.94982157956, 80.9897777187, 80.7062413986, 81.0249788771, 80.6846187102, 164.583273155, 0.901575283503,  0.7667117788, 16.9899438075,             0,             0,             0,             0,             0,             0,             0,             0,             0,             0, 167.900330745, 197.903773214, 171.234046575, 174.567762405, 177.901478235, 181.235194065, 184.568909895, 187.902625725, 191.236341555, 194.570057385,             1,             1,             1,             1,             1,             1,             1,             1,             1,             1, 120.013563812,           120, 0.594552675424,             0,  13.832337571, 1.54934902503, 164.603113737, 161.695198013, 164.562854119, 161.653885008, 164.583273155,  167.91698935,  197.92043511, 171.250705546, 174.584421742, 177.918137937, 181.251854133, 184.585570328, 187.919286524, 191.253002719, 194.586718915, 164.603053452, 161.695064096,  167.91698935,  197.92043511, 171.250705546, 174.584421742, 177.918137937, 181.251854133, 184.585570328, 187.919286524, 191.253002719, 194.586718915, 164.562769619, 161.653769474, -1.45841253154,             0,             0,             0,             0,             0,             0,             0,             0,             0,             0, -0.556559635528, -1.26812433179, -0.691368944927, -1.24253757699, 0.705469161634, 0.778876980327, -0.968188180855, -0.895843058419, -0.130213979737,             0,             0,             0,             0,             0,             0,             0,             0,             0,             0, 0.699263212629, 0.772827397277,             0,             0,             0,             0,             0,             0,             0,             0,             0,             0, -0.975190660286, -0.901169745682, 5.55111512313e-17,            -0,            -0, 5.55111512313e-17, -0.00199661260526,             0,             0,             0,             0,             0,             0,             0,             0,             0,             0, 0.321567046517, 0.327361897469,             0,             0,             0,             0,             0,             0,             0,             0,             0,             0, 0.314843526765, 0.321366161677
        4.975, -1.45010409602, -1.24238993698, -1.30928264009, -1.25843327404, 5.43867023086, 2561.78104206, 0.359579255443,             0, 315.820931834, -14.3942695389, 287.916578154, -24.3778240849,  1333.3599465, 633.642606695, 1809.17138462,  1192.4461949, 3332.83667857, 1776.71386737, 5096.44617824, 3361.32738047,             0,             0,             0,             0,             0,             0,             0,             0,             0,             0,             0,             0,             0,             0,             0,             0,             0,             0,             0,             0,             0, -0.158725015846, -0.00674318702817,            -0,            -0,            -0,            -0,            -0,            -0,            -0,            -0,            -0,            -0,            -0,            -0,            -0,            -0, 1.46169198206,             0,             0,             0,             0,             0,             0,             0,             0,             0,             0,             0,             0,             0,             0, 1.46169199218,  1.1066293347,  1.0569614464,  1.2784759939, 0.952356679496, 81.3986979906, 81.1132039393, 81.4350793309, 81.0935637691, 165.416225545, 0.877003248769, 0.740254460366, 16.4297382424,             0,             0,             0,             0,             0,             0,             0,             0,             0,             0, 168.733302935, 198.736937709, 172.067040132, 175.400777329, 178.734514526, 182.068251723,  185.40198892, 188.735726117, 192.069463314, 195.403200512,             1,             1,             1,             1,             1,             1,             1,             1,             1,             1, 120.014340628,           120, 0.593659884612,             0, 13.8324690179, 1.54935147889, 165.434081709,  162.52596436, 165.397795709, 162.488691139, 165.416225545, 168.749963231,   198.7536024, 172.083700916, 175.417438602, 178.751176287, 182.084913973, 185.418651658, 188.752389344, 192.086127029, 195.419864715, 165.434033703, 162.525845525, 168.749963231,   198.7536024, 172.083700916, 175.417438602, 178.751176287, 182.084913973, 185.418651658, 188.752389344, 192.086127029, 195.419864715, 165.397724619, 162.488588155, -1.32017066582,             0,             0,             0,             0,             0,             0,             0,             0,             0,             0, -0.44289033929, -1.12756956935, -0.579585141221, -1.10442633906, 0.676950427159, 0.74332299336, -0.996780817856, -0.931464507264, -0.158767158934,             0,             0,             0,             0,             0,             0,             0,             0,             0,             0, 0.670740206262, 0.737285352464,             0,             0,             0,             0,             0,             0,             0,             0,             0,             0, -1.00380829376, -0.936806461854,            -0,            -0,            -0,            -0, -0.00188542363151,             0,             0,             0,             0,             0,             0,             0,             0,             0,             0, 0.321504065474, 0.327314768717,             0,             0,             0,             0,             0,             0,             0,             0,             0,             0, 0.31490499832, 0.321413328041
            5, -1.41650096214, -1.21903540822, -1.27453851233, -1.23348597601, 5.25599568477, 2560.88611559, 0.352234397553,             0, 314.080822431, -14.5314915485, 287.023556995, -24.2412060748, 1314.02570217, 627.153083393, 1760.20823626, 1166.00759016, 3351.26202426, 1790.83027666,   5078.202056, 3346.95121322,             0,             0,             0,             0,             0,             0,             0,             0,             0,             0,             0,             0,             0,             0,             0,             0,             0,             0,             0,             0,             0, -0.185192564307, -0.00698904380198,            -0,            -0,            -0,            -0,            -0,            -0,            -0,            -0,            -0,            -0,            -0,            -0,            -0,            -0,  1.4611564671,             0,             0,             0,             0,             0,             0,             0,             0,             0,             0,             0,             0,             0,             0, 1.46115647797,  1.1049399852, 1.05287656697, 1.27970426208, 0.95235465778, 81.8076242241, 81.5202034547, 81.8451444644, 81.5024808878, 166.249253639, 0.852121587514, 0.713885917482, 15.8563921909,             0,             0,             0,             0,             0,             0,             0,             0,             0,             0, 169.566356633, 199.570235003, 172.900120896,  176.23388516, 179.567649423, 182.901413687,  186.23517795, 189.568942213, 192.902706477,  196.23647074,             1,             1,             1,             1,             1,             1,             1,             1,             1,             1, 120.015323316,           120, 0.592486749564,             0, 13.8326597947, 1.54935504031, 166.265191856, 163.356893514, 166.232747039, 163.323525743, 166.249253639, 169.583018496, 199.586902204, 172.916783352, 176.250548209, 179.584313065, 182.918077922, 186.251842778, 189.585607635, 192.919372491, 196.253137347, 166.265155712, 163.356789367, 169.583018496, 199.586902204, 172.916783352, 176.250548209, 179.584313065, 182.918077922, 186.251842778, 189.585607635, 192.919372491, 196.253137347, 166.232689049, 163.323435168, -1.18643927246,             0,             0,             0,             0,             0,             0,             0,             0,             0,             0, -0.334040822141,  -0.992181555, -0.472222675163, -0.971180023857, 0.65051748074, 0.710087272775, -1.02327829282, -0.964759098783, -0.185232275863,             0,             0,             0,             0,             0,             0,             0,             0,             0,             0,  0.6443179849, 0.704073667955,             0,             0,             0,             0,             0,             0,             0,             0,             0,             0, -1.03031416038, -0.970102158546,            -0, 5.55111512313e-17,            -0, -5.55111512313e-17, -0.00178081943565,             0,             0,             0,             0,             0,             0,             0,             0,             0,             0, 0.32143550994, 0.327262534144,             0,             0,             0,             0,             0,             0,             0,             0,             0,             0, 0.314972905694, 0.321466963234
        5.025, -1.38091278295, -1.19330722758, -1.23820767884, -1.20647938519, 5.06850572581, 2559.85847998, 0.344336060142,             0,  312.03003777, -14.6707917544, 285.875886507, -24.0844922517, 1293.57942196, 619.833025405, 1707.66612271, 1137.43893117, 3371.17529595,   1806.369809, 5058.16951006, 3330.94825378,             0,             0,             0,             0,             0,             0,             0,             0,             0,             0,             0,             0,             0,             0,             0,             0,             0,             0,             0,             0,             0, -0.209619867187, -0.00731371455129,            -0,            -0,            -0,            -0,            -0,            -0,            -0,            -0,            -0,            -0,            -0,            -0,            -0,            -0, 1.45729200024,             0,             0,             0,             0,             0,             0,             0,             0,             0,             0,             0,             0,             0,             0, 1.45729201211, 1.10069493171, 1.04675947102, 1.27797653295, 0.949867538195, 82.2165546538, 81.9272418826, 82.2551724788, 81.9113702544, 167.082352144, 0.826568494594, 0.687239358164, 15.2736361906,             0,             0,             0,             0,             0,             0,             0,             0,             0,             0, 170.399485687, 200.403651206, 173.733281856, 177.067078024, 180.400874193, 183.734670362, 187.068466531,   190.4022627, 193.736058869, 197.069855038,             1,             1,             1,             1,             1,             1,             1,             1,             1,             1, 120.016480976,           120, 0.591054810024,             0, 13.8329016334, 1.54935955488,  167.09644111, 164.187980348,   167.0677005, 164.158380275, 167.082352144, 170.416148995, 200.420320655, 173.749945846, 177.083742697, 180.417539548,   183.7513364, 187.085133251, 190.418930102, 193.752726953, 197.086523804, 167.096416271, 164.187890399, 170.416148995, 200.420320655, 173.749945846, 177.083742697, 180.417539548,   183.7513364, 187.085133251, 190.418930102, 193.752726953, 197.086523804, 167.067655142, 164.158301853, -1.05734055319,             0,             0,             0,             0,             0,             0,             0,             0,             0,             0, -0.230494949929, -0.862072947712, -0.369770381024, -0.842906403322, 0.626124603802, 0.679130184225, -1.04772713404, -0.995767379143, -0.209655565574,             0,             0,             0,             0,             0,             0,             0,             0,             0,             0, 0.61995029512, 0.673152353313,             0,             0,             0,             0,             0,             0,             0,             0,             0,             0, -1.05475526344, -1.00109766521,            -0, 5.55111512313e-17,            -0,            -0, -0.00168272237137,             0,             0,             0,             0,             0,             0,             0,             0,             0,             0, 0.321361678846, 0.327205200755,             0,             0,             0,             0,             0,             0,             0,             0,             0,             0, 0.315047847434, 0.321526899228
         5.05, -1.34326384962, -1.16533332084, -1.20019075406, -1.17754066004, 4.87724590778, 2558.71361563, 0.335973746929,             0, 309.697963137, -14.8076969835, 284.473578864, -23.9129380272, 1271.69770632, 611.658349515, 1652.89419407, 1106.97729129, 3392.45633641,  1823.2264683, 5036.53537571, 3313.52846472,             0,             0,             0,             0,             0,             0,             0,             0,             0,             0,             0,             0,             0,             0,             0,             0,             0,             0,             0,             0,             0, -0.232055367948, -0.00772140487092,            -0,            -0,            -0,            -0,            -0,            -0,            -0,            -0,            -0,            -0,            -0,            -0,            -0,            -0, 1.45022277241,             0,             0,             0,             0,             0,             0,             0,             0,             0,             0,             0,             0,             0,             0, 1.45022278558,  1.0940080341, 1.03870677892, 1.27341159335, 0.944986158374,  82.625487442, 82.3343209916, 82.6651614804, 82.3202320063, 167.915515809, 0.800239368771, 0.660190924692,  14.683545299,             0,             0,             0,             0,             0,             0,             0,             0,             0,             0, 171.232684073, 201.237173349, 174.566516214, 177.900348356, 181.234180498,  184.56801264, 187.901844782, 191.235676923, 194.569509065, 197.903341207,             1,             1,             1,             1,             1,             1,             1,             1,             1,             1, 120.017785524,           120, 0.589389168387,             0, 13.8331865883, 1.54936487425, 167.927825874, 165.019219594, 167.902649041,  164.99324646, 167.915515809, 171.249348706, 201.253844782, 174.583181604, 177.917014501, 181.250847398, 184.584680295, 187.918513193,  191.25234609, 194.586178987, 197.920011884,  167.92781169, 165.019143265, 171.249348706, 201.253844782, 174.583181604, 177.917014501, 181.250847398, 184.584680295, 187.918513193,  191.25234609, 194.586178987, 197.920011884,  167.90261573, 164.993179831, -0.932982229406,             0,             0,             0,             0,             0,             0,             0,             0,             0,             0, -0.132464927745, -0.737339810983, -0.272459691971, -0.719698410141, 0.603723087765, 0.650408449224, -1.07017684109, -1.02453352481, -0.232086136785,             0,             0,             0,             0,             0,             0,             0,             0,             0,             0, 0.597587767266,  0.6444775604,             0,             0,             0,             0,             0,             0,             0,             0,             0,             0, -1.07718173073, -1.02983764838,            -0,            -0, -5.55111512313e-17,            -0, -0.00159128391527,             0,             0,             0,             0,             0,             0,             0,             0,             0,             0, 0.321283004864, 0.327143150132,             0,             0,             0,             0,             0,             0,             0,             0,             0,             0, 0.315129110844, 0.321592342603
        5.075, -1.30370517968, -1.13527205117, -1.16062287841,  -1.146874037, 4.68312883785,  2557.4661442, 0.327190809268,             0, 307.116877542, -14.9413394355, 282.846610661, -23.7292369489, 1248.36121185, 602.583626408, 1596.22814111, 1074.94920673, 3414.86825357, 1841.17774518, 5013.73329608, 3295.04003544,             0,             0,             0,             0,             0,             0,             0,             0,             0,             0,             0,             0,             0,             0,             0,             0,             0,             0,             0,             0,             0, -0.252549463569, -0.00821007036555,            -0,            -0,            -0,            -0,            -0,            -0,            -0,            -0,            -0,            -0,            -0,            -0,            -0,            -0, 1.44013513424,             0,             0,             0,             0,             0,             0,             0,             0,             0,             0,             0,             0,             0,             0, 1.44013514903, 1.08503981614, 1.02886366397, 1.26617794595, 0.937857201497,  83.034420589,  82.741442255, 83.0751096305, 82.7290663362, 168.748739434, 0.77323641403, 0.63283022694, 14.0880512556,             0,             0,             0,             0,             0,             0,             0,             0,             0,             0, 172.065945802, 202.070788346, 175.399817196, 178.733688589, 182.067559983, 185.401431377, 188.735302771, 192.069174165, 195.403045559, 198.736916953,             1,             1,             1,             1,             1,             1,             1,             1,             1,             1, 120.019208254,           120, 0.587514222393,             0, 13.8335065017, 1.54937084609, 168.759341968, 165.850605715, 168.737586317, 165.828116503, 168.748739434, 172.082611642, 202.087461506, 175.416483849, 178.750356056, 182.084228263,  185.41810047, 188.751972677, 192.085844884, 195.419717091, 198.753589298, 168.759337728, 165.850542354, 172.082611642, 202.087461506, 175.416483849, 178.750356056, 182.084228263,  185.41810047, 188.751972677, 192.085844884, 195.419717091, 198.753589298, 168.737564395, 165.828061219, -0.813446827342,             0,             0,             0,             0,             0,             0,             0,             0,             0,             0, -0.0399310457008, -0.618045777125, -0.180283467032, -0.601562981411, 0.583262335561, 0.623875597262, -1.09067886466, -1.05110484795, -0.252574918153,             0,             0,             0,             0,             0,             0,             0,             0,             0,             0, 0.577178872603, 0.618001963341,             0,             0,             0,             0,             0,             0,             0,             0,             0,             0, -1.09764589368, -1.05637021517,            -0,            -0, -5.55111512313e-17,            -0, -0.00150689012305,             0,             0,             0,             0,             0,             0,             0,             0,             0,             0,  0.3212003497, 0.327077192707,             0,             0,             0,             0,             0,             0,             0,             0,             0,             0, 0.315215054329, 0.321661977559
          5.1, -1.26290489734, -1.1033215417, -1.12013368751, -1.11453451614,  4.4868249923, 2556.13048717, 0.317946040096,             0, 304.303710113, -15.0739306706, 281.022224453, -23.5332707225, 1222.21990401, 592.652667646, 1538.22319591, 1041.52803045, 3438.24982515, 1860.20074055, 4990.21029982,  3275.7603743,             0,             0,             0,             0,             0,             0,             0,             0,             0,             0,             0,             0,             0,             0,             0,             0,             0,             0,             0,             0,             0, -0.271154628008, -0.00876908781645,            -0,            -0,            -0,            -0,            -0,            -0,            -0,            -0,            -0,            -0,            -0,            -0,            -0,            -0, 1.42724449273,             0,             0,             0,             0,             0,             0,             0,             0,             0,             0,             0,             0,             0,             0, 1.42724450945, 1.07394583829, 1.01737114069, 1.25644625928, 0.928641401928, 83.4433519215, 83.1486068581, 83.4850153554,  83.137873495, 169.582017863, 0.74612148546, 0.605689310761, 13.4891594936,             0,             0,             0,             0,             0,             0,             0,             0,             0,             0, 172.899264956, 202.904483448, 176.233178122, 179.567091287, 182.901004453, 186.234917619, 189.568830785,  192.90274395, 196.236657116, 199.570570282,             1,             1,             1,             1,             1,             1,             1,             1,             1,             1, 120.020721263,           120, 0.585454103022,             0, 13.8338535857,   1.549377325,  169.59098433,  166.68213299, 169.572506915, 166.662983075, 169.582017863, 172.915931884, 202.921158075, 176.249845905, 179.583759926, 182.917673948, 186.251587969,  189.58550199, 192.919416011, 196.253330033, 199.587244054, 169.590989332, 166.682081887, 172.915931884, 202.921158075, 176.249845905, 179.583759926, 182.917673948, 186.251587969,  189.58550199, 192.919416011, 196.253330033, 199.587244054, 169.572495717, 166.662938598, -0.69879572717,             0,             0,             0,             0,             0,             0,             0,             0,             0,             0, 0.0476070933718, -0.504214896907, -0.0927710872776, -0.488655026604, 0.564689537115, 0.599481895701, -1.10928673685, -1.07553176531, -0.271174796302,             0,             0,             0,             0,             0,             0,             0,             0,             0,             0, 0.55866990296, 0.59367501125,             0,             0,             0,             0,             0,             0,             0,             0,             0,             0, -1.11620217654, -1.08074666089,            -0,            -0,            -0, 5.55111512313e-17, -0.00143004189337,             0,             0,             0,             0,             0,             0,             0,             0,             0,             0, 0.321114292254, 0.327007394207,             0,             0,             0,             0,             0,             0,             0,             0,             0,             0, 0.315303984408, 0.321734749944
        5.125, -1.22119782638, -1.06967029296, -1.07901448495, -1.08080782937, 4.28802013506, 2554.72203746, 0.308317522569,             0, 301.337964563, -15.2089010844, 279.030525821, -23.3244586692, 1192.89879958, 581.907490422, 1480.00231865, 1007.00087976, 3462.85527224, 1880.26277359, 4966.24115876, 3255.76815746,             0,             0,             0,             0,             0,             0,             0,             0,             0,             0,             0,             0,             0,             0,             0,             0,             0,             0,             0,             0,             0, -0.287926392832, -0.00938144747753,            -0,            -0,            -0,            -0,            -0,            -0,            -0,            -0,            -0,            -0,            -0,            -0,            -0,            -0, 1.41174313166,             0,             0,             0,             0,             0,             0,             0,             0,             0,             0,             0,             0,             0,             0, 1.41174315059, 1.06085807948, 1.00434511337,  1.2443828141, 0.917481388324, 83.8522803513, 83.5558157908, 83.8948768619, 83.5466536416, 170.415346004, 0.719068422814, 0.578902051827,  12.890059472,             0,             0,             0,             0,             0,             0,             0,             0,             0,             0, 173.732635677, 203.738245899, 177.066592369,  180.40054906, 183.734505751, 187.068462442, 190.402419134, 193.736375825, 197.070332516, 200.404289207,             1,             1,             1,             1,             1,             1,             1,             1,             1,             1, 120.022296665,           120, 0.583231553638,             0,  13.834220221, 1.54938416872,  170.42274851, 167.513795816, 170.407405099, 167.497839011, 170.415346004, 173.749303579, 203.754921758, 177.083261155,  180.41721873, 183.751176305, 187.085133881, 190.419091456, 193.753049032, 197.087006607, 200.420964182, 170.422762025, 167.513756217, 173.749303579, 203.754921758, 177.083261155,  180.41721873, 183.751176305, 187.085133881, 190.419091456, 193.753049032, 197.087006607, 200.420964182, 170.407403922,  167.49780475, -0.58908731763,             0,             0,             0,             0,             0,             0,             0,             0,             0,             0, 0.130264661173, -0.395866617422, -0.00984736472962, -0.380897155128, 0.547948921339, 0.577174470307, -1.12605677839, -1.09786774768, -0.287941611782,             0,             0,             0,             0,             0,             0,             0,             0,             0,             0, 0.542004350826, 0.57144315425,             0,             0,             0,             0,             0,             0,             0,             0,             0,             0, -1.13290778292, -1.10302124627,            -0,            -0,            -0,            -0, -0.0013610885462,             0,             0,             0,             0,             0,             0,             0,             0,             0,             0, 0.321023863276, 0.326933859154,             0,             0,             0,             0,             0,             0,             0,             0,             0,             0, 0.315394849446, 0.32181034789
         5.15, -1.17829903214, -1.03446464178, -1.03697365675, -1.04570162892, 4.08760355412, 2553.25475509, 0.298419135277,             0, 298.235407721, -15.3405602017, 276.910574917, -23.060147302, 1162.38894907, 570.342017334, 1421.05917417, 971.468023593, 3488.68575589, 1901.21688201, 4941.91929319, 3235.03891963,             0,             0,             0,             0,             0,             0,             0,             0,             0,             0,             0,             0,             0,             0,             0,             0,             0,             0,             0,             0,             0, -0.302922849223, -0.0100297066386,            -0,            -0,            -0,            -0,            -0,            -0,            -0,            -0,            -0,            -0,            -0,            -0,            -0,            -0, 1.39380426489,             0,             0,             0,             0,             0,             0,             0,             0,             0,             0,             0,             0,             0,             0, 1.39380428625, 1.04592726864, 0.989887493353, 1.23015919734, 0.904505171383, 84.2612050338,  83.963069922, 84.3046921928, 83.9554063673, 171.248718934, 0.691748789556, 0.552130388696, 12.2925466507,             0,             0,             0,             0,             0,             0,             0,             0,             0,             0, 174.566052467, 204.572065069, 177.900053867, 181.234055268, 184.568056668, 187.902058068, 191.236059468, 194.570060868, 197.904062269, 201.238063669,             1,             1,             1,             1,             1,             1,             1,             1,             1,             1, 120.023914081,           120, 0.580871706747,             0, 13.8346007259, 1.54939127117, 171.254630865, 168.345588729, 171.242274828,  168.33267744, 171.248718934, 174.582721236, 204.588741953, 177.916723538,  181.25072584, 184.584728142, 187.918730444, 191.252732746, 194.586735047, 197.920737349, 201.254739651, 171.254652101, 168.345559847, 174.582721236, 204.588741953, 177.916723538,  181.25072584, 184.584728142, 187.918730444, 191.252732746, 194.586735047, 197.920737349, 201.254739651,  171.24228288, 168.332652744, -0.484374428538,             0,             0,             0,             0,             0,             0,             0,             0,             0,             0, 0.207660040492, -0.29301745833, 0.0680963921956, -0.27843977499, 0.532982562738, 0.55689770862, -1.14104768379, -1.1181689943, -0.302933674328,             0,             0,             0,             0,             0,             0,             0,             0,             0,             0, 0.527123431085, 0.551250176777,             0,             0,             0,             0,             0,             0,             0,             0,             0,             0, -1.14782233534, -1.12325088476, 5.55111512313e-17,            -0,            -0,            -0, -0.00129994602075,             0,             0,             0,             0,             0,             0,             0,             0,             0,             0, 0.320929035143, 0.326857119677,             0,             0,             0,             0,             0,             0,             0,             0,             0,             0, 0.315487272796, 0.321888845079
        5.175, -1.13433474229, -0.997852509048, -0.994111014106, -1.0093914182, 3.88614818208, 2551.75503311, 0.288256938889,             0, 294.967557036, -15.4082706329, 273.938656922, -22.8313366342, 1130.63761871, 557.928451413, 1361.40593037, 935.087796735, 3515.41528567,  1922.7868264, 4917.31919042, 3213.66109928,             0,             0,             0,             0,             0,             0,             0,             0,             0,             0,             0,             0,             0,             0,             0,             0,             0,             0,             0,             0,             0, -0.316203271442, -0.0107033174976,            -0,            -0,            -0,            -0,            -0,            -0,            -0,            -0,            -0,            -0,            -0,            -0,            -0,            -0,  1.3736224533,             0,             0,             0,             0,             0,             0,             0,             0,             0,             0,             0,             0,             0,             0, 1.37362247727, 1.02930864717, 0.974119628074, 1.21395092376, 0.889873184111,  84.670124242, 84.3703691832, 84.7144665816, 84.3641304723, 172.082131894, 0.664232737274, 0.525420683268, 11.6984754723,             0,             0,             0,             0,             0,             0,             0,             0,             0,             0, 175.399508918, 205.405919717, 178.733554562, 182.067600206, 185.401645851, 188.735691495,  192.06973714, 195.403782784, 198.737828428, 202.071874073,             1,             1,             1,             1,             1,             1,             1,             1,             1,             1, 120.025513411,           120, 0.578381405671,             0, 13.8349757143,  1.5493982705, 172.086627002, 169.177506138, 172.077110918, 169.167491922, 172.082131894, 175.416178418, 205.422597135, 178.750224943, 182.084271467, 185.418317991, 188.752364515, 192.086411039, 195.420457563, 198.754504087, 202.088550611, 172.086655155, 169.177487163, 175.416178418, 205.422597135, 178.750224943, 182.084271467, 185.418317991, 188.752364515, 192.086411039, 195.420457563, 198.754504087, 202.088550611, 172.077127384, 169.167476103, -0.384688659125,             0,             0,             0,             0,             0,             0,             0,             0,             0,             0, 0.279831630279, -0.19566156399, 0.141074773958, -0.181243528731, 0.519731254619, 0.538593788963, -1.15431931934, -1.13649383137, -0.316210398627,             0,             0,             0,             0,             0,             0,             0,             0,             0,             0, 0.513967030497, 0.533037535642,             0,             0,             0,             0,             0,             0,             0,             0,             0,             0, -1.16100665234, -1.14149479271, 5.55111512313e-17,            -0,            -0,            -0, -0.00124594805562,             0,             0,             0,             0,             0,             0,             0,             0,             0,             0, 0.320831000136, 0.326778188293,             0,             0,             0,             0,             0,             0,             0,             0,             0,             0, 0.315580947465, 0.321969890759
          5.2, -1.08955990561, -0.96001929122, -0.950650509445, -0.972090251461, 3.68465816394, 2550.25649271, 0.277885477818,             0,  291.73591066, -15.5254214017, 271.452630809, -22.6047351462, 1097.72785918, 544.690782545, 1301.42815639, 898.105969629, 3542.66871227, 1944.74969887, 4892.45948411,   3191.761825,             0,             0,             0,             0,             0,             0,             0,             0,             0,             0,             0,             0,             0,             0,             0,             0,             0,             0,             0,             0,             0, -0.327828262819, -0.0114011308294,            -0,            -0,            -0,            -0,            -0,            -0,            -0,            -0,            -0,            -0,            -0,            -0,            -0,            -0, 1.35139160877,             0,             0,             0,             0,             0,             0,             0,             0,             0,             0,             0,             0,             0,             0, 1.35139163553, 1.01114575539, 0.957159839421, 1.19592912206, 0.873751508121, 85.0790369056, 84.7777124719, 85.1242092844, 84.7728257673, 172.915580302, 0.636716663939, 0.498941981577, 11.1090547991,             0,             0,             0,             0,             0,             0,             0,             0,             0,             0, 176.233000383, 206.239804702, 179.567089751,  182.90117912, 186.235268489, 189.569357858, 192.903447227, 196.237536596, 199.571625965, 202.905715333,             1,             1,             1,             1,             1,             1,             1,             1,             1,             1, 120.027094989,           120, 0.575807434988,             0, 13.8353466164,  1.5494051934, 172.918732231, 170.009542368, 172.911908821, 170.002276448, 172.915580302, 176.249670539, 206.256482669, 179.583760776, 182.917851012, 186.251941249, 189.586031486, 192.920121723, 196.254211959, 199.588302196, 202.922392433, 172.918766511, 170.009532482, 176.249670539, 206.256482669, 179.583760776, 182.917851012, 186.251941249, 189.586031486, 192.920121723, 196.254211959, 199.588302196, 202.922392433, 172.911932888, 170.002268797, -0.290044317843,             0,             0,             0,             0,             0,             0,             0,             0,             0,             0, 0.346961550305, -0.103773447541, 0.209242569854, -0.0892523224824, 0.508134455115, 0.522202707997, -1.16593280569, -1.15290268148, -0.327832463353,             0,             0,             0,             0,             0,             0,             0,             0,             0,             0, 0.502473765025, 0.51674452815,             0,             0,             0,             0,             0,             0,             0,             0,             0,             0, -1.17252278796, -1.15781431304, -5.55111512313e-17,            -0,            -0,            -0, -0.00119797451757,             0,             0,             0,             0,             0,             0,             0,             0,             0,             0, 0.320731135255, 0.326697879079,             0,             0,             0,             0,             0,             0,             0,             0,             0,             0, 0.315675775185, 0.322052989381
        5.225, -1.04410672641, -0.921167192356, -0.906689934557, -0.933859727884, 3.48401514472,  2548.7621087, 0.267305887232,             0, 288.504882805,  -15.63794119, 268.955080774, -22.3791015871, 1063.65127239, 530.722264705, 1241.24158691, 860.342004917, 3570.13749421, 1966.99958196, 4867.30297111, 3169.45699324,             0,             0,             0,             0,             0,             0,             0,             0,             0,             0,             0,             0,             0,             0,             0,             0,             0,             0,             0,             0,             0, -0.337859540793, -0.0121320985552,            -0,            -0,            -0,            -0,            -0,            -0,            -0,            -0,            -0,            -0,            -0,            -0,            -0,            -0, 1.32728676399,             0,             0,             0,             0,             0,             0,             0,             0,             0,             0,             0,             0,             0,             0, 1.32728679375, 0.991567634423, 0.939112114808, 1.17625734538, 0.856274561275, 85.4879422637, 85.1850996594, 85.5339202601, 85.1814923599, 173.749060035, 0.609242298716, 0.472704426168, 10.5254031476,             0,             0,             0,             0,             0,             0,             0,             0,             0,             0, 177.066522482, 207.073713393, 180.400654805, 183.734787129, 187.068919452, 190.403051776, 193.737184099, 197.071316423, 200.405448746,  203.73958107,             1,             1,             1,             1,             1,             1,             1,             1,             1,             1, 120.028649505,           120, 0.573186736602,             0, 13.8357115358, 1.54941200448, 173.750942125, 170.841691875, 173.746664468, 170.837025843, 173.749060035, 177.083193207, 207.090391759,  180.41732638, 183.751459552, 187.085592725, 190.419725897, 193.753859069, 197.087992242, 200.422125414, 203.756258587, 173.750981749, 170.841690258, 177.083193207, 207.090391759,  180.41732638, 183.751459552, 187.085592725, 190.419725897, 193.753859069, 197.087992242, 200.422125414, 203.756258587, 173.746695317, 170.837025628, -0.200431511427,             0,             0,             0,             0,             0,             0,             0,             0,             0,             0, 0.409101595093, -0.0173043090245, 0.272620029513, -0.00255957975471, 0.498130559084, 0.507662170646, -1.17595025827, -1.16745832784, -0.337861608053,             0,             0,             0,             0,             0,             0,             0,             0,             0,             0, 0.492581275387, 0.502308250367,             0,             0,             0,             0,             0,             0,             0,             0,             0,             0, -1.18243375437, -1.17227297299,            -0, -5.55111512313e-17,            -0, 5.55111512313e-17, -0.00115464710531,             0,             0,             0,             0,             0,             0,             0,             0,             0,             0, 0.320630570732, 0.326616571358,             0,             0,             0,             0,             0,             0,             0,             0,             0,             0, 0.315771866986, 0.322137690287
         5.25, -0.998247798287, -0.881558851765, -0.862466628488, -0.89499917285, 3.28509189001, 2547.27643866, 0.256590507021,             0, 284.366619728, -15.7401225418, 266.378278453, -22.1464692799, 1028.50785199, 516.192939905, 1181.08354196, 822.297877296, 3597.66642545, 1989.51213334,  4841.7754784, 3146.79111281,             0,             0,             0,             0,             0,             0,             0,             0,             0,             0,             0,             0,             0,             0,             0,             0,             0,             0,             0,             0,             0, -0.346359997699, -0.0129081209287,            -0,            -0,            -0,            -0,            -0,            -0,            -0,            -0,            -0,            -0,            -0,            -0,            -0,            -0, 1.30144845887,             0,             0,             0,             0,             0,             0,             0,             0,             0,             0,             0,             0,             0,             0, 1.30144849191, 0.970661171181, 0.920057839768, 1.15506129975, 0.837562780971, 85.8968413322, 85.5925305054, 85.9435994218, 85.5901304695, 174.582567234, 0.58198581086, 0.446850167734, 9.94844239384,             0,             0,             0,             0,             0,             0,             0,             0,             0,             0,  177.90007044, 207.907632778, 181.234244033, 184.568417626, 187.902591219, 191.236764812, 194.570938405, 197.905111999, 201.239285592, 204.573459185,             1,             1,             1,             1,             1,             1,             1,             1,             1,             1, 120.030142549,           120, 0.570528565711,             0, 13.8360598692, 1.54941850584,  174.58325195, 171.673949097,  174.58137455, 171.671735557, 174.582567234, 177.916741615,  207.92431105, 181.250915997, 184.585090379,  187.91926476, 191.253439142, 194.587613523, 197.921787905, 201.255962286, 204.590136668, 174.583296162, 171.673954942, 177.916741615,  207.92431105, 181.250915997, 184.585090379,  187.91926476, 191.253439142, 194.587613523, 197.921787905, 201.255962286, 204.590136668, 174.581411384, 171.671742052, -0.115818022403,             0,             0,             0,             0,             0,             0,             0,             0,             0,             0, 0.46646035508, 0.0638699517793, 0.331381786218, 0.078994742772, 0.489656755588, 0.494907658515, -1.18443492395, -1.18022565942, -0.346360705328,             0,             0,             0,             0,             0,             0,             0,             0,             0,             0, 0.484226244694, 0.489663709948,             0,             0,             0,             0,             0,             0,             0,             0,             0,             0, -1.1908034897, -1.1849363317, 5.55111512313e-17,            -0, -5.55111512313e-17,            -0, -0.00111462456124,             0,             0,             0,             0,             0,             0,             0,             0,             0,             0, 0.320529869146, 0.326534342568,             0,             0,             0,             0,             0,             0,             0,             0,             0,             0, 0.315869476399, 0.322223810629
        5.275, -0.952557997047, -0.841292627607, -0.818536067881, -0.855584390198,  3.0878380125,   2545.842622, 0.24543315386,             0, 280.885685355, -15.8429836077,  263.98435536, -21.9098001462, 992.717234319, 500.062291643, 1117.62201741,  783.66345524, 3625.23300602, 2012.29372406, 4815.80844349, 3123.76903277,             0,             0,             0,             0,             0,             0,             0,             0,             0,             0,             0,             0,             0,             0,             0,             0,             0,             0,             0,             0,             0, -0.35339372073, -0.0137349957457,            -0,            -0,            -0,            -0,            -0,            -0,            -0,            -0,            -0,            -0,            -0,            -0,            -0,            -0, 1.27398321594,             0,             0,             0,             0,             0,             0,             0,             0,             0,             0,             0,             0,             0,             0, 1.27398325256, 0.948473246654, 0.900019970792, 1.13242396856, 0.817691435898, 86.3057517056, 86.0000044538, 86.3532469108,  85.998740195, 175.416097948, 0.555325411956, 0.421735956937, 9.38011193239,             0,             0,             0,             0,             0,             0,             0,             0,             0,             0, 178.733639167, 208.741547522, 182.067851206, 185.402063246, 188.736275285, 192.070487325, 195.404699364, 198.738911404, 202.073123443, 205.407335483,             1,             1,             1,             1,             1,             1,             1,             1,             1,             1, 120.031534924,           120, 0.567837031056,             0, 13.8363794929, 1.54942447125, 175.415656563, 172.506308315, 175.416036177, 172.506401247, 175.416097948, 178.750310737, 208.758225841, 182.084523527, 185.418736316, 188.752949105, 192.087161894, 195.421374684, 198.755587473, 202.089800262, 205.424013051, 175.415704657, 172.506320821, 178.750310737, 208.758225841, 182.084523527, 185.418736316, 188.752949105, 192.087161894, 195.421374684, 198.755587473, 202.089800262, 205.424013051, 175.416078247, 172.506413719, -0.0361582272525,             0,             0,             0,             0,             0,             0,             0,             0,             0,             0, 0.519461748382, 0.139709461026, 0.385930352853, 0.155349279104, 0.482649012533, 0.483872600568, -1.19145138597, -1.19127148864, -0.353393791102,             0,             0,             0,             0,             0,             0,             0,             0,             0,             0, 0.477344368705, 0.478744197359,             0,             0,             0,             0,             0,             0,             0,             0,             0,             0, -1.1976970322, -1.19587162033, 5.55111512313e-17,            -0, 5.55111512313e-17,            -0, -0.00107686509573,             0,             0,             0,             0,             0,             0,             0,             0,             0,             0, 0.320429101878, 0.326451161102,             0,             0,             0,             0,             0,             0,             0,             0,             0,             0, 0.315968840979, 0.322311319545
          5.3, -0.906769523687, -0.800939524225, -0.774602923175, -0.81623302195, 2.89543676824, 2544.46492913, 0.233985746333,             0,  277.57864488, -15.9234139858, 261.691428311, -21.6870977809, 956.459114766, 482.179994942, 1054.35471529, 743.023043003, 3653.08667149, 2035.69098037, 4789.12403923, 3100.03556695,             0,             0,             0,             0,             0,             0,             0,             0,             0,             0,             0,             0,             0,             0,             0,             0,             0,             0,             0,             0,             0, -0.359027714211, -0.0146148875128,            -0,            -0,            -0,            -0,            -0,            -0,            -0,            -0,            -0,            -0,            -0,            -0,            -0,            -0, 1.24488873191,             0,             0,             0,             0,             0,             0,             0,             0,             0,             0,             0,             0,             0,             0, 1.24488877242, 0.924999582074, 0.878942278002, 1.10836822994, 0.796592358896,  86.714679174, 86.4075208202, 86.7628632508, 86.4073217077, 176.249648637, 0.528796162611, 0.396867719263,  8.8191502436,             0,             0,             0,             0,             0,             0,             0,             0,             0,             0, 179.567226066, 209.575463631, 182.901474685, 186.235723303, 189.569971921, 192.904220539, 196.238469158, 199.572717776, 202.906966394, 206.241215012,             1,             1,             1,             1,             1,             1,             1,             1,             1,             1, 120.032860178,           120, 0.565173534503,             0, 13.8366837835, 1.54943015037, 176.248152018, 173.338763977, 176.250646188, 173.341019397, 176.249648637, 179.583897967, 209.592141944, 182.918147298, 186.252396629,  189.58664596,  192.92089529, 196.255144621, 199.589393952, 202.923643283, 206.257892614, 176.248203262,  173.33878236, 179.583897967, 209.592141944, 182.918147298, 186.252396629,  189.58664596,  192.92089529, 196.255144621, 199.589393952, 202.923643283, 206.257892614, 176.250692704, 173.341037133, 0.0386165894365,             0,             0,             0,             0,             0,             0,             0,             0,             0,             0, 0.567709435199, 0.210364577572, 0.435840229256, 0.226695308083, 0.477040680914, 0.474486511787, -1.19706656008, -1.20066689956, -0.359027795757,             0,             0,             0,             0,             0,             0,             0,             0,             0,             0, 0.471869028685, 0.469479559906,             0,             0,             0,             0,             0,             0,             0,             0,             0,             0, -1.20318143643, -1.20514955334,            -0,            -0,            -0, -5.55111512313e-17, -0.00104064962016,             0,             0,             0,             0,             0,             0,             0,             0,             0,             0, 0.320327330306, 0.326365732707,             0,             0,             0,             0,             0,             0,             0,             0,             0,             0, 0.316070985479, 0.322401540837
        5.325, -0.860934610448, -0.760795042798, -0.730701284155, -0.777109392592, 2.71007619143, 2543.12774565, 0.222517433983,             0, 274.393776049, -16.003989475, 259.488206054, -21.4607395632, 919.673412604, 463.797617484, 991.287376263, 702.905052275, 3681.49006112, 2059.85447788,   4761.552592, 3075.44331765,             0,             0,             0,             0,             0,             0,             0,             0,             0,             0,             0,             0,             0,             0,             0,             0,             0,             0,             0,             0,             0, -0.36332932262, -0.0155473827413,            -0,            -0,            -0,            -0,            -0,            -0,            -0,            -0,            -0,            -0,            -0,            -0,            -0,            -0,  1.2141348553,             0,             0,             0,             0,             0,             0,             0,             0,             0,             0,             0,             0,             0,             0, 1.21413490001, 0.900196482243, 0.856821428607, 1.08287372316, 0.774318251356, 87.1236230989, 86.8150783398, 87.1724495634, 86.8158758258, 177.083216147, 0.502334908699, 0.372163010778, 8.26389234983,             0,             0,             0,             0,             0,             0,             0,             0,             0,             0, 180.400827936, 210.409377497,  183.73511122, 187.069394505,  190.40367779, 193.737961074, 197.072244359, 200.406527643, 203.740810928, 207.075094213,             1,             1,             1,             1,             1,             1,             1,             1,             1,             1, 120.034115915,           120, 0.562549046697,             0, 13.8369733186, 1.54943555401, 177.080732884, 174.171309676, 177.085203676, 174.175588285, 177.083216147, 180.417500105, 210.426055722, 183.751784062,  187.08606802, 190.420351977, 193.754635935, 197.088919892,  200.42320385, 203.757487807, 207.091771765, 177.080786566, 174.171333182, 180.417500105, 210.426055722, 183.751784062,  187.08606802, 190.420351977, 193.754635935, 197.088919892,  200.42320385, 203.757487807, 207.091771765, 177.085253867, 174.175610579, 0.108667575712,             0,             0,             0,             0,             0,             0,             0,             0,             0,             0, 0.611301278624, 0.276005064339, 0.481189986495, 0.293073961363, 0.472764674265, 0.466674400065, -1.20134790085, -1.20848702162, -0.36332997609,             0,             0,             0,             0,             0,             0,             0,             0,             0,             0, 0.467733388424, 0.461794823515,             0,             0,             0,             0,             0,             0,             0,             0,             0,             0, -1.2073240471, -1.21284555751, -5.55111512313e-17,            -0,            -0, -5.55111512313e-17, -0.00100554689596,             0,             0,             0,             0,             0,             0,             0,             0,             0,             0, 0.320223569471, 0.326277489265,             0,             0,             0,             0,             0,             0,             0,             0,             0,             0, 0.316176535323, 0.322495012894
         5.35, -0.815619189158, -0.720924878512, -0.687371415342, -0.738386117444, 2.53077296742, 2541.82125122, 0.21097382637,             0, 271.304723161, -16.0943231189, 257.390189529, -21.2263048843, 880.511474268,  445.13934305, 929.039443027, 663.556267623, 3710.30388263, 2084.45265178, 4733.35799513, 3050.36193372,             0,             0,             0,             0,             0,             0,             0,             0,             0,             0,             0,             0,             0,             0,             0,             0,             0,             0,             0,             0,             0, -0.366365156454, -0.0165296193526,            -0,            -0,            -0,            -0,            -0,            -0,            -0,            -0,            -0,            -0,            -0,            -0,            -0,            -0, 1.18179670696,             0,             0,             0,             0,             0,             0,             0,             0,             0,             0,             0,             0,             0,             0, 1.18179675615, 0.874103250131, 0.833736977946,  1.0559997206, 0.750967217025, 87.5325822975, 87.2226755079, 87.5820074092, 87.2244034514, 177.916797614, 0.47635754735, 0.348013168176, 7.71617534043,             0,             0,             0,             0,             0,             0,             0,             0,             0,             0, 181.234441765, 211.243284866, 184.568757665, 187.903073565, 191.237389466, 194.571705366, 197.906021266, 201.240337166, 204.574653066, 207.908968966,             1,             1,             1,             1,             1,             1,             1,             1,             1,             1, 120.035297277,           120, 0.559964734169,             0, 13.8372471479, 1.54944066444, 177.913393267, 175.003939322, 177.919708699, 175.010106645, 177.916797614, 181.251114144, 211.259962918, 184.585430675, 187.919747205, 191.254063736, 194.588380266, 197.922696797, 201.257013327, 204.591329857, 207.925646388, 177.913448744, 175.003967225, 181.251114144, 211.259962918, 184.585430675, 187.919747205, 191.254063736, 194.588380266, 197.922696797, 201.257013327, 204.591329857, 207.925646388, 177.919761868, 175.010132826, 0.174161998442,             0,             0,             0,             0,             0,             0,             0,             0,             0,             0, 0.650820349008, 0.336802449736, 0.522538153238, 0.354761184177, 0.469754435646, 0.46036152602, -1.20436223907, -1.21480698914, -0.366366849027,             0,             0,             0,             0,             0,             0,             0,             0,             0,             0, 0.46487065312, 0.455614767897,             0,             0,             0,             0,             0,             0,             0,             0,             0,             0, -1.21019199246, -1.21903529361,            -0,            -0,            -0,            -0, -0.00097135043817,             0,             0,             0,             0,             0,             0,             0,             0,             0,             0, 0.320118325958, 0.326187654272,             0,             0,             0,             0,             0,             0,             0,             0,             0,             0, 0.316284489545, 0.322590341681
        5.375, -0.771020888031, -0.68144441009, -0.644792432625, -0.699993534236, 2.35591252313, 2540.54181908, 0.199501626952,             0, 268.320799122, -16.190088947, 255.378734054, -20.990595406, 840.158295981, 426.200417751, 868.387958789, 625.049881102, 3739.29583886, 2109.15111012, 4704.96615821, 3025.18933338,             0,             0,             0,             0,             0,             0,             0,             0,             0,             0,             0,             0,             0,             0,             0,             0,             0,             0,             0,             0,             0, -0.368202279498, -0.0175576581734,            -0,            -0,            -0,            -0,            -0,            -0,            -0,            -0,            -0,            -0,            -0,            -0,            -0,            -0, 1.14801936632,             0,             0,             0,             0,             0,             0,             0,             0,             0,             0,             0,             0,             0,             0, 1.14801942022, 0.846841099639, 0.809807694988, 1.02788942175, 0.726674890282,  87.941556294, 87.6303110211, 87.9915375637, 87.6329052455, 178.750390447, 0.450893814103, 0.324428591147, 7.17908464028,             0,             0,             0,             0,             0,             0,             0,             0,             0,             0, 182.068064801, 212.077181562, 185.402411108, 188.736757415, 192.071103722, 195.405450028, 198.739796335, 202.074142642, 205.408488949, 208.742835255,             1,             1,             1,             1,             1,             1,             1,             1,             1,             1, 120.036398847,           120, 0.557423016882,             0, 13.8375037129, 1.54944545259, 178.746128663, 175.836647765, 178.754160561, 175.844573099, 178.750390447, 182.084737338, 212.093859358, 185.419084229,  188.75343112, 192.087778011, 195.422124902, 198.756471793, 202.090818685, 205.425165576, 208.759512467, 178.746185331, 175.836679377, 182.084737338, 212.093859358, 185.419084229,  188.75343112, 192.087778011, 195.422124902, 198.756471793, 202.090818685, 205.425165576, 208.759512467, 178.754216046, 175.844602512, 0.235227954874,             0,             0,             0,             0,             0,             0,             0,             0,             0,             0, 0.686424354299, 0.392957751527, 0.560023089163, 0.411772827213, 0.467943128515, 0.455474468555, -1.20617674419, -1.21970053316, -0.368205382572,             0,             0,             0,             0,             0,             0,             0,             0,             0,             0, 0.463213286625, 0.450865270312,             0,             0,             0,             0,             0,             0,             0,             0,             0,             0, -1.21185319399, -1.22379323164,            -0, 5.55111512313e-17,            -0, 5.55111512313e-17, -0.000937974336708,             0,             0,             0,             0,             0,             0,             0,             0,             0,             0, 0.320012446519, 0.326097459095,             0,             0,             0,             0,             0,             0,             0,             0,             0,             0, 0.316393234418, 0.322686025501
          5.4, -0.7271656234, -0.642303697891, -0.60297694119, -0.662098133663, 2.18572197857, 2539.29022975, 0.188199056398,             0, 265.429952739, -16.2827109415, 253.440376563, -20.7612081997, 799.865995611, 406.911749733, 809.369211871, 587.527369384, 3768.07658899, 2133.68722965, 4676.78818376,  3000.2439142,             0,             0,             0,             0,             0,             0,             0,             0,             0,             0,             0,             0,             0,             0,             0,             0,             0,             0,             0,             0,             0, -0.368907228299, -0.0186265316083,            -0,            -0,            -0,            -0,            -0,            -0,            -0,            -0,            -0,            -0,            -0,            -0,            -0,            -0, 1.11299820406,             0,             0,             0,             0,             0,             0,             0,             0,             0,             0,             0,             0,             0,             0, 1.11299826288, 0.818580874057, 0.785175882714, 0.998727962788, 0.701600294812, 88.3505445611, 88.0379837274, 88.4010405268, 88.0413817143, 179.583992297, 0.425957625383, 0.301409710559, 6.65342908001,             0,             0,             0,             0,             0,             0,             0,             0,             0,             0, 182.901694494, 212.911063267, 186.236068802,  189.57044311, 192.904817418, 196.239191726, 199.573566034, 202.907940342,  206.24231465, 209.576688959,             1,             1,             1,             1,             1,             1,             1,             1,             1,             1, 120.037413602,           120, 0.554929211709,             0,  13.837740335, 1.54944986849,  179.57893506, 176.669430413,  179.58855858,  176.67898642, 179.583992297, 182.918367139, 212.927740718, 186.252741981, 189.587116823, 192.921491665, 196.255866508,  199.59024135, 202.924616192, 206.258991034, 209.593365876, 179.578992356, 176.669465074, 182.918367139, 212.927740718, 186.252741981, 189.587116823, 192.921491665, 196.255866508,  199.59024135, 202.924616192, 206.258991034, 209.593365876, 179.588615757, 176.679018454, 0.291978283863,             0,             0,             0,             0,             0,             0,             0,             0,             0,             0, 0.718239932338, 0.44449631992,   0.593757927, 0.464351470085, 0.467264435422, 0.451940920064, -1.2068580906, -1.22324017576, -0.368912018433,             0,             0,             0,             0,             0,             0,             0,             0,             0,             0, 0.462693989022, 0.447473194204,             0,             0,             0,             0,             0,             0,             0,             0,             0,             0, -1.21237531462, -1.22719277104, -5.55111512313e-17,            -0,            -0,            -0, -0.000905377314423,             0,             0,             0,             0,             0,             0,             0,             0,             0,             0, 0.31990736078, 0.326007866442,             0,             0,             0,             0,             0,             0,             0,             0,             0,             0, 0.316501208404, 0.322780858695
        5.425, -0.684203097561, -0.603658576221, -0.562053355912, -0.624668466045, 2.02053394488, 2538.07061799, 0.177090638062,             0, 262.634630337, -16.3704690314, 251.571330039, -20.5403090861, 759.724313821, 387.320544074, 752.140214059, 551.034162144, 3796.30330022, 2157.82641957, 4649.17855555, 2975.78500015,             0,             0,             0,             0,             0,             0,             0,             0,             0,             0,             0,             0,             0,             0,             0,             0,             0,             0,             0,             0,             0, -0.368545058554, -0.0197295795211,            -0,            -0,            -0,            -0,            -0,            -0,            -0,            -0,            -0,            -0,            -0,            -0,            -0,            -0, 1.07696083795,             0,             0,             0,             0,             0,             0,             0,             0,             0,             0,             0,             0,             0,             0, 1.07696090181, 0.789510979026,  0.7600027257, 0.968720244329, 0.675915490949,  88.759546441,  88.445692389, 88.8105167832, 88.4498334014,  180.41760101, 0.401665661149, 0.279053428755, 6.13963999912,             0,             0,             0,             0,             0,             0,             0,             0,             0,             0, 183.735328475, 213.744925716, 187.069728169, 190.404127862, 193.738527556, 197.072927249, 200.407326942, 203.741726636, 207.076126329, 210.410526023,             1,             1,             1,             1,             1,             1,             1,             1,             1,             1, 120.038333872,           120, 0.552490953498,             0,  13.837954072, 1.54945385725, 180.411808383, 177.502282814, 180.422902522, 177.513345844,  180.41760101, 183.752001183, 213.761602741, 187.086401356,  190.42080153, 193.755201703, 197.089601876, 200.424002049, 203.758402222, 207.092802395, 210.427202568,   180.4118658, 177.502319911, 183.752001183, 213.761602741, 187.086401356,  190.42080153, 193.755201703, 197.089601876, 200.424002049, 203.758402222, 207.092802395, 210.427202568, 180.422960821, 177.513379917, 0.344534140257,             0,             0,             0,             0,             0,             0,             0,             0,             0,             0, 0.746504801566, 0.491631673004, 0.623960589351, 0.512523547076, 0.467653359829, 0.449689529339, -1.20647149479, -1.22549745445, -0.368551721809,             0,             0,             0,             0,             0,             0,             0,             0,             0,             0, 0.46324669012, 0.445366256353,             0,             0,             0,             0,             0,             0,             0,             0,             0,             0, -1.21182467633, -1.22930640575,            -0,            -0,            -0,            -0, -0.000873517860759,             0,             0,             0,             0,             0,             0,             0,             0,             0,             0, 0.319804325122, 0.325919734271,             0,             0,             0,             0,             0,             0,             0,             0,             0,             0, 0.316607060983, 0.322873856461
         5.45, -0.642334593266, -0.565629823796, -0.522201845494, -0.58792587851, 1.86077138433, 2536.88890357, 0.166215467673,             0,  259.94163934, -16.4525799389, 249.772178359, -20.3283034255, 719.921257504, 367.502851784, 696.878477313, 515.669552847, 3823.80115596, 2181.44375134, 4622.33109162, 2951.91176739,             0,             0,             0,             0,             0,             0,             0,             0,             0,             0,             0,             0,             0,             0,             0,             0,             0,             0,             0,             0,             0, -0.367179561893, -0.0208579800643,            -0,            -0,            -0,            -0,            -0,            -0,            -0,            -0,            -0,            -0,            -0,            -0,            -0,            -0, 1.04012249854,             0,             0,             0,             0,             0,             0,             0,             0,             0,             0,             0,             0,             0,             0, 1.04012256747, 0.759799216145, 0.734429230194, 0.938051919195, 0.649773095137, 89.1685612182, 88.8534356596,  89.219966818, 88.8582608844, 181.251214606, 0.378173010327, 0.257493639362, 5.63784966747,             0,             0,             0,             0,             0,             0,             0,             0,             0,             0, 184.568964568, 214.578764999, 187.903386838, 191.237809108, 194.572231378, 197.906653648, 201.241075918, 204.575498188, 207.909920459, 211.244342729,             1,             1,             1,             1,             1,             1,             1,             1,             1,             1, 120.039152565,           120, 0.550118208153,             0, 13.8381421574, 1.54945736726, 181.244744555, 178.335200635, 181.257192529, 178.347651004, 181.251214606, 184.585637298, 214.595441523, 187.920059989, 191.254482681, 194.588905373, 197.923328064, 201.257750756, 204.592173448,  207.92659614, 211.261018831, 181.244801644, 178.335239602, 184.585637298, 214.595441523, 187.920059989, 191.254482681, 194.588905373, 197.923328064, 201.257750756, 204.592173448,  207.92659614, 211.261018831, 181.257251438, 178.347686583, 0.393026139309,             0,             0,             0,             0,             0,             0,             0,             0,             0,             0, 0.771504527659, 0.534532990765, 0.650895424814, 0.556558987791, 0.469046092994, 0.448649654156, -1.20508090951, -1.22654313176, -0.367188200717,             0,             0,             0,             0,             0,             0,             0,             0,             0,             0, 0.464806635093, 0.444473005339,             0,             0,             0,             0,             0,             0,             0,             0,             0,             0, -1.21026624503, -1.23020575452, -5.55111512313e-17,            -0, 5.55111512313e-17,            -0, -0.000842355497452,             0,             0,             0,             0,             0,             0,             0,             0,             0,             0, 0.319703972557, 0.325833514401,             0,             0,             0,             0,             0,             0,             0,             0,             0,             0, 0.316710044838, 0.322964634334
        5.475, -0.601852061598, -0.528383387391, -0.483695255934, -0.55184895245,  1.7068974476, 2535.75148579, 0.15562452728,             0, 257.359141306, -16.5287670254, 248.046412248, -20.1267303679,  680.75396432, 347.580527563, 643.822532226, 481.480518661, 3850.51809572, 2204.49962103, 4596.30144734, 2928.62451664,             0,             0,             0,             0,             0,             0,             0,             0,             0,             0,             0,             0,             0,             0,             0,             0,             0,             0,             0,             0,             0, -0.364873134448, -0.0220016991389,            -0,            -0,            -0,            -0,            -0,            -0,            -0,            -0,            -0,            -0,            -0,            -0,            -0,            -0, 1.00267138596,             0,             0,             0,             0,             0,             0,             0,             0,             0,             0,             0,             0,             0,             0, 1.00267145989, 0.72958035343, 0.708570312852, 0.906874506721, 0.62330067296, 89.5775880305, 89.2612120746, 89.6293912148, 89.2666647805, 182.084831269, 0.355737161524, 0.236967517161, 5.14792394581,             0,             0,             0,             0,             0,             0,             0,             0,             0,             0, 185.402600784, 215.412577588, 188.737042651, 192.071484518, 195.405926385, 198.740368252, 202.074810119, 205.409251987, 208.743693854, 212.078135721,             1,             1,             1,             1,             1,             1,             1,             1,             1,             1, 120.039863414,           120, 0.547822350706,             0, 13.8383020598, 1.54946035129, 182.077739376, 179.168179619, 182.091429205, 179.181901937, 182.084831269, 185.419273496, 215.429253545, 188.753715724, 192.088157952, 195.422600179, 198.757042407, 202.091484635, 205.425926862,  208.76036909, 212.094811318,  182.07779575,  179.16821994, 185.419273496, 215.429253545, 188.753715724, 192.088157952, 195.422600179, 198.757042407, 202.091484635, 205.425926862,  208.76036909, 212.094811318, 182.091488278, 179.181938526, 0.437595747916,             0,             0,             0,             0,             0,             0,             0,             0,             0,             0, 0.793637922691, 0.573437218469, 0.674940912046, 0.596506902296, 0.471380157092, 0.448751475504, -1.20274890464, -1.22644710516, -0.36488377645,             0,             0,             0,             0,             0,             0,             0,             0,             0,             0, 0.46731059306, 0.444722967239,             0,             0,             0,             0,             0,             0,             0,             0,             0,             0, -1.20776342601, -1.22996143548,            -0,            -0, 5.55111512313e-17, -5.55111512313e-17, -0.000811837270792,             0,             0,             0,             0,             0,             0,             0,             0,             0,             0, 0.319606482271, 0.325749343531,             0,             0,             0,             0,             0,             0,             0,             0,             0,             0, 0.316809933096, 0.323053179772
          5.5, -0.562951633113, -0.491914078801, -0.446713757492, -0.516590701057, 1.55974744866, 2534.66452907, 0.145367768963,             0,  254.89720572,  -16.59710451, 246.395661881, -19.937213223, 642.572984766, 327.591345984, 593.261368383, 448.480487889, 3876.41661855, 2226.96310414,  4571.1075167, 2905.91731271,             0,             0,             0,             0,             0,             0,             0,             0,             0,             0,             0,             0,             0,             0,             0,             0,             0,             0,             0,             0,             0, -0.361686260142, -0.0231511541984,            -0,            -0,            -0,            -0,            -0,            -0,            -0,            -0,            -0,            -0,            -0,            -0,            -0,            -0, 0.964781362044,             0,             0,             0,             0,             0,             0,             0,             0,             0,             0,             0,             0,             0,             0, 0.96478144081, 0.698979757135, 0.682528058862, 0.875328022284, 0.596615796887,  89.986625938, 89.6690200436, 90.0387906211, 89.6750457757, 182.918449347, 0.334565173902, 0.217664617334, 4.66903196398,             0,             0,             0,             0,             0,             0,             0,             0,             0,             0, 186.236235322, 216.246360383, 189.570693662, 192.905152002, 196.239610342, 199.574068682, 202.908527022, 206.242985363, 209.577443703, 212.911902043,             1,             1,             1,             1,             1,             1,             1,             1,             1,             1, 120.040461202,           120, 0.545615193811,             0, 13.8384315573,  1.5494627679, 182.910788658, 180.001215516,  182.92561349, 180.016099109, 182.918449347, 186.252907984, 216.263035717, 189.587366621, 192.921825258, 196.256283895, 199.590742532, 202.925201169, 206.259659806, 209.594118443,  212.92857708, 182.910843986, 180.001256713, 186.252907984, 216.263035717, 189.587366621, 192.921825258, 196.256283895, 199.590742532, 202.925201169, 206.259659806, 209.594118443,  212.92857708, 182.925672342,  180.01613626, 0.478399987095,             0,             0,             0,             0,             0,             0,             0,             0,             0,             0, 0.813268941394, 0.608422469039, 0.696443479763, 0.632602900092, 0.474594986885, 0.449926277178, -1.19953611151, -1.22527812525, -0.361698868301,             0,             0,             0,             0,             0,             0,             0,             0,             0,             0, 0.47069730035, 0.446046845342,             0,             0,             0,             0,             0,             0,             0,             0,             0,             0, -1.20437762613, -1.22864286437,            -0,            -0, -5.55111512313e-17,            -0, -0.000781882255042,             0,             0,             0,             0,             0,             0,             0,             0,             0,             0, 0.319511981286, 0.325667328005,             0,             0,             0,             0,             0,             0,             0,             0,             0,             0, 0.316906642446, 0.323139505364
        5.525, -0.524963670492, -0.456395548747, -0.410576853377, -0.482311843775, 1.41995216742, 2533.63348744, 0.135397290191,             0, 252.560485599, -16.6610440367, 244.829284589, -19.7569962444, 605.022156756, 307.654597849, 544.653853152, 416.790768067, 3901.44884293, 2248.79520717, 4546.77456705, 2883.82508886,             0,             0,             0,             0,             0,             0,             0,             0,             0,             0,             0,             0,             0,             0,             0,             0,             0,             0,             0,             0,             0, -0.357677083298, -0.0242982684457,            -0,            -0,            -0,            -0,            -0,            -0,            -0,            -0,            -0,            -0,            -0,            -0,            -0,            -0, 0.926619798481,             0,             0,             0,             0,             0,             0,             0,             0,             0,             0,             0,             0,             0,             0, 0.926619881813, 0.668164868812, 0.656404116744, 0.843593221241, 0.569838765054, 90.3956744943, 90.0768577986, 90.4481652986, 90.0834046754, 183.752067347, 0.313965415107, 0.198881581501,   4.200243526,             0,             0,             0,             0,             0,             0,             0,             0,             0,             0, 187.069866594, 217.080110978, 190.404338193, 193.738809791, 197.073281389, 200.407752987, 203.742224585, 207.076696184, 210.411167782,  213.74563938,             1,             1,             1,             1,             1,             1,             1,             1,             1,             1, 120.040942721,           120, 0.543507854276,             0, 13.8385291596, 1.54946458929, 183.743889294, 180.834303963, 183.759745685, 180.850243499, 183.752067347, 187.086539177,  217.09678565, 190.421011007, 193.755482838, 197.089954668, 200.424426498, 203.758898329, 207.093370159,  210.42784199,  213.76231382, 183.743943248, 180.834345613, 187.086539177,  217.09678565, 190.421011007, 193.755482838, 197.089954668, 200.424426498, 203.758898329, 207.093370159,  210.42784199,  213.76231382, 183.759803922, 180.850280815, 0.515617237257,             0,             0,             0,             0,             0,             0,             0,             0,             0,             0, 0.829884215605, 0.639757838745, 0.714877970241, 0.665101623474, 0.478632586358, 0.452106609447, -1.19550060097, -1.22310363268, -0.357691567193,             0,             0,             0,             0,             0,             0,             0,             0,             0,             0, 0.474907828005, 0.448376612688,             0,             0,             0,             0,             0,             0,             0,             0,             0,             0, -1.20016791876, -1.22631816138, 5.55111512313e-17,            -0,            -0, 5.55111512313e-17, -0.000752381026661,             0,             0,             0,             0,             0,             0,             0,             0,             0,             0, 0.319420634075, 0.32558760535,             0,             0,             0,             0,             0,             0,             0,             0,             0,             0, 0.317000060384, 0.323223472267
         5.55, -0.487918484228, -0.421932143548, -0.375303744888, -0.448992352274,  1.2865518702, 2532.66424952, 0.125541738535,             0, 250.348372732, -16.7291916421, 243.362226115, -19.5779501516,  567.86252097, 287.560772774, 496.116969115, 386.371057317, 3925.67702173, 2270.03132741, 4523.21171471, 2862.32003717,             0,             0,             0,             0,             0,             0,             0,             0,             0,             0,             0,             0,             0,             0,             0,             0,             0,             0,             0,             0,             0, -0.35290248663, -0.0254368034552,            -0,            -0,            -0,            -0,            -0,            -0,            -0,            -0,            -0,            -0,            -0,            -0,            -0,            -0, 0.888316943665,             0,             0,             0,             0,             0,             0,             0,             0,             0,             0,             0,             0,             0,             0, 0.888317031215, 0.637239788831, 0.630262290296, 0.811786354565, 0.543054736024, 90.8047328799, 90.4847235328, 90.8575159097, 90.4917422948, 184.585683948, 0.293792357161, 0.180459484093, 3.74264835571,             0,             0,             0,             0,             0,             0,             0,             0,             0,             0,  187.90349327,  217.91382797, 191.237974904, 194.572456537,  197.90693817, 201.241419803, 204.575901437,  207.91038307, 211.244864703, 214.579346337,             1,             1,             1,             1,             1,             1,             1,             1,             1,             1, 120.041307762,           120, 0.541512788721,             0, 13.8385945271, 1.54946580912, 184.577037633, 181.667440863, 184.593826879,  181.68433625, 184.585683948, 187.920165749, 217.930501962, 191.254647551, 194.589129352, 197.923611154, 201.258092955, 204.592574756, 207.927056558, 211.261538359, 214.596020161,  184.57708992, 181.667482588, 187.920165749, 217.930501962, 191.254647551, 194.589129352, 197.923611154, 201.258092955, 204.592574756, 207.927056558, 211.261538359, 214.596020161, 184.593884142, 181.684373371, 0.549422604811,             0,             0,             0,             0,             0,             0,             0,             0,             0,             0, 0.843513266662, 0.667647451055, 0.730260483854, 0.694079971858, 0.483436039096, 0.455226411789, -1.19069938034, -1.21998963498, -0.352918712543,             0,             0,             0,             0,             0,             0,             0,             0,             0,             0, 0.479884686387, 0.451645850519,             0,             0,             0,             0,             0,             0,             0,             0,             0,             0, -1.19519196378, -1.2230538185, -5.55111512313e-17,            -0,            -0, 5.55111512313e-17, -0.000723211626761,             0,             0,             0,             0,             0,             0,             0,             0,             0,             0, 0.319332200115, 0.325510038958,             0,             0,             0,             0,             0,             0,             0,             0,             0,             0, 0.317090514995, 0.323305178871
        5.575, -0.451907429424, -0.388709751407, -0.340979079507, -0.416866830067, 1.15941421013, 2531.77430933, 0.115901457298,             0, 248.287555474, -16.7955425981, 242.010289001, -19.4082253606,  531.26656272, 267.205591682,  449.29440737, 356.898560756, 3949.30496062, 2290.88867458,  4500.1833181, 2841.22769995,             0,             0,             0,             0,             0,             0,             0,             0,             0,             0,             0,             0,             0,             0,             0,             0,             0,             0,             0,             0,             0, -0.347419416653, -0.0265613289442,            -0,            -0,            -0,            -0,            -0,            -0,            -0,            -0,            -0,            -0,            -0,            -0,            -0,            -0, 0.849934204519,             0,             0,             0,             0,             0,             0,             0,             0,             0,             0,             0,             0,             0,             0, 0.849934295855, 0.606241051565, 0.604108084275, 0.779952854492, 0.516283539585, 91.2138003264, 90.8926155851,  91.266843094, 90.9000592742, 185.419298011, 0.274020628402, 0.162364038525, 3.29670186534,             0,             0,             0,             0,             0,             0,             0,             0,             0,             0, 188.737114276, 218.747510917, 192.071602792, 195.406091308, 198.740579823, 202.075068339, 205.409556855,  208.74404537, 212.078533886, 215.413022402,             1,             1,             1,             1,             1,             1,             1,             1,             1,             1, 120.041558865,           120, 0.539657615005,             0, 13.8386281674, 1.54946643689,  185.41023035,  182.50062264, 185.427858177, 182.518378368, 185.419298011, 188.753786633, 218.764184231, 192.088275255, 195.422763877, 198.757252499, 202.091741121, 205.426229743, 208.760718365, 212.095206987, 215.429695609, 185.410280715, 182.500664102, 188.753786633, 218.764184231, 192.088275255, 195.422763877, 198.757252499, 202.091741121, 205.426229743, 208.760718365, 212.095206987, 215.429695609, 185.427914148, 182.518414977,  0.5799700324,             0,             0,             0,             0,             0,             0,             0,             0,             0,             0, 0.854284610789, 0.692327109422, 0.742710608732, 0.719819568075, 0.488948360499,  0.4592206764, -1.18518938314, -1.21600112307, -0.347437216181,             0,             0,             0,             0,             0,             0,             0,             0,             0,             0, 0.485570700032, 0.455789531301,             0,             0,             0,             0,             0,             0,             0,             0,             0,             0, -1.18950696241, -1.21891494741,            -0,            -0,            -0,            -0, -0.000694266748766,             0,             0,             0,             0,             0,             0,             0,             0,             0,             0, 0.319245915959, 0.325433818003,             0,             0,             0,             0,             0,             0,             0,             0,             0,             0, 0.317178881225, 0.323385274966
          5.6, -0.416928722502, -0.356710281055, -0.307596399257, -0.385918438918, 1.03907841876, 2530.95662983, 0.10651418075,             0,  246.38422593, -16.8610419605, 240.782835526, -19.2467348867, 495.300430446, 247.261132571, 404.156929676, 328.186724582, 3972.46752407, 2311.42948781,  4477.5371106, 2820.40027013,             0,             0,             0,             0,             0,             0,             0,             0,             0,             0,             0,             0,             0,             0,             0,             0,             0,             0,             0,             0,             0, -0.341283541579, -0.0276675288146,            -0,            -0,            -0,            -0,            -0,            -0,            -0,            -0,            -0,            -0,            -0,            -0,            -0,            -0, 0.811516227825,             0,             0,             0,             0,             0,             0,             0,             0,             0,             0,             0,             0,             0,             0, 0.811516322447, 0.575197260137, 0.577976724032, 0.74812784526, 0.489538267726, 91.6228760299, 91.3005322794,  91.676147577, 91.3083562959, 186.252908567, 0.254605094041, 0.144543496724, 2.86181307631,             0,             0,             0,             0,             0,             0,             0,             0,             0,             0, 189.570728785,  219.58116029, 192.905221175, 196.239713564, 199.574205954, 202.908698343, 206.243190733, 209.577683122, 212.912175511, 216.246667901,             1,             1,             1,             1,             1,             1,             1,             1,             1,             1, 120.041701304,           120, 0.537936677079,             0, 13.8386314187, 1.54946649756, 186.243464161, 183.333845784, 186.261840986, 183.352371223, 186.252908567, 189.587401004, 219.597832941, 192.921893442, 196.256385879, 199.590878316, 202.925370754, 206.259863191, 209.594355629, 212.928848066, 216.263340503, 186.243512383, 183.333886676, 189.587401004, 219.597832941, 192.921893442, 196.256385879, 199.590878316, 202.925370754, 206.259863191, 209.594355629, 212.928848066, 216.263340503, 186.261895384, 183.352407032, 0.607424113591,             0,             0,             0,             0,             0,             0,             0,             0,             0,             0, 0.862317673332, 0.713859892304, 0.752341146403, 0.742378224412, 0.495113866427, 0.464025415163, -1.17902631399, -1.21120229694, -0.341302721397,             0,             0,             0,             0,             0,             0,             0,             0,             0,             0, 0.491910034157, 0.460743471103,             0,             0,             0,             0,             0,             0,             0,             0,             0,             0, -1.18316882417, -1.21396582894,            -0,            -0,            -0,            -0, -0.000665457673349,             0,             0,             0,             0,             0,             0,             0,             0,             0,             0, 0.319161276254, 0.325358708216,             0,             0,             0,             0,             0,             0,             0,             0,             0,             0, 0.317265724273, 0.323464311448
        5.625, -0.383046042096, -0.325987073119, -0.275214837904, -0.356193508671, 0.924874488617, 2530.20187337, 0.0973904461592,             0, 244.614374708, -16.9320742108, 239.677951784, -19.0863003064, 459.378558604, 227.790048406, 360.709576233, 300.899367279, 3995.13448715, 2331.56307127, 4455.29904955, 2799.92884053,             0,             0,             0,             0,             0,             0,             0,             0,             0,             0,             0,             0,             0,             0,             0,             0,             0,             0,             0,             0,             0, -0.334548682155, -0.0287525469342,            -0,            -0,            -0,            -0,            -0,            -0,            -0,            -0,            -0,            -0,            -0,            -0,            -0,            -0, 0.773138249928,             0,             0,             0,             0,             0,             0,             0,             0,             0,             0,             0,             0,             0,             0, 0.773138347284, 0.544167208636, 0.551920991219, 0.716375465391, 0.462898814712, 92.0319590759, 91.7084719318, 92.0854301148, 91.7166340922, 187.086514814, 0.235565886547, 0.127012900374,  2.4386417171,             0,             0,             0,             0,             0,             0,             0,             0,             0,             0, 190.404336144, 220.414776825, 193.738829553, 197.073322962, 200.407816371,  203.74230978, 207.076803189, 210.411296598, 213.745790007, 217.080283416,             1,             1,             1,             1,             1,             1,             1,             1,             1,             1, 120.041740681,           120, 0.536344025364,             0, 13.8386056594, 1.54946601686, 187.076735842, 184.167106967, 187.095776956, 184.186316351, 187.086514814, 190.421008215, 220.431448825, 193.755501616, 197.089995017, 200.424488418,  203.75898182, 207.093475221, 210.427968622, 213.762462023, 217.096955424, 187.076781741, 184.167147026, 190.421008215, 220.431448825, 193.755501616, 197.089995017, 200.424488418,  203.75898182, 207.093475221, 210.427968622, 213.762462023, 217.096955424, 187.095829543, 184.186351114, 0.631949749755,             0,             0,             0,             0,             0,             0,             0,             0,             0,             0, 0.867797499808, 0.732479342909, 0.75933204834, 0.761984655532, 0.501878676528, 0.469578359783, -1.17226404856, -1.20565530261, -0.334569032472,             0,             0,             0,             0,             0,             0,             0,             0,             0,             0, 0.498848482967, 0.46644510061,             0,             0,             0,             0,             0,             0,             0,             0,             0,             0, -1.17623178079, -1.20826905878,            -0, -5.55111512313e-17,            -0,            -0, -0.000636716799282,             0,             0,             0,             0,             0,             0,             0,             0,             0,             0, 0.31907839036, 0.325285045354,             0,             0,             0,             0,             0,             0,             0,             0,             0,             0, 0.317350942816, 0.323541944925
         5.65, -0.350414636308, -0.296492468732, -0.243984086251, -0.327698547637, 0.815265425006, 2529.50432232, 0.08854833766,             0, 242.969149354, -17.0090392445,   238.6892977, -18.9271417817, 423.639286716,   208.7939716, 319.068841924, 275.030204451, 4017.21485456, 2351.17668454, 4433.60139886, 2779.99732697,             0,             0,             0,             0,             0,             0,             0,             0,             0,             0,             0,             0,             0,             0,             0,             0,             0,             0,             0,             0,             0, -0.327267352957, -0.0298153479659,            -0,            -0,            -0,            -0,            -0,            -0,            -0,            -0,            -0,            -0,            -0,            -0,            -0,            -0, 0.734905028581,             0,             0,             0,             0,             0,             0,             0,             0,             0,             0,             0,             0,             0,             0, 0.73490512809, 0.513233485476, 0.52601524788, 0.684785237868, 0.436449394327, 92.4410487069,  92.116433069, 92.4946911977,  92.124893234, 187.920116106, 0.21698706373, 0.109850019191,  2.0291524422,             0,             0,             0,             0,             0,             0,             0,             0,             0,             0, 191.237935845, 221.248361261, 194.572427558, 197.906919271, 201.241410984, 204.575902697, 207.910394409, 211.244886122, 214.579377835, 217.913869548,             1,             1,             1,             1,             1,             1,             1,             1,             1,             1, 120.041682157,           120, 0.534873695222,             0, 13.8385520312,  1.5494650161, 187.910042686, 185.000403484,  187.92966751, 185.020215013, 187.920116106, 191.254607759, 221.265032627, 194.589099411, 197.923591063, 201.258082715, 204.592574367, 207.927066019, 211.261557671, 214.596049323, 217.930540975, 187.910086121, 185.000442479, 191.254607759, 221.265032627, 194.589099411, 197.923591063, 201.258082715, 204.592574367, 207.927066019, 211.261557671, 214.596049323, 217.930540975, 187.929718093, 185.020248523, 0.653680683141,             0,             0,             0,             0,             0,             0,             0,             0,             0,             0, 0.870941943137, 0.748332917732, 0.763894884938, 0.778838192371, 0.509190203321, 0.475820073942, -1.16495517862, -1.1994195653, -0.327288653088,             0,             0,             0,             0,             0,             0,             0,             0,             0,             0, 0.506332999661, 0.472834560116,             0,             0,             0,             0,             0,             0,             0,             0,             0,             0, -1.16874891658, -1.20188453462,            -0, -5.55111512313e-17, 5.55111512313e-17, -5.55111512313e-17, -0.000607993688302,             0,             0,             0,             0,             0,             0,             0,             0,             0,             0, 0.318997593906, 0.325213246854,             0,             0,             0,             0,             0,             0,             0,             0,             0,             0, 0.317434037996, 0.323617486307
        5.675, -0.319053967878, -0.268222805781, -0.213920067075, -0.300254488571, 0.70962754495, 2528.86065074, 0.0800460416196,             0, 241.441831452, -17.086277822, 237.806638055, -18.774791651, 388.918754526, 190.276465715,  279.28770872, 250.493122454, 4038.57036511,  2370.1833221, 4412.58980166, 2760.74101107,             0,             0,             0,             0,             0,             0,             0,             0,             0,             0,             0,             0,             0,             0,             0,             0,             0,             0,             0,             0,             0, -0.319490711749, -0.0308548964567,            -0,            -0,            -0,            -0,            -0,            -0,            -0,            -0,            -0,            -0,            -0,            -0,            -0,            -0, 0.696936919709,             0,             0,             0,             0,             0,             0,             0,             0,             0,             0,             0,             0,             0,             0, 0.696937020771, 0.482496131936, 0.500341585888, 0.653461591402, 0.410276066992,  92.850144317, 92.5244144644,  92.903930961, 92.5331341038, 188.753711924, 0.198914517976, 0.093095952364, 1.63434422323,             0,             0,             0,             0,             0,             0,             0,             0,             0,             0, 192.071527499, 222.081914415, 195.406014934,  198.74050237, 202.074989805,  205.40947724, 208.743964675,  212.07845211, 215.412939545,  218.74742698,             1,             1,             1,             1,             1,             1,             1,             1,             1,             1, 120.041530563,           120, 0.533520979502,             0, 13.8384714863, 1.54946351303, 188.743382574, 185.833733165, 188.763513737, 185.854068222, 188.753711924, 192.088199248, 222.098585165, 195.422686572, 198.757173896,  202.09166122, 205.426148545, 208.760635869, 212.095123193, 215.429610517, 218.764097841, 188.743423442, 185.833770907, 192.088199248, 222.098585165, 195.422686572, 198.757173896,  202.09166122, 205.426148545, 208.760635869, 212.095123193, 215.429610517, 218.764097841, 188.763562162,   185.8541003, 0.672722373653,             0,             0,             0,             0,             0,             0,             0,             0,             0,             0, 0.871902423335, 0.761600469263, 0.766176285445, 0.792941429694, 0.516997253166, 0.482693862461, -1.15715094302, -1.19255178695, -0.31951273491,             0,             0,             0,             0,             0,             0,             0,             0,             0,             0, 0.514311833783, 0.479854689204,             0,             0,             0,             0,             0,             0,             0,             0,             0,             0, -1.16077204656, -1.19486944436,            -0,            -0,            -0,            -0, -0.000579260706657,             0,             0,             0,             0,             0,             0,             0,             0,             0,             0, 0.318919399062, 0.325143634513,             0,             0,             0,             0,             0,             0,             0,             0,             0,             0, 0.317514461165, 0.323690428753
          5.7, -0.288973217496, -0.241021827495, -0.185028468243, -0.273875401724, 0.607687730367, 2528.26886165, 0.0718744762351,             0, 240.028204288, -17.1623446613, 237.024778329, -18.630036387, 355.257064809, 172.213493047,  241.32699452, 227.186535195, 4059.06201554, 2388.47695427, 4392.41527004,  2742.2582491,             0,             0,             0,             0,             0,             0,             0,             0,             0,             0,             0,             0,             0,             0,             0,             0,             0,             0,             0,             0,             0, -0.311267908986, -0.0318688307351,            -0,            -0,            -0,            -0,            -0,            -0,            -0,            -0,            -0,            -0,            -0,            -0,            -0,            -0, 0.659367745091,             0,             0,             0,             0,             0,             0,             0,             0,             0,             0,             0,             0,             0,             0, 0.659367847092, 0.452066475081, 0.474990278906, 0.622519768663, 0.384470014014, 93.2592453356, 92.9324149983, 93.3131493249, 92.9413570259, 189.587301832, 0.18139444067, 0.0767929517044, 1.25478843199,             0,             0,             0,             0,             0,             0,             0,             0,             0,             0, 192.905110805, 222.915437204, 196.239591516, 199.574072227, 202.908552938, 206.243033649,  209.57751436, 212.911995071, 216.246475782, 219.580956493,             1,             1,             1,             1,             1,             1,             1,             1,             1,             1, 120.041290693,           120, 0.532282228228,             0, 13.8383650249, 1.54946152632, 189.576753626, 186.667094101, 189.597316677, 186.687876965, 189.587301832, 192.921782384, 222.932107358, 196.256262937, 199.590743489, 202.925224042, 206.259704595, 209.594185147,   212.9286657, 216.263146252, 219.597626805,  189.57679186, 186.667130425, 192.921782384, 222.932107358, 196.256262937, 199.590743489, 202.925224042, 206.259704595, 209.594185147,   212.9286657, 216.263146252, 219.597626805, 189.597362829, 186.687907468, 0.689170421818,             0,             0,             0,             0,             0,             0,             0,             0,             0,             0, 0.870820803874, 0.772281765372, 0.766314171881, 0.804463339277, 0.525250585012, 0.490145500074, -1.14890058749, -1.18510620294, -0.311290427437,             0,             0,             0,             0,             0,             0,             0,             0,             0,             0, 0.522735126234, 0.487450751214,             0,             0,             0,             0,             0,             0,             0,             0,             0,             0, -1.15235105409, -1.18727854036,            -0,            -0,            -0,            -0, -0.000550508162888,             0,             0,             0,             0,             0,             0,             0,             0,             0,             0, 0.318844321467, 0.325076601552,             0,             0,             0,             0,             0,             0,             0,             0,             0,             0, 0.317591644229, 0.323760403872
        5.725, -0.260186567302, -0.214923723668, -0.157321236578, -0.248534885452, 0.509300817842, 2527.72740394, 0.0640286255929,             0,   238.7252071, -17.2361046703, 236.339319632, -18.4933822862, 322.701421314, 154.591042592, 205.122973531, 205.072569626, 4078.62715652, 2406.00794399, 4373.15832639, 2724.57338843,             0,             0,             0,             0,             0,             0,             0,             0,             0,             0,             0,             0,             0,             0,             0,             0,             0,             0,             0,             0,             0, -0.30264625334, -0.0328534639892,            -0,            -0,            -0,            -0,            -0,            -0,            -0,            -0,            -0,            -0,            -0,            -0,            -0,            -0, 0.622320344551,             0,             0,             0,             0,             0,             0,             0,             0,             0,             0,             0,             0,             0,             0, 0.622320446861, 0.422043716132, 0.450037604828, 0.592062342477, 0.359112087357, 93.6683512043,  93.340433608, 93.7223460364, 93.3495623017, 190.420885471, 0.164471407159, 0.0609823835998, 0.890887791735,             0,             0,             0,             0,             0,             0,             0,             0,             0,             0, 193.738685545, 223.748930701, 197.073157229, 200.407628913, 203.742100597, 207.076572281, 210.411043965, 213.745515649, 217.079987333, 220.414459017,             1,             1,             1,             1,             1,             1,             1,             1,             1,             1, 120.040967625,           120, 0.531154487343,             0, 13.8382338258, 1.54945907794, 190.410154122, 187.500484542, 190.431077385,  187.52164226, 190.420885471, 193.755356952,  223.76560028, 197.089828433, 200.424299914, 203.758771394, 207.093242875, 210.427714356, 213.762185837, 217.096657318, 220.431128799, 190.410189687,  187.50051932, 193.755356952,  223.76560028, 197.089828433, 200.424299914, 203.758771394, 207.093242875, 210.427714356, 213.762185837, 217.096657318, 220.431128799, 190.431121181, 187.521671078, 0.703115380263,             0,             0,             0,             0,             0,             0,             0,             0,             0,             0, 0.86783227847, 0.780544601578, 0.764440522921, 0.813510840342, 0.533902782895, 0.49812283426, -1.14025152049, -1.17713494191, -0.302669043138,             0,             0,             0,             0,             0,             0,             0,             0,             0,             0, 0.531554914133, 0.495570164446,             0,             0,             0,             0,             0,             0,             0,             0,             0,             0, -1.14353391944, -1.17916441261, -5.55111512313e-17,            -0,            -0,            -0, -0.000521739161571,             0,             0,             0,             0,             0,             0,             0,             0,             0,             0, 0.31877259366, 0.325012332287,             0,             0,             0,             0,             0,             0,             0,             0,             0,             0, 0.317665284158, 0.32382732068
         5.75, -0.232712477058, -0.189901655337, -0.130816549847, -0.224261450539, 0.414315535716,  2527.2346987, 0.056507334844,             0, 237.529161342, -17.3079906595, 235.745382423, -18.3641749856, 291.305513871, 137.444841027, 170.592237684, 184.130146396, 4097.27653809, 2422.78427453, 4354.81290385, 2707.64894618,             0,             0,             0,             0,             0,             0,             0,             0,             0,             0,             0,             0,             0,             0,             0,             0,             0,             0,             0,             0,             0, -0.293671338234, -0.0338050077909,            -0,            -0,            -0,            -0,            -0,            -0,            -0,            -0,            -0,            -0,            -0,            -0,            -0,            -0, 0.585892950819,             0,             0,             0,             0,             0,             0,             0,             0,             0,             0,             0,             0,             0,             0, 0.585893052801, 0.392503748859, 0.425539991357, 0.562167034529, 0.334262934909, 94.0774613426, 93.7484692768, 94.1315207272, 93.7577502212, 191.254462564, 0.148193843655, 0.0457110836269, 0.543019302476,             0,             0,             0,             0,             0,             0,             0,             0,             0,             0, 194.572251589, 224.582396101,  197.90671209, 201.241172591, 204.575633093, 207.910093594, 211.244554096, 214.579014597, 217.913475098,   221.2479356,             1,             1,             1,             1,             1,             1,             1,             1,             1,             1,  120.04056666,           120, 0.530134938265,             0, 13.8380792112, 1.54945619258, 191.243582474, 188.333902889, 191.264796951, 188.355365158, 191.254462564,  194.58892282, 224.599065131, 197.923383077, 201.257843334, 204.592303591, 207.926763847, 211.261224104, 214.595684361, 217.930144618, 221.264604874, 191.243615361, 188.333936018,  194.58892282, 224.599065131, 197.923383077, 201.257843334, 204.592303591, 207.926763847, 211.261224104, 214.595684361, 217.930144618, 221.264604874,  191.26483834, 188.355392209, 0.71464431352,             0,             0,             0,             0,             0,             0,             0,             0,             0,             0, 0.863072402006, 0.786494209146, 0.760689295782, 0.820243434578, 0.542908142809, 0.506575626681, -1.13124943483, -1.1686882176, -0.293694183401,             0,             0,             0,             0,             0,             0,             0,             0,             0,             0, 0.540725078895, 0.504162376081,             0,             0,             0,             0,             0,             0,             0,             0,             0,             0, -1.13436677367, -1.17057762374,            -0,            -0,            -0,            -0, -0.000492953731763,             0,             0,             0,             0,             0,             0,             0,             0,             0,             0, 0.31870417631, 0.324950797589,             0,             0,             0,             0,             0,             0,             0,             0,             0,             0, 0.317735403506, 0.323891320323
        5.775, -0.206554801839, -0.16592207542, -0.105519823856, -0.200905649868, 0.322574066129, 2526.78904762, 0.049290553599,             0,  236.43719428, -17.3781501083, 235.235215289, -18.2420551537, 261.065941634, 120.786315654, 137.575170285, 164.234046693, 4115.05574023, 2438.84443138,  4337.3202477, 2691.42755409,             0,             0,             0,             0,             0,             0,             0,             0,             0,             0,             0,             0,             0,             0,             0,             0,             0,             0,             0,             0,             0, -0.284387069872, -0.0347206937289,            -0,            -0,            -0,            -0,            -0,            -0,            -0,            -0,            -0,            -0,            -0,            -0,            -0,            -0, 0.55015943174,             0,             0,             0,             0,             0,             0,             0,             0,             0,             0,             0,             0,             0,             0, 0.550159532759, 0.363501957561, 0.401535607171, 0.532889326868, 0.309962823769, 94.4865751509, 94.1565210415, 94.5406729887, 94.1659210648, 192.088032914, 0.132598813883, 0.0310164175379, 0.211558966771,             0,             0,             0,             0,             0,             0,             0,             0,             0,             0, 195.405808886, 225.415834694, 198.740256198,  202.07470351, 205.409150822, 208.743598134, 212.078045446, 215.412492758,  218.74694007, 222.081387382,             1,             1,             1,             1,             1,             1,             1,             1,             1,             1, 120.040093195,           120, 0.529220459988,             0, 13.8379025919, 1.54945289654, 192.077037244, 189.167347691, 192.098476471, 189.189046731, 192.088032914, 195.422479943, 225.432503202, 198.756926972,    202.091374, 205.425821029, 208.760268058, 212.094715087, 215.429162115, 218.763609144, 222.098056173, 192.077067468, 189.167379094, 195.422479943, 225.432503202, 198.756926972,    202.091374, 205.425821029, 208.760268058, 212.094715087, 215.429162115, 218.763609144, 222.098056173, 192.098515429, 189.189071954, 0.723840206717,             0,             0,             0,             0,             0,             0,             0,             0,             0,             0, 0.856661292795, 0.790228415673, 0.75518090532, 0.824641471685, 0.552222658178, 0.515455560999, -1.12193832979, -1.15981433705, -0.284409765849,             0,             0,             0,             0,             0,             0,             0,             0,             0,             0, 0.550201314316, 0.513178859684,             0,             0,             0,             0,             0,             0,             0,             0,             0,             0, -1.12489393293, -1.16156671478,            -0, -5.55111512313e-17, 5.55111512313e-17,            -0, -0.000464138524224,             0,             0,             0,             0,             0,             0,             0,             0,             0,             0, 0.318638901652, 0.324891855724,             0,             0,             0,             0,             0,             0,             0,             0,             0,             0, 0.317802223382, 0.323952619301
          5.8, -0.181744369748, -0.143006828987, -0.0814649668656, -0.178489519256, 0.233981402583, 2526.38883543, 0.0423846994411,             0, 235.443301567, -17.4464489458, 234.791630943, -18.1266634007, 232.108856498, 104.650564528, 106.041145191, 145.343045799, 4132.02232905, 2454.24133612, 4320.59927074, 2675.84907716,             0,             0,             0,             0,             0,             0,             0,             0,             0,             0,             0,             0,             0,             0,             0,             0,             0,             0,             0,             0,             0, -0.274835716996, -0.0355992969563,            -0,            -0,            -0,            -0,            -0,            -0,            -0,            -0,            -0,            -0,            -0,            -0,            -0,            -0, 0.515172330634,             0,             0,             0,             0,             0,             0,             0,             0,             0,             0,             0,             0,             0,             0, 0.515172430076, 0.335074782249, 0.378050020056, 0.50426430225, 0.286239406003, 94.8956919722, 94.5645879906, 94.9498025673, 94.5740751049, 192.921596404, 0.117751341187, 0.0169653410401, -0.103186413481,             0,             0,             0,             0,             0,             0,             0,             0,             0,             0, 196.239357456, 226.249247741,  199.57378971, 202.908221963, 206.242654217, 209.577086471, 212.911518725, 216.245950979, 219.580383233, 222.914815487,             1,             1,             1,             1,             1,             1,             1,             1,             1,             1, 120.039552241,           120, 0.528407326544,             0, 13.8377053011, 1.54944921469, 192.910517077,  190.00081763,   192.9321171, 190.022688062, 192.921596404, 196.256028338, 226.265915749, 199.590460273, 202.924892207, 206.259324142, 209.593756076, 212.928188011, 216.262619946,  219.59705188, 222.931483815, 192.910544674, 190.000847253, 196.256028338, 226.265915749, 199.590460273, 202.924892207, 206.259324142, 209.593756076, 212.928188011, 216.262619946,  219.59705188, 222.931483815, 192.932153625, 190.022711422, 0.730782767299,             0,             0,             0,             0,             0,             0,             0,             0,             0,             0, 0.848743756771, 0.791895658952, 0.74806208852, 0.826852046211, 0.561803969105, 0.524716169361, -1.11236056161, -1.1505597571, -0.274858073503,             0,             0,             0,             0,             0,             0,             0,             0,             0,             0, 0.559941066168, 0.522573008904,             0,             0,             0,             0,             0,             0,             0,             0,             0,             0, -1.11515795751, -1.1521783049,            -0,            -0,            -0, 5.55111512313e-17, -0.000435271087708,             0,             0,             0,             0,             0,             0,             0,             0,             0,             0, 0.318576558346, 0.324835311854,             0,             0,             0,             0,             0,             0,             0,             0,             0,             0, 0.317866049759, 0.324011445102
        5.825, -0.158122672746, -0.120995960909, -0.0584972267185, -0.156969849742, 0.148486717539, 2526.03311126, 0.0357680617419,             0, 234.546038807, -17.5130448676, 234.396654306, -18.0176221457,  204.39587716, 88.9941073909, 75.8249803182,  127.40532288, 4148.20953111, 2469.00772022, 4304.59586032, 2660.88765756,             0,             0,             0,             0,             0,             0,             0,             0,             0,             0,             0,             0,             0,             0,             0,             0,             0,             0,             0,             0,             0, -0.265057772055, -0.0364408382956,            -0,            -0,            -0,            -0,            -0,            -0,            -0,            -0,            -0,            -0,            -0,            -0,            -0,            -0, 0.480974804919,             0,             0,             0,             0,             0,             0,             0,             0,             0,             0,             0,             0,             0,             0, 0.480974902201, 0.307261244115, 0.355104411545, 0.476328717933, 0.26311614692, 95.3048112317, 94.9726692555, 95.3589095528, 94.9822126175, 193.755152974, 0.103551014317, 0.00346061413519, -0.401007740592,             0,             0,             0,             0,             0,             0,             0,             0,             0,             0, 197.072897354, 227.082636345, 200.407312797, 203.741728241, 207.076143684, 210.410559128, 213.744974571, 217.079390015, 220.413805458, 223.748220902,             1,             1,             1,             1,             1,             1,             1,             1,             1,             1, 120.038948014,           120, 0.527691269163,             0, 13.8374884409, 1.54944516758, 193.744020918, 190.834311483, 193.765719813,  190.85629027, 193.755152974, 197.089568064, 227.099303875, 200.423983154, 203.758398244, 207.092813334, 210.427228424, 213.761643515, 217.096058605, 220.430473695, 223.764888785, 193.744045939, 190.834339288, 197.089568064, 227.099303875, 200.423983154, 203.758398244, 207.092813334, 210.427228424, 213.761643515, 217.096058605, 220.430473695, 223.764888785, 193.765753918, 190.856311749, 0.735550124663,             0,             0,             0,             0,             0,             0,             0,             0,             0,             0, 0.839297597614, 0.791466485585, 0.739313817172, 0.826961131886, 0.571611548862, 0.53431286067, -1.10255666174, -1.14096905426, -0.265079615426,             0,             0,             0,             0,             0,             0,             0,             0,             0,             0, 0.569903598004, 0.532300118081,             0,             0,             0,             0,             0,             0,             0,             0,             0,             0, -1.10519959086, -1.14245710827,            -0,            -0,            -0,            -0, -0.00040633628145,             0,             0,             0,             0,             0,             0,             0,             0,             0,             0, 0.318517026093, 0.324781046782,             0,             0,             0,             0,             0,             0,             0,             0,             0,             0, 0.317927088169, 0.324067897596
         5.85, -0.135344099846, -0.0999107767787, -0.0362753174366, -0.136370145736, 0.0657222758831, 2525.72183039, 0.029374128842,             0, 233.742491163, -17.5806458381, 234.033648767, -17.9118396133,  177.52733934, 73.8146814861, 46.4507946664, 110.381216594, 4163.67051022, 2483.18602457,  4289.2534986, 2646.51627104,             0,             0,             0,             0,             0,             0,             0,             0,             0,             0,             0,             0,             0,             0,             0,             0,             0,             0,             0,             0,             0, -0.255092180925, -0.0372458544482,            -0,            -0,            -0,            -0,            -0,            -0,            -0,            -0,            -0,            -0,            -0,            -0,            -0,            -0, 0.447595969726,             0,             0,             0,             0,             0,             0,             0,             0,             0,             0,             0,             0,             0,             0,  0.4475960643, 0.280101257559, 0.332712385273, 0.449119976133, 0.240606839184,  95.713932488,  95.380764013, 95.7679946141, 95.3903338723,  194.58870261, 0.0896518867023, -0.00984009045393, -0.681289438614,             0,             0,             0,             0,             0,             0,             0,             0,             0,             0, 197.906428671, 227.916001537, 201.240825656, 204.575222641, 207.909619626, 211.244016611, 214.578413596, 217.912810581, 221.247207566, 224.581604551,             1,             1,             1,             1,             1,             1,             1,             1,             1,             1, 120.038284271,           120, 0.527067948106,             0, 13.8372530077,  1.5494407738, 194.577548144, 191.667828135, 194.599285255, 191.689854455,  194.58870261,  197.92309921, 227.932668607,  201.25749581, 204.591892409, 207.926289009, 211.260685609, 214.595082209, 217.929478808, 221.263875408, 224.598272008, 194.577570643, 191.667854104,  197.92309921, 227.932668607,  201.25749581, 204.591892409, 207.926289009, 211.260685609, 214.595082209, 217.929478808, 221.263875408, 224.598272008, 194.599316955, 191.689874056, 0.738216417923,             0,             0,             0,             0,             0,             0,             0,             0,             0,             0, 0.828051097179, 0.789077993303, 0.728667985289, 0.825106630562, 0.581606484061, 0.544202826356, -1.09256555336, -1.13108503355, -0.255113355725,             0,             0,             0,             0,             0,             0,             0,             0,             0,             0, 0.580049781747, 0.542317307072,             0,             0,             0,             0,             0,             0,             0,             0,             0,             0, -1.0950579715, -1.1324460127,            -0,            -0,            -0,            -0, -0.000377344542882,             0,             0,             0,             0,             0,             0,             0,             0,             0,             0, 0.318460110485, 0.324728905435,             0,             0,             0,             0,             0,             0,             0,             0,             0,             0, 0.317985553364, 0.324122081351
        5.875, -0.113635453298, -0.0796895736151, -0.0150312682518, -0.116517073535, -0.0150574385956, 2525.45597791, 0.0232033544367,             0, 233.028057975, -17.6503770059, 233.688799398, -17.8084956806, 151.490968874, 59.1127886671, 17.9908363752, 94.2152270896, 4178.51419919, 2496.85203657, 4274.47205772, 2632.66469591,             0,             0,             0,             0,             0,             0,             0,             0,             0,             0,             0,             0,             0,             0,             0,             0,             0,             0,             0,             0,             0, -0.244976995971, -0.0380147589661,            -0,            -0,            -0,            -0,            -0,            -0,            -0,            -0,            -0,            -0,            -0,            -0,            -0,            -0, 0.415039650399,             0,             0,             0,             0,             0,             0,             0,             0,             0,             0,             0,             0,             0,             0, 0.415039741752, 0.253583206406, 0.310869430232, 0.422622693823, 0.218704743307,  96.123054955, 95.7888715649, 96.1770597361, 95.7984390559, 195.422245337, 0.0762709097936, -0.0227156039312, -0.942782824523,             0,             0,             0,             0,             0,             0,             0,             0,             0,             0, 198.739951509, 228.749344142, 202.074328468, 205.408705427, 208.743082387, 212.077459346, 215.411836305, 218.746213264, 222.080590223, 225.414967183,             1,             1,             1,             1,             1,             1,             1,             1,             1,             1,  120.03756388,           120, 0.526533112634,             0, 13.8369997225, 1.54943604678, 195.411097635, 192.501366744, 195.432814598, 192.523381525, 195.422245337,  198.75662188, 228.766010769, 202.090998423, 205.425374967,  208.75975151, 212.094128053, 215.428504596, 218.762881139, 222.097257682, 225.431634226, 195.411117687, 192.501390872,  198.75662188, 228.766010769, 202.090998423, 205.425374967,  208.75975151, 212.094128053, 215.428504596, 218.762881139, 222.097257682, 225.431634226, 195.432843931, 192.523399261, 0.738840286825,             0,             0,             0,             0,             0,             0,             0,             0,             0,             0, 0.815279907126, 0.784790994081, 0.716404468124, 0.821236527004, 0.591750609995, 0.554344977648, -1.0824253916, -1.12094879618, -0.244997365514,             0,             0,             0,             0,             0,             0,             0,             0,             0,             0, 0.590341525088, 0.552583518473,             0,             0,             0,             0,             0,             0,             0,             0,             0,             0, -1.08477117736, -1.12218608645,            -0,            -0,            -0, 5.55111512313e-17, -0.000348341447721,             0,             0,             0,             0,             0,             0,             0,             0,             0,             0, 0.318405410579, 0.324678608893,             0,             0,             0,             0,             0,             0,             0,             0,             0,             0, 0.318041825238, 0.324174262582
          5.9, -0.0931389900268, -0.06026098305, 0.00508694885395, -0.0974006165379, -0.0940399946318, 2525.23740037, 0.0172931263962,             0, 232.406152587, -17.7198751787,  233.37745799, -17.7105064216, 126.482789741, 44.8612920488, -9.08759042615, 78.7880091404, 4192.81706005, 2510.05920931, 4260.18903531, 2619.27360947,             0,             0,             0,             0,             0,             0,             0,             0,             0,             0,             0,             0,             0,             0,             0,             0,             0,             0,             0,             0,             0, -0.234749197152, -0.0387476720255,            -0,            -0,            -0,            -0,            -0,            -0,            -0,            -0,            -0,            -0,            -0,            -0,            -0,            -0, 0.383301439521,             0,             0,             0,             0,             0,             0,             0,             0,             0,             0,             0,             0,             0,             0, 0.383301527173, 0.227691897586, 0.289567583348, 0.396816800789, 0.197396551417,  96.532178012, 96.1969913549, 96.5861078728, 96.2065282635,   196.2557812, 0.0636076886005, -0.0349611416443, -1.18481265662,             0,             0,             0,             0,             0,             0,             0,             0,             0,             0, 199.573466002, 229.582665072, 202.907821454, 206.242176906, 209.576532359, 212.910887811, 216.245243263, 219.579598715, 222.913954168,  226.24830962,             1,             1,             1,             1,             1,             1,             1,             1,             1,             1, 120.036789991,           120, 0.526083524622,             0, 13.8367294285, 1.54943100225, 196.244668515, 193.334926688, 196.266308832, 193.356872213,   196.2557812, 199.590136208, 229.599331279, 202.924491216, 206.258846224, 209.593201232, 212.927556239, 216.261911247, 219.596266255, 222.930621263, 226.264976271, 196.244686206, 193.334948984, 199.590136208, 229.599331279, 202.924491216, 206.258846224, 209.593201232, 212.927556239, 216.261911247, 219.596266255, 222.930621263, 226.264976271, 196.266335854,  193.35688811, 0.737467462317,             0,             0,             0,             0,             0,             0,             0,             0,             0,             0, 0.80122941641, 0.778650944954, 0.702773836601, 0.815456830097, 0.602006867432, 0.56469997837, -1.07217322923, -1.11059971241, -0.234768643792,             0,             0,             0,             0,             0,             0,             0,             0,             0,             0, 0.600741859557, 0.563059466031,             0,             0,             0,             0,             0,             0,             0,             0,             0,             0, -1.07437615618, -1.11171662892, 5.55111512313e-17,            -0,            -0, 5.55111512313e-17, -0.000319403037804,             0,             0,             0,             0,             0,             0,             0,             0,             0,             0, 0.318352646421, 0.324629961537,             0,             0,             0,             0,             0,             0,             0,             0,             0,             0, 0.318096143181, 0.324224666801
        5.925, -0.0738354744252, -0.0415623825569, 0.0240931143345, -0.0789613109878, -0.170870821766, 2525.06700969, 0.0116660496362,             0, 231.879593347, -17.7899103695, 233.132572535, -17.6206614858, 102.546984415, 31.0331318933, -34.4505241632, 64.0618633644, 4206.56671144, 2522.78932246, 4246.43759724, 2606.36401726,             0,             0,             0,             0,             0,             0,             0,             0,             0,             0,             0,             0,             0,             0,             0,             0,             0,             0,             0,             0,             0, -0.224443973987, -0.0394448145527,            -0,            -0,            -0,            -0,            -0,            -0,            -0,            -0,            -0,            -0,            -0,            -0,            -0,            -0, 0.352393489651,             0,             0,             0,             0,             0,             0,             0,             0,             0,             0,             0,             0,             0,             0, 0.352393573161, 0.202436475898, 0.268816618513, 0.371706434415, 0.176689173507, 96.9413013085, 96.6051228988, 96.9951422677, 96.6146016141, 197.089310266, 0.0517382576693, -0.0464952241187, -1.40746690249,             0,             0,             0,             0,             0,             0,             0,             0,             0,             0, 200.406972362, 230.415965868, 203.741304974, 207.075637586, 210.409970197, 213.744302809, 217.078635421, 220.412968033, 223.747300644, 227.081633256,             1,             1,             1,             1,             1,             1,             1,             1,             1,             1, 120.035967988,           120, 0.525717646922,             0, 13.8364437811,  1.5494256711, 197.078260052, 194.168507336, 197.099768851, 194.190327323, 197.089310266, 200.423642409, 230.432631692, 203.757974551, 207.092306694, 210.426638836, 213.760970979, 217.095303122, 220.429635264, 223.763967407, 227.098299549,  197.07827548,  194.16852782, 200.423642409, 230.432631692, 203.757974551, 207.092306694, 210.426638836, 213.760970979, 217.095303122, 220.429635264, 223.763967407, 227.098299549, 197.099793631, 194.190341422, 0.734146453517,             0,             0,             0,             0,             0,             0,             0,             0,             0,             0, 0.786024235673, 0.770705629613, 0.687906144551, 0.807818450249, 0.612340023553, 0.575230144341, -1.06184429552, -1.10007547929, -0.224462399849,             0,             0,             0,             0,             0,             0,             0,             0,             0,             0, 0.611215505939, 0.573707413329,             0,             0,             0,             0,             0,             0,             0,             0,             0,             0, -1.06390816375, -1.10107537937, -5.55111512313e-17,            -0, -5.55111512313e-17,            -0, -0.000290619719145,             0,             0,             0,             0,             0,             0,             0,             0,             0,             0, 0.318301868802, 0.324583034551,             0,             0,             0,             0,             0,             0,             0,             0,             0,             0, 0.318148388413, 0.324273219225
         5.95, -0.0556614876993, -0.023615420273, 0.0420456210751, -0.0611669091595, -0.244960724699, 2524.94309974, 0.00632310234955,             0, 231.443328383, -17.8718465154, 232.974283752, -17.5406259899, 79.6275148949, 17.6472423284, -58.0029750226, 49.9932758885, 4219.68516345,  2534.9748339, 4233.31922635, 2594.01812752,             0,             0,             0,             0,             0,             0,             0,             0,             0,             0,             0,             0,             0,             0,             0,             0,             0,             0,             0,             0,             0, -0.214094347565, -0.0401070055534,            -0,            -0,            -0,            -0,            -0,            -0,            -0,            -0,            -0,            -0,            -0,            -0,            -0,            -0, 0.322351330171,             0,             0,             0,             0,             0,             0,             0,             0,             0,             0,             0,             0,             0,             0, 0.322351409148, 0.177850621235, 0.248647584749, 0.347320758766, 0.156609018845, 97.3504247513, 97.0132658366, 97.4041656515, 97.0226593469, 197.922832632, 0.0406888030598, -0.0572864554787, -1.6113051251,             0,             0,             0,             0,             0,             0,             0,             0,             0,             0, 201.240470882, 231.249248577, 204.574779515, 207.909088148, 211.243396781, 214.577705413, 217.912014046, 221.246322679, 224.580631312, 227.914939945,             1,             1,             1,             1,             1,             1,             1,             1,             1,             1, 120.035104971,           120, 0.525434084916,             0, 13.8361450655, 1.54942009594, 197.911871424, 195.002107917, 197.933195694, 195.023747894, 197.922832632, 201.257140775, 231.265914061, 204.591448918, 207.925757061, 211.260065203, 214.594373346, 217.928681489, 221.262989632, 224.597297775, 227.931605918, 197.911884695, 195.002126624, 201.257140775, 231.265914061, 204.591448918, 207.925757061, 211.260065203, 214.594373346, 217.928681489, 221.262989632, 224.597297775, 227.931605918, 197.933218313, 195.023760246, 0.728938252559,             0,             0,             0,             0,             0,             0,             0,             0,             0,             0, 0.769751628024, 0.761074202898, 0.671893863339, 0.798386311966, 0.622717013256, 0.585899310359, -1.05147164865, -1.08941227614, -0.214111675256,             0,             0,             0,             0,             0,             0,             0,             0,             0,             0, 0.621729215649, 0.584491021676,             0,             0,             0,             0,             0,             0,             0,             0,             0,             0, -1.05340042231, -1.09029866904,            -0,            -0, 5.55111512313e-17,            -0, -0.000262076126229,             0,             0,             0,             0,             0,             0,             0,             0,             0,             0, 0.318253372866, 0.324538082616,             0,             0,             0,             0,             0,             0,             0,             0,             0,             0, 0.31819818631, 0.324319616356
        5.975, -0.0385575964884, -0.00630995687328, 0.0589989960313, -0.0440246206152, -0.315623244458, 2524.86184426, 0.00123773448568,             0, 231.086947327, -17.9688981795, 232.901247704, -17.4728457761,    57.6701131, 4.47933593753, -79.8152093634, 36.5641829023, 4232.09521098, 2546.56240556,  4220.9277781, 2582.30893193,             0,             0,             0,             0,             0,             0,             0,             0,             0,             0,             0,             0,             0,             0,             0,             0,             0,             0,             0,             0,             0, -0.203731231901, -0.0407356795535,            -0,            -0,            -0,            -0,            -0,            -0,            -0,            -0,            -0,            -0,            -0,            -0,            -0,            -0, 0.293220592321,             0,             0,             0,             0,             0,             0,             0,             0,             0,             0,             0,             0,             0,             0, 0.29322066643, 0.153977102693, 0.229090069338, 0.323698486147, 0.137188211997, 97.7595485505, 97.4214203846, 97.8131798605, 97.4307018721, 198.756348426, 0.0304601597665, -0.0673290377417, -1.79718073425,             0,             0,             0,             0,             0,             0,             0,             0,             0,             0, 202.073961865, 232.082515084, 205.408245556, 208.742529247, 212.076812938, 215.411096629,  218.74538032, 222.079664011, 225.413947702, 228.748231393,             1,             1,             1,             1,             1,             1,             1,             1,             1,             1, 120.034207268,           120, 0.525229929766,             0, 13.8358353355, 1.54941431511, 198.745501642, 195.835727476, 198.766590622, 195.857135245, 198.756348426,  202.09063161, 232.099180265, 205.424914794, 208.759197978, 212.093481162, 215.427764345, 218.762047529, 222.096330713, 225.430613897, 228.764897081, 198.745512873, 195.835744453,  202.09063161, 232.099180265, 205.424914794, 208.759197978, 212.093481162, 215.427764345, 218.762047529, 222.096330713, 225.430613897, 228.764897081,  198.76661117, 195.857145916, 0.721919387966,             0,             0,             0,             0,             0,             0,             0,             0,             0,             0, 0.752489049167, 0.749721508012, 0.654819411302, 0.787242991337, 0.633106869435, 0.596672549922, -1.04108624195, -1.07864497965, -0.203747404823,             0,             0,             0,             0,             0,             0,             0,             0,             0,             0, 0.632251788064, 0.595375199834,             0,             0,             0,             0,             0,             0,             0,             0,             0,             0, -1.04288410308, -1.07942155946,            -0,            -0,            -0, 5.55111512313e-17, -0.000233835840421,             0,             0,             0,             0,             0,             0,             0,             0,             0,             0, 0.318207450883,  0.3244953076,             0,             0,             0,             0,             0,             0,             0,             0,             0,             0, 0.318245190537, 0.324363589107
            6, -0.0224741939874, 0.0102323623206, 0.0749977008274, -0.0276584564462, -0.381951448525, 2524.81750933, -0.00360467865591,             0, 230.797082466, -17.8566603245, 232.899931281, -17.4232188467,  36.664068276, -8.57742902577, -100.029532132, 23.8323990738,  4243.7834962, 2557.58114613, 4209.27853756, 2571.23897638,             0,             0,             0,             0,             0,             0,             0,             0,             0,             0,             0,             0,             0,             0,             0,             0,             0,             0,             0,             0,             0, -0.19338370095, -0.0413323408325,            -0,            -0,            -0,            -0,            -0,            -0,            -0,            -0,            -0,            -0,            -0,            -0,            -0,            -0, 0.265033670317,             0,             0,             0,             0,             0,             0,             0,             0,             0,             0,             0,             0,             0,             0, 0.265033739279, 0.130846102877, 0.210159134001, 0.300865828411, 0.118446610645, 98.1686732403, 97.8295861272,  98.222185994, 97.8387298577, 199.589857815, 0.0210218568117, -0.076648469256, -1.96639323808,             0,             0,             0,             0,             0,             0,             0,             0,             0,             0, 202.907445847, 232.915769277, 206.241704006, 209.575962165, 212.910220324, 216.244478482, 219.578736641,   222.9129948, 226.247252959, 229.581511118,             1,             1,             1,             1,             1,             1,             1,             1,             1,             1, 120.033288531,           120, 0.525098046552,             0, 13.8355191928, 1.54940841449, 199.579149494, 196.669364823, 199.599955197, 196.690491057, 199.589857815,  202.92411546, 232.932434264, 206.258373105,  209.59263075, 212.926888395,  216.26114604, 219.595403685,  222.92966133, 226.263918975, 229.598176619, 199.579158806, 196.669380126,  202.92411546, 232.932434264, 206.258373105,  209.59263075, 212.926888395,  216.26114604, 219.595403685,  222.92966133, 226.263918975, 229.598176619, 199.599973772, 196.690500123, 0.713187150082,             0,             0,             0,             0,             0,             0,             0,             0,             0,             0, 0.734303400201, 0.736806723401, 0.636754661511, 0.774549941511, 0.643480465375, 0.607515713071, -1.03071717959, -1.06780766537, -0.193398683291,             0,             0,             0,             0,             0,             0,             0,             0,             0,             0, 0.642753933789, 0.606325716758,             0,             0,             0,             0,             0,             0,             0,             0,             0,             0, -1.03238846071, -1.06847824237,            -0, 5.55111512313e-17,            -0,            -0, -0.000205934161549,             0,             0,             0,             0,             0,             0,             0,             0,             0,             0, 0.318164157298, 0.324454604151,             0,             0,             0,             0,             0,             0,             0,             0,             0,             0, 0.318289348487, 0.324405131515
        6.025, -0.00739467333155, 0.0260085780341, 0.0900528812136, -0.0119637959074, -0.443832950853, 2524.80244381, -0.00815645641831,             0, 230.560902585, -17.9394532778, 232.962605874, -17.4012410442, 16.6749333987, -20.7405122691,   -118.771061, 11.7356075526, 4254.78637773, 2568.03747025, 4198.31965266,  2560.7620531,             0,             0,             0,             0,             0,             0,             0,             0,             0,             0,             0,             0,             0,             0,             0,             0,             0,             0,             0,             0,             0, -0.183079183996, -0.0418985687914,            -0,            -0,            -0,            -0,            -0,            -0,            -0,            -0,            -0,            -0,            -0,            -0,            -0,            -0, 0.237805028609,             0,             0,             0,             0,             0,             0,             0,             0,             0,             0,             0,             0,             0,             0, 0.237805092193, 0.10846960087, 0.191887058321, 0.278830647082, 0.10038588849, 98.5777996431, 98.2377584923, 98.6311847585, 98.2467444302, 200.423361037, 0.0123608300704, -0.0852526198246, -2.11956300612,             0,             0,             0,             0,             0,             0,             0,             0,             0,             0,  203.74092322, 233.749012922, 207.075155409, 210.409387599, 213.743619788, 217.077851977, 220.412084166, 223.746316355, 227.080548544, 230.414780733,             1,             1,             1,             1,             1,             1,             1,             1,             1,             1, 120.032353743,           120, 0.525027244507,             0, 13.8351982361, 1.54940242389, 200.412813607, 197.503018605, 200.433291281, 197.523817299, 200.423361037, 203.757592701, 233.765677676, 207.091824364, 210.426056028, 213.760287692, 217.094519356,  220.42875102, 223.762982684, 227.097214348, 230.431446012, 200.412821126, 197.503032304, 203.757592701, 233.765677676, 207.091824364, 210.426056028, 213.760287692, 217.094519356,  220.42875102, 223.762982684, 227.097214348, 230.431446012, 200.433307985, 197.523824842, 0.702853047143,             0,             0,             0,             0,             0,             0,             0,             0,             0,             0, 0.715293191637, 0.722442385205, 0.617803318579, 0.760308827524, 0.653810316515, 0.618395801324, -1.02039191782, -1.05693348921, -0.183092959897,             0,             0,             0,             0,             0,             0,             0,             0,             0,             0, 0.653208106954, 0.617309394832,             0,             0,             0,             0,             0,             0,             0,             0,             0,             0, -1.0219410012, -1.05750188722, 5.55111512313e-17,            -0, 5.55111512313e-17,            -0, -0.000178374496838,             0,             0,             0,             0,             0,             0,             0,             0,             0,             0, 0.318123361345, 0.324415951266,             0,             0,             0,             0,             0,             0,             0,             0,             0,             0, 0.318330858618, 0.324444419733
         6.05, 0.00672129466437, 0.0410030872971, 0.104199426834, 0.00298303321112, -0.50103563683, 2524.81502226, -0.0124656843071,             0, 230.379211801, -18.0012531083, 233.074217697, -17.3273666779, -2.20688487443, -32.3583071819, -136.153533681, -0.020117889504, 4265.11413495, 2577.90584842, 4188.02265872, 2550.84257973,             0,             0,             0,             0,             0,             0,             0,             0,             0,             0,             0,             0,             0,             0,             0,             0,             0,             0,             0,             0,             0, -0.172843387439, -0.0424355609032,            -0,            -0,            -0,            -0,            -0,            -0,            -0,            -0,            -0,            -0,            -0,            -0,            -0,            -0, 0.211548358905,             0,             0,             0,             0,             0,             0,             0,             0,             0,             0,             0,             0,             0,             0, 0.211548416928, 0.0868611958049, 0.174274931837, 0.257602375637, 0.0830021650983, 98.9869287818, 98.6459369037, 99.0401765621, 98.6547473944, 201.256858283, 0.00444396837387, -0.0931693078119, -2.25745795705,             0,             0,             0,             0,             0,             0,             0,             0,             0,             0, 204.574394131, 234.582245746, 207.908599866, 211.242805601, 214.577011336, 217.911217071, 221.245422806, 224.579628541, 227.913834276, 231.248040011,             1,             1,             1,             1,             1,             1,             1,             1,             1,             1, 120.031401587,           120, 0.525013405566,             0, 13.8348719043, 1.54939633286, 201.246492578, 198.336687468, 201.266600676, 198.357115912, 201.256858283, 204.591063487, 234.598910323, 207.925268691, 211.259473895, 214.593679099, 217.927884303, 221.262089507, 224.596294711, 227.930499915, 231.264705119, 201.246498432, 198.336699639, 204.591063487, 234.598910323, 207.925268691, 211.259473895, 214.593679099, 217.927884303, 221.262089507, 224.596294711, 227.930499915, 231.264705119, 201.266615616, 198.357122022, 0.69102941322,             0,             0,             0,             0,             0,             0,             0,             0,             0,             0, 0.695537710356, 0.706740700798, 0.598049960448, 0.744694149319, 0.664070676114, 0.629281281962, -1.01013617706, -1.04605396171, -0.172855959223,             0,             0,             0,             0,             0,             0,             0,             0,             0,             0, 0.663588489962, 0.628294698301,             0,             0,             0,             0,             0,             0,             0,             0,             0,             0, -1.01156750255, -1.04652398618,            -0, -5.55111512313e-17,            -0,            -0, -0.000151152586312,             0,             0,             0,             0,             0,             0,             0,             0,             0,             0, 0.318085029491, 0.32437944778,             0,             0,             0,             0,             0,             0,             0,             0,             0,             0, 0.318369831974, 0.324481590191
        6.075, 0.0199805454732, 0.0551521785913, 0.117538929087, 0.0171156317851, -0.552936590895, 2524.85130692, -0.016510571364,             0,  230.25478206,  -18.04399291, 233.227302685, -17.1924876866, -19.9158751195, -43.4359941462, -152.287356614, -11.0822690367, 4274.78665273, 2587.22718769, 4178.34739152, 2541.44250501,             0,             0,             0,             0,             0,             0,             0,             0,             0,             0,             0,             0,             0,             0,             0,             0,             0,             0,             0,             0,             0, -0.162700326162, -0.0429459863985,            -0,            -0,            -0,            -0,            -0,            -0,            -0,            -0,            -0,            -0,            -0,            -0,            -0,            -0, 0.186268116749,             0,             0,             0,             0,             0,             0,             0,             0,             0,             0,             0,             0,             0,             0, 0.186268169074, 0.0660306817697, 0.157323022671, 0.23718691076, 0.0663019774093, 99.3960616346, 99.0541212791, 99.4491617655, 99.0627382825, 202.090349793, -0.00284529670781, -0.100509941545, -2.38144338858,             0,             0,             0,             0,             0,             0,             0,             0,             0,             0, 205.407859229,  235.41547213,  208.74203844, 212.076217651, 215.410396862, 218.744576074, 222.078755285, 225.412934496, 228.747113707, 232.081292919,             1,             1,             1,             1,             1,             1,             1,             1,             1,             1, 120.030447107,           120, 0.525048042972,             0, 13.8345452853, 1.54939023634, 202.080184957, 199.170369891,  202.09988531, 199.190389072, 202.090349793, 205.424528474, 235.432136596, 208.758707154, 212.092885834, 215.427064514, 218.761243195, 222.095421875, 225.429600555, 228.763779235, 232.097957916, 202.080189275, 199.170380613, 205.424528474, 235.432136596, 208.758707154, 212.092885834, 215.427064514, 218.761243195, 222.095421875, 225.429600555, 228.763779235, 232.097957916, 202.099898596, 199.190393843, 0.67784203804,             0,             0,             0,             0,             0,             0,             0,             0,             0,             0, 0.675046238163, 0.689827949515, 0.577509031107, 0.727835568938, 0.674237517235, 0.640141689051, -0.999973953404, -1.03519944794, -0.162711712799,             0,             0,             0,             0,             0,             0,             0,             0,             0,             0, 0.673871005944, 0.639251163476,             0,             0,             0,             0,             0,             0,             0,             0,             0,             0, -1.00129199867, -1.03557494467,            -0,            -0,            -0,            -0, -0.000124250807494,             0,             0,             0,             0,             0,             0,             0,             0,             0,             0, 0.318049092326, 0.324344944516,             0,             0,             0,             0,             0,             0,             0,             0,             0,             0, 0.318406423231, 0.324516788301
          6.1, 0.0322173515244, 0.0684741846945, 0.129900887549, 0.0304511125806, -0.599893570628, 2524.90686532, -0.0202734478476,             0, 230.184677181, -18.0813745098, 233.418053118, -17.1908970876, -36.4128718794, -53.9484675892, -167.258286464, -21.1858170599, 4283.81451929, 2596.02333202, 4169.27039342, 2532.61211689,             0,             0,             0,             0,             0,             0,             0,             0,             0,             0,             0,             0,             0,             0,             0,             0,             0,             0,             0,             0,             0, -0.152672326172, -0.043433208556,            -0,            -0,            -0,            -0,            -0,            -0,            -0,            -0,            -0,            -0,            -0,            -0,            -0,            -0, 0.161970121409,             0,             0,             0,             0,             0,             0,             0,             0,             0,             0,             0,             0,             0,             0, 0.161970167947, 0.0459756757618,  0.1410364145, 0.217578012279, 0.0502993900275, 99.8051987172, 99.4623109376, 99.8581409617, 99.4707154004, 202.923835843, -0.00935602630767, -0.107118900681, -2.49189872837,             0,             0,             0,             0,             0,             0,             0,             0,             0,             0,  206.24131878, 236.248692237, 209.575471386, 212.909623993, 216.243776599, 219.577929206, 222.912081812, 226.246234418, 229.580387025, 232.914539631,             1,             1,             1,             1,             1,             1,             1,             1,             1,             1, 120.029489581,           120, 0.525124327627,             0, 13.8342180173, 1.54938412759, 202.913888923, 200.004064338, 202.933147541, 200.023639014, 202.923835843, 206.257987916,  236.26535658,  209.59213999, 212.926292064, 216.260444137, 219.594596211, 222.928748285, 226.262900358, 229.597052432, 232.931204506, 202.913891836, 200.004073699, 206.257987916,  236.26535658,  209.59213999, 212.926292064, 216.260444137, 219.594596211, 222.928748285, 226.262900358, 229.597052432, 232.931204506, 202.933159285, 200.023642543, 0.663420097811,             0,             0,             0,             0,             0,             0,             0,             0,             0,             0, 0.654098936968, 0.671832814981, 0.556465380956, 0.709863214989, 0.684288422377, 0.650948095118, -0.989927624245, -1.02439876599, -0.152682561142,             0,             0,             0,             0,             0,             0,             0,             0,             0,             0, 0.684033254741, 0.650149837354,             0,             0,             0,             0,             0,             0,             0,             0,             0,             0, -0.991136836614, -1.02468366323, -5.55111512313e-17, 5.55111512313e-17,            -0,            -0, -9.76567433112e-05,             0,             0,             0,             0,             0,             0,             0,             0,             0,             0, 0.318015515082, 0.324312363232,             0,             0,             0,             0,             0,             0,             0,             0,             0,             0, 0.318440724846, 0.324549829724
        6.125, 0.0436614908019, 0.080914554425, 0.141510113093, 0.0429870166639, -0.642048554773, 2524.97996198, -0.0237739196206,             0, 230.168455665, -18.1147957494, 233.637889048, -17.172307584, -51.6755150669, -63.849045704, -181.118172991, -30.6176525062, 4292.17191751, 2604.26416555, 4160.82426624,  2524.3845051,             0,             0,             0,             0,             0,             0,             0,             0,             0,             0,             0,             0,             0,             0,             0,             0,             0,             0,             0,             0,             0, -0.14278007074, -0.0438991149261,            -0,            -0,            -0,            -0,            -0,            -0,            -0,            -0,            -0,            -0,            -0,            -0,            -0,            -0, 0.138669600333,             0,             0,             0,             0,             0,             0,             0,             0,             0,             0,             0,             0,             0,             0, 0.138669641035, 0.0267236922168, 0.125430592754, 0.198799786409, 0.0349965897061, 100.214340465, 99.8705050779, 100.267114436, 99.8786804751, 203.757316661, -0.015327097645, -0.113230145277, -2.58938681143,             0,             0,             0,             0,             0,             0,             0,             0,             0,             0,   207.0747731, 237.081907152, 210.408899106, 213.743025112, 217.077151117, 220.411277123, 223.745403129, 227.079529135, 230.413655141, 233.747781146,             1,             1,             1,             1,             1,             1,             1,             1,             1,             1, 120.028532227,           120, 0.525238952162,             0, 13.8338910905, 1.54937802508,  203.74760325, 200.837769352,  203.76638906, 200.856867838, 203.757316661, 207.091442136, 237.098571411, 210.425567611, 213.759693086, 217.093818561, 220.427944036, 223.762069511, 227.096194986, 230.430320461, 233.764445936, 203.747604887, 200.837777441, 207.091442136, 237.098571411, 210.425567611, 213.759693086, 217.093818561, 220.427944036, 223.762069511, 227.096194986, 230.430320461, 233.764445936, 203.766399374, 200.856870228, 0.647884564502,             0,             0,             0,             0,             0,             0,             0,             0,             0,             0, 0.632577965226, 0.652933164704, 0.534806084751, 0.690900763378, 0.694202741851, 0.661673642682, -0.980017810747, -1.01367881362, -0.142789199478,             0,             0,             0,             0,             0,             0,             0,             0,             0,             0, 0.694054437736,  0.6609637774,             0,             0,             0,             0,             0,             0,             0,             0,             0,             0, -0.981122774939, -1.01387705491, 5.55111512313e-17,            -0,            -0, -5.55111512313e-17, -7.13923495677e-05,             0,             0,             0,             0,             0,             0,             0,             0,             0,             0, 0.317984398556, 0.324281819336,             0,             0,             0,             0,             0,             0,             0,             0,             0,             0, 0.318472619281, 0.324580594284
         6.15, 0.0541390009767, 0.0925720386196, 0.152188164087, 0.0547042492128, -0.679383141997, 2525.06754781, -0.0270202129921,             0,  230.20308239, -18.1444820007,  233.87938686, -17.1490626496, -65.7095367376, -73.1833645047, -193.90521353, -39.4035221849, 4299.85751566, 2611.92707735, 4153.02785768, 2516.74817686,             0,             0,             0,             0,             0,             0,             0,             0,             0,             0,             0,             0,             0,             0,             0,             0,             0,             0,             0,             0,             0, -0.133042660283, -0.0443439640008,            -0,            -0,            -0,            -0,            -0,            -0,            -0,            -0,            -0,            -0,            -0,            -0,            -0,            -0, 0.116380391236,             0,             0,             0,             0,             0,             0,             0,             0,             0,             0,             0,             0,             0,             0, 0.116380426092, 0.00827971849487, 0.110515584581, 0.180853377532, 0.0203996186812,  100.62348668, 100.278702872, 100.676082758, 100.286634942, 204.590792473, -0.0205987663064, -0.118679629964, -2.67469105313,             0,             0,             0,             0,             0,             0,             0,             0,             0,             0, 207.908222575, 237.915118716, 211.242322146, 214.576421717, 217.910521289,  221.24462086, 224.578720431, 227.912820002, 231.246919573, 234.581019144,             1,             1,             1,             1,             1,             1,             1,             1,             1,             1, 120.027580769,           120, 0.525386940661,             0, 13.8335663794, 1.54937196382, 204.581326202, 201.671483487, 204.599612068, 201.690077626, 204.590792473, 207.924891518, 237.931782923, 211.258990563, 214.593089608, 217.927188653, 221.261287698, 224.595386743, 227.929485788, 231.263584833, 234.597683878, 204.581326692, 201.671490398, 207.924891518, 237.931782923, 211.258990563, 214.593089608, 217.927188653, 221.261287698, 224.595386743, 227.929485788, 231.263584833, 234.597683878, 204.599621066,  201.69007898, 0.631355544792,             0,             0,             0,             0,             0,             0,             0,             0,             0,             0, 0.610763216849, 0.633134142729, 0.512815334912, 0.671072033896, 0.703961285995, 0.672293078131, -0.970263665304, -1.00306481919, -0.133050737945,             0,             0,             0,             0,             0,             0,             0,             0,             0,             0, 0.703915341345, 0.67166767586,             0,             0,             0,             0,             0,             0,             0,             0,             0,             0, -0.971268975894, -1.00318038527,            -0, -5.55111512313e-17,            -0,            -0, -4.55079840467e-05,             0,             0,             0,             0,             0,             0,             0,             0,             0,             0, 0.317955752219, 0.324253400249,             0,             0,             0,             0,             0,             0,             0,             0,             0,             0, 0.318502040707, 0.324609128019
        6.175, 0.0638393016804, 0.103372074052, 0.162119498923, 0.0655834932374, -0.711922162152, 2525.16611503, -0.0300144101748,             0, 230.281233722, -18.1713113459, 234.136125976, -17.1271178927, -78.5561160402, -81.8996505624, -205.665880962, -47.5348315898, 4306.88839543, 2619.01909699, 4145.88059867, 2509.67898882,             0,             0,             0,             0,             0,             0,             0,             0,             0,             0,             0,             0,             0,             0,             0,             0,             0,             0,             0,             0,             0, -0.123477692218, -0.0447674380814,            -0,            -0,            -0,            -0,            -0,            -0,            -0,            -0,            -0,            -0,            -0,            -0,            -0,            -0, 0.0951092273508,             0,             0,             0,             0,             0,             0,             0,             0,             0,             0,             0,             0,             0,             0, 0.0951092563825, -0.00933880242613, 0.0962963405532, 0.163752400061, 0.00651040999074, 101.032637106, 100.686903484,   101.0850463, 100.694579871, 205.424263505, -0.0253795078121, -0.123671030237, -2.7485917051,             0,             0,             0,             0,             0,             0,             0,             0,             0,             0, 208.741667556,   238.7483284, 212.075740984, 215.409814411, 218.743887838, 222.077961265, 225.412034692, 228.746108119, 232.080181546, 235.414254973,             1,             1,             1,             1,             1,             1,             1,             1,             1,             1, 120.026639681,           120, 0.525562821968,             0, 13.8332453242, 1.54936597068,  205.41505653, 202.505205294, 205.432818298, 202.523270465, 205.424263505, 208.758336413, 238.764992583,  212.09240932, 215.426482228, 218.760555136, 222.094628044, 225.428700952,  228.76277386, 232.096846767, 235.430919675, 205.415055998,  202.50521112, 208.758336413, 238.764992583,  212.09240932, 215.426482228, 218.760555136, 222.094628044, 225.428700952,  228.76277386, 232.096846767, 235.430919675,  205.43282609, 202.523270884, 0.613953535952,             0,             0,             0,             0,             0,             0,             0,             0,             0,             0, 0.588566765468, 0.612614153994, 0.490409998219, 0.650500430195, 0.713546485484, 0.682782649291, -0.960682730197, -0.992580509891, -0.123484781545,             0,             0,             0,             0,             0,             0,             0,             0,             0,             0, 0.713598302988, 0.682237755294,             0,             0,             0,             0,             0,             0,             0,             0,             0,             0, -0.961593061103, -0.992617395228, 5.55111512313e-17,            -0,            -0,            -0, -2.00657697203e-05,             0,             0,             0,             0,             0,             0,             0,             0,             0,             0, 0.317929516689, 0.324227082758,             0,             0,             0,             0,             0,             0,             0,             0,             0,             0, 0.318528995354, 0.324635524065
          6.2, 0.0726067735901, 0.113309062926, 0.171143924242, 0.0755593668826, -0.739836303776, 2525.27248386, -0.0327586482703,             0, 230.395744337, -18.1960212202, 234.402055201, -17.1075867926, -90.2548271714, -89.972999361, -216.431435548, -54.9964962717, 4313.29803185, 2625.55862031, 4139.35797438, 2503.15556764,             0,             0,             0,             0,             0,             0,             0,             0,             0,             0,             0,             0,             0,             0,             0,             0,             0,             0,             0,             0,             0, -0.114101328961, -0.0451696373994,            -0,            -0,            -0,            -0,            -0,            -0,            -0,            -0,            -0,            -0,            -0,            -0,            -0,            -0, 0.0748563254554,             0,             0,             0,             0,             0,             0,             0,             0,             0,             0,             0,             0,             0,             0, 0.0748563487174, -0.0261382587469, 0.0827724641454, 0.147486170654, -0.0066732097859, 101.441791053, 101.095106102, 101.494005682,  101.10251621,  206.25772999, -0.0295350724929, -0.128065645282, -2.81172242497,             0,             0,             0,             0,             0,             0,             0,             0,             0,             0, 209.575108374,  239.58153741, 212.909156044, 216.243203715, 219.577251386, 222.911299056, 226.245346727, 229.579394398, 232.913442068, 236.247489739,             1,             1,             1,             1,             1,             1,             1,             1,             1,             1, 120.025712496,           120, 0.525761126659,             0, 13.8329290419, 1.54936006653, 206.248792569, 203.338933358, 206.266009891, 203.356448396,  206.25772999,  209.59177715, 239.598201591,  212.92582431,  216.25987147,  219.59391863,  222.92796579,  226.26201295,  229.59606011,  232.93010727,  236.26415443, 206.248791136, 203.338938193,  209.59177715, 239.598201591,  212.92582431,  216.25987147,  219.59391863,  222.92796579,  226.26201295,  229.59606011,  232.93010727,  236.26415443, 206.266016587, 203.356447981, 0.595796486828,             0,             0,             0,             0,             0,             0,             0,             0,             0,             0, 0.566240841651, 0.591490787393, 0.467846752674, 0.629363241498, 0.72294210692, 0.693120177001, -0.951291208716, -0.982248035934, -0.11410749819,             0,             0,             0,             0,             0,             0,             0,             0,             0,             0, 0.723087127949, 0.692651841398,             0,             0,             0,             0,             0,             0,             0,             0,             0,             0, -0.9521111781, -0.982210225249,            -0, -5.55111512313e-17,            -0,            -0, 4.87638081091e-06,             0,             0,             0,             0,             0,             0,             0,             0,             0,             0, 0.317905571278, 0.324202801167,             0,             0,             0,             0,             0,             0,             0,             0,             0,             0, 0.318553579039, 0.324659865083
        6.225, 0.0806065444882, 0.122390925707, 0.179421899789, 0.0847521856221, -0.76334562697, 2525.38403392, -0.0352508608085,             0, 230.539686232, -18.2187244711, 234.672689586, -17.090669549, -100.797423168, -97.3954849751, -226.185138332, -61.7915242194, 4319.10581659, 2631.56385739, 4133.44227978, 2497.16913786,             0,             0,             0,             0,             0,             0,             0,             0,             0,             0,             0,             0,             0,             0,             0,             0,             0,             0,             0,             0,             0, -0.104928314546, -0.0455513103111,            -0,            -0,            -0,            -0,            -0,            -0,            -0,            -0,            -0,            -0,            -0,            -0,            -0,            -0, 0.0556191331287,             0,             0,             0,             0,             0,             0,             0,             0,             0,             0,             0,             0,             0,             0, 0.055619150706, -0.0421106896321, 0.0699419788118, 0.132058634846, -0.0191546692756, 101.850947935, 101.503309962, 101.902961314, 101.510444846, 207.091192161, -0.0332434084814, -0.132036757492, -2.86466178641,             0,             0,             0,             0,             0,             0,             0,             0,             0,             0,  210.40854534, 240.414746776, 213.742567722, 217.076590103, 220.410612485, 223.744634867, 227.078657249,  230.41267963, 233.746702012, 237.080724394,             1,             1,             1,             1,             1,             1,             1,             1,             1,             1, 120.024802118,           120, 0.525976796953,             0, 13.8326184427, 1.54935426835,  207.08253314, 204.172666331, 207.099188508, 204.189613373, 207.091192161, 210.425214042, 240.431410973, 213.759235923, 217.093257804, 220.427279686, 223.761301567, 227.095323448, 230.429345329, 233.763367211, 237.097389092, 207.082530922, 204.172670267, 210.425214042, 240.431410973, 213.759235923, 217.093257804, 220.427279686, 223.761301567, 227.095323448, 230.429345329, 233.763367211, 237.097389092, 207.099194211, 204.189612222, 0.576997263285,             0,             0,             0,             0,             0,             0,             0,             0,             0,             0, 0.543720404832, 0.569875887418, 0.445065220321, 0.607659739346, 0.732133440974, 0.703285167994, -0.942103791196, -0.972087864355, -0.104933635424,             0,             0,             0,             0,             0,             0,             0,             0,             0,             0, 0.732367065646, 0.702889454472,             0,             0,             0,             0,             0,             0,             0,             0,             0,             0, -0.942838042462, -0.971979325289, -5.55111512313e-17,            -0,            -0,            -0, 2.92718004164e-05,             0,             0,             0,             0,             0,             0,             0,             0,             0,             0, 0.317883847663, 0.324180490336,             0,             0,             0,             0,             0,             0,             0,             0,             0,             0, 0.318575861713, 0.324682186566
         6.25, 0.0877528081328, 0.130624561077, 0.186863494982, 0.0931083675091, -0.78263560523, 2525.49872767, -0.0375014669621,             0, 230.707256183, -18.2391888453, 234.942679285, -17.0768015658, -110.235943487, -104.164247547, -234.967394985, -67.9752975601, 4324.32351952, 2637.04316208, 4128.12040862, 2491.71601907,             0,             0,             0,             0,             0,             0,             0,             0,             0,             0,             0,             0,             0,             0,             0,             0,             0,             0,             0,             0,             0, -0.0959719522446, -0.0459136299313,            -0,            -0,            -0,            -0,            -0,            -0,            -0,            -0,            -0,            -0,            -0,            -0,            -0,            -0, 0.0373954423114,             0,             0,             0,             0,             0,             0,             0,             0,             0,             0,             0,             0,             0,             0, 0.0373954543182, -0.0572607202972, 0.057804267222, 0.117461202146, -0.0309389682668, 102.260106952, 101.911514347, 102.311913759, 101.918366619, 207.924650247, -0.0364295864756, -0.135505251134, -2.90801980698,             0,             0,             0,             0,             0,             0,             0,             0,             0,             0, 211.241978747, 241.247957351, 214.575976369, 217.909973992, 221.243971615, 224.577969238,  227.91196686, 231.245964483, 234.579962106, 237.913959728,             1,             1,             1,             1,             1,             1,             1,             1,             1,             1, 120.023910813,           120, 0.526205319313,             0, 13.8323142229, 1.54934858916, 207.916276795, 205.006402927, 207.932356052, 205.022767261, 207.924650247,  211.25864738,  241.26462158, 214.592644514, 217.926641647,  221.26063878, 224.594635914, 227.928633047,  231.26263018, 234.596627314, 237.930624447, 207.916273906, 205.006406054,  211.25864738,  241.26462158, 214.592644514, 217.926641647,  221.26063878, 224.594635914, 227.928633047,  231.26263018, 234.596627314, 237.930624447, 207.932360866, 205.022765469, 0.55766361476,             0,             0,             0,             0,             0,             0,             0,             0,             0,             0, 0.52118816257, 0.547875744417, 0.422252294557, 0.585556247875, 0.741107145116, 0.713258838425, -0.933133800149, -0.962118775534, -0.0959764982592,             0,             0,             0,             0,             0,             0,             0,             0,             0,             0, 0.741424801884, 0.712931816292,             0,             0,             0,             0,             0,             0,             0,             0,             0,             0, -0.933786931906, -0.961943449586, -5.55111512313e-17,            -0,            -0,            -0, 5.30846112403e-05,             0,             0,             0,             0,             0,             0,             0,             0,             0,             0, 0.317864305742, 0.324160121739,             0,             0,             0,             0,             0,             0,             0,             0,             0,             0, 0.318595896133, 0.324702504828
        6.275, 0.0941155059287, 0.138022829147, 0.193534716729, 0.100638268708, -0.797950979418, 2525.61501352, -0.0395161969052,             0, 230.893052866, -18.2577842563, 235.209169673, -17.0654650184, -118.620969097, -110.279551079, -242.819113602, -73.5348256461, 4328.96022958, 2642.00394856, 4123.38222257, 2486.79088706,             0,             0,             0,             0,             0,             0,             0,             0,             0,             0,             0,             0,             0,             0,             0,             0,             0,             0,             0,             0,             0, -0.0872441713821, -0.0462578349659,            -0,            -0,            -0,            -0,            -0,            -0,            -0,            -0,            -0,            -0,            -0,            -0,            -0,            -0, 0.0201817680052,             0,             0,             0,             0,             0,             0,             0,             0,             0,             0,             0,             0,             0,             0, 0.0201817745826, -0.0715860183679, 0.0463578895758, 0.10369270173, -0.0420297842237,  102.66926741, 102.319718583, 102.720863468, 102.326282337, 208.758104468, -0.0391740218043, -0.138547519387, -2.94233319375,             0,             0,             0,             0,             0,             0,             0,             0,             0,             0, 212.075408864, 242.081169861, 215.409382308, 218.743355753, 222.077329197, 225.411302641, 228.745276085, 232.079249529, 235.413222973, 238.747196417,             1,             1,             1,             1,             1,             1,             1,             1,             1,             1, 120.023040401,           120, 0.526442829155,             0, 13.8320169374, 1.54934303932,  208.75002236, 205.840141917, 208.765514142, 205.855911827, 208.758104468, 212.092077435, 242.097834135, 215.426050402, 218.760023368, 222.093996335, 225.427969302, 228.761942268, 232.095915235, 235.429888202, 238.763861169, 208.750018903, 205.840144322, 212.092077435, 242.097834135, 215.426050402, 218.760023368, 222.093996335, 225.427969302, 228.761942268, 232.095915235, 235.429888202, 238.763861169, 208.765518161, 205.855909486, 0.537898112781,             0,             0,             0,             0,             0,             0,             0,             0,             0,             0, 0.498666302777, 0.525591296484, 0.399434184935, 0.563156325326, 0.749851302243, 0.723024047196, -0.924393138877, -0.952357896425, -0.0872480162122,             0,             0,             0,             0,             0,             0,             0,             0,             0,             0, 0.75024840907, 0.722761795858,             0,             0,             0,             0,             0,             0,             0,             0,             0,             0, -0.924969745939, -0.952119706278,            -0,            -0,            -0,            -0, 7.62859743935e-05,             0,             0,             0,             0,             0,             0,             0,             0,             0,             0, 0.317846915238, 0.324141670213,             0,             0,             0,             0,             0,             0,             0,             0,             0,             0, 0.31861372366, 0.324720842158
          6.3, 0.0996177655067, 0.144604763104, 0.199355109142, 0.107358541343, -0.809593332634, 2525.73169635, -0.0413012570749,             0, 231.093270052, -18.2746590843,  235.46967778, -17.0563762563, -125.98892818, -115.747978394, -249.768351947, -78.4855622693, 4333.03186731, 2646.45549508, 4119.21177939, 2482.38384061,             0,             0,             0,             0,             0,             0,             0,             0,             0,             0,             0,             0,             0,             0,             0,             0,             0,             0,             0,             0,             0, -0.0787556049486, -0.0465850482402,            -0,            -0,            -0,            -0,            -0,            -0,            -0,            -0,            -0,            -0,            -0,            -0,            -0,            -0, 0.00397245285798,             0,             0,             0,             0,             0,             0,             0,             0,             0,             0,             0,             0,             0,             0, 0.00397245417101, -0.0850941042232, 0.0355994893189, 0.0907422973193, -0.0524332248828, 103.078428557, 102.727922054, 103.129810961, 102.734192762,  209.59155503, -0.0414089624518, -0.14109214471, -2.96804366545,             0,             0,             0,             0,             0,             0,             0,             0,             0,             0,  212.90883594, 242.914384916, 216.242785826, 219.576735712, 222.910685599, 226.244635485, 229.578585371, 232.912535257, 236.246485144,  239.58043503,             1,             1,             1,             1,             1,             1,             1,             1,             1,             1, 120.022192335,           120, 0.526686066183,             0, 13.8317270266, 1.54933762705, 209.583768551, 206.673882153,  209.59866447, 206.689048719,  209.59155503, 212.925504452, 242.931049247, 216.259453874, 219.593403295, 222.927352717, 226.261302139,  229.59525156, 232.929200982, 236.263150404, 239.597099825, 209.583764626, 206.673883921, 212.925504452, 242.931049247, 216.259453874, 219.593403295, 222.927352717, 226.261302139,  229.59525156, 232.929200982, 236.263150404, 239.597099825, 209.598667788, 206.689045915, 0.517796368515,             0,             0,             0,             0,             0,             0,             0,             0,             0,             0, 0.47631820987, 0.503116387978, 0.376777941047, 0.540556285217, 0.758355251807, 0.732565307732, -0.915892455715, -0.942820708288, -0.0787588211186,             0,             0,             0,             0,             0,             0,             0,             0,             0,             0, 0.758827270558, 0.73236392737,             0,             0,             0,             0,             0,             0,             0,             0,             0,             0, -0.916397075142, -0.942523543859, 5.55111512313e-17,            -0,            -0,            -0, 9.88513890193e-05,             0,             0,             0,             0,             0,             0,             0,             0,             0,             0, 0.317831620118, 0.324125103499,             0,             0,             0,             0,             0,             0,             0,             0,             0,             0, 0.318629407189, 0.324737237751
