25.48842018,51.45017025,11.7
25.48842831,51.45016594,11.7
25.48843631,51.45016133,11.7
25.48844419,51.45015648,11.7
25.48845194,51.45015139,11.7
25.48845962,51.45014615,11.7
25.48846724,51.45014081,11.7
25.48847484,51.45013546,11.8
25.48848243,51.45013007,11.8
25.48848997,51.45012461,11.8
25.48849745,51.45011904,11.8
25.48850493,51.45011347,11.8
25.48851239,51.45010788,11.8
25.48851992,51.45010239,11.8
25.48852745,51.4500969,11.8
25.48853499,51.45009142,11.9
25.48854257,51.45008604,11.9
25.48855017,51.45008067,11.9
25.48855779,51.45007533,11.9
25.48856543,51.45007003,11.9
25.48857308,51.45006476,11.9
25.48858074,51.4500595,11.9
25.48858841,51.45005426,11.9
25.48859609,51.45004903,11.9
25.48860377,51.4500438,11.9
25.48861144,51.45003856,11.9
25.48861912,51.45003332,11.9
25.48862683,51.45002815,11.8
25.48863462,51.45002312,11.8
25.48864249,51.45001826,11.8
25.48865027,51.45001322,11.8
25.48865798,51.45000805,11.8
25.48866579,51.45000306,11.8
25.48867363,51.44999814,11.8
25.4886814,51.44999307,11.8
25.48868914,51.44998796,11.8
25.48869694,51.44998294,11.8
25.48870475,51.44997795,11.8
25.48871259,51.44997303,11.8
25.48872045,51.44996813,11.8
25.4887283,51.44996323,11.8
25.48873615,51.44995832,11.8
25.48874402,51.44995345,11.8
25.4887519,51.44994861,11.8
25.48875979,51.44994377,11.8
25.48876768,51.44993894,11.8
25.48877557,51.4499341,11.7
25.48878342,51.44992919,11.7
25.48879127,51.44992429,11.7
25.48879913,51.4499194,11.7
25.488807,51.44991452,11.7
25.48881485,51.44990962,11.7
25.48882271,51.44990471,11.7
25.48883056,51.44989981,11.6
25.48883847,51.44989501,11.6
25.48884638,51.44989022,11.6
25.48885429,51.44988543,11.6
25.4888622,51.44988063,11.6
25.4888701,51.44987583,11.5
25.48887798,51.44987097,11.5
25.48888586,51.44986612,11.5
25.48889374,51.44986128,11.5
25.48890164,51.44985646,11.4
25.48890954,51.44985164,11.4
25.48891745,51.44984685,11.3
25.48892535,51.44984206,11.3
25.48893325,51.44983723,11.3
25.48894113,51.44983238,11.2
25.48894901,51.44982752,11.2
25.48895692,51.44982273,11.1
25.48896483,51.44981796,11.1
25.48897275,51.44981317,11.1
25.48898064,51.44980834,11
25.48898852,51.4498035,11
25.48899641,51.44979867,11
25.4890043,51.44979384,10.9
25.48901219,51.449789,10.9
25.48902009,51.44978419,10.8
25.48902799,51.44977938,10.8
25.4890359,51.44977457,10.8
25.48904382,51.4497698,10.7
25.48905174,51.44976504,10.7
25.48905966,51.44976027,10.6
25.4890676,51.44975553,10.6
25.48907553,51.44975078,10.6
25.48908346,51.44974604,10.5
25.48909141,51.44974131,10.5
25.48909935,51.44973659,10.4
25.4891073,51.44973187,10.4
25.48911525,51.44972717,10.3
25.48912321,51.44972248,10.3
25.48913115,51.44971775,10.3
25.48913908,51.44971299,10.2
25.489147,51.44970822,10.1
25.48915491,51.44970343,10.1
25.48916281,51.44969862,10
25.48917071,51.4496938,10
25.48917861,51.44968899,10
25.48918651,51.44968419,9.9
25.48919442,51.44967938,9.9
25.48920233,51.44967459,9.9
25.48921024,51.44966981,9.9
25.48921816,51.44966504,9.9
25.4892261,51.4496603,9.8
25.48923407,51.44965563,9.8
25.48924204,51.44965097,9.8
25.48925001,51.44964628,9.8
25.48925792,51.44964151,9.8
25.48926584,51.44963673,9.8
25.48927376,51.44963195,9.7
25.48928168,51.44962718,9.7
25.4892896,51.44962241,9.7
25.48929752,51.44961764,9.7
25.48930554,51.44961308,9.7
25.48931359,51.44960857,9.7
25.48932163,51.44960406,9.7
25.48932968,51.44959956,9.7
25.48933774,51.44959507,9.7
25.48934579,51.44959058,9.7
25.48935378,51.44958596,9.7
25.48936166,51.4495811,9.7
25.48936953,51.44957623,9.7
25.4893774,51.44957136,9.7
25.48938525,51.44956645,9.7
25.4893931,51.44956154,9.7
25.48940095,51.44955663,9.7
25.48940884,51.4495518,9.7
25.48941674,51.44954699,9.7
25.48942465,51.44954219,9.7
25.48943255,51.44953739,9.7
25.48944047,51.44953261,9.7
25.48944838,51.44952782,9.7
25.4894563,51.44952304,9.7
25.48946419,51.44951821,9.8
25.48947208,51.44951338,9.8
25.48947997,51.44950854,9.8
25.48948784,51.44950369,9.8
25.48949571,51.44949882,9.8
25.48950358,51.44949394,9.9
25.48951146,51.44948908,9.9
25.48951937,51.44948429,9.9
25.48952728,51.44947949,9.9
25.48953518,51.4494747,9.9
25.48954307,51.44946985,9.9
25.48955094,51.44946498,10
25.4895588,51.44946011,10
25.48956667,51.44945523,10
25.48957455,51.44945037,10
25.48958242,51.44944551,10
25.4895903,51.44944065,10
25.48959817,51.44943579,10
25.48960605,51.44943092,10
25.48961392,51.44942606,10.1
25.48962179,51.44942119,10.1
25.48962965,51.4494163,10.1
25.48963751,51.4494114,10.1
25.48964537,51.44940651,10.1
25.48965324,51.44940164,10.2
25.48966112,51.44939678,10.2
25.489669,51.44939193,10.2
25.48967688,51.44938708,10.2
25.48968476,51.44938223,10.2
25.48969264,51.44937738,10.2
25.48970052,51.44937252,10.3
25.4897084,51.44936767,10.3
25.48971628,51.44936283,10.3
25.48972417,51.44935799,10.3
25.48973205,51.44935315,10.3
25.48973994,51.44934831,10.3
25.48974783,51.44934349,10.3
25.48975572,51.44933866,10.3
25.48976362,51.44933383,10.3
25.48977151,51.44932901,10.3
25.48977941,51.4493242,10.3
25.48978731,51.44931938,10.3
25.48979521,51.44931456,10.3
25.48980307,51.44930968,10.3
25.48981094,51.4493048,10.3
25.4898188,51.44929992,10.3
25.48982668,51.44929507,10.3
25.48983458,51.44929026,10.3
25.48984248,51.44928545,10.3
25.48985038,51.44928064,10.3
25.48985827,51.4492758,10.3
25.48986615,51.44927095,10.3
25.48987403,51.4492661,10.3
25.48988192,51.44926125,10.3
25.48988978,51.44925638,10.3
25.48989765,51.4492515,10.3
25.48990552,51.44924663,10.2
25.48991339,51.44924175,10.2
25.48992123,51.44923683,10.2
25.48992908,51.44923191,10.2
25.48993692,51.44922699,10.2
25.48994478,51.44922209,10.2
25.48995265,51.44921723,10.1
25.48996053,51.44921238,10.1
25.48996841,51.44920752,10.1
25.48997628,51.44920265,10.1
25.48998414,51.44919776,10
25.489992,51.44919287,10
25.48999986,51.44918798,10
25.49000772,51.4491831,9.9
25.49001559,51.44917821,9.9
25.49002345,51.44917333,9.8
25.49003132,51.44916845,9.8
25.49003918,51.44916356,9.7
25.49004703,51.44915866,9.7
25.49005489,51.44915376,9.7
25.49006275,51.44914887,9.6
25.4900706,51.44914397,9.6
25.49007846,51.44913907,9.5
25.49008632,51.44913417,9.5
25.49009417,51.44912927,9.5
25.49010204,51.4491244,9.4
25.49010991,51.44911953,9.4
25.49011778,51.44911466,9.3
25.49012565,51.44910979,9.3
25.49013352,51.44910491,9.3
25.49014138,51.44910002,9.2
25.49014925,51.44909514,9.2
25.49015711,51.44909026,9.1
25.49016499,51.4490854,9.1
25.49017287,51.44908055,9.1
25.49018075,51.44907571,9
25.49018863,51.44907086,9
25.49019652,51.44906601,8.9
25.4902044,51.44906117,8.9
25.49021229,51.44905633,8.9
25.49022017,51.44905149,8.8
25.49022805,51.44904663,8.8
25.49023592,51.44904177,8.8
25.4902438,51.4490369,8.7
25.49025167,51.44903204,8.7
25.49025955,51.44902719,8.6
25.49026743,51.44902234,8.6
25.49027532,51.4490175,8.6
25.4902832,51.44901265,8.5
25.49029107,51.44900779,8.5
25.49029895,51.44900293,8.5
25.49030682,51.44899806,8.4
25.4903147,51.4489932,8.4
25.49032257,51.44898833,8.4
25.49033044,51.44898346,8.3
25.4903383,51.44897858,8.3
25.49034617,51.44897371,8.3
25.49035404,51.44896883,8.2
25.4903619,51.44896394,8.2
25.49036976,51.44895906,8.2
25.49037763,51.44895417,8.1
25.4903855,51.4489493,8.1
25.49039338,51.44894446,8
25.49040127,51.44893963,8
25.49040916,51.44893479,8
25.49041704,51.44892994,7.9
25.49042491,51.44892506,7.9
25.49043277,51.44892018,7.8
25.49044064,51.4489153,7.8
25.4904485,51.44891042,7.7
25.49045636,51.44890553,7.7
25.49046422,51.44890063,7.6
25.49047207,51.44889573,7.6
25.49047993,51.44889083,7.5
25.4904878,51.44888595,7.5
25.49049567,51.44888108,7.5
25.49050354,51.44887621,7.4
25.49051141,51.44887134,7.4
25.49051928,51.44886647,7.3
25.49052715,51.4488616,7.3
25.49053502,51.44885673,7.3
25.49054289,51.44885187,7.2
25.49055076,51.448847,7.2
25.49055863,51.44884213,7.2
25.4905665,51.44883726,7.2
25.49057437,51.44883238,7.2
25.49058224,51.44882751,7.2
25.49059011,51.44882263,7.2
25.49059798,51.44881775,7.3
25.49060584,51.44881287,7.3
25.49061371,51.44880799,7.3
25.49062158,51.44880312,7.3
25.49062945,51.44879826,7.3
25.49063733,51.4487934,7.3
25.4906452,51.44878854,7.4
25.49065308,51.44878368,7.4
25.49066096,51.44877884,7.4
25.49066884,51.44877399,7.4
25.49067673,51.44876914,7.4
25.49068461,51.44876429,7.4
25.49069249,51.44875944,7.5
25.49070037,51.44875459,7.5
25.49070825,51.44874974,7.5
25.49071613,51.44874489,7.5
25.49072401,51.44874004,7.5
25.4907319,51.44873521,7.6
25.49073979,51.44873037,7.6
25.49074767,51.44872553,7.6
25.49075556,51.44872069,7.6
25.49076343,51.44871582,7.6
25.49077131,51.44871096,7.6
25.49077918,51.44870609,7.7
25.49078705,51.44870123,7.7
25.49079494,51.44869638,7.7
25.49080283,51.44869155,7.7
25.49081072,51.44868672,7.7
25.49081861,51.44868189,7.7
25.49082649,51.44867705,7.8
25.49083436,51.44867217,7.8
25.49084222,51.44866729,7.9
25.49085009,51.4486624,8
25.49085795,51.44865752,8
25.49086582,51.44865266,8.1
25.4908737,51.44864779,8.2
25.49088157,51.44864293,8.2
25.49088945,51.44863807,8.3
25.49089732,51.44863321,8.4
25.49090521,51.44862836,8.5
25.49091309,51.44862351,8.5
25.49092097,51.44861866,8.6
25.49092885,51.44861382,8.7
25.49093673,51.44860896,8.7
25.49094461,51.44860411,8.8
25.49095249,51.44859926,8.9
25.49096037,51.44859441,8.9
25.49096825,51.44858956,9
25.49097613,51.44858471,9.1
25.49098401,51.44857986,9.1
25.4909919,51.44857501,9.2
25.49099978,51.44857017,9.3
25.49100767,51.44856534,9.3
25.49101557,51.44856052,9.4
25.49102346,51.4485557,9.4
25.49103136,51.44855088,9.5
25.49103925,51.44854605,9.5
25.49104714,51.44854122,9.6
25.49105503,51.44853639,9.6
25.49106292,51.44853156,9.7
25.49107081,51.44852672,9.8
25.49107869,51.44852187,9.8
25.49108657,51.44851702,9.9
25.49109445,51.44851217,9.9
25.49110233,51.44850732,9.9
25.49111021,51.44850247,10
25.49111809,51.44849761,10
25.49112597,51.44849276,10.1
25.49113385,51.4484879,10.1
25.49114172,51.44848305,10.2
25.4911496,51.44847819,10.2
25.49115748,51.44847334,10.2
25.49116536,51.44846849,10.3
25.49117324,51.44846363,10.3
25.49118113,51.44845879,10.4
25.49118902,51.44845397,10.4
25.49119692,51.44844915,10.4
25.49120481,51.44844433,10.5
25.49121271,51.44843951,10.5
25.49122059,51.44843467,10.5
25.49122848,51.44842982,10.6
25.49123636,51.44842498,10.6
25.49124425,51.44842014,10.6
25.49125213,51.4484153,10.7
25.49126002,51.44841045,10.7
25.4912679,51.44840561,10.7
25.49127578,51.44840077,10.7
25.49128367,51.44839592,10.8
25.49129154,51.44839106,10.8
25.49129942,51.4483862,10.8
25.49130729,51.44838134,10.8
25.49131517,51.44837647,10.8
25.49132305,51.44837162,10.9
25.49133093,51.44836677,10.9
25.49133881,51.44836193,10.9
25.4913467,51.44835708,10.9
25.49135458,51.44835224,10.9
25.49136245,51.44834737,10.9
25.49137031,51.44834249,11
25.49137818,51.44833761,11
25.49138605,51.44833273,11
25.49139391,51.44832785,11
25.49140178,51.44832298,11
25.49140965,51.44831811,11
25.49141752,51.44831323,11
25.49142539,51.44830836,11
25.49143326,51.44830348,11.1
25.49144112,51.4482986,11.1
25.49144899,51.44829372,11.1
25.49145686,51.44828885,11.1
25.49146472,51.44828397,11.1
25.49147259,51.44827909,11.1
25.49148045,51.44827421,11.1
25.49148832,51.44826933,11.1
25.49149619,51.44826445,11.1
25.49150405,51.44825956,11.1
25.49151191,51.44825468,11.2
25.49151977,51.44824979,11.2
25.49152763,51.4482449,11.2
25.49153549,51.44824001,11.2
25.49154335,51.44823511,11.2
25.49155121,51.44823022,11.2
25.49155906,51.44822532,11.2
25.49156692,51.44822042,11.2
25.49157479,51.44821554,11.2
25.49158265,51.44821066,11.3
25.49159052,51.44820578,11.3
25.49159838,51.4482009,11.3
25.49160625,51.44819602,11.3
25.49161411,51.44819113,11.3
25.49162197,51.44818625,11.3
25.49162983,51.44818136,11.3
25.4916377,51.44817647,11.3
25.49164555,51.44817157,11.3
25.49165341,51.44816667,11.3
25.49166126,51.44816178,11.3
25.49166912,51.44815688,11.3
25.49167697,51.44815197,11.3
25.49168483,51.44814707,11.3
25.49169268,51.44814216,11.2
25.49170053,51.44813726,11.2
25.49170839,51.44813236,11.1
25.49171625,51.44812747,11.1
25.49172411,51.44812258,11
25.49173197,51.4481177,11
25.49173984,51.44811281,10.9
25.4917477,51.44810794,10.9
25.49175557,51.44810306,10.9
25.49176344,51.44809818,10.8
25.49177131,51.44809331,10.8
25.49177916,51.4480884,10.7
25.49178701,51.44808349,10.7
25.49179486,51.44807857,10.6
25.4918027,51.44807366,10.6
25.49181056,51.44806877,10.5
25.49181843,51.4480639,10.5
25.4918263,51.44805902,10.5
25.49183417,51.44805414,10.4
25.49184203,51.44804926,10.4
25.4918499,51.44804438,10.4
25.49185776,51.4480395,10.4
25.49186563,51.44803462,10.3
25.49187349,51.44802974,10.3
25.49188135,51.44802485,10.3
25.49188922,51.44801997,10.3
25.49189708,51.44801509,10.3
25.49190495,51.4480102,10.3
25.49191282,51.44800534,10.3
25.49192069,51.44800047,10.3
25.49192856,51.4479956,10.3
25.49193644,51.44799074,10.3
25.49194432,51.44798588,10.3
25.4919522,51.44798103,10.3
25.49196008,51.44797618,10.3
25.49196796,51.44797133,10.3
25.49197585,51.4479665,10.3
25.49198374,51.44796167,10.3
25.49199163,51.44795684,10.3
25.49199952,51.44795201,10.3
25.49200741,51.44794718,10.3
25.4920153,51.44794234,10.3
25.49202319,51.44793751,10.3
25.49203108,51.44793267,10.3
25.49203897,51.44792786,10.3
25.49204689,51.44792308,10.3
25.49205481,51.44791831,10.3
25.49206273,51.44791353,10.3
25.49207065,51.44790875,10.3
25.49207856,51.44790398,10.3
25.49208648,51.4478992,10.3
25.4920944,51.44789443,10.3
25.49210232,51.44788966,10.3
25.49211026,51.44788492,10.2
25.4921182,51.44788018,10.2
25.49212613,51.44787545,10.2
25.49213407,51.44787071,10.2
25.49214201,51.44786597,10.2
25.49214995,51.44786124,10.2
25.49215789,51.4478565,10.2
25.49216583,51.44785178,10.1
25.49217378,51.44784706,10.1
25.49218173,51.44784235,10.1
25.49218968,51.44783764,10.1
25.49219762,51.44783292,10.1
25.49220557,51.4478282,10.1
25.49221351,51.44782348,10
25.49222146,51.44781876,10
25.49222941,51.44781406,10
25.49223739,51.4478094,10.1
25.49224536,51.44780474,10.1
25.49225334,51.44780008,10.1
25.49226131,51.44779542,10.1
25.49226928,51.44779074,10.2
25.49227725,51.44778607,10.2
25.49228521,51.44778139,10.2
25.49229321,51.44777677,10.3
25.49230123,51.44777221,10.3
25.49230925,51.44776765,10.3
25.49231727,51.44776309,10.4
25.4923253,51.44775854,10.4
25.49233334,51.44775401,10.4
25.49234138,51.44774949,10.5
25.49234941,51.44774496,10.5
25.49235747,51.44774048,10.6
25.49236553,51.44773601,10.6
25.4923736,51.44773154,10.6
25.49238166,51.44772707,10.7
25.49238977,51.4477227,10.7
25.49239788,51.44771833,10.7
25.49240599,51.44771396,10.7
25.4924141,51.4477096,10.8
25.49242223,51.44770527,10.8
25.49243036,51.44770095,10.8
25.49243849,51.44769662,10.8
25.49244663,51.44769233,10.9
25.49245479,51.44768807,10.9
25.49246295,51.44768382,10.9
25.49247111,51.44767957,10.9
25.4924793,51.44767539,10.9
25.49248751,51.44767125,11
25.49249571,51.4476671,11
25.49250392,51.44766296,11
25.49251217,51.44765891,11
25.49252041,51.44765486,11
25.49252866,51.44765081,11
25.49253692,51.44764682,10.9
25.49254524,51.44764296,10.9
25.49255356,51.44763909,10.9
25.49256188,51.44763523,10.9
25.49257023,51.44763147,10.9
25.49257862,51.44762778,10.8
25.492587,51.44762409,10.8
25.49259538,51.4476204,10.8
25.49260381,51.44761683,10.8
25.49261223,51.44761326,10.8
25.49262066,51.4476097,10.7
25.49262911,51.44760619,10.7
25.49263759,51.4476028,10.7
25.49264608,51.4475994,10.7
25.49265456,51.44759601,10.6
25.4926631,51.44759278,10.6
25.49267166,51.44758961,10.6
25.49268021,51.44758644,10.6
25.49268878,51.4475833,10.5
25.4926974,51.44758036,10.5
25.49270602,51.44757741,10.5
25.49271464,51.44757447,10.4
25.49272332,51.44757172,10.4
25.49273202,51.44756909,10.4
25.49274073,51.44756647,10.3
25.49274945,51.44756388,10.3
25.49275823,51.44756159,10.3
25.49276701,51.4475593,10.2
25.4927758,51.44755701,10.2
25.49278463,51.44755496,10.2
25.49279349,51.44755306,10.2
25.49280235,51.44755116,10.1
25.49281122,51.44754933,10.1
25.49282014,51.44754781,10.1
25.49282907,51.4475463,10
25.49283799,51.44754478,10
25.49284695,51.44754364,10
25.49285593,51.4475426,10
25.49286491,51.44754157,9.9
25.4928739,51.44754072,9.9
25.49288291,51.44754015,9.9
25.49289192,51.44753959,9.8
25.49290094,51.44753905,9.8
25.49290996,51.44753902,9.8
25.49291899,51.447539,9.8
25.49292802,51.44753897,9.8
25.49293704,51.44753917,9.7
25.49294607,51.44753946,9.7
25.49295509,51.44753975,9.7
25.4929641,51.44754027,9.7
25.49297309,51.44754114,9.7
25.49298208,51.44754202,9.6
25.49299107,51.44754294,9.6
25.49300001,51.44754428,9.6
25.49300896,51.44754562,9.6
25.4930179,51.44754696,9.6
25.4930268,51.44754867,9.6
25.49303568,51.44755045,9.6
25.49304456,51.44755222,9.6
25.49305339,51.44755427,9.6
25.49306219,51.44755649,9.7
25.49307099,51.44755872,9.7
25.49307974,51.44756114,9.7
25.49308841,51.44756392,9.8
25.49309707,51.4475667,9.9
25.49310572,51.44756954,9.9
25.49311425,51.44757281,10
25.49312277,51.44757608,10.1
25.4931313,51.44757935,10.1
25.49313968,51.44758304,10.2
25.49314805,51.44758677,10.3
25.49315641,51.4475905,10.3
25.49316466,51.44759456,10.4
25.49317284,51.44759875,10.5
25.49318102,51.44760295,10.6
25.49318908,51.44760742,10.6
25.49319699,51.44761222,10.7
25.4932049,51.44761701,10.8
25.49321274,51.44762192,10.9
25.49322039,51.44762721,11
25.49322804,51.44763249,11.1
25.49323567,51.4476378,11.1
25.493243,51.4476436,11.2
25.49325033,51.44764941,11.3
25.49325766,51.44765522,11.4
25.49326476,51.44766135,11.5
25.49327183,51.44766753,11.6
25.4932789,51.44767372,11.7
25.4932857,51.44768025,11.8
25.49329238,51.44768695,11.9
25.49329905,51.44769364,12
25.49330554,51.44770056,12.1
25.49331184,51.44770768,12.2
25.49331815,51.44771479,12.3
25.49332426,51.4477221,12.4
25.49333011,51.44772968,12.4
25.49333596,51.44773726,12.5
25.49334172,51.44774491,12.6
25.49334721,51.4477528,12.6
25.4933527,51.4477607,12.7
25.49335816,51.44776862,12.7
25.49336317,51.44777689,12.7
25.49336818,51.44778517,12.8
25.49337319,51.44779344,12.8
25.49337791,51.44780192,12.8
25.49338259,51.44781042,12.8
25.49338726,51.44781893,12.8
25.49339162,51.44782763,12.8
25.49339582,51.44783644,12.8
25.49340002,51.44784525,12.8
25.49340404,51.44785414,12.8
25.49340785,51.44786316,12.8
25.49341167,51.44787217,12.8
25.49341539,51.44788123,12.8
25.49341875,51.44789046,12.8
25.49342212,51.44789969,12.8
25.49342549,51.44790892,12.8
25.49342844,51.44791832,12.8
25.49343138,51.44792772,12.8
25.49343432,51.44793712,12.8
25.49343682,51.44794668,12.9
25.49343914,51.44795629,12.9
25.49344146,51.4479659,12.9
25.49344359,51.44797556,12.9
25.49344548,51.44798529,12.9
25.49344736,51.44799501,13
25.49344915,51.44800476,13
25.49345057,51.44801458,13
25.493452,51.4480244,13
25.49345342,51.44803423,13.1
25.49345444,51.44804411,13.1
25.49345544,51.44805399,13.1
25.49345643,51.44806388,13
25.49345707,51.44807379,13
25.49345753,51.44808373,12.9
25.49345799,51.44809366,12.9
25.49345831,51.4481036,12.8
25.4934584,51.44811354,12.8
25.49345849,51.44812349,12.7
25.49345856,51.44813344,12.7
25.49345814,51.44814337,12.6
25.49345772,51.44815331,12.6
25.4934573,51.44816324,12.5
25.4934566,51.44817315,12.5
25.49345576,51.44818306,12.4
25.49345493,51.44819296,12.4
25.49345389,51.44820284,12.3
25.49345253,51.44821267,12.3
25.49345117,51.4482225,12.2
25.49344978,51.44823233,12.2
25.49344796,51.44824207,12.1
25.49344615,51.44825181,12.1
25.49344433,51.44826156,12
25.49344224,51.44827123,12
25.49344006,51.44828088,11.9
25.49343788,51.44829053,11.9
25.49343548,51.44830012,11.8
25.49343279,51.44830961,11.8
25.4934301,51.4483191,11.7
25.49342737,51.44832858,11.7
25.49342431,51.44833794,11.6
25.49342124,51.4483473,11.6
25.49341818,51.44835665,11.5
25.49341474,51.44836585,11.5
25.4934112,51.44837499,11.4
25.49340766,51.44838414,11.4
25.49340398,51.44839322,11.3
25.49340013,51.44840222,11.3
25.49339628,51.44841122,11.2
25.4933924,51.4484202,11.2
25.49338826,51.44842903,11.1
25.49338413,51.44843787,11.1
25.49337999,51.44844671,11
25.49337569,51.44845546,11
25.49337134,51.44846418,10.9
25.493367,51.44847289,10.9
25.4933626,51.44848158,10.8
25.49335813,51.44849022,10.8
25.49335365,51.44849885,10.7
25.49334917,51.44850749,10.7
25.49334456,51.44851604,10.6
25.49333995,51.44852459,10.6
25.49333533,51.44853314,10.6
25.49333066,51.44854164,10.5
25.49332595,51.44855013,10.5
25.49332123,51.44855861,10.4
25.4933165,51.44856708,10.4
25.49331169,51.4485755,10.3
25.49330688,51.44858391,10.3
25.49330207,51.44859233,10.2
25.49329718,51.44860069,10.2
25.49329227,51.44860903,10.2
25.49328736,51.44861738,10.2
25.49328242,51.4486257,10.1
25.49327741,51.44863398,10.1
25.49327241,51.44864226,10.1
25.4932674,51.44865054,10.1
25.49326234,51.44865877,10.1
25.49325728,51.44866701,10.1
25.49325222,51.44867524,10.1
25.49324714,51.44868347,10.1
25.49324205,51.44869168,10
25.49323696,51.44869989,10
25.49323186,51.4487081,10
25.49322669,51.44871625,10
25.49322151,51.44872439,10
25.49321633,51.44873254,10
25.4932111,51.44874065,10
25.49320584,51.44874873,10
25.49320057,51.44875681,10
25.49319531,51.44876489,9.9
25.49318996,51.4487729,9.9
25.49318461,51.44878091,9.9
25.49317926,51.44878893,9.9
25.49317387,51.4487969,9.9
25.49316843,51.44880484,9.9
25.49316299,51.44881278,9.9
25.49315755,51.44882071,9.9
25.49315205,51.4488286,9.9
25.49314655,51.44883648,9.9
25.49314105,51.44884437,9.9
25.49313551,51.44885222,9.8
25.4931299,51.44886002,9.8
25.4931243,51.44886782,9.8
25.49311869,51.44887561,9.8
25.49311301,51.44888334,9.8
25.49310729,51.44889104,9.8
25.49310158,51.44889874,9.8
25.49309585,51.44890642,9.9
25.49309003,51.44891402,9.9
25.49308421,51.44892162,9.9
25.49307838,51.44892922,9.9
25.49307251,51.44893678,9.9
25.4930666,51.44894429,10
25.49306068,51.4489518,10
25.49305477,51.44895932,10
25.49304874,51.44896672,10
25.4930427,51.44897411,10
25.49303666,51.44898151,10.1
25.49303061,51.44898888,10.1
25.4930245,51.44899621,10.1
25.49301839,51.44900353,10.1
25.49301229,51.44901086,10.2
25.49300613,51.44901812,10.2
25.49299991,51.44902534,10.2
25.4929937,51.44903255,10.2
25.49298748,51.44903977,10.2
25.49298121,51.44904692,10.3
25.49297493,51.44905406,10.3
25.49296865,51.44906121,10.3
25.49296236,51.44906834,10.3
25.49295601,51.44907541,10.4
25.49294966,51.44908248,10.4
25.49294332,51.44908955,10.4
25.49293697,51.44909663,10.4
25.49293062,51.4491037,10.4
25.49292428,51.44911078,10.5
25.49291794,51.44911785,10.5
25.49291159,51.44912493,10.5
25.49290525,51.449132,10.5
25.4928989,51.44913908,10.6
25.49289256,51.44914615,10.6
25.49288623,51.44915325,10.6
25.49287992,51.44916035,10.6
25.4928736,51.44916746,10.7
25.49286728,51.44917456,10.7
25.49286098,51.44918168,10.8
25.49285467,51.4491888,10.8
25.49284836,51.44919591,10.9
25.49284206,51.44920303,10.9
25.4928358,51.44921019,10.9
25.49282953,51.44921735,11
25.49282327,51.44922452,11
25.49281702,51.4492317,11.1
25.49281086,51.44923896,11.1
25.49280469,51.44924622,11.2
25.49279852,51.44925348,11.2
25.49279236,51.44926075,11.3
25.49278622,51.44926805,11.3
25.49278008,51.44927534,11.4
25.49277394,51.44928263,11.4
25.49276784,51.44928996,11.4
25.49276178,51.44929733,11.4
25.49275572,51.4493047,11.5
25.49274966,51.44931207,11.5
25.49274364,51.44931948,11.5
25.49273766,51.44932693,11.5
25.49273168,51.44933438,11.5
25.4927257,51.44934183,11.5
25.49271974,51.4493493,11.5
25.4927138,51.44935679,11.5
25.49270785,51.44936427,11.5
25.49270191,51.44937176,11.5
25.49269599,51.44937927,11.5
25.4926901,51.44938681,11.5
25.49268421,51.44939434,11.5
25.49267831,51.44940187,11.5
25.49267245,51.44940944,11.5
25.4926666,51.44941701,11.5
25.49266076,51.44942459,11.5
25.49265491,51.44943217,11.5
25.4926491,51.44943978,11.5
25.4926433,51.44944741,11.5
25.4926375,51.44945503,11.5
25.49263171,51.44946265,11.5
25.49262596,51.44947032,11.5
25.49262023,51.449478,11.6
25.4926145,51.44948569,11.6
25.49260877,51.44949337,11.6
25.49260306,51.44950108,11.6
25.49259735,51.44950879,11.6
25.49259165,51.4495165,11.6
25.49258595,51.44952421,11.6
25.4925803,51.44953197,11.6
25.49257467,51.44953974,11.6
25.49256905,51.44954752,11.6
25.49256342,51.44955529,11.6
25.49255782,51.4495631,11.6
25.49255223,51.4495709,11.6
25.49254664,51.44957871,11.7
25.49254104,51.44958652,11.7
25.49253548,51.44959435,11.7
25.49252992,51.44960219,11.7
25.49252436,51.44961002,11.7
25.4925188,51.44961786,11.7
25.4925133,51.44962574,11.7
25.49250782,51.44963365,11.7
25.49250234,51.44964155,11.7
25.49249686,51.44964946,11.7
25.49249143,51.4496574,11.7
25.492486,51.44966535,11.7
25.49248058,51.4496733,11.7
25.49247516,51.44968125,11.7
25.49246981,51.44968926,11.7
25.49246449,51.4496973,11.7
25.49245917,51.44970533,11.6
25.49245385,51.44971337,11.6
25.49244851,51.44972139,11.6
25.49244316,51.4497294,11.6
25.49243781,51.44973741,11.5
25.49243246,51.44974542,11.5
25.49242721,51.44975351,11.4
25.49242203,51.44976166,11.4
25.49241685,51.4497698,11.3
25.49241167,51.44977795,11.3
25.49240654,51.44978613,11.3
25.49240144,51.44979434,11.2
25.49239634,51.44980254,11.2
25.49239124,51.44981075,11.1
25.49238619,51.44981899,11.1
25.49238117,51.44982726,11.1
25.49237615,51.44983553,11.1
25.49237114,51.44984379,11
25.49236615,51.44985208,11
25.4923612,51.44986041,11
25.49235626,51.44986873,11
25.49235131,51.44987705,11
25.49234637,51.44988537,11
25.49234144,51.4498937,10.9
25.4923365,51.44990203,10.9
25.49233157,51.44991035,10.9
25.49232665,51.4499187,10.9
25.49232178,51.44992707,10.9
25.4923169,51.44993544,10.9
25.49231202,51.44994381,10.9
25.49230716,51.44995218,10.9
25.49230234,51.44996059,10.9
25.49229751,51.449969,11
25.49229269,51.4499774,11
25.49228786,51.44998581,11
25.49228304,51.44999421,11
25.49227821,51.45000262,11
25.49227339,51.45001103,11
25.49226857,51.45001944,11
25.49226377,51.45002786,11
25.49225898,51.45003629,11
25.49225418,51.45004471,11
25.49224938,51.45005314,11
25.4922446,51.45006157,11
25.49223982,51.45007001,11
25.49223503,51.45007844,11
25.49223025,51.45008688,11
25.49222547,51.45009532,11
25.49222069,51.45010376,11
25.49221592,51.45011219,11
25.49221114,51.45012064,11
25.4922064,51.4501291,11
25.49220165,51.45013756,11
25.49219691,51.45014602,11
25.49219216,51.45015447,11.1
25.49218739,51.45016292,11.1
25.49218262,51.45017137,11.1
25.49217786,51.45017981,11.1
25.49217309,51.45018826,11.1
25.49216835,51.45019672,11.1
25.4921636,51.45020518,11.2
25.49215885,51.45021364,11.2
25.4921541,51.4502221,11.2
25.49214935,51.45023056,11.2
25.49214461,51.45023902,11.2
25.49213987,51.45024748,11.3
25.49213513,51.45025595,11.3
25.49213041,51.45026443,11.3
25.49212569,51.4502729,11.3
25.49212096,51.45028138,11.4
25.49211623,51.45028984,11.4
25.49211149,51.45029831,11.4
25.49210674,51.45030677,11.5
25.492102,51.45031523,11.5
25.49209719,51.45032365,11.5
25.49209236,51.45033205,11.5
25.49208753,51.45034046,11.5
25.49208271,51.45034886,11.4
25.49207788,51.45035726,11.4
25.49207305,51.45036567,11.4
25.49206823,51.45037407,11.4
25.4920634,51.45038248,11.4
25.49205857,51.45039088,11.4
25.49205375,51.45039929,11.3
25.49204892,51.45040769,11.3
25.49204409,51.4504161,11.3
25.49203927,51.4504245,11.3
25.49203444,51.45043291,11.3
25.49202961,51.45044131,11.3
25.49202479,51.45044971,11.2
25.49201996,51.45045812,11.2
25.49201513,51.45046652,11.2
25.4920103,51.45047493,11.2
25.49200548,51.45048333,11.2
25.49200065,51.45049174,11.2
25.49199582,51.45050014,11.1
25.491991,51.45050855,11.1
25.49198617,51.45051695,11.1
25.49198134,51.45052535,11.1
25.49197652,51.45053376,11.1
25.49197169,51.45054216,11.1
25.49196686,51.45055057,11
25.49196204,51.45055897,11
25.49195721,51.45056738,11
25.49195238,51.45057578,11
25.49194755,51.45058419,11
25.49194273,51.45059259,11
25.4919379,51.450601,10.9
25.49193307,51.4506094,10.9
25.49192825,51.4506178,10.9
25.49192342,51.45062621,10.9
25.49191859,51.45063461,10.9
25.49191377,51.45064302,10.9
25.49190894,51.45065142,10.8
25.49190411,51.45065983,10.8
25.49189929,51.45066823,10.8
25.49189446,51.45067664,10.8
25.49188963,51.45068504,10.8
25.49188481,51.45069345,10.8
25.49187998,51.45070185,10.7
25.49187515,51.45071025,10.7
25.49187032,51.45071866,10.7
25.4918655,51.45072706,10.7
25.49186067,51.45073547,10.7
25.49185584,51.45074387,10.7
25.49185102,51.45075228,10.6
25.49184619,51.45076068,10.6
25.49184136,51.45076909,10.6
25.49183654,51.45077749,10.6
25.49183171,51.45078589,10.6
25.49182688,51.4507943,10.6
25.49182206,51.4508027,10.5
25.49181723,51.45081111,10.5
25.4918124,51.45081951,10.5
25.49180758,51.45082792,10.5
25.49180275,51.45083632,10.5
25.49179792,51.45084473,10.5
25.49179309,51.45085313,10.4
25.49178827,51.45086154,10.4
25.49178344,51.45086994,10.4
25.49177861,51.45087834,10.4
25.49177379,51.45088675,10.4
25.49176896,51.45089515,10.4
25.49176413,51.45090356,10.3
25.49175931,51.45091196,10.3
25.49175448,51.45092037,10.3
25.49174965,51.45092877,10.3
25.49174483,51.45093718,10.3
25.49174,51.45094558,10.3
25.49173517,51.45095398,10.2
25.49173035,51.45096239,10.2
25.49172552,51.45097079,10.2
25.49172069,51.4509792,10.2
25.49171586,51.4509876,10.2
25.49171104,51.45099601,10.2
25.49170621,51.45100441,10.1
25.49170138,51.45101282,10.1
25.49169656,51.45102122,10.1
25.49169173,51.45102963,10.1
25.4916869,51.45103803,10.1
25.49168208,51.45104643,10.1
25.49167964,51.451056,10
25.4916772,51.45106558,10
25.49167465,51.45107512,10
25.49167185,51.45108457,10
25.49166895,51.45109399,10
25.49166588,51.45110334,10
25.4916628,51.45111269,10
25.49165968,51.45112203,10
25.49165654,51.45113135,10
25.49165333,51.45114065,10.1
25.49165018,51.45114997,10.1
25.49164709,51.45115931,10.1
25.49164399,51.45116865,10.1
25.49164088,51.45117799,10.1
25.49163782,51.45118734,10.2
25.49163479,51.45119671,10.2
25.49163182,51.4512061,10.2
25.49162889,51.45121551,10.2
25.49162603,51.45122495,10.3
25.49162328,51.45123442,10.3
25.49162058,51.45124391,10.3
25.49161805,51.45125346,10.3
25.49161553,51.45126301,10.4
25.49161315,51.4512726,10.4
25.49161076,51.45128219,10.4
25.49160849,51.45129182,10.4
25.49160625,51.45130145,10.5
25.49160413,51.45131112,10.5
25.49160212,51.45132081,10.5
25.49160012,51.45133051,10.6
25.49159823,51.45134024,10.6
25.49159634,51.45134996,10.6
25.49159464,51.45135973,10.6
25.491593,51.45136951,10.7
25.4915914,51.4513793,10.7
25.49158988,51.4513891,10.7
25.49158837,51.45139891,10.7
25.49158698,51.45140873,10.7
25.4915856,51.45141856,10.7
25.49158426,51.4514284,10.7
25.49158302,51.45143825,10.8
25.49158177,51.4514481,10.8
25.49158052,51.45145795,10.8
25.49157928,51.4514678,10.8
25.49157804,51.45147765,10.8
25.49157692,51.45148752,10.8
25.49157579,51.45149739,10.8
25.49157466,51.45150726,10.8
25.49157352,51.45151712,10.8
25.49157238,51.45152699,10.8
25.49157121,51.45153685,10.8
25.49157004,51.45154671,10.9
25.49156887,51.45155658,10.9
25.49156768,51.45156644,10.9
25.49156649,51.4515763,10.9
25.49156524,51.45158614,10.9
25.49156392,51.45159598,10.9
25.4915626,51.45160582,10.9
25.49156114,51.45161564,10.9
25.49155965,51.45162545,10.9
25.49155813,51.45163525,11
25.49155643,51.45164502,11
25.49155474,51.45165479,11
25.49155295,51.45166453,11
25.49155107,51.45167426,11
25.4915492,51.45168399,11
25.49154706,51.45169366,11.1
25.49154489,51.45170331,11.1
25.49154265,51.45171294,11.1
25.49154021,51.45172252,11.1
25.49153777,51.45173209,11.1
25.49153509,51.45174159,11.1
25.49153228,51.45175104,11.2
25.49152945,51.45176048,11.2
25.49152619,51.45176976,11.2
25.49152294,51.45177904,11.2
25.49151948,51.45178822,11.2
25.49151579,51.4517973,11.2
25.49151211,51.45180638,11.2
25.49150813,51.4518153,11.2
25.49150411,51.45182421,11.2
25.4914999,51.451833,11.2
25.49149524,51.45184152,11.2
25.49149059,51.45185005,11.2
25.49148556,51.4518583,11.2
25.49148042,51.45186647,11.2
25.49147516,51.45187455,11.2
25.49146942,51.45188222,11.2
25.49146368,51.4518899,11.2
25.49145769,51.45189734,11.2
25.49145158,51.45190466,11.2
25.49144542,51.45191193,11.2
25.49143884,51.45191874,11.2
25.49143227,51.45192555,11.1
25.49142543,51.45193204,11.1
25.4914184,51.45193828,11.1
25.49141137,51.45194451,11.1
25.49140417,51.45195051,11.1
25.49139697,51.4519565,11.1
25.49138964,51.45196232,11.1
25.4913822,51.45196794,11.1
25.49137475,51.45197357,11.2
25.4913671,51.45197884,11.2
25.49135944,51.45198409,11.2
25.49135174,51.45198929,11.3
25.491344,51.45199442,11.3
25.49133627,51.45199954,11.3
25.49132846,51.45200453,11.4
25.49132063,51.45200949,11.4
25.4913128,51.45201442,11.5
25.49130492,51.45201929,11.5
25.49129705,51.45202415,11.5
25.49128916,51.45202899,11.6
25.49128127,51.45203381,11.6
25.49127337,51.45203864,11.6
25.49126554,51.45204357,11.6
25.4912577,51.4520485,11.7
25.49124985,51.45205342,11.7
25.49124199,51.45205831,11.7
25.49123413,51.4520632,11.7
25.49122632,51.45206818,11.8
25.49121852,51.45207319,11.8
25.49121072,51.4520782,11.8
25.49120295,51.45208327,11.8
25.49119519,51.45208834,11.9
25.49118744,51.45209345,11.9
25.49117973,51.45209862,11.9
25.49117202,51.45210379,11.9
25.49116436,51.45210905,11.9
25.49115671,51.45211433,11.9
25.49114908,51.45211965,11.9
25.49114152,51.45212508,12
25.49113396,51.45213051,12
25.49112645,51.45213604,12
25.49111898,51.45214161,12
25.49111151,51.45214719,12
25.49110414,51.45215294,12
25.49109677,51.45215869,12
25.49108946,51.45216451,12
25.4910822,51.45217043,12
25.49107494,51.45217634,12
25.49106779,51.4521824,12
25.49106064,51.45218849,12
25.49105353,51.45219461,12
25.49104649,51.45220083,12
25.49103945,51.45220705,12
25.49103247,51.45221336,12
25.49102552,51.45221972,12
25.49101858,51.45222607,12
25.49101174,51.45223257,12
25.49100491,51.45223906,12.1
25.4909981,51.4522456,12.1
25.49099135,51.4522522,12.1
25.4909846,51.4522588,12.1
25.49097791,51.45226547,12.2
25.49097124,51.45227218,12.2
25.49096457,51.45227888,12.2
25.49095802,51.45228572,12.2
25.49095147,51.45229257,12.3
25.49094493,51.45229942,12.3
25.49093841,51.4523063,12.3
25.4909319,51.45231319,12.3
25.49092544,51.45232013,12.4
25.49091902,51.45232713,12.4
25.49091261,51.45233413,12.4
25.49090632,51.45234126,12.4
25.49090007,51.45234844,12.5
25.49089382,51.45235562,12.5
25.49088767,51.45236289,12.5
25.49088152,51.45237017,12.5
25.49087538,51.45237747,12.6
25.49086932,51.45238484,12.6
25.49086325,51.4523922,12.6
25.49085724,51.45239962,12.6
25.49085131,51.45240712,12.7
25.49084538,51.45241462,12.7
25.4908395,51.45242217,12.7
25.49083367,51.45242975,12.7
25.49082783,51.45243734,12.8
25.49082205,51.45244498,12.8
25.49081631,51.45245265,12.8
25.49081056,51.45246032,12.8
25.49080488,51.45246805,12.8
25.49079922,51.4524758,12.8
25.49079357,51.45248355,12.8
25.49078795,51.45249134,12.8
25.49078235,51.45249914,12.8
25.49077675,51.45250694,12.8
25.49077121,51.45251479,12.8
25.49076568,51.45252265,12.8
25.49076015,51.45253051,12.8
25.49075463,51.45253839,12.8
25.49074912,51.45254626,12.7
25.49074361,51.45255414,12.7
25.49073812,51.45256203,12.7
25.49073263,51.45256993,12.7
25.49072714,51.45257783,12.7
25.49072165,51.45258572,12.7
25.49071616,51.45259361,12.7
25.49071066,51.4526015,12.7
25.49070519,51.45260942,12.7
25.49069975,51.45261735,12.7
25.49069431,51.45262529,12.7
25.49068888,51.45263323,12.7
25.49068348,51.4526412,12.7
25.49067808,51.45264917,12.7
25.49067268,51.45265714,12.7
25.49066729,51.45266512,12.8
25.4906619,51.4526731,12.8
25.49065652,51.45268108,12.8
25.49065116,51.45268909,12.8
25.49064582,51.45269711,12.8
25.49064048,51.45270512,12.8
25.49063516,51.45271316,12.8
25.49062989,51.45272123,12.9
25.49062461,51.4527293,12.9
25.49061934,51.45273738,12.9
25.49061408,51.45274546,12.9
25.49060882,51.45275354,12.9
25.49060355,51.45276162,13
25.49059834,51.45276974,13
25.49059314,51.45277787,13
25.49058795,51.452786,13
25.49058276,51.45279415,13
25.49057761,51.45280231,13
25.49057245,51.45281047,13
25.49056729,51.45281863,13
25.49056221,51.45282685,13
25.49055713,51.45283507,13
25.49055205,51.4528433,13
25.490547,51.45285154,13
25.49054197,51.4528598,13
25.49053695,51.45286807,13
25.49053193,51.45287633,13
25.49052697,51.45288464,13
25.49052202,51.45289296,13
25.49051708,51.45290128,13
25.49051215,51.45290961,13
25.49050727,51.45291798,13
25.49050238,51.45292634,13
25.4904975,51.45293471,13
25.49049266,51.4529431,13
25.49048783,51.4529515,13
25.49048299,51.4529599,13
25.49047818,51.45296831,13
25.49047342,51.45297676,13
25.49046866,51.45298522,13
25.4904639,51.45299367,13
25.49045916,51.45300213,13
25.49045443,51.4530106,13
25.49044971,51.45301908,13
25.49044498,51.45302755,13
25.49044032,51.45303607,13
25.49043565,51.45304458,13
25.49043099,51.4530531,13
25.49042635,51.45306163,13
25.49042177,51.4530702,13
25.49041719,51.45307877,13
25.49041261,51.45308734,12.9
25.49040806,51.45309593,12.9
25.49040353,51.45310453,12.9
25.49039899,51.45311313,12.9
25.49039446,51.45312173,12.9
25.49038997,51.45313036,12.9
25.49038549,51.453139,12.9
25.49038101,51.45314763,12.9
25.49037653,51.45315627,12.9
25.4903721,51.45316493,12.9
25.49036767,51.4531736,12.9
25.49036324,51.45318226,12.9
25.49035882,51.45319094,12.9
25.49035445,51.45319963,12.9
25.49035007,51.45320833,12.9
25.49034569,51.45321703,12.9
25.49034135,51.45322575,12.9
25.49033702,51.45323448,12.9
25.4903327,51.45324321,12.9
25.49032838,51.45325194,12.9
25.49032407,51.45326068,12.9
25.49031977,51.45326942,12.9
25.49031546,51.45327817,12.9
25.49031116,51.45328691,12.9
25.49030693,51.4532957,12.9
25.49030271,51.45330449,12.9
25.49029848,51.45331327,12.9
25.49029426,51.45332207,12.9
25.49029011,51.4533309,13
25.49028596,51.45333973,13
25.49028181,51.45334856,13
25.49027768,51.45335741,13
25.4902736,51.45336628,13
25.49026951,51.45337515,13
25.49026543,51.45338402,13
25.49026138,51.4533929,13.1
25.49025734,51.4534018,13.1
25.49025331,51.4534107,13.1
25.49024928,51.4534196,13.1
25.49024531,51.45342853,13.1
25.49024137,51.45343748,13.1
25.49023743,51.45344643,13.1
25.4902335,51.45345538,13.2
25.4902296,51.45346435,13.2
25.49022571,51.45347333,13.2
25.49022182,51.4534823,13.2
25.49021794,51.45349128,13.2
25.49021414,51.4535003,13.2
25.49021035,51.45350933,13.2
25.49020657,51.45351836,13.3
25.49020278,51.45352739,13.3
25.49019909,51.45353646,13.3
25.49019539,51.45354553,13.3
25.49019169,51.45355461,13.3
25.49018801,51.45356369,13.3
25.49018442,51.45357281,13.3
25.49018084,51.45358194,13.3
25.49017725,51.45359107,13.4
25.49017367,51.4536002,13.4
25.49017016,51.45360936,13.4
25.49016666,51.45361853,13.4
25.49016315,51.45362769,13.4
25.49015966,51.45363687,13.4
25.49015628,51.45364609,13.4
25.4901529,51.45365531,13.4
25.49014951,51.45366453,13.5
25.49014614,51.45367376,13.5
25.49014285,51.45368301,13.5
25.49013955,51.45369227,13.5
25.49013625,51.45370153,13.5
25.49013296,51.45371079,13.5
25.49012977,51.4537201,13.5
25.49012658,51.4537294,13.5
25.49012339,51.4537387,13.6
25.49012022,51.45374801,13.6
25.49011713,51.45375736,13.6
25.49011404,51.45376671,13.6
25.49011095,51.45377605,13.6
25.49010787,51.4537854,13.6
25.49010489,51.45379479,13.6
25.4901019,51.45380417,13.6
25.49009892,51.45381356,13.6
25.49009594,51.45382295,13.7
25.4900931,51.45383239,13.7
25.49009026,51.45384183,13.7
25.49008742,51.45385127,13.7
25.49008458,51.45386071,13.7
25.49008187,51.4538702,13.7
25.49007917,51.45387969,13.7
25.49007647,51.45388918,13.7
25.49007377,51.45389867,13.7
25.49007118,51.45390819,13.7
25.49006862,51.45391773,13.8
25.49006606,51.45392727,13.8
25.4900635,51.45393681,13.8
25.490061,51.45394636,13.8
25.49005852,51.45395593,13.8
25.49005605,51.45396549,13.8
25.49005358,51.45397506,13.8
25.49005118,51.45398465,13.8
25.49004887,51.45399426,13.8
25.49004655,51.45400387,13.8
25.49004424,51.45401349,13.8
25.49004195,51.45402311,13.8
25.4900397,51.45403274,13.9
25.49003746,51.45404237,13.9
25.49003522,51.45405201,13.9
25.49003299,51.45406165,13.9
25.49003091,51.45407132,13.9
25.49002884,51.454081,13.9
25.49002676,51.45409068,13.9
25.49002468,51.45410036,13.9
25.49002267,51.45411006,13.9
25.49002068,51.45411976,13.9
25.49001869,51.45412946,13.9
25.49001669,51.45413916,13.9
25.49001476,51.45414887,13.9
25.49001287,51.4541586,13.9
25.49001099,51.45416832,13.9
25.4900091,51.45417805,13.9
25.49000725,51.45418778,13.9
25.49000547,51.45419754,13.9
25.49000369,51.45420729,13.8
25.49000191,51.45421704,13.8
25.49000014,51.45422679,13.8
25.48999847,51.45423656,13.8
25.4899968,51.45424634,13.7
25.48999514,51.45425611,13.7
25.48999347,51.45426589,13.7
25.48999185,51.45427567,13.6
25.48999026,51.45428546,13.6
25.48998867,51.45429525,13.6
25.48998708,51.45430504,13.5
25.48998551,51.45431484,13.5
25.48998401,51.45432464,13.5
25.48998251,51.45433445,13.5
25.489981,51.45434426,13.4
25.4899795,51.45435406,13.4
25.4899781,51.45436389,13.4
25.48997671,51.45437372,13.3
25.48997533,51.45438354,13.3
25.48997394,51.45439337,13.3
25.4899726,51.45440321,13.2
25.4899713,51.45441305,13.2
25.48996999,51.45442289,13.2
25.48996869,51.45443273,13.2
25.4899674,51.45444257,13.1
25.4899662,51.45445243,13.1
25.48996501,51.45446229,13.1
25.48996381,51.45447215,13.1
25.48996262,51.45448201,13.1
25.48996147,51.45449187,13.1
25.48996035,51.45450174,13.1
25.48995923,51.45451161,13.1
25.4899581,51.45452148,13.1
25.489957,51.45453135,13.1
25.48995598,51.45454123,13.1
25.48995497,51.45455111,13.1
25.48995395,51.454561,13.1
25.48995293,51.45457088,13.1
25.48995195,51.45458076,13.1
25.48995098,51.45459065,13.1
25.48995001,51.45460054,13.1
25.48994904,51.45461043,13.1
25.48994807,51.45462032,13.1
25.48994711,51.45463021,13.1
25.48994616,51.4546401,13.1
25.48994521,51.45464999,13.1
25.48994425,51.45465988,13
25.48994331,51.45466977,13
25.48994238,51.45467966,13
25.48994145,51.45468955,13
25.48994052,51.45469945,13
25.48993959,51.45470934,13
25.4899387,51.45471924,13
25.48993781,51.45472913,13
25.48993692,51.45473903,12.9
25.48993603,51.45474893,12.9
25.48993513,51.45475882,12.9
25.48993423,51.45476872,12.8
25.48993333,51.45477862,12.8
25.48993242,51.45478851,12.8
25.48993152,51.45479841,12.7
25.48993062,51.4548083,12.7
25.48992971,51.4548182,12.7
25.48992881,51.45482809,12.6
25.4899279,51.45483799,12.6
25.48992702,51.45484789,12.5
25.48992616,51.45485779,12.5
25.48992529,51.45486769,12.5
25.48992443,51.45487759,12.4
25.48992357,51.45488749,12.4
25.48992274,51.45489739,12.4
25.48992191,51.4549073,12.3
25.48992109,51.4549172,12.3
25.48992026,51.4549271,12.3
25.48991943,51.45493701,12.2
25.4899186,51.45494691,12.2
25.48991777,51.45495682,12.2
25.48991694,51.45496672,12.1
25.48991611,51.45497662,12.1
25.48991528,51.45498653,12
25.48991446,51.45499643,12
25.48991364,51.45500633,12
25.48991281,51.45501624,11.9
25.489912,51.45502614,11.9
25.48991119,51.45503605,11.9
25.48991039,51.45504596,11.8
25.48990959,51.45505586,11.8
25.48990879,51.45506577,11.8
25.48990799,51.45507568,11.7
25.4899072,51.45508558,11.7
25.48990641,51.45509549,11.7
25.48990562,51.4551054,11.6
25.48990483,51.45511531,11.6
25.48990404,51.45512521,11.5
25.48990325,51.45513512,11.5
25.48990247,51.45514503,11.5
25.48990168,51.45515494,11.4
25.48990091,51.45516485,11.4
25.48990016,51.45517476,11.4
25.48989941,51.45518467,11.3
25.48989865,51.45519458,11.3
25.4898979,51.45520449,11.3
25.48989715,51.4552144,11.2
25.48989639,51.45522431,11.2
25.48989563,51.45523422,11.2
25.48989488,51.45524413,11.1
25.48989412,51.45525404,11.1
25.48989337,51.45526396,11.1
25.48989262,51.45527387,11
25.48989186,51.45528378,11
25.48989111,51.45529369,11
25.48989036,51.4553036,11
25.4898896,51.45531351,11
25.48988885,51.45532342,11
25.48988809,51.45533333,11
25.48988734,51.45534324,11
25.48988659,51.45535315,11
25.48988584,51.45536307,11
25.48988509,51.45537298,11
25.48988434,51.45538289,11
25.4898836,51.4553928,11
25.4898829,51.45540272,11
25.48988221,51.45541263,11
25.48988151,51.45542255,11
25.48988081,51.45543246,11
25.48988012,51.45544238,11
25.48987942,51.4554523,11
25.48987872,51.45546221,11
25.48987802,51.45547213,11
25.48987732,51.45548204,11
25.48987664,51.45549196,11
25.48987596,51.45550188,11
25.48987528,51.4555118,11
25.48987461,51.45552171,11
25.48987393,51.45553163,11
25.4898733,51.45554155,11
25.48987267,51.45555147,11
25.48987203,51.4555614,11
25.4898714,51.45557132,11
25.48987077,51.45558124,11
25.48987013,51.45559116,11
25.48986949,51.45560108,11
25.48986886,51.455611,11
25.48986822,51.45562092,11
25.48986756,51.45563084,11
25.4898669,51.45564076,11
25.48986624,51.45565068,11
25.48986557,51.4556606,11
25.48986491,51.45567052,11
25.48986429,51.45568044,11
25.48986367,51.45569036,11
25.48986305,51.45570028,11
25.48986243,51.4557102,11
25.4898618,51.45572013,11
25.48986117,51.45573005,11
25.48986054,51.45573997,11
25.48985991,51.45574989,11
25.48985928,51.45575981,11
25.48985869,51.45576974,11
25.48985809,51.45577966,11
25.4898575,51.45578958,11
25.48985691,51.45579951,11
25.48985634,51.45580943,11
25.48985582,51.45581936,11
25.48985531,51.45582929,11
25.48985479,51.45583922,11
25.48985427,51.45584915,11
25.48985377,51.45585908,11
25.48985328,51.45586901,11.1
25.4898528,51.45587894,11.1
25.48985231,51.45588888,11.1
25.48985182,51.45589881,11.1
25.4898514,51.45590874,11.1
25.48985099,51.45591868,11.2
25.48985057,51.45592861,11.2
25.48985015,51.45593855,11.2
25.48984977,51.45594848,11.2
25.48984944,51.45595842,11.2
25.48984911,51.45596836,11.3
25.48984878,51.4559783,11.3
25.48984845,51.45598824,11.3
25.48984816,51.45599818,11.3
25.48984789,51.45600812,11.3
25.48984762,51.45601806,11.4
25.48984735,51.456028,11.4
25.4898471,51.45603795,11.4
25.48984692,51.45604789,11.4
25.48984675,51.45605783,11.4
25.48984657,51.45606778,11.5
25.4898464,51.45607772,11.5
25.48984626,51.45608767,11.5
25.48984614,51.45609761,11.5
25.48984602,51.45610756,11.5
25.48984591,51.4561175,11.5
25.48984579,51.45612745,11.6
25.48984576,51.45613739,11.6
25.48984573,51.45614734,11.6
25.4898457,51.45615728,11.6
25.48984567,51.45616723,11.6
25.48984568,51.45617717,11.6
25.48984577,51.45618712,11.6
25.48984585,51.45619706,11.6
25.48984594,51.45620701,11.6
25.48984603,51.45621695,11.6
25.48984617,51.4562269,11.6
25.48984635,51.45623684,11.6
25.48984653,51.45624679,11.6
25.48984671,51.45625673,11.6
25.48984689,51.45626667,11.6
25.48984712,51.45627662,11.6
25.48984734,51.45628656,11.5
25.48984757,51.4562965,11.5
25.4898478,51.45630644,11.5
25.48984805,51.45631638,11.5
25.4898484,51.45632632,11.5
25.48984875,51.45633626,11.5
25.4898491,51.4563462,11.5
25.48984944,51.45635614,11.5
25.48984982,51.45636608,11.5
25.48985022,51.45637601,11.6
25.48985061,51.45638595,11.6
25.48985101,51.45639588,11.6
25.48985141,51.45640582,11.6
25.48985189,51.45641575,11.6
25.48985238,51.45642568,11.7
25.48985288,51.45643561,11.7
25.48985338,51.45644554,11.7
25.48985388,51.45645547,11.8
25.48985446,51.4564654,11.8
25.48985505,51.45647532,11.8
25.48985564,51.45648525,11.9
25.48985622,51.45649517,11.9
25.48985684,51.45650509,11.9
25.48985755,51.45651501,12
25.48985825,51.45652492,12
25.48985896,51.45653484,12
25.48985966,51.45654475,12.1
25.48986039,51.45655467,12.1
25.48986115,51.45656458,12.1
25.48986191,51.45657449,12.2
25.48986266,51.4565844,12.2
25.48986342,51.45659431,12.2
25.48986426,51.45660421,12.3
25.48986514,51.45661411,12.3
25.48986602,51.45662401,12.3
25.4898669,51.45663391,12.4
25.48986777,51.45664381,12.4
25.48986866,51.4566537,12.4
25.48986955,51.4566636,12.4
25.48987044,51.4566735,12.4
25.48987133,51.4566834,12.4
25.48987224,51.45669329,12.5
25.48987322,51.45670318,12.5
25.4898742,51.45671306,12.5
25.48987519,51.45672295,12.4
25.48987617,51.45673284,12.4
25.48987717,51.45674272,12.4
25.48987819,51.4567526,12.4
25.48987922,51.45676248,12.4
25.48988024,51.45677237,12.4
25.48988127,51.45678225,12.4
25.4898823,51.45679213,12.4
25.48988335,51.45680201,12.4
25.4898844,51.45681188,12.4
25.48988544,51.45682176,12.4
25.48988649,51.45683164,12.4
25.48988754,51.45684152,12.4
25.4898886,51.4568514,12.4
25.48988965,51.45686128,12.4
25.48989071,51.45687115,12.4
25.48989176,51.45688103,12.4
25.48989283,51.45689091,12.4
25.48989391,51.45690078,12.4
25.48989498,51.45691066,12.4
25.48989606,51.45692053,12.4
25.48989713,51.45693041,12.4
25.48989822,51.45694028,12.4
25.48989932,51.45695015,12.4
25.48990041,51.45696002,12.4
25.4899015,51.4569699,12.4
25.48990259,51.45697977,12.4
25.48990368,51.45698964,12.4
25.48990477,51.45699951,12.4
25.48990586,51.45700939,12.4
25.48990695,51.45701926,12.4
25.48990805,51.45702913,12.4
25.48990916,51.457039,12.4
25.48991028,51.45704887,12.5
25.4899114,51.45705874,12.5
25.48991252,51.45706861,12.5
25.48991364,51.45707848,12.5
25.48991477,51.45708834,12.5
25.4899159,51.45709821,12.5
25.48991703,51.45710808,12.5
25.48991816,51.45711795,12.6
25.48991928,51.45712782,12.6
25.48992039,51.45713769,12.6
25.48992151,51.45714756,12.6
25.48992262,51.45715743,12.6
25.48992374,51.45716729,12.6
25.48992486,51.45717716,12.7
25.489926,51.45718703,12.7
25.48992713,51.4571969,12.7
25.48992827,51.45720676,12.7
25.48992941,51.45721663,12.7
25.48993056,51.45722649,12.7
25.48993173,51.45723636,12.8
25.48993289,51.45724622,12.8
25.48993406,51.45725608,12.8
25.48993522,51.45726594,12.8
25.48993638,51.45727581,12.8
25.48993754,51.45728567,12.8
25.48993869,51.45729553,12.8
25.48993985,51.4573054,12.8
25.48994101,51.45731526,12.8
25.48994219,51.45732512,12.8
25.48994339,51.45733498,12.8
25.48994458,51.45734484,12.8
25.48994577,51.4573547,12.8
25.48994697,51.45736455,12.8
25.48994817,51.45737441,12.8
25.48994937,51.45738427,12.8
25.48995057,51.45739413,12.8
25.48995177,51.45740398,12.8
25.48995297,51.45741384,12.8
25.48995416,51.4574237,12.8
25.48995535,51.45743356,12.8
25.48995654,51.45744342,12.8
25.48995773,51.45745328,12.8
25.48995892,51.45746314,12.8
25.48996012,51.45747299,12.8
25.48996133,51.45748285,12.8
25.48996253,51.45749271,12.8
25.48996373,51.45750256,12.8
25.48996493,51.45751242,12.8
25.48996614,51.45752228,12.7
25.48996735,51.45753213,12.7
25.48996856,51.45754199,12.6
25.48996977,51.45755184,12.6
25.48997097,51.4575617,12.5
25.48997216,51.45757156,12.5
25.48997334,51.45758142,12.4
25.48997452,51.45759128,12.3
25.48997571,51.45760114,12.3
25.48997689,51.457611,12.2
25.48997807,51.45762086,12.2
25.48997925,51.45763072,12.1
25.48998043,51.45764058,12
25.48998161,51.45765044,12
25.48998277,51.45766031,11.9
25.48998393,51.45767017,11.8
25.48998509,51.45768003,11.8
25.48998624,51.4576899,11.7
25.4899874,51.45769976,11.6
25.48998854,51.45770963,11.5
25.48998967,51.45771949,11.5
25.4899908,51.45772936,11.4
25.48999194,51.45773923,11.3
25.48999307,51.45774909,11.2
25.48999421,51.45775896,11.2
25.48999535,51.45776883,11.1
25.4899965,51.45777869,11.1
25.48999764,51.45778856,11
25.48999879,51.45779842,10.9
25.48999996,51.45780828,10.9
25.49000114,51.45781814,10.9
25.49000231,51.45782801,10.8
25.49000348,51.45783787,10.8
25.49000465,51.45784773,10.7
25.49000581,51.45785759,10.7
25.49000696,51.45786746,10.7
25.49000812,51.45787732,10.6
25.49000928,51.45788718,10.6
25.49001043,51.45789705,10.6
25.49001157,51.45790691,10.5
25.49001271,51.45791678,10.5
25.49001385,51.45792665,10.4
25.49001499,51.45793651,10.4
25.49001612,51.45794638,10.4
25.49001724,51.45795625,10.3
25.49001837,51.45796612,10.3
25.49001949,51.45797599,10.2
25.49002062,51.45798585,10.2
25.49002176,51.45799572,10.2
25.49002289,51.45800559,10.1
25.49002403,51.45801545,10.1
25.49002517,51.45802532,10
25.49002628,51.45803519,10
25.49002739,51.45804506,10
25.4900285,51.45805493,9.9
25.4900296,51.4580648,9.9
25.49003071,51.45807467,9.8
25.49003178,51.45808455,9.8
25.49003285,51.45809442,9.8
25.49003392,51.4581043,9.7
25.49003499,51.45811417,9.7
25.49003606,51.45812405,9.7
25.49003714,51.45813392,9.7
25.49003821,51.4581438,9.6
25.49003929,51.45815367,9.6
25.49004037,51.45816355,9.6
25.49004141,51.45817343,9.6
25.49004245,51.45818331,9.5
25.49004349,51.45819318,9.5
25.49004454,51.45820306,9.5
25.49004556,51.45821295,9.5
25.49004657,51.45822283,9.4
25.49004758,51.45823271,9.4
25.49004859,51.4582426,9.4
25.49004959,51.45825248,9.4
25.49005056,51.45826237,9.3
25.49005153,51.45827226,9.3
25.4900525,51.45828214,9.3
25.49005347,51.45829203,9.3
25.49005435,51.45830193,9.3
25.49005523,51.45831183,9.2
25.4900561,51.45832173,9.2
25.49005698,51.45833163,9.2
25.4900578,51.45834153,9.2
25.49005859,51.45835144,9.2
25.49005939,51.45836135,9.2
25.49006018,51.45837125,9.2
25.49006095,51.45838116,9.3
25.4900617,51.45839107,9.3
25.49006245,51.45840098,9.3
25.49006321,51.4584109,9.3
25.49006392,51.45842081,9.3
25.49006453,51.45843073,9.3
25.49006514,51.45844066,9.3
25.49006574,51.45845058,9.3
25.49006633,51.4584605,9.3
25.49006683,51.45847043,9.4
25.49006732,51.45848037,9.4
25.49006781,51.4584903,9.4
25.49006829,51.45850023,9.4
25.49006864,51.45851017,9.4
25.490069,51.4585201,9.4
25.49006936,51.45853004,9.4
25.4900697,51.45853998,9.4
25.49006989,51.45854992,9.4
25.49007008,51.45855987,9.5
25.49007027,51.45856981,9.5
25.49007042,51.45857975,9.5
25.49007037,51.4585897,9.5
25.49007031,51.45859965,9.5
25.49007026,51.45860959,9.5
25.49007013,51.45861953,9.5
25.49006983,51.45862947,9.6
25.49006952,51.45863941,9.6
25.49006922,51.45864935,9.6
25.49006882,51.45865929,9.6
25.4900683,51.45866922,9.6
25.49006778,51.45867915,9.7
25.49006726,51.45868908,9.7
25.49006656,51.45869899,9.7
25.49006574,51.4587089,9.7
25.49006491,51.4587188,9.8
25.49006409,51.4587287,9.8
25.49006298,51.45873857,9.8
25.49006179,51.45874843,9.8
25.4900606,51.45875829,9.9
25.49005941,51.45876815,9.9
25.49005795,51.45877797,9.9
25.49005649,51.45878778,9.9
25.49005504,51.4587976,9.9
25.4900535,51.4588074,10
25.49005176,51.45881715,10
25.49005001,51.45882691,10
25.49004826,51.45883667,10
25.49004635,51.45884639,10
25.49004428,51.45885607,10.1
25.49004222,51.45886575,10.1
25.49004016,51.45887543,10.1
25.49003786,51.45888505,10.1
25.4900355,51.45889465,10.1
25.49003315,51.45890425,10.1
25.49003075,51.45891384,10.1
25.49002799,51.45892331,10.1
25.49002524,51.45893278,10.1
25.49002248,51.45894225,10.1
25.49001959,51.45895167,10.1
25.49001652,51.45896103,10.1
25.49001346,51.45897038,10
25.4900104,51.45897974,10
25.49000706,51.45898898,10
25.49000364,51.45899818,10
25.49000022,51.45900738,10
25.48999676,51.45901657,10
25.48999302,51.45902562,10
25.48998929,51.45903468,10
25.48998556,51.45904374,10
25.48998162,51.45905268,10
25.48997746,51.45906151,10
25.4899733,51.45907034,10
25.48996915,51.45907917,10
25.48996474,51.45908785,10
25.4899603,51.4590965,10
25.48995586,51.45910516,10
25.48995131,51.45911375,10
25.48994646,51.45912214,10
25.48994161,51.45913052,10
25.48993675,51.45913891,10
25.48993173,51.45914717,10
25.48992661,51.45915536,10
25.48992148,51.45916355,10
25.48991636,51.45917174,10
25.48991095,51.4591797,10
25.48990554,51.45918766,10
25.48990013,51.45919562,10
25.48989461,51.45920349,10.1
25.48988893,51.45921122,10.1
25.48988325,51.45921895,10.1
25.48987757,51.45922668,10.1
25.48987168,51.45923421,10.1
25.48986571,51.45924168,10.1
25.48985975,51.45924914,10.2
25.48985375,51.45925657,10.2
25.48984747,51.45926372,10.2
25.48984119,51.45927086,10.2
25.48983491,51.45927801,10.2
25.48982852,51.45928502,10.3
25.48982198,51.45929188,10.3
25.48981544,51.45929874,10.3
25.48980891,51.4593056,10.3
25.48980221,51.45931227,10.4
25.48979548,51.45931889,10.4
25.48978874,51.45932552,10.4
25.48978198,51.4593321,10.5
25.48977503,51.45933845,10.5
25.48976808,51.4593448,10.5
25.48976113,51.45935114,10.6
25.48975411,51.4593574,10.6
25.48974702,51.45936355,10.6
25.48973992,51.45936969,10.7
25.48973282,51.45937584,10.7
25.48972562,51.45938183,10.8
25.48971838,51.45938777,10.8
25.48971113,51.4593937,10.8
25.48970388,51.45939963,10.8
25.48969649,51.45940533,10.9
25.48968909,51.45941102,10.9
25.48968169,51.45941672,10.9
25.48967426,51.45942237,10.9
25.48966677,51.45942792,10.9
25.48965928,51.45943347,11
25.48965179,51.45943902,11
25.48964423,51.45944445,11
25.48963661,51.45944979,11
25.48962899,51.45945513,11
25.48962138,51.45946047,11
25.48961371,51.45946572,11
25.48960603,51.45947094,11
25.48959835,51.45947617,11.1
25.48959067,51.4594814,11.1
25.48958294,51.45948653,11.1
25.4895752,51.45949165,11.1
25.48956747,51.45949678,11.1
25.48955973,51.4595019,11.1
25.48955199,51.45950701,11.1
25.48954424,51.45951213,11.2
25.4895365,51.45951724,11.2
25.48952874,51.45952232,11.2
25.48952095,51.45952735,11.2
25.48951317,51.45953239,11.2
25.48950538,51.45953742,11.3
25.4894976,51.45954245,11.3
25.4894898,51.45954747,11.3
25.48948201,51.45955248,11.3
25.48947421,51.4595575,11.4
25.48946638,51.45956245,11.4
25.48945854,51.45956737,11.4
25.48945069,51.45957229,11.4
25.48944285,51.45957721,11.5
25.48943501,51.45958215,11.5
25.48942718,51.45958709,11.5
25.48941935,51.45959203,11.4
25.48941151,51.45959698,11.4
25.48940365,51.45960186,11.4
25.48939578,51.45960673,11.4
25.48938791,51.45961161,11.4
25.48938004,51.45961649,11.4
25.48937216,51.45962133,11.4
25.48936428,51.45962618,11.4
25.4893564,51.45963103,11.4
25.48934852,51.45963587,11.3
25.48934064,51.45964073,11.3
25.48933276,51.45964559,11.3
25.48932488,51.45965044,11.3
25.489317,51.45965529,11.3
25.48930909,51.45966008,11.3
25.48930118,51.45966487,11.3
25.48929327,51.45966965,11.3
25.48928535,51.45967444,11.3
25.48927744,51.45967922,11.2
25.48926952,51.459684,11.2
25.48926161,51.45968878,11.2
25.48925369,51.45969356,11.2
25.48924575,51.45969829,11.2
25.48923781,51.45970303,11.2
25.48922987,51.45970776,11.2
25.48922193,51.45971249,11.2
25.48921397,51.45971717,11.2
25.489206,51.45972185,11.1
25.48919804,51.45972654,11.1
25.48919007,51.45973121,11.1
25.48918209,51.45973586,11.1
25.48917411,51.4597405,11.1
25.48916613,51.45974515,11.1
25.48915814,51.45974979,11
25.48915016,51.45975442,11
25.48914217,51.45975905,11
25.48913418,51.45976368,10.9
25.48912619,51.45976831,10.9
25.48911818,51.4597729,10.9
25.48911016,51.45977748,10.8
25.48910215,51.45978206,10.8
25.48909414,51.45978664,10.8
25.48908611,51.45979119,10.7
25.48907808,51.45979573,10.7
25.48907005,51.45980027,10.7
25.48906202,51.45980482,10.7
25.48905399,51.45980935,10.6
25.48904595,51.45981389,10.6
25.48903792,51.45981842,10.6
25.48902989,51.45982296,10.6
25.48902183,51.45982744,10.5
25.48901377,51.45983191,10.5
25.4890057,51.45983638,10.5
25.48899763,51.45984084,10.5
25.48898955,51.45984526,10.5
25.48898145,51.45984965,10.4
25.48897335,51.45985404,10.4
25.48896525,51.45985843,10.4
25.48895712,51.45986275,10.4
25.48894897,51.45986704,10.4
25.48894083,51.45987132,10.3
25.48893268,51.45987561,10.3
25.48892451,51.45987983,10.3
25.48891632,51.45988403,10.3
25.48890814,51.45988823,10.3
25.48889996,51.45989243,10.3
25.48889173,51.45989651,10.3
25.48888348,51.45990056,10.2
25.48887524,51.4599046,10.2
25.48886699,51.45990865,10.2
25.48885867,51.45991252,10.2
25.48885035,51.45991637,10.1
25.48884203,51.45992023,10.1
25.48883369,51.45992404,10.1
25.48882528,51.45992765,10
25.48881687,51.45993125,10
25.48880845,51.45993485,10
25.4888,51.45993834,9.9
25.48879149,51.45994166,9.9
25.48878298,51.45994497,9.8
25.48877447,51.45994829,9.8
25.48876588,51.45995135,9.8
25.48875726,51.45995429,9.7
25.48874864,51.45995723,9.7
25.48874001,51.45996017,9.6
25.48873128,51.45996269,9.6
25.48872254,51.45996519,9.6
25.48871381,51.4599677,9.5
25.48870505,51.45997009,9.5
25.48869623,51.45997222,9.4
25.48868741,51.45997436,9.4
25.4886786,51.45997649,9.3
25.48866972,51.4599783,9.3
25.48866082,51.45997993,9.2
25.48865191,51.45998156,9.2
25.48864301,51.45998316,9.1
25.48863402,51.45998413,9.1
25.48862504,51.4599851,9
25.48861606,51.45998608,8.9
25.48860706,51.45998685,8.9
25.48859805,51.45998743,8.9
25.48858903,51.459988,8.8
25.48858002,51.45998858,8.8
25.488571,51.45998873,8.8
25.48856197,51.45998888,8.8
25.48855294,51.45998903,8.7
25.48854393,51.4599888,8.7
25.48853492,51.45998815,8.7
25.48852591,51.45998749,8.6
25.48851691,51.45998684,8.6
25.48850793,51.45998583,8.5
25.48849895,51.45998482,8.5
25.48848997,51.45998381,8.5
25.48848102,51.45998248,8.4
25.48847212,51.45998081,8.4
25.48846322,51.45997915,8.4
25.48845433,51.45997746,8.3
25.48844554,51.4599752,8.3
25.48843675,51.45997295,8.2
25.48842796,51.45997069,8.2
25.48841923,51.45996815,8.2
25.48841055,51.45996543,8.1
25.48840187,51.45996271,8.1
25.48839321,51.45995989,8
25.48838467,51.45995668,8
25.48837612,51.45995347,8
25.48836758,51.45995027,7.9
25.48835912,51.4599468,7.9
25.48835068,51.45994326,7.8
25.48834224,51.45993972,7.8
25.48833387,51.45993603,7.8
25.4883256,51.45993204,7.8
25.48831733,51.45992804,7.8
25.48830907,51.45992405,7.8
25.48830098,51.45991963,7.7
25.48829291,51.45991517,7.7
25.48828484,51.45991072,7.7
25.48827684,51.45990612,7.7
25.48826891,51.45990136,7.7
25.48826098,51.4598966,7.7
25.48825306,51.45989183,7.7
25.48824525,51.45988686,7.7
25.48823743,51.45988188,7.7
25.48822961,51.45987691,7.7
25.48822185,51.45987184,7.7
25.48821412,51.4598667,7.7
25.48820639,51.45986156,7.7
25.48819867,51.45985641,7.7
25.48819099,51.45985118,7.7
25.48818331,51.45984595,7.7
25.48817563,51.45984073,7.8
25.48816797,51.45983546,7.8
25.48816032,51.45983018,7.8
25.48815268,51.45982489,7.8
25.48814504,51.4598196,7.8
25.48813745,51.45981421,7.8
25.48812986,51.45980883,7.8
25.48812227,51.45980344,7.8
25.48811469,51.45979804,7.8
25.48810711,51.45979264,7.9
25.48809953,51.45978724,7.9
25.48809195,51.45978184,7.9
25.4880844,51.45977639,7.9
25.48807685,51.45977094,7.9
25.4880693,51.45976549,8
25.48806175,51.45976003,8
25.48805421,51.45975457,8
25.48804666,51.45974911,8.1
25.48803912,51.45974365,8.1
25.4880316,51.45973815,8.2
25.48802408,51.45973264,8.2
25.48801657,51.45972713,8.3
25.48800905,51.45972163,8.3
25.48800151,51.45971615,8.4
25.48799397,51.45971068,8.5
25.48798644,51.4597052,8.6
25.48797893,51.45969968,8.7
25.48797144,51.45969413,8.8
25.48796395,51.45968858,8.9
25.48795646,51.45968303,9
25.48794896,51.4596775,9.1
25.48794146,51.45967196,9.2
25.48793396,51.45966642,9.3
25.48792646,51.45966089,9.4
25.48791896,51.45965535,9.5
25.48791147,51.45964981,9.6
25.48790397,51.45964427,9.7
25.48789646,51.45963876,9.7
25.48788893,51.45963326,9.8
25.48788141,51.45962777,9.9
25.48787388,51.45962228,10
25.48786637,51.45961676,10.1
25.48785886,51.45961125,10.2
25.48785135,51.45960573,10.3
25.48784383,51.45960022,10.4
25.4878363,51.45959473,10.5
25.48782878,51.45958924,10.6
25.48782125,51.45958375,10.7
25.48781372,51.45957827,10.8
25.48780618,51.4595728,10.9
25.48779864,51.45956733,11
25.4877911,51.45956186,11.1
25.48778355,51.45955641,11.1
25.48777599,51.45955098,11.2
25.48776843,51.45954554,11.3
25.48776087,51.4595401,11.4
25.48775331,51.45953468,11.4
25.48774574,51.45952926,11.5
25.48773817,51.45952384,11.6
25.4877306,51.45951841,11.6
25.48772302,51.45951301,11.7
25.48771544,51.45950762,11.8
25.48770786,51.45950222,11.8
25.48770028,51.45949682,11.9
25.48769269,51.45949143,12
25.48768511,51.45948603,12
25.48767753,51.45948064,12.1
25.48766994,51.45947524,12.2
25.48766236,51.45946985,12.2
25.48765477,51.45946446,12.3
25.48764719,51.45945907,12.4
25.4876396,51.45945368,12.4
25.48763199,51.45944832,12.5
25.48762439,51.45944296,12.5
25.48761679,51.4594376,12.6
25.48760918,51.45943226,12.7
25.48760154,51.45942694,12.7
25.48759391,51.45942163,12.7
25.48758628,51.45941632,12.8
25.48757865,51.45941101,12.8
25.48757102,51.45940569,12.9
25.48756339,51.45940038,12.9
25.48755576,51.45939507,13
25.48754814,51.45938974,13
25.48754054,51.45938437,13.1
25.48753293,51.45937901,13.1
25.48752533,51.45937365,13.2
25.48751773,51.45936829,13.2
25.48751012,51.45936294,13.2
25.48750251,51.45935759,13.3
25.4874949,51.45935224,13.3
25.48748729,51.45934688,13.4
25.4874797,51.45934151,13.4
25.4874721,51.45933613,13.4
25.48746451,51.45933076,13.5
25.48745691,51.45932539,13.5
25.4874493,51.45932004,13.5
25.48744169,51.4593147,13.6
25.48743407,51.45930935,13.6
25.48742647,51.45930399,13.6
25.4874189,51.45929856,13.7
25.48741134,51.45929314,13.7
25.48740377,51.45928771,13.8
25.48739621,51.45928229,13.8
25.48738865,51.45927686,13.8
25.48738108,51.45927143,13.9
25.48737352,51.459266,13.9
25.48736596,51.45926056,14
25.48735844,51.45925507,14
25.48735091,51.45924958,14.1
25.48734338,51.45924409,14.1
25.48733587,51.45923857,14.2
25.48732841,51.45923298,14.2
25.48732095,51.45922738,14.3
25.48731348,51.45922179,14.3
25.48730603,51.45921618,14.4
25.4872986,51.45921053,14.5
25.48729116,51.45920489,14.5
25.48728373,51.45919925,14.6
25.48727633,51.45919355,14.6
25.48726896,51.45918781,14.7
25.48726159,51.45918207,14.8
25.48725422,51.45917632,14.8
25.48724693,51.45917046,14.9
25.48723967,51.45916454,14.9
25.48723242,51.45915863,14.9
25.48722516,51.45915271,15
25.48721803,51.45914662,15
25.48721089,51.45914052,15
25.48720376,51.45913443,15.1
25.4871967,51.45912824,15.1
25.48718974,51.4591219,15.1
25.48718278,51.45911557,15.1
25.48717582,51.45910923,15.1
25.487169,51.45910272,15.1
25.48716221,51.45909617,15.2
25.48715541,51.45908962,15.2
25.48714867,51.45908301,15.2
25.48714205,51.45907624,15.2
25.48713544,51.45906948,15.2
25.48712882,51.45906272,15.2
25.48712241,51.45905572,15.2
25.48711602,51.45904869,15.2
25.48710964,51.45904166,15.2
25.4871034,51.45903447,15.2
25.4870973,51.45902714,15.2
25.4870912,51.45901981,15.2
25.48708513,51.45901245,15.2
25.48707922,51.45900493,15.2
25.48707331,51.45899741,15.2
25.48706741,51.45898989,15.2
25.48706185,51.45898205,15.2
25.48705637,51.45897415,15.2
25.48705088,51.45896625,15.2
25.48704557,51.45895822,15.2
25.48704041,51.45895006,15.1
25.48703525,51.4589419,15.1
25.48703021,51.45893365,15.1
25.48702548,51.45892518,15.1
25.48702074,51.45891671,15.1
25.48701603,51.45890823,15.1
25.48701181,51.45889944,15
25.48700759,51.45889065,15
25.48700337,51.45888186,15
25.48699953,51.45887286,14.9
25.48699576,51.45886382,14.9
25.48699199,51.45885478,14.9
25.4869886,51.45884557,14.8
25.48698539,51.45883628,14.8
25.48698218,51.45882698,14.8
25.4869792,51.4588176,14.7
25.48697645,51.45880812,14.7
25.4869737,51.45879865,14.7
25.48697112,51.45878912,14.6
25.48696883,51.4587795,14.6
25.48696654,51.45876988,14.6
25.48696437,51.45876023,14.5
25.48696265,51.45875047,14.5
25.48696093,51.45874071,14.5
25.48695925,51.45873094,14.4
25.4869581,51.45872107,14.4
25.48695694,51.45871121,14.4
25.48695579,51.45870134,14.3
25.48695502,51.45869144,14.3
25.48695427,51.45868153,14.3
25.48695353,51.45867161,14.2
25.48695321,51.45866168,14.2
25.486953,51.45865173,14.1
25.48695279,51.45864179,14.1
25.48695278,51.45863185,14.1
25.48695289,51.4586219,14
25.486953,51.45861196,14
25.48695335,51.45860202,14
25.48695393,51.4585921,13.9
25.48695452,51.45858217,13.9
25.48695519,51.45857226,13.9
25.48695603,51.45856236,13.8
25.48695687,51.45855245,13.8
25.48695777,51.45854256,13.8
25.48695902,51.45853271,13.7
25.48696026,51.45852286,13.7
25.48696151,51.45851301,13.7
25.48696287,51.45850318,13.6
25.48696424,51.45849335,13.6
25.48696562,51.45848352,13.6
25.48696711,51.45847371,13.5
25.48696865,51.45846391,13.5
25.4869702,51.45845411,13.5
25.48697175,51.45844431,13.5
25.48697331,51.45843452,13.4
25.48697487,51.45842472,13.4
25.48697644,51.45841493,13.4
25.48697812,51.45840516,13.3
25.48697981,51.45839539,13.3
25.48698149,51.45838562,13.3
25.48698321,51.45837585,13.3
25.48698494,51.45836609,13.2
25.48698667,51.45835633,13.2
25.48698841,51.45834657,13.2
25.48699016,51.45833681,13.2
25.48699191,51.45832706,13.2
25.48699366,51.4583173,13.2
25.48699549,51.45830756,13.2
25.48699732,51.45829782,13.2
25.48699915,51.45828809,13.2
25.487001,51.45827835,13.2
25.48700288,51.45826862,13.3
25.48700475,51.45825889,13.3
25.48700662,51.45824916,13.3
25.48700851,51.45823944,13.3
25.4870104,51.45822971,13.3
25.48701229,51.45821999,13.3
25.48701419,51.45821027,13.4
25.48701612,51.45820055,13.4
25.48701805,51.45819083,13.4
25.48701998,51.45818112,13.4
25.48702192,51.45817141,13.4
25.48702388,51.4581617,13.5
25.48702584,51.45815199,13.5
25.4870278,51.45814228,13.5
25.48702974,51.45813257,13.5
25.48703167,51.45812285,13.6
25.48703361,51.45811314,13.6
25.48703555,51.45810343,13.6
25.48703755,51.45809373,13.6
25.48703955,51.45808403,13.7
25.48704154,51.45807433,13.7
25.48704353,51.45806463,13.7
25.48704549,51.45805492,13.7
25.48704746,51.45804521,13.8
25.48704942,51.45803551,13.8
25.4870514,51.4580258,13.8
25.48705341,51.45801611,13.9
25.48705541,51.45800641,13.9
25.48705741,51.45799671,13.9
25.48705941,51.45798701,14
25.4870614,51.45797731,14
25.48706339,51.45796761,14
25.48706537,51.45795791,14.1
25.48706737,51.45794821,14.1
25.48706937,51.45793851,14.1
25.48707137,51.45792881,14.2
25.48707337,51.45791911,14.2
25.48707536,51.45790941,14.2
25.48707734,51.45789971,14.2
25.48707931,51.45789001,14.3
25.48708129,51.4578803,14.3
25.48708328,51.4578706,14.3
25.48708526,51.4578609,14.4
25.48708725,51.4578512,14.4
25.48708924,51.4578415,14.4
25.48709122,51.45783179,14.4
25.48709318,51.45782209,14.5
25.48709515,51.45781238,14.5
25.48709712,51.45780267,14.5
25.48709911,51.45779297,14.5
25.48710112,51.45778328,14.5
25.48710313,51.45777358,14.6
25.48710514,51.45776389,14.6
25.48710715,51.45775419,14.6
25.48710913,51.45774449,14.6
25.48711112,51.45773479,14.6
25.48711311,51.45772508,14.6
25.48711509,51.45771538,14.6
25.48711707,51.45770568,14.6
25.48711906,51.45769598,14.6
25.48712104,51.45768627,14.5
25.48712302,51.45767657,14.5
25.487125,51.45766687,14.5
25.48712698,51.45765716,14.5
25.48712896,51.45764746,14.5
25.48713094,51.45763776,14.5
25.48713289,51.45762805,14.5
25.48713485,51.45761834,14.5
25.4871368,51.45760863,14.5
25.48713875,51.45759892,14.4
25.48714068,51.4575892,14.4
25.4871426,51.45757948,14.4
25.48714452,51.45756977,14.4
25.48714644,51.45756005,14.4
25.48714834,51.45755033,14.4
25.48715023,51.4575406,14.3
25.48715212,51.45753088,14.3
25.48715401,51.45752115,14.3
25.48715591,51.45751143,14.3
25.4871578,51.4575017,14.3
25.4871597,51.45749198,14.2
25.4871616,51.45748226,14.2
25.48716349,51.45747253,14.2
25.48716534,51.4574628,14.2
25.48716719,51.45745306,14.2
25.48716904,51.45744333,14.2
25.48717088,51.45743359,14.2
25.48717273,51.45742386,14.2
25.48717458,51.45741412,14.2
25.48717642,51.45740439,14.2
25.48717827,51.45739465,14.2
25.4871801,51.45738491,14.2
25.4871819,51.45737517,14.1
25.48718371,51.45736543,14.1
25.48718552,51.45735568,14.1
25.48718732,51.45734594,14.1
25.48718909,51.45733618,14.1
25.48719087,51.45732643,14.1
25.48719264,51.45731668,14.1
25.48719441,51.45730693,14.1
25.48719617,51.45729717,14.1
25.48719793,51.45728742,14.1
25.48719969,51.45727766,14.1
25.48720145,51.45726791,14.1
25.48720321,51.45725816,14.1
25.48720499,51.4572484,14.1
25.48720676,51.45723865,14.1
25.48720853,51.4572289,14
25.48721031,51.45721915,14
25.48721209,51.4572094,14
25.48721387,51.45719965,14
25.48721565,51.4571899,13.9
25.48721743,51.45718015,13.9
25.48721921,51.4571704,13.8
25.48722099,51.45716065,13.8
25.48722277,51.4571509,13.7
25.48722455,51.45714115,13.7
25.48722634,51.4571314,13.7
25.48722817,51.45712166,13.6
25.48722999,51.45711192,13.6
25.48723182,51.45710218,13.5
25.48723364,51.45709244,13.5
25.48723546,51.4570827,13.5
25.48723728,51.45707296,13.4
25.4872391,51.45706322,13.4
25.48724092,51.45705348,13.4
25.48724274,51.45704373,13.3
25.48724456,51.45703399,13.3
25.48724638,51.45702425,13.3
25.48724819,51.45701451,13.2
25.48725001,51.45700477,13.2
25.48725185,51.45699503,13.2
25.48725368,51.45698529,13.1
25.48725552,51.45697555,13.1
25.48725735,51.45696582,13.1
25.4872592,51.45695608,13
25.48726107,51.45694635,13
25.48726293,51.45693662,13
25.4872648,51.45692689,12.9
25.48726666,51.45691716,12.9
25.48726853,51.45690743,12.9
25.48727039,51.4568977,12.9
25.48727226,51.45688797,12.8
25.48727413,51.45687824,12.8
25.487276,51.45686851,12.8
25.48727787,51.45685878,12.8
25.48727974,51.45684905,12.7
25.48728162,51.45683932,12.7
25.48728349,51.45682959,12.7
25.48728535,51.45681986,12.7
25.48728721,51.45681013,12.6
25.48728907,51.4568004,12.6
25.48729093,51.45679066,12.6
25.48729281,51.45678094,12.6
25.4872947,51.45677121,12.5
25.48729658,51.45676148,12.5
25.48729847,51.45675176,12.5
25.48730035,51.45674203,12.5
25.48730217,51.45673229,12.5
25.487304,51.45672255,12.4
25.48730583,51.45671281,12.4
25.48730766,51.45670307,12.4
25.48730949,51.45669333,12.4
25.48731133,51.4566836,12.4
25.48731318,51.45667386,12.4
25.48731502,51.45666413,12.4
25.48731686,51.45665439,12.4
25.48731869,51.45664465,12.4
25.48732052,51.45663491,12.4
25.48732234,51.45662517,12.4
25.48732417,51.45661543,12.4
25.487326,51.45660569,12.5
25.48732784,51.45659595,12.5
25.48732967,51.45658622,12.5
25.4873315,51.45657648,12.5
25.48733332,51.45656674,12.5
25.4873351,51.45655699,12.6
25.48733689,51.45654724,12.6
25.48733867,51.45653749,12.6
25.48734046,51.45652774,12.6
25.48734226,51.45651799,12.7
25.48734406,51.45650825,12.7
25.48734587,51.4564985,12.7
25.48734767,51.45648876,12.7
25.48734946,51.45647901,12.8
25.48735122,51.45646926,12.8
25.48735299,51.4564595,12.8
25.48735475,51.45644975,12.9
25.48735651,51.45644,12.9
25.48735826,51.45643024,12.9
25.48736002,51.45642048,12.9
25.48736177,51.45641073,13
25.48736353,51.45640097,13
25.48736524,51.45639121,13
25.48736693,51.45638144,13
25.48736863,51.45637167,13
25.48737032,51.4563619,13
25.48737199,51.45635213,13
25.48737363,51.45634235,13
25.48737526,51.45633256,13
25.48737689,51.45632278,13
25.48737852,51.456313,13
25.48738008,51.4563032,13
25.48738163,51.45629341,12.9
25.48738319,51.45628361,12.9
25.48738474,51.45627381,12.9
25.48738623,51.456264,12.9
25.48738769,51.45625419,12.9
25.48738915,51.45624438,12.9
25.48739061,51.45623456,12.9
25.48739196,51.45622473,12.9
25.48739326,51.45621489,12.8
25.48739455,51.45620504,12.8
25.48739584,51.4561952,12.8
25.48739701,51.45618534,12.8
25.48739808,51.45617546,12.8
25.48739915,51.45616559,12.8
25.48740022,51.45615571,12.7
25.48740118,51.45614582,12.7
25.48740204,51.45613592,12.7
25.4874029,51.45612602,12.7
25.48740377,51.45611612,12.7
25.48740444,51.45610621,12.6
25.48740495,51.45609628,12.6
25.48740547,51.45608635,12.6
25.48740598,51.45607642,12.5
25.48740632,51.45606648,12.5
25.48740656,51.45605654,12.5
25.48740679,51.4560466,12.4
25.48740703,51.45603666,12.4
25.48740701,51.45602671,12.4
25.48740695,51.45601677,12.3
25.48740688,51.45600682,12.3
25.48740678,51.45599688,12.3
25.48740628,51.45598695,12.2
25.48740579,51.45597702,12.2
25.48740529,51.45596709,12.1
25.48740465,51.45595717,12.1
25.48740377,51.45594727,12.1
25.48740288,51.45593737,12
25.487402,51.45592747,12
25.48740077,51.45591762,11.9
25.48739944,51.45590779,11.9
25.48739811,51.45589795,11.9
25.48739665,51.45588814,11.8
25.48739476,51.45587841,11.8
25.48739288,51.45586869,11.7
25.487391,51.45585896,11.7
25.48738883,51.45584931,11.7
25.48738656,51.45583968,11.6
25.48738428,51.45583006,11.6
25.48738187,51.45582048,11.5
25.48737907,51.45581102,11.5
25.48737628,51.45580157,11.5
25.48737348,51.45579211,11.5
25.48737025,51.45578283,11.4
25.48736694,51.45577357,11.4
25.48736363,51.45576432,11.4
25.48736008,51.45575518,11.4
25.48735623,51.45574618,11.3
25.48735239,51.45573719,11.3
25.4873485,51.45572821,11.3
25.48734418,51.45571948,11.3
25.48733987,51.45571074,11.2
25.48733555,51.45570201,11.2
25.48733091,51.45569348,11.2
25.48732618,51.45568501,11.2
25.48732145,51.45567653,11.2
25.48731655,51.45566819,11.1
25.48731138,51.45566003,11.1
25.48730622,51.45565187,11.1
25.48730102,51.45564374,11.1
25.48729547,51.4556359,11.1
25.48728992,51.45562806,11.1
25.48728437,51.45562022,11.1
25.48727854,51.45561263,11
25.48727262,51.45560512,11
25.48726671,51.4555976,11
25.48726063,51.45559026,11
25.48725433,51.45558313,11
25.48724803,51.45557601,11
25.48724171,51.45556891,11
25.48723519,51.45556203,11
25.48722866,51.45555516,11
25.48722214,51.45554829,11
25.48721539,51.45554168,11
25.48720855,51.4555352,11
25.48720171,51.45552871,11.1
25.48719479,51.45552233,11.1
25.48718769,51.45551618,11.1
25.4871806,51.45551003,11.1
25.4871735,51.45550388,11.2
25.48716622,51.45549801,11.2
25.48715892,51.45549216,11.2
25.48715162,51.4554863,11.3
25.48714422,51.45548062,11.3
25.48713672,51.45547508,11.3
25.48712922,51.45546954,11.3
25.4871217,51.45546404,11.4
25.487114,51.45545885,11.4
25.48710631,51.45545365,11.4
25.48709861,51.45544846,11.4
25.48709082,51.45544343,11.5
25.48708298,51.4554385,11.5
25.48707514,51.45543357,11.5
25.48706729,51.45542865,11.6
25.48705942,51.45542379,11.6
25.48705155,51.45541892,11.6
25.48704368,51.45541406,11.6
25.48703576,51.45540928,11.7
25.48702782,51.45540454,11.7
25.48701989,51.45539979,11.7
25.48701195,51.45539506,11.8
25.487004,51.45539036,11.8
25.48699604,51.45538566,11.8
25.48698809,51.45538096,11.8
25.4869801,51.45537633,11.9
25.48697209,51.45537174,11.9
25.48696408,51.45536716,11.9
25.48695607,51.45536257,12
25.48694804,51.45535802,12
25.48694002,51.45535347,12.1
25.48693199,51.45534891,12.1
25.48692396,51.45534436,12.1
25.48691593,51.45533982,12.2
25.4869079,51.45533528,12.3
25.48689987,51.45533073,12.3
25.48689183,51.45532621,12.4
25.48688378,51.45532171,12.4
25.48687574,51.45531721,12.5
25.48686769,51.45531271,12.6
25.48685964,51.4553082,12.6
25.4868516,51.45530368,12.7
25.48684356,51.45529916,12.7
25.48683552,51.45529464,12.8
25.48682748,51.45529011,12.8
25.48681944,51.45528558,12.9
25.48681141,51.45528106,13
25.48680337,51.45527653,13
25.48679531,51.45527205,13.1
25.48678725,51.45526757,13.1
25.48677919,51.45526309,13.1
25.48677113,51.45525861,13.2
25.48676308,51.45525411,13.2
25.48675503,51.45524961,13.3
25.48674698,51.45524512,13.3
25.48673892,51.45524063,13.3
25.48673086,51.45523616,13.4
25.4867228,51.45523169,13.4
25.48671473,51.45522722,13.5
25.48670667,51.45522275,13.5
25.48669861,51.45521827,13.6
25.48669055,51.45521379,13.6
25.48668249,51.45520931,13.6
25.48667443,51.45520484,13.7
25.48666636,51.45520037,13.7
25.4866583,51.4551959,13.7
25.48665023,51.45519144,13.7
25.48664217,51.45518697,13.7
25.48663411,51.45518249,13.7
25.48662605,51.45517802,13.6
25.48661799,51.45517354,13.6
25.48660992,51.45516907,13.6
25.48660184,51.45516463,13.6
25.48659377,51.45516019,13.6
25.48658569,51.45515574,13.6
25.48657762,51.4551513,13.5
25.48656954,51.45514685,13.5
25.48656147,51.45514239,13.5
25.4865534,51.45513794,13.5
25.48654533,51.45513349,13.5
25.48653727,51.45512902,13.5
25.4865292,51.45512455,13.4
25.48652114,51.45512008,13.4
25.48651307,51.45511561,13.4
25.48650502,51.45511112,13.4
25.48649697,51.45510662,13.4
25.48648892,51.45510213,13.4
25.48648086,51.45509763,13.4
25.48647281,51.45509314,13.3
25.48646476,51.45508864,13.3
25.48645671,51.45508415,13.3
25.48644866,51.45507965,13.3
25.4864406,51.45507515,13.3
25.48643255,51.45507066,13.3
25.4864245,51.45506616,13.2
25.48641645,51.45506166,13.2
25.4864084,51.45505716,13.2
25.48640035,51.45505265,13.2
25.48639231,51.45504815,13.2
25.48638426,51.45504364,13.2
25.48637622,51.45503912,13.2
25.48636818,51.4550346,13.2
25.48636014,51.45503007,13.2
25.4863521,51.45502555,13.2
25.48634407,51.45502101,13.2
25.48633605,51.45501645,13.2
25.48632802,51.45501189,13.3
25.48632,51.45500734,13.3
25.48631198,51.45500278,13.3
25.48630394,51.45499825,13.3
25.48629591,51.45499372,13.3
25.48628787,51.45498918,13.3
25.48627984,51.45498465,13.3
25.48627181,51.4549801,13.3
25.48626379,51.45497555,13.3
25.48625576,51.45497099,13.3
25.48624773,51.45496644,13.3
25.4862397,51.4549619,13.3
25.48623167,51.45495737,13.3
25.48622363,51.45495284,13.3
25.48621559,51.45494831,13.3
25.48620756,51.45494378,13.2
25.48619953,51.45493924,13.2
25.4861915,51.4549347,13.2
25.48618347,51.45493016,13.2
25.48617544,51.45492562,13.2
25.48616741,51.45492106,13.2
25.48615939,51.4549165,13.2
25.48615137,51.45491194,13.2
25.48614334,51.45490739,13.2
25.48613531,51.45490284,13.2
25.48612729,51.45489829,13.2
25.48611926,51.45489375,13.2
25.48611123,51.4548892,13.2
25.4861032,51.45488465,13.2
25.48609518,51.45488008,13.2
25.48608716,51.45487551,13.2
25.48607915,51.45487095,13.2
25.48607113,51.45486638,13.2
25.48606311,51.45486181,13.2
25.48605509,51.45485723,13.2
25.48604708,51.45485266,13.2
25.48603906,51.45484809,13.2
25.48603105,51.45484351,13.2
25.48602304,51.45483892,13.2
25.48601503,51.45483433,13.2
25.48600703,51.45482974,13.1
25.48599902,51.45482515,13.1
25.48599101,51.45482056,13.1
25.485983,51.45481598,13.1
25.48597499,51.45481139,13.1
25.48596698,51.4548068,13.1
25.48595897,51.45480221,13.1
25.48595096,51.45479763,13.1
25.48594295,51.45479304,13.1
25.48593494,51.45478845,13.1
25.48592693,51.45478386,13.1
25.48591892,51.45477929,13.1
25.4859109,51.45477472,13.1
25.48590289,51.45477014,13.1
25.48589487,51.45476557,13.1
25.48588686,51.45476099,13.1
25.48587884,51.45475642,13.1
25.48587083,51.45475184,13.1
25.48586281,51.45474726,13.1
25.4858548,51.45474268,13.1
25.48584678,51.45473812,13.1
25.48583876,51.45473356,13
25.48583073,51.454729,13
25.48582271,51.45472444,13
25.48581469,51.45471989,13
25.48580665,51.45471536,13
25.48579862,51.45471082,13
25.48579059,51.45470628,13
25.48578255,51.45470175,13
25.48577452,51.45469722,13
25.48576648,51.45469269,13
25.48575844,51.45468817,13
25.4857504,51.45468364,13
25.48574236,51.45467911,13
25.48573432,51.4546746,13
25.48572628,51.45467009,13
25.48571823,51.45466557,13
25.48571019,51.45466106,13
25.48570214,51.45465655,13
25.48569409,51.45465205,13
25.48568604,51.45464755,13
25.48567799,51.45464305,13
25.48566994,51.45463855,13
25.4856619,51.45463404,13
25.48565385,51.45462953,13
25.48564581,51.45462502,13
25.48563776,51.45462051,13
25.48562972,51.454616,13
25.48562166,51.45461151,13
25.48561361,51.45460701,13
25.48560556,51.45460252,13
25.48559751,51.45459802,13
25.48558945,51.45459353,13
25.4855814,51.45458904,13
25.48557335,51.45458455,13
25.48556529,51.45458005,13
25.48555724,51.45457556,13
25.48554918,51.45457108,13
25.48554112,51.4545666,13
25.48553306,51.45456213,13
25.485525,51.45455765,13
25.48551694,51.45455318,13
25.48550887,51.45454872,13
25.4855008,51.45454426,13.1
25.48549273,51.4545398,13.1
25.48548466,51.45453534,13.1
25.48547659,51.45453088,13.1
25.48546853,51.45452642,13.1
25.48546046,51.45452195,13.2
25.48545239,51.45451749,13.2
25.48544433,51.45451303,13.2
25.48543625,51.45450858,13.2
25.48542818,51.45450413,13.3
25.48542011,51.45449968,13.3
25.48541203,51.45449523,13.3
25.48540396,51.45449079,13.4
25.48539589,51.45448633,13.4
25.48538782,51.45448188,13.4
25.48537974,51.45447743,13.5
25.48537167,51.45447297,13.5
25.4853636,51.45446851,13.6
25.48535554,51.45446405,13.6
25.48534747,51.45445958,13.7
25.48533941,51.45445511,13.7
25.48533134,51.45445064,13.8
25.48532327,51.4544462,13.8
25.48531519,51.45444177,13.9
25.48530711,51.45443734,13.9
25.48529902,51.45443291,14
25.48529094,51.45442848,14.1
25.48528288,51.45442401,14.1
25.48527481,51.45441954,14.1
25.48526675,51.45441507,14.2
25.48525869,51.45441059,14.2
25.48525063,51.45440612,14.3
25.48524256,51.45440167,14.3
25.48523449,51.45439721,14.3
25.48522641,51.45439276,14.3
25.48521834,51.4543883,14.4
25.48521028,51.45438384,14.4
25.48520222,51.45437935,14.4
25.48519416,51.45437487,14.4
25.48518611,51.45437038,14.4
25.48517805,51.4543659,14.5
25.48517,51.45436141,14.5
25.48516194,51.45435691,14.5
25.48515389,51.45435241,14.5
25.48514584,51.45434792,14.5
25.48513779,51.45434342,14.5
25.48512974,51.45433892,14.6
25.48512169,51.45433442,14.6
25.48511364,51.45432992,14.6
25.48510559,51.45432542,14.6
25.48509754,51.45432093,14.6
25.48508949,51.45431642,14.6
25.48508144,51.45431191,14.6
25.4850734,51.4543074,14.6
25.48506535,51.4543029,14.6
25.4850573,51.45429839,14.6
25.48504925,51.4542939,14.6
25.4850412,51.45428941,14.6
25.48503314,51.45428492,14.6
25.48502509,51.45428043,14.6
25.48501704,51.45427593,14.6
25.48500899,51.45427143,14.6
25.48500094,51.45426692,14.6
25.48499289,51.45426242,14.6
25.48498484,51.45425792,14.6
25.4849768,51.45425341,14.6
25.48496875,51.45424891,14.6
25.4849607,51.4542444,14.6
25.48495265,51.4542399,14.6
25.4849446,51.45423539,14.6
25.48493655,51.4542309,14.6
25.4849285,51.4542264,14.6
25.48492045,51.4542219,14.6
25.4849124,51.45421741,14.6
25.48490434,51.45421291,14.5
25.48489629,51.45420842,14.5
25.48488824,51.45420392,14.5
25.48488019,51.45419943,14.5
25.48487214,51.45419493,14.5
25.48486409,51.45419042,14.5
25.48485605,51.45418591,14.4
25.48484801,51.45418139,14.4
25.48483996,51.45417687,14.4
25.48483192,51.45417236,14.4
25.48482387,51.45416786,14.4
25.48481582,51.45416336,14.3
25.48480777,51.45415887,14.3
25.48479971,51.45415437,14.3
25.48479166,51.45414988,14.2
25.48478361,51.45414537,14.2
25.48477557,51.45414086,14.2
25.48476752,51.45413636,14.2
25.48475947,51.45413185,14.1
25.48475143,51.45412733,14.1
25.4847434,51.4541228,14.1
25.48473536,51.45411828,14
25.48472732,51.45411375,14
25.48471929,51.45410922,14
25.48471125,51.4541047,13.9
25.48470321,51.45410017,13.9
25.48469517,51.45409565,13.9
25.48468713,51.45409113,13.8
25.48467909,51.4540866,13.8
25.48467106,51.45408205,13.8
25.48466303,51.45407751,13.7
25.484655,51.45407296,13.7
25.48464698,51.45406842,13.6
25.48463895,51.45406386,13.6
25.48463093,51.45405929,13.5
25.48462291,51.45405473,13.5
25.48461489,51.45405016,13.5
25.48460688,51.45404559,13.4
25.48459887,51.45404101,13.4
25.48459086,51.45403642,13.3
25.48458285,51.45403183,13.3
25.48457484,51.45402724,13.2
25.48456684,51.45402263,13.1
25.48455884,51.45401802,13.1
25.48455085,51.4540134,13
25.48454285,51.45400879,13
25.48453486,51.45400416,12.9
25.48452688,51.45399951,12.9
25.4845189,51.45399486,12.8
25.48451092,51.45399022,12.8
25.48450294,51.45398557,12.7
25.48449497,51.45398091,12.6
25.48448699,51.45397625,12.6
25.48447901,51.4539716,12.5
25.48447104,51.45396694,12.4
25.48446308,51.45396225,12.4
25.48445512,51.45395755,12.3
25.48444716,51.45395286,12.2
25.4844392,51.45394817,12.2
25.48443125,51.45394346,12.1
25.4844233,51.45393875,12
25.48441535,51.45393404,12
25.4844074,51.45392933,11.9
25.48439947,51.45392458,11.8
25.48439155,51.45391981,11.7
25.48438362,51.45391505,11.7
25.4843757,51.45391029,11.6
25.48436778,51.45390551,11.5
25.48435986,51.45390073,11.4
25.48435195,51.45389595,11.4
25.48434403,51.45389117,11.3
25.48433614,51.45388635,11.2
25.48432824,51.45388153,11.1
25.48432034,51.45387671,11.1
25.48431246,51.45387187,11
25.4843046,51.45386699,10.9
25.48429673,51.4538621,10.8
25.48428887,51.45385721,10.8
25.48428105,51.45385225,10.7
25.48427327,51.45384721,10.6
25.48426548,51.45384218,10.5
25.4842577,51.45383715,10.5
25.48424998,51.45383199,10.4
25.48424227,51.45382682,10.3
25.48423456,51.45382165,10.2
25.48422688,51.45381642,10.2
25.48421927,51.45381107,10.1
25.48421166,51.45380572,10
25.48420405,51.45380037,10
25.48419656,51.45379481,9.9
25.4841891,51.45378922,9.8
25.48418164,51.45378362,9.7
25.48417424,51.45377793,9.7
25.48416694,51.45377208,9.6
25.48415964,51.45376622,9.5
25.48415234,51.45376037,9.5
25.48414521,51.45375428,9.4
25.48413808,51.45374818,9.4
25.48413095,51.45374208,9.4
25.48412393,51.45373583,9.3
25.48411698,51.45372947,9.3
25.48411004,51.45372312,9.2
25.48410315,51.45371669,9.2
25.48409643,51.45371006,9.2
25.48408971,51.45370342,9.2
25.48408299,51.45369678,9.1
25.48407658,51.45368978,9.1
25.48407019,51.45368275,9.1
25.4840638,51.45367572,9.1
25.48405756,51.45366854,9
25.48405141,51.45366127,9
25.48404525,51.45365399,9
25.48403924,51.45364658,9
25.48403347,51.45363893,9
25.4840277,51.45363128,9
25.48402198,51.45362359,9
25.48401656,51.45361564,9
25.48401114,51.45360768,9
25.48400572,51.45359973,9.1
25.48400061,51.45359153,9.1
25.48399553,51.45358332,9.1
25.48399044,51.4535751,9.2
25.48398569,51.45356665,9.2
25.48398104,51.45355812,9.3
25.4839764,51.45354959,9.3
25.483972,51.45354091,9.3
25.48396776,51.45353213,9.4
25.48396351,51.45352335,9.4
25.48395953,51.45351444,9.4
25.48395579,51.45350538,9.5
25.48395206,51.45349633,9.5
25.48394848,51.4534872,9.5
25.48394515,51.45347796,9.6
25.48394182,51.45346871,9.6
25.48393862,51.45345942,9.6
25.48393568,51.45345001,9.7
25.48393274,51.45344061,9.7
25.48392992,51.45343116,9.7
25.48392747,51.45342159,9.8
25.48392502,51.45341202,9.8
25.48392265,51.45340243,9.8
25.48392065,51.45339273,9.9
25.48391864,51.45338303,9.9
25.4839167,51.45337332,9.9
25.48391519,51.45336352,10
25.48391368,51.45335371,10
25.48391222,51.4533439,10
25.48391117,51.45333402,10.1
25.48391012,51.45332414,10.2
25.48390911,51.45331426,10.2
25.48390852,51.45330434,10.3
25.48390793,51.45329441,10.3
25.48390738,51.45328449,10.4
25.48390731,51.45327454,10.5
25.48390724,51.4532646,10.5
25.4839072,51.45325466,10.6
25.48390761,51.45324472,10.7
25.48390802,51.45323479,10.8
25.48390846,51.45322485,10.8
25.48390932,51.45321495,10.9
25.48391017,51.45320505,11
25.48391107,51.45319516,11
25.48391235,51.45318531,11.1
25.48391362,51.45317547,11.2
25.48391494,51.45316563,11.2
25.48391662,51.45315586,11.3
25.48391831,51.45314609,11.4
25.48392003,51.45313633,11.5
25.48392211,51.45312665,11.5
25.4839242,51.45311697,11.6
25.48392633,51.45310731,11.7
25.48392886,51.45309776,11.7
25.48393139,51.45308822,11.8
25.48393395,51.45307868,11.8
25.483937,51.45306932,11.9
25.48394005,51.45305996,12
25.48394312,51.45305061,12
25.48394651,51.45304139,12
25.48394991,51.45303218,12
25.48395333,51.45302297,12
25.48395721,51.453014,12
25.48396109,51.45300502,12
25.48396499,51.45299605,12.1
25.48396922,51.45298726,12.1
25.48397345,51.45297848,12.1
25.48397769,51.4529697,12.1
25.48398229,51.45296114,12.1
25.48398689,51.45295259,12.1
25.4839915,51.45294403,12.1
25.4839965,51.45293575,12.2
25.4840015,51.45292747,12.2
25.4840065,51.45291919,12.2
25.48401185,51.45291119,12.2
25.48401721,51.45290318,12.3
25.48402257,51.45289518,12.3
25.4840283,51.4528875,12.3
25.48403404,51.45287982,12.3
25.48403978,51.45287214,12.4
25.48404596,51.4528649,12.4
25.48405217,51.45285768,12.4
25.48405837,51.45285045,12.5
25.48406467,51.45284333,12.5
25.48407098,51.45283622,12.5
25.48407729,51.4528291,12.6
25.48408383,51.45282225,12.6
25.48409042,51.45281545,12.6
25.484097,51.45280865,12.7
25.48410373,51.45280202,12.7
25.4841105,51.45279544,12.7
25.48411727,51.45278886,12.8
25.48412418,51.45278246,12.8
25.48413114,51.45277613,12.8
25.48413811,51.45276981,12.9
25.4841452,51.45276366,12.9
25.48415237,51.45275762,12.9
25.48415954,51.45275157,12.9
25.48416679,51.45274566,12.9
25.48417412,51.45273984,12.9
25.48418144,51.45273402,12.8
25.48418887,51.45272838,12.8
25.48419641,51.45272292,12.8
25.48420396,51.45271746,12.8
25.48421153,51.45271205,12.8
25.48421914,51.4527067,12.8
25.48422675,51.45270136,12.8
25.4842344,51.45269606,12.8
25.4842421,51.45269088,12.8
25.4842498,51.45268569,12.8
25.48425752,51.45268054,12.8
25.48426531,51.4526755,12.8
25.48427309,51.45267047,12.8
25.48428088,51.45266543,12.8
25.48428868,51.45266045,12.8
25.48429649,51.45265546,12.8
25.4843043,51.45265047,12.8
25.48431217,51.45264559,12.8
25.48432004,51.45264071,12.8
25.4843279,51.45263584,12.8
25.48433577,51.45263096,12.8
25.48434364,51.45262608,12.8
25.48435151,51.45262121,12.8
25.48435936,51.45261631,12.8
25.48436722,51.45261141,12.8
25.48437507,51.4526065,12.8
25.48438293,51.45260162,12.9
25.48439081,51.45259676,12.9
25.48439868,51.4525919,12.9
25.48440656,51.45258704,12.9
25.48441445,51.45258221,12.9
25.48442234,51.45257738,12.9
25.48443023,51.45257254,13
25.48443807,51.45256762,13
25.48444592,51.4525627,13
25.48445377,51.45255779,13
25.48446165,51.45255294,13
25.48446953,51.4525481,13
25.48447742,51.45254326,13
25.4844853,51.45253841,13
25.48449317,51.45253354,13
25.48450104,51.45252867,13
25.48450892,51.45252382,13
25.48451683,51.45251902,13
25.48452474,51.45251423,13
25.48453265,51.45250944,13
25.48454055,51.45250463,13
25.48454846,51.45249983,13
25.48455636,51.45249502,13
25.48456426,51.45249022,12.9
25.48457217,51.45248542,12.9
25.48458007,51.45248062,12.9
25.48458798,51.45247582,12.9
25.48459589,51.45247102,12.8
25.48460379,51.45246622,12.8
25.4846117,51.45246142,12.8
25.48461961,51.45245663,12.7
25.48462752,51.45245184,12.7
25.48463543,51.45244704,12.7
25.48464334,51.45244225,12.6
25.48465124,51.45243745,12.6
25.48465915,51.45243265,12.6
25.48466706,51.45242786,12.5
25.48467495,51.45242303,12.5
25.48468285,51.45241821,12.5
25.48469074,51.45241338,12.4
25.48469864,51.45240858,12.4
25.48470656,51.45240379,12.3
25.48471447,51.452399,12.3
25.48472238,51.45239421,12.2
25.48473028,51.45238941,12.2
25.48473818,51.4523846,12.2
25.48474608,51.45237979,12.1
25.48475399,51.452375,12.1
25.4847619,51.45237021,12.1
25.48476982,51.45236542,12
25.48477773,51.45236063,12
25.48478564,51.45235584,12
25.48479354,51.45235104,11.9
25.48480145,51.45234625,11.9
25.48480937,51.45234146,11.9
25.48481728,51.45233668,11.8
25.48482519,51.45233189,11.8
25.48483311,51.45232711,11.8
25.48484102,51.45232232,11.7
25.48484893,51.45231752,11.7
25.48485683,51.45231273,11.7
25.48486475,51.45230794,11.6
25.48487267,51.45230317,11.6
25.48488059,51.4522984,11.5
25.48488851,51.45229364,11.5
25.48489643,51.45228886,11.5
25.48490435,51.45228408,11.4
25.48491226,51.4522793,11.4
25.48492018,51.45227452,11.4
25.4849281,51.45226976,11.3
25.48493603,51.452265,11.3
25.48494396,51.45226024,11.3
25.48495188,51.45225548,11.2
25.4849598,51.45225071,11.2
25.48496772,51.45224594,11.2
25.48497564,51.45224117,11.1
25.48498356,51.4522364,11.1
25.48499148,51.45223162,11.1
25.4849994,51.45222684,11
25.48500731,51.45222206,11
25.48501523,51.45221729,11
25.48502315,51.45221251,11
25.48503107,51.45220774,11
25.48503899,51.45220296,11.1
25.48504691,51.45219819,11.1
25.48505483,51.45219342,11.1
25.48506275,51.45218864,11.1
25.48507066,51.45218387,11.1
25.48507858,51.45217909,11.1
25.4850865,51.45217431,11.1
25.48509441,51.45216953,11.1
25.48510233,51.45216476,11.1
25.48511024,51.45215996,11.1
25.48511814,51.45215515,11.1
25.48512605,51.45215035,11.1
25.48513395,51.45214555,11.1
25.48514187,51.45214077,11.1
25.48514978,51.45213599,11.1
25.4851577,51.45213121,11.1
25.48516562,51.45212643,11.1
25.48517352,51.45212163,11.1
25.48518142,51.45211682,11.1
25.48518933,51.45211202,11.1
25.48519723,51.45210721,11.1
25.48520513,51.4521024,11.1
25.48521303,51.45209759,11.1
25.48522093,51.45209278,11.1
25.48522883,51.45208796,11.1
25.48523673,51.45208315,11.1
25.48524462,51.45207833,11.1
25.48525252,51.45207351,11
25.48526042,51.45206869,11
25.48526834,51.45206392,11
25.48527626,51.45205915,11
25.48528418,51.45205437,11
25.4852921,51.4520496,11
25.4853,51.4520448,11
25.48530791,51.45204,11
25.48531581,51.4520352,11
25.48532372,51.45203039,10.9
25.48533162,51.45202559,10.9
25.48533952,51.45202078,10.9
25.48534743,51.45201598,10.9
25.48535533,51.45201118,10.9
25.48536323,51.45200636,10.9
25.48537112,51.45200153,10.9
25.48537901,51.45199671,10.9
25.48538691,51.45199189,10.9
25.4853948,51.45198705,10.9
25.48540268,51.45198221,10.9
25.48541057,51.45197737,10.9
25.48541845,51.45197253,10.9
25.48542634,51.4519677,11
25.48543423,51.45196287,11
25.48544213,51.45195804,11
25.48545002,51.45195321,11
25.48545791,51.45194838,11
25.4854658,51.45194355,11
25.48547369,51.45193872,11.1
25.48548158,51.45193389,11.1
25.48548947,51.45192906,11.1
25.48549736,51.45192423,11.1
25.48550525,51.45191939,11.2
25.48551314,51.45191456,11.2
25.48552103,51.45190973,11.2
25.48552892,51.4519049,11.3
25.48553682,51.45190008,11.3
25.48554471,51.45189525,11.4
25.4855526,51.45189042,11.4
25.48556049,51.45188559,11.5
25.48556837,51.45188075,11.5
25.48557626,51.4518759,11.6
25.48558414,51.45187106,11.7
25.48559203,51.45186623,11.8
25.48559992,51.4518614,11.8
25.48560781,51.45185657,11.9
25.48561571,51.45185174,12
25.4856236,51.45184692,12
25.4856315,51.4518421,12.1
25.4856394,51.45183729,12.1
25.4856473,51.45183248,12.2
25.48565519,51.45182766,12.3
25.48566309,51.45182283,12.3
25.48567097,51.451818,12.4
25.48567886,51.45181316,12.4
25.48568675,51.45180833,12.5
25.48569465,51.4518035,12.5
25.48570254,51.45179869,12.5
25.48571044,51.45179388,12.6
25.48571834,51.45178906,12.6
25.48572624,51.45178425,12.7
25.48573415,51.45177945,12.7
25.48574206,51.45177465,12.7
25.48574996,51.45176986,12.8
25.48575787,51.45176506,12.8
25.48576578,51.45176027,12.8
25.4857737,51.45175549,12.9
25.48578161,51.45175071,12.9
25.48578953,51.45174593,12.9
25.48579745,51.45174115,12.9
25.48580537,51.45173638,12.9
25.48581329,51.45173161,13
25.48582121,51.45172684,13
25.48582913,51.45172207,13
25.48583706,51.45171732,13
25.48584499,51.45171257,13
25.48585292,51.45170781,13.1
25.48586085,51.45170306,13.1
25.48586877,51.4516983,13.1
25.4858767,51.45169354,13.2
25.48588462,51.45168877,13.2
25.48589254,51.45168401,13.2
25.48590047,51.45167924,13.2
25.48590839,51.45167448,13.3
25.48591632,51.45166973,13.3
25.48592425,51.45166497,13.4
25.48593218,51.45166022,13.4
25.48594011,51.45165546,13.4
25.48594804,51.45165071,13.5
25.48595596,51.45164595,13.5
25.48596389,51.4516412,13.6
25.48597182,51.45163645,13.6
25.48597976,51.45163172,13.6
25.4859877,51.45162699,13.7
25.48599565,51.45162226,13.7
25.48600359,51.45161753,13.7
25.48601152,51.4516128,13.8
25.48601945,51.45160804,13.8
25.48602738,51.45160329,13.8
25.48603531,51.45159854,13.9
25.48604324,51.45159379,13.9
25.48605119,51.45158906,13.9
25.48605913,51.45158435,13.9
25.48606708,51.45157963,13.9
25.48607503,51.45157491,14
25.48608297,51.45157019,14
25.4860909,51.45156544,14
25.48609884,51.4515607,14
25.48610677,51.45155595,14
25.4861147,51.45155121,14
25.48612263,51.45154646,13.9
25.48613056,51.4515417,13.9
25.48613849,51.45153695,13.9
25.48614642,51.45153219,13.8
25.48615435,51.45152744,13.8
25.48616228,51.45152268,13.7
25.4861702,51.45151792,13.7
25.48617813,51.45151317,13.7
25.48618606,51.45150841,13.6
25.48619398,51.45150365,13.6
25.4862019,51.45149887,13.5
25.48620981,51.45149409,13.5
25.48621773,51.45148931,13.5
25.48622564,51.45148453,13.4
25.48623356,51.45147974,13.4
25.48624147,51.45147495,13.4
25.48624938,51.45147016,13.4
25.48625729,51.45146538,13.3
25.48626521,51.45146059,13.3
25.48627312,51.4514558,13.3
25.48628103,51.45145102,13.3
25.48628895,51.45144623,13.2
25.48629686,51.45144145,13.2
25.48630477,51.45143665,13.2
25.48631267,51.45143185,13.2
25.48632058,51.45142705,13.1
25.48632848,51.45142225,13.1
25.48633639,51.45141745,13.1
25.4863443,51.45141266,13.1
25.48635221,51.45140788,13.1
25.48636013,51.45140309,13.1
25.48636804,51.45139831,13
25.48637596,51.45139352,13
25.48638386,51.45138873,13
25.48639177,51.45138393,13
25.48639968,51.45137914,13
25.48640759,51.45137434,13
25.4864155,51.45136955,13
25.48642341,51.45136475,13
25.48643132,51.45135996,13
25.48643923,51.45135517,12.9
25.48644713,51.45135037,12.9
25.48645505,51.4513456,12.9
25.48646297,51.45134083,12.9
25.4864709,51.45133606,12.9
25.48647882,51.45133129,12.9
25.48648674,51.45132652,12.9
25.48649465,51.45132172,12.9
25.48650255,51.45131692,12.8
25.48651046,51.45131212,12.8
25.48651836,51.45130732,12.8
25.48652627,51.45130253,12.8
25.48653419,51.45129776,12.8
25.48654211,51.45129299,12.8
25.48655003,51.45128822,12.8
25.48655795,51.45128345,12.8
25.48656588,51.45127868,12.8
25.4865738,51.45127392,12.7
25.48658172,51.45126915,12.7
25.48658965,51.45126439,12.7
25.48659757,51.45125962,12.7
25.4866055,51.45125486,12.7
25.48661342,51.4512501,12.7
25.48662135,51.45124534,12.7
25.48662927,51.45124058,12.7
25.4866372,51.45123582,12.7
25.48664511,51.45123104,12.7
25.48665303,51.45122626,12.6
25.48666095,51.45122148,12.6
25.48666886,51.4512167,12.6
25.48667678,51.45121192,12.6
25.48668471,51.45120717,12.7
25.48669264,51.45120242,12.7
25.48670057,51.45119768,12.7
25.4867085,51.45119293,12.7
25.48671643,51.45118817,12.7
25.48672436,51.45118341,12.7
25.48673228,51.45117865,12.8
25.48674021,51.45117389,12.8
25.48674813,51.45116913,12.8
25.48675606,51.45116437,12.8
25.48676399,51.45115962,12.8
25.48677192,51.45115487,12.8
25.48677985,51.45115011,12.9
25.48678778,51.45114536,12.9
25.4867957,51.45114058,12.9
25.48680361,51.4511358,12.9
25.48681153,51.45113102,12.9
25.48681944,51.45112623,12.9
25.48682736,51.45112146,13
25.4868353,51.45111673,13
25.48684324,51.45111201,13
25.48685119,51.45110728,13
25.48685913,51.45110255,13
25.48686707,51.45109782,13.1
25.486875,51.45109307,13.1
25.48688293,51.45108833,13.1
25.48689087,51.45108359,13.1
25.4868988,51.45107884,13.1
25.48690674,51.4510741,13.2
25.48691467,51.45106935,13.2
25.4869226,51.4510646,13.2
25.48693053,51.45105985,13.2
25.48693846,51.4510551,13.2
25.48694637,51.45105031,13.2
25.48695428,51.45104552,13.1
25.48696219,51.45104072,13.1
25.4869701,51.45103593,13.1
25.48697801,51.45103114,13
25.48698594,51.45102638,13
25.48699386,51.45102163,13
25.48700179,51.45101687,12.9
25.48700972,51.45101211,12.9
25.48701764,51.45100734,12.8
25.48702556,51.45100256,12.8
25.48703347,51.45099778,12.8
25.48704139,51.450993,12.7
25.4870493,51.45098822,12.7
25.48705722,51.45098344,12.6
25.48706512,51.45097864,12.6
25.48707303,51.45097384,12.6
25.48708094,51.45096905,12.5
25.48708885,51.45096425,12.5
25.48709676,51.45095947,12.4
25.48710468,51.45095469,12.4
25.4871126,51.45094991,12.4
25.48712051,51.45094513,12.3
25.48712842,51.45094035,12.3
25.48713632,51.45093553,12.3
25.48714422,51.45093072,12.2
25.48715212,51.4509259,12.2
25.48716002,51.45092109,12.1
25.48716793,51.4509163,12.1
25.48717585,51.45091153,12.1
25.48718378,51.45090677,12
25.4871917,51.45090201,12
25.48719963,51.45089724,11.9
25.48720755,51.45089247,11.9
25.48721546,51.45088769,11.9
25.48722338,51.45088291,11.8
25.4872313,51.45087813,11.8
25.48723921,51.45087335,11.7
25.48724713,51.45086857,11.7
25.48725504,51.45086379,11.7
25.48726296,51.45085901,11.6
25.48727088,51.45085423,11.6
25.48727879,51.45084945,11.5
25.48728669,51.45084465,11.5
25.4872946,51.45083985,11.4
25.48730251,51.45083506,11.4
25.48731042,51.45083026,11.4
25.48731833,51.45082547,11.3
25.48732624,51.45082069,11.3
25.48733416,51.4508159,11.2
25.48734207,51.45081112,11.1
25.48734998,51.45080633,11.1
25.4873579,51.45080155,11
25.48736581,51.45079677,11
25.48737373,51.45079199,10.9
25.48738164,51.45078721,10.9
25.48738956,51.45078243,10.8
25.48739748,51.45077766,10.7
25.4874054,51.45077289,10.7
25.48741332,51.45076812,10.6
25.48742124,51.45076334,10.6
25.48742917,51.45075858,10.5
25.48743709,51.45075381,10.5
25.48744501,51.45074904,10.4
25.48745293,51.45074427,10.3
25.48746083,51.45073946,10.3
25.48746873,51.45073465,10.2
25.48747663,51.45072984,10.2
25.48748454,51.45072503,10.1
25.48749245,51.45072026,10.1
25.48750038,51.45071549,10
25.4875083,51.45071072,10
25.48751622,51.45070596,10
25.48752414,51.45070118,10
25.48753205,51.45069638,9.9
25.48753996,51.45069159,9.9
25.48754787,51.4506868,9.9
25.48755578,51.45068201,9.9
25.48756368,51.45067721,9.9
25.48757159,51.45067242,9.9
25.4875795,51.45066762,9.9
25.48758741,51.45066284,9.9
25.48759534,51.45065807,9.9
25.48760326,51.45065331,9.9
25.48761118,51.45064854,9.9
25.48761911,51.45064377,9.9
25.48762702,51.45063898,9.9
25.48763493,51.45063419,9.9
25.48764284,51.45062941,9.9
25.48765075,51.45062462,9.9
25.48765868,51.45061985,9.9
25.4876666,51.45061509,9.9
25.48767452,51.45061032,9.9
25.48768244,51.45060555,9.9
25.48769036,51.45060078,9.9
25.48769828,51.450596,9.9
25.48770619,51.45059122,9.9
25.48771411,51.45058645,9.9
25.48772205,51.45058171,9.9
25.48772999,51.45057697,9.9
25.48773792,51.45057223,9.9
25.48774586,51.45056749,10
25.48775379,51.45056275,10
25.48776172,51.450558,10
25.48776966,51.45055325,10
25.48777758,51.45054849,10
25.4877855,51.45054372,10
25.48779343,51.45053896,10.1
25.48780135,51.45053419,10.1
25.4878093,51.45052948,10.1
25.48781726,51.45052479,10.1
25.48782522,51.45052009,10.1
25.48783317,51.45051538,10.1
25.48784108,51.45051059,10.2
25.48784899,51.4505058,10.2
25.48785689,51.450501,10.2
25.48786483,51.45049626,10.2
25.48787277,51.45049154,10.2
25.48788072,51.45048682,10.2
25.48788866,51.4504821,10.3
25.48789658,51.45047731,10.3
25.48790449,51.45047253,10.3
25.48791241,51.45046775,10.3
25.48792034,51.450463,10.3
25.48792828,51.45045826,10.4
25.48793621,51.45045352,10.4
25.48794415,51.45044878,10.4
25.48795208,51.45044403,10.4
25.48796001,51.45043928,10.4
25.48796793,51.45043452,10.4
25.48797587,51.45042979,10.5
25.48798381,51.45042505,10.5
25.48799175,51.45042032,10.5
25.4879997,51.4504156,10.5
25.48800764,51.45041088,10.5
25.48801559,51.45040616,10.5
25.48802353,51.45040144,10.6
25.48803148,51.45039672,10.6
25.48803943,51.450392,10.6
25.48804738,51.45038729,10.6
25.48805533,51.45038259,10.6
25.48806329,51.4503779,10.7
25.48807124,51.4503732,10.7
25.4880792,51.4503685,10.7
25.48808716,51.4503638,10.7
25.48809511,51.4503591,10.7
25.48810305,51.45035437,10.8
25.48811099,51.45034964,10.8
25.48811894,51.45034493,10.8
25.48812689,51.45034022,10.8
25.48813484,51.4503355,10.9
25.48814276,51.45033073,10.9
25.48815067,51.45032594,10.9
25.48815859,51.45032117,10.9
25.48816654,51.45031646,10.9
25.48817449,51.45031175,10.9
25.48818242,51.45030699,10.9
25.48819032,51.45030218,11
25.48819822,51.45029738,11
25.48820615,51.45029261,11
25.48821407,51.45028785,11
25.48822201,51.45028312,11
25.48822996,51.45027841,11
25.48823791,51.4502737,11
25.48824587,51.45026901,11.1
25.48825383,51.45026431,11.1
25.48826175,51.45025954,11.1
25.48826967,51.45025477,11.2
25.48827763,51.45025007,11.2
25.48828559,51.45024538,11.2
25.48829351,51.45024062,11.3
25.48830144,51.45023586,11.3
25.48830936,51.45023109,11.3
25.4883173,51.45022636,11.4
25.48832525,51.45022165,11.4
25.48833317,51.45021687,11.4
25.48834111,51.45021214,11.5
25.4883491,51.45020752,11.5
25.48835701,51.45020273,11.5
25.48836494,51.45019798,11.5
25.48837288,51.45019325,11.6
25.48838083,51.45018854,11.6
25.48838881,51.45018388,11.6
25.48839686,51.45017938,11.6
25.48840494,51.45017496,11.6
25.48841238,51.4501714,11.7
