PARSFILE
#FullDataName Road: X-Y-Z Coordinates of Reference Line`Lusail`
#RingCtrl0 2
#RingCtrl1 1
DEFINE_PATHS 1
IPATH = NPATH
PATH_ID = IPATH
DEFINE_XY_TABLES 1
ITAB_XY = NTAB_XY
XY_TABLE_ID = ITAB_XY
SET_DESCRIPTION PATH_ID Lusail
SET_DESCRIPTION XY_TABLE_ID Lusail
IPATHSEG = 1
PATH_ID_DM = PATH_ID
SEGMENT_TYPE = 1
XY_SEGMENT_ID = XY_TABLE_ID

#CheckBox0 0    
OPT_PATH_LOOP 0

#RadioCtrl0 0    

SPATH_START 0
#DiagramTwo0
*3D_DATA 3, 3677 ! columns x rows
*ALL_CARPET
0, 1, 2, 3
0.0000, 0.0000, 11.7000, 0.000
-0.4326, 0.9040, 11.7000, 1.002
-0.8953, 1.7936, 11.7000, 2.005
-1.3821, 2.6698, 11.7000, 3.007
-1.8930, 3.5316, 11.7000, 4.009
-2.4190, 4.3855, 11.7000, 5.012
-2.9550, 5.2328, 11.7000, 6.015
-3.4920, 6.0779, 11.8000, 7.016
-4.0330, 6.9219, 11.8000, 8.018
-4.5810, 7.7603, 11.8000, 9.020
-5.1401, 8.5920, 11.8000, 10.022
-5.6992, 9.4238, 11.8000, 11.024
-6.2602, 10.2533, 11.8000, 12.026
-6.8113, 11.0906, 11.8000, 13.028
-7.3623, 11.9279, 11.8000, 14.031
-7.9124, 12.7663, 11.9000, 15.033
-8.4524, 13.6091, 11.9000, 16.034
-8.9914, 14.4542, 11.9000, 17.037
-9.5274, 15.3015, 11.9000, 18.039
-10.0593, 16.1511, 11.9000, 19.042
-10.5883, 17.0017, 11.9000, 20.043
-11.1163, 17.8535, 11.9000, 21.045
-11.6422, 18.7063, 11.9000, 22.047
-12.1672, 19.5603, 11.9000, 23.050
-12.6921, 20.4143, 11.9000, 24.052
-13.2181, 21.2671, 11.9000, 25.054
-13.7440, 22.1211, 11.9000, 26.057
-14.2629, 22.9784, 11.8000, 27.059
-14.7678, 23.8446, 11.8000, 28.062
-15.2556, 24.7197, 11.8000, 29.064
-15.7615, 25.5848, 11.8000, 30.066
-16.2804, 26.4422, 11.8000, 31.068
-16.7813, 27.3106, 11.8000, 32.071
-17.2751, 28.1824, 11.8000, 33.073
-17.7840, 29.0463, 11.8000, 34.075
-18.2969, 29.9070, 11.8000, 35.077
-18.8008, 30.7743, 11.8000, 36.080
-19.3016, 31.6427, 11.8000, 37.083
-19.7955, 32.5145, 11.8000, 38.085
-20.2873, 33.3885, 11.8000, 39.087
-20.7791, 34.2614, 11.8000, 40.089
-21.2720, 35.1343, 11.8000, 41.092
-21.7608, 36.0094, 11.8000, 42.094
-22.2466, 36.8856, 11.8000, 43.096
-22.7324, 37.7629, 11.8000, 44.099
-23.2172, 38.6402, 11.8000, 45.101
-23.7030, 39.5176, 11.7000, 46.104
-24.1958, 40.3904, 11.7000, 47.106
-24.6876, 41.2633, 11.7000, 48.108
-25.1785, 42.1373, 11.7000, 49.111
-25.6683, 43.0124, 11.7000, 50.114
-26.1601, 43.8853, 11.7000, 51.116
-26.6529, 44.7593, 11.7000, 52.119
-27.1448, 45.6322, 11.6000, 53.121
-27.6265, 46.5117, 11.6000, 54.124
-28.1073, 47.3913, 11.6000, 55.126
-28.5881, 48.2708, 11.6000, 56.128
-29.0699, 49.1504, 11.6000, 57.131
-29.5517, 50.0288, 11.5000, 58.133
-30.0395, 50.9050, 11.5000, 59.136
-30.5263, 51.7813, 11.5000, 60.138
-31.0121, 52.6575, 11.5000, 61.140
-31.4959, 53.5359, 11.4000, 62.143
-31.9797, 54.4143, 11.4000, 63.146
-32.4605, 55.2939, 11.3000, 64.148
-32.9413, 56.1723, 11.3000, 65.150
-33.4261, 57.0508, 11.3000, 66.153
-33.9129, 57.9270, 11.2000, 67.155
-34.4007, 58.8032, 11.2000, 68.158
-34.8815, 59.6828, 11.1000, 69.161
-35.3603, 60.5623, 11.1000, 70.162
-35.8410, 61.4430, 11.1000, 71.165
-36.3258, 62.3203, 11.0000, 72.168
-36.8116, 63.1965, 11.0000, 73.170
-37.2964, 64.0739, 11.0000, 74.172
-37.7812, 64.9512, 10.9000, 75.174
-38.2670, 65.8285, 10.9000, 76.177
-38.7498, 66.7069, 10.8000, 77.180
-39.2326, 67.5854, 10.8000, 78.182
-39.7154, 68.4649, 10.8000, 79.185
-40.1942, 69.3456, 10.7000, 80.188
-40.6720, 70.2263, 10.7000, 81.190
-41.1507, 71.1069, 10.6000, 82.192
-41.6265, 71.9898, 10.6000, 83.195
-42.1033, 72.8716, 10.6000, 84.197
-42.5791, 73.7534, 10.5000, 85.199
-43.0538, 74.6374, 10.5000, 86.203
-43.5276, 75.5203, 10.4000, 87.205
-44.0013, 76.4043, 10.4000, 88.208
-44.4731, 77.2883, 10.3000, 89.210
-44.9438, 78.1734, 10.3000, 90.212
-45.4186, 79.0563, 10.3000, 91.215
-45.8964, 79.9380, 10.2000, 92.218
-46.3751, 80.8187, 10.1000, 93.220
-46.8559, 81.6982, 10.1000, 94.222
-47.3387, 82.5767, 10.0000, 95.225
-47.8225, 83.4551, 10.0000, 96.228
-48.3053, 84.3336, 10.0000, 97.230
-48.7871, 85.2120, 9.9000, 98.232
-49.2699, 86.0916, 9.9000, 99.235
-49.7507, 86.9711, 9.9000, 100.238
-50.2305, 87.8507, 9.9000, 101.239
-50.7092, 88.7313, 9.9000, 102.242
-51.1850, 89.6142, 9.8000, 103.245
-51.6537, 90.5004, 9.8000, 104.247
-52.1215, 91.3867, 9.8000, 105.249
-52.5922, 92.2729, 9.8000, 106.253
-53.0710, 93.1524, 9.8000, 107.254
-53.5508, 94.0331, 9.8000, 108.257
-54.0306, 94.9138, 9.7000, 109.260
-54.5093, 95.7944, 9.7000, 110.262
-54.9881, 96.6751, 9.7000, 111.265
-55.4669, 97.5558, 9.7000, 112.267
-55.9246, 98.4475, 9.7000, 113.270
-56.3773, 99.3427, 9.7000, 114.273
-56.8299, 100.2367, 9.7000, 115.275
-57.2816, 101.1318, 9.7000, 116.277
-57.7323, 102.0280, 9.7000, 117.281
-58.1830, 102.9231, 9.7000, 118.283
-58.6467, 103.8116, 9.7000, 119.285
-59.1345, 104.6878, 9.7000, 120.288
-59.6233, 105.5629, 9.7000, 121.290
-60.1121, 106.4380, 9.7000, 122.292
-60.6050, 107.3109, 9.7000, 123.295
-61.0978, 108.1838, 9.7000, 124.297
-61.5906, 109.0566, 9.7000, 125.300
-62.0754, 109.9340, 9.7000, 126.302
-62.5582, 110.8124, 9.7000, 127.304
-63.0400, 111.6920, 9.7000, 128.307
-63.5218, 112.5704, 9.7000, 129.309
-64.0016, 113.4511, 9.7000, 130.312
-64.4824, 114.3306, 9.7000, 131.314
-64.9621, 115.2113, 9.7000, 132.317
-65.4469, 116.0886, 9.8000, 133.320
-65.9317, 116.9659, 9.8000, 134.322
-66.4175, 117.8433, 9.8000, 135.325
-66.9043, 118.7184, 9.8000, 136.326
-67.3932, 119.5935, 9.8000, 137.329
-67.8830, 120.4686, 9.9000, 138.332
-68.3708, 121.3448, 9.9000, 139.334
-68.8516, 122.2244, 9.9000, 140.337
-69.3334, 123.1039, 9.9000, 141.340
-69.8141, 123.9823, 9.9000, 142.341
-70.3010, 124.8597, 9.9000, 143.344
-70.7898, 125.7348, 10.0000, 144.347
-71.2786, 126.6088, 10.0000, 145.348
-71.7684, 127.4839, 10.0000, 146.351
-72.2562, 128.3601, 10.0000, 147.354
-72.7440, 129.2352, 10.0000, 148.356
-73.2318, 130.1114, 10.0000, 149.359
-73.7196, 130.9865, 10.0000, 150.360
-74.2085, 131.8627, 10.0000, 151.364
-74.6963, 132.7378, 10.1000, 152.366
-75.1851, 133.6129, 10.1000, 153.368
-75.6759, 134.4869, 10.1000, 154.370
-76.1677, 135.3609, 10.1000, 155.373
-76.6586, 136.2349, 10.1000, 156.376
-77.1474, 137.1100, 10.2000, 157.378
-77.6352, 137.9862, 10.2000, 158.381
-78.1220, 138.8624, 10.2000, 159.383
-78.6088, 139.7387, 10.2000, 160.386
-79.0956, 140.6149, 10.2000, 161.388
-79.5824, 141.4911, 10.2000, 162.390
-80.0702, 142.3673, 10.3000, 163.393
-80.5570, 143.2435, 10.3000, 164.396
-81.0428, 144.1197, 10.3000, 165.397
-81.5286, 144.9971, 10.3000, 166.400
-82.0144, 145.8733, 10.3000, 167.402
-82.5002, 146.7506, 10.3000, 168.405
-82.9840, 147.6279, 10.3000, 169.407
-83.4688, 148.5053, 10.3000, 170.409
-83.9536, 149.3837, 10.3000, 171.413
-84.4374, 150.2610, 10.3000, 172.414
-84.9202, 151.1395, 10.3000, 173.417
-85.4040, 152.0179, 10.3000, 174.420
-85.8878, 152.8964, 10.3000, 175.423
-86.3776, 153.7704, 10.3000, 176.424
-86.8674, 154.6455, 10.3000, 177.427
-87.3573, 155.5194, 10.3000, 178.429
-87.8441, 156.3957, 10.3000, 179.432
-88.3269, 157.2741, 10.3000, 180.434
-88.8097, 158.1525, 10.3000, 181.436
-89.2924, 159.0310, 10.3000, 182.439
-89.7783, 159.9083, 10.3000, 183.442
-90.2651, 160.7845, 10.3000, 184.444
-90.7519, 161.6607, 10.3000, 185.446
-91.2387, 162.5381, 10.3000, 186.450
-91.7275, 163.4121, 10.3000, 187.451
-92.2173, 164.2872, 10.3000, 188.454
-92.7061, 165.1623, 10.2000, 189.456
-93.1959, 166.0374, 10.2000, 190.459
-93.6898, 166.9091, 10.2000, 191.461
-94.1836, 167.7820, 10.2000, 192.464
-94.6774, 168.6538, 10.2000, 193.466
-95.1693, 169.5278, 10.2000, 194.469
-95.6571, 170.4029, 10.1000, 195.471
-96.1439, 171.2791, 10.1000, 196.473
-96.6317, 172.1553, 10.1000, 197.476
-97.1205, 173.0304, 10.1000, 198.478
-97.6113, 173.9044, 10.0000, 199.481
-98.1021, 174.7784, 10.0000, 200.483
-98.5930, 175.6524, 10.0000, 201.485
-99.0828, 176.5264, 9.9000, 202.487
-99.5736, 177.4015, 9.9000, 203.491
-100.0634, 178.2755, 9.8000, 204.492
-100.5532, 179.1506, 9.8000, 205.495
-101.0441, 180.0246, 9.7000, 206.498
-101.5359, 180.8975, 9.7000, 207.500
-102.0277, 181.7715, 9.7000, 208.502
-102.5185, 182.6455, 9.6000, 209.505
-103.0104, 183.5183, 9.6000, 210.507
-103.5022, 184.3923, 9.5000, 211.510
-103.9940, 185.2663, 9.5000, 212.512
-104.4858, 186.1392, 9.5000, 213.514
-104.9747, 187.0143, 9.4000, 214.517
-105.4635, 187.8894, 9.4000, 215.519
-105.9523, 188.7645, 9.3000, 216.521
-106.4411, 189.6396, 9.3000, 217.524
-106.9309, 190.5147, 9.3000, 218.527
-107.4217, 191.3887, 9.2000, 219.529
-107.9116, 192.2638, 9.2000, 220.532
-108.4014, 193.1378, 9.1000, 221.534
-108.8892, 194.0140, 9.1000, 222.537
-109.3760, 194.8902, 9.1000, 223.539
-109.8618, 195.7665, 9.0000, 224.541
-110.3486, 196.6427, 9.0000, 225.543
-110.8354, 197.5200, 8.9000, 226.547
-111.3212, 198.3962, 8.9000, 227.549
-111.8070, 199.2735, 8.9000, 228.551
-112.2928, 200.1498, 8.8000, 229.553
-112.7806, 201.0260, 8.8000, 230.556
-113.2684, 201.9011, 8.8000, 231.558
-113.7573, 202.7773, 8.7000, 232.561
-114.2451, 203.6524, 8.7000, 233.563
-114.7319, 204.5286, 8.6000, 234.566
-115.2187, 205.4048, 8.6000, 235.568
-115.7045, 206.2822, 8.6000, 236.571
-116.1913, 207.1584, 8.5000, 237.573
-116.6791, 208.0335, 8.5000, 238.575
-117.1669, 208.9097, 8.5000, 239.578
-117.6557, 209.7848, 8.4000, 240.580
-118.1435, 210.6610, 8.4000, 241.583
-118.6324, 211.5361, 8.4000, 242.586
-119.1212, 212.4112, 8.3000, 243.588
-119.6110, 213.2852, 8.3000, 244.590
-120.0998, 214.1603, 8.3000, 245.592
-120.5896, 215.0354, 8.2000, 246.595
-121.0804, 215.9094, 8.2000, 247.597
-121.5703, 216.7834, 8.2000, 248.599
-122.0611, 217.6585, 8.1000, 249.603
-122.5499, 218.5336, 8.1000, 250.605
-123.0357, 219.4098, 8.0000, 251.607
-123.5205, 220.2872, 8.0000, 252.609
-124.0063, 221.1645, 8.0000, 253.612
-124.4931, 222.0407, 7.9000, 254.614
-124.9829, 222.9158, 7.9000, 255.617
-125.4727, 223.7898, 7.8000, 256.619
-125.9626, 224.6649, 7.8000, 257.622
-126.4524, 225.5389, 7.7000, 258.624
-126.9432, 226.4129, 7.7000, 259.626
-127.4350, 227.2869, 7.6000, 260.629
-127.9269, 228.1598, 7.6000, 261.631
-128.4187, 229.0338, 7.5000, 262.634
-128.9085, 229.9089, 7.5000, 263.637
-129.3973, 230.7840, 7.5000, 264.639
-129.8861, 231.6591, 7.4000, 265.642
-130.3749, 232.5342, 7.4000, 266.644
-130.8638, 233.4093, 7.3000, 267.646
-131.3526, 234.2844, 7.3000, 268.649
-131.8414, 235.1595, 7.3000, 269.651
-132.3292, 236.0346, 7.2000, 270.653
-132.8180, 236.9097, 7.2000, 271.655
-133.3068, 237.7848, 7.2000, 272.658
-133.7956, 238.6599, 7.2000, 273.660
-134.2855, 239.5350, 7.2000, 274.663
-134.7743, 240.4101, 7.2000, 275.665
-135.2641, 241.2852, 7.2000, 276.668
-135.7539, 242.1603, 7.3000, 277.671
-136.2437, 243.0343, 7.3000, 278.673
-136.7335, 243.9094, 7.3000, 279.676
-137.2224, 244.7845, 7.3000, 280.678
-137.7102, 245.6596, 7.3000, 281.680
-138.1980, 246.5358, 7.3000, 282.683
-138.6858, 247.4109, 7.4000, 283.685
-139.1736, 248.2872, 7.4000, 284.688
-139.6594, 249.1634, 7.4000, 285.689
-140.1462, 250.0396, 7.4000, 286.692
-140.6330, 250.9169, 7.4000, 287.695
-141.1198, 251.7931, 7.4000, 288.697
-141.6066, 252.6693, 7.5000, 289.700
-142.0934, 253.5456, 7.5000, 290.702
-142.5802, 254.4218, 7.5000, 291.705
-143.0671, 255.2980, 7.5000, 292.707
-143.5539, 256.1742, 7.5000, 293.709
-144.0387, 257.0515, 7.6000, 294.712
-144.5245, 257.9289, 7.6000, 295.715
-145.0103, 258.8051, 7.6000, 296.716
-145.4961, 259.6824, 7.6000, 297.719
-145.9849, 260.5575, 7.6000, 298.722
-146.4727, 261.4337, 7.6000, 299.725
-146.9615, 262.3088, 7.7000, 300.727
-147.4493, 263.1839, 7.7000, 301.729
-147.9361, 264.0613, 7.7000, 302.732
-148.4209, 264.9386, 7.7000, 303.734
-148.9057, 265.8159, 7.7000, 304.737
-149.3905, 266.6932, 7.7000, 305.739
-149.8763, 267.5695, 7.8000, 306.741
-150.3662, 268.4446, 7.8000, 307.744
-150.8560, 269.3186, 7.9000, 308.746
-151.3468, 270.1937, 8.0000, 309.749
-151.8366, 271.0677, 8.0000, 310.751
-152.3244, 271.9428, 8.1000, 311.753
-152.8132, 272.8190, 8.2000, 312.756
-153.3010, 273.6941, 8.2000, 313.758
-153.7889, 274.5703, 8.3000, 314.761
-154.2767, 275.4454, 8.4000, 315.763
-154.7635, 276.3227, 8.5000, 316.766
-155.2503, 277.1989, 8.5000, 317.769
-155.7371, 278.0752, 8.6000, 318.771
-156.2229, 278.9514, 8.7000, 319.773
-156.7107, 279.8276, 8.7000, 320.776
-157.1975, 280.7038, 8.8000, 321.778
-157.6843, 281.5800, 8.9000, 322.780
-158.1711, 282.4562, 8.9000, 323.783
-158.6579, 283.3325, 9.0000, 324.785
-159.1447, 284.2087, 9.1000, 325.788
-159.6315, 285.0849, 9.1000, 326.790
-160.1184, 285.9622, 9.2000, 327.793
-160.6042, 286.8384, 9.3000, 328.795
-161.0890, 287.7158, 9.3000, 329.798
-161.5727, 288.5942, 9.4000, 330.800
-162.0565, 289.4715, 9.4000, 331.802
-162.5403, 290.3500, 9.5000, 332.805
-163.0251, 291.2273, 9.5000, 333.807
-163.5099, 292.1046, 9.6000, 334.810
-163.9947, 292.9820, 9.6000, 335.812
-164.4795, 293.8593, 9.7000, 336.815
-164.9653, 294.7366, 9.8000, 337.817
-165.4521, 295.6128, 9.8000, 338.820
-165.9390, 296.4890, 9.9000, 339.822
-166.4258, 297.3653, 9.9000, 340.825
-166.9126, 298.2415, 9.9000, 341.827
-167.3994, 299.1177, 10.0000, 342.829
-167.8872, 299.9939, 10.0000, 343.832
-168.3740, 300.8701, 10.1000, 344.834
-168.8618, 301.7463, 10.1000, 345.837
-169.3486, 302.6214, 10.2000, 346.839
-169.8364, 303.4977, 10.2000, 347.842
-170.3232, 304.3739, 10.2000, 348.844
-170.8100, 305.2501, 10.3000, 349.846
-171.2978, 306.1263, 10.3000, 350.849
-171.7837, 307.0036, 10.4000, 351.852
-172.2674, 307.8810, 10.4000, 352.854
-172.7512, 308.7594, 10.4000, 353.857
-173.2350, 309.6367, 10.5000, 354.859
-173.7188, 310.5152, 10.5000, 355.861
-174.2046, 311.3914, 10.5000, 356.863
-174.6914, 312.2687, 10.6000, 357.867
-175.1772, 313.1449, 10.6000, 358.868
-175.6631, 314.0223, 10.6000, 359.871
-176.1489, 314.8985, 10.7000, 360.873
-176.6357, 315.7758, 10.7000, 361.877
-177.1215, 316.6520, 10.7000, 362.878
-177.6073, 317.5282, 10.7000, 363.880
-178.0941, 318.4056, 10.8000, 364.884
-178.5819, 319.2807, 10.8000, 365.886
-179.0697, 320.1569, 10.8000, 366.888
-179.5575, 321.0320, 10.8000, 367.890
-180.0463, 321.9082, 10.8000, 368.894
-180.5331, 322.7844, 10.9000, 369.896
-181.0199, 323.6606, 10.9000, 370.898
-181.5057, 324.5368, 10.9000, 371.900
-181.9925, 325.4142, 10.9000, 372.904
-182.4783, 326.2904, 10.9000, 373.905
-182.9672, 327.1655, 10.9000, 374.908
-183.4570, 328.0395, 11.0000, 375.910
-183.9468, 328.9146, 11.0000, 376.913
-184.4366, 329.7897, 11.0000, 377.915
-184.9264, 330.6637, 11.0000, 378.917
-185.4153, 331.5388, 11.0000, 379.920
-185.9041, 332.4139, 11.0000, 380.922
-186.3939, 333.2890, 11.0000, 381.925
-186.8827, 334.1641, 11.0000, 382.927
-187.3725, 335.0392, 11.1000, 383.930
-187.8623, 335.9132, 11.1000, 384.932
-188.3522, 336.7883, 11.1000, 385.935
-188.8410, 337.6634, 11.1000, 386.937
-189.3308, 338.5374, 11.1000, 387.939
-189.8206, 339.4125, 11.1000, 388.942
-190.3104, 340.2865, 11.1000, 389.944
-190.8002, 341.1616, 11.1000, 390.947
-191.2901, 342.0367, 11.1000, 391.950
-191.7809, 342.9107, 11.1000, 392.952
-192.2707, 343.7847, 11.2000, 393.954
-192.7615, 344.6587, 11.2000, 394.956
-193.2523, 345.5327, 11.2000, 395.959
-193.7432, 346.4067, 11.2000, 396.961
-194.2350, 347.2807, 11.2000, 397.964
-194.7258, 348.1547, 11.2000, 398.966
-195.2176, 349.0275, 11.2000, 399.968
-195.7095, 349.9015, 11.2000, 400.971
-196.1993, 350.7766, 11.2000, 401.974
-196.6891, 351.6506, 11.3000, 402.976
-197.1789, 352.5257, 11.3000, 403.979
-197.6687, 353.3997, 11.3000, 404.981
-198.1586, 354.2748, 11.3000, 405.983
-198.6494, 355.1488, 11.3000, 406.986
-199.1392, 356.0228, 11.3000, 407.988
-199.6300, 356.8968, 11.3000, 408.990
-200.1208, 357.7719, 11.3000, 409.993
-200.6127, 358.6448, 11.3000, 410.995
-201.1045, 359.5188, 11.3000, 411.998
-201.5953, 360.3917, 11.3000, 413.000
-202.0871, 361.2656, 11.3000, 414.002
-202.5800, 362.1385, 11.3000, 415.005
-203.0718, 363.0125, 11.3000, 416.008
-203.5646, 363.8854, 11.2000, 417.010
-204.0564, 364.7583, 11.2000, 418.012
-204.5483, 365.6323, 11.1000, 419.015
-205.0391, 366.5063, 11.1000, 420.017
-205.5299, 367.3803, 11.0000, 421.020
-206.0197, 368.2542, 11.0000, 422.022
-206.5106, 369.1294, 10.9000, 423.025
-206.9994, 370.0033, 10.9000, 424.026
-207.4892, 370.8784, 10.9000, 425.029
-207.9790, 371.7536, 10.8000, 426.032
-208.4678, 372.6287, 10.8000, 427.034
-208.9607, 373.5015, 10.7000, 428.037
-209.4535, 374.3744, 10.7000, 429.039
-209.9473, 375.2473, 10.6000, 430.042
-210.4401, 376.1191, 10.6000, 431.044
-210.9310, 376.9931, 10.5000, 432.046
-211.4198, 377.8682, 10.5000, 433.048
-211.9096, 378.7433, 10.5000, 434.051
-212.3994, 379.6184, 10.4000, 435.054
-212.8892, 380.4924, 10.4000, 436.056
-213.3791, 381.3675, 10.4000, 437.059
-213.8689, 382.2415, 10.4000, 438.061
-214.3587, 383.1166, 10.3000, 439.064
-214.8485, 383.9906, 10.3000, 440.065
-215.3393, 384.8645, 10.3000, 441.068
-215.8291, 385.7396, 10.3000, 442.071
-216.3190, 386.6136, 10.3000, 443.073
-216.8098, 387.4887, 10.3000, 444.076
-217.2976, 388.3638, 10.3000, 445.078
-217.7864, 389.2390, 10.3000, 446.080
-218.2752, 390.1141, 10.3000, 447.083
-218.7630, 390.9903, 10.3000, 448.085
-219.2508, 391.8665, 10.3000, 449.088
-219.7377, 392.7427, 10.3000, 450.091
-220.2245, 393.6189, 10.3000, 451.093
-220.7113, 394.4951, 10.3000, 452.095
-221.1961, 395.3725, 10.3000, 453.098
-221.6809, 396.2498, 10.3000, 454.100
-222.1657, 397.1271, 10.3000, 455.102
-222.6505, 398.0044, 10.3000, 456.105
-223.1353, 398.8818, 10.3000, 457.107
-223.6211, 399.7591, 10.3000, 458.110
-224.1059, 400.6364, 10.3000, 459.112
-224.5917, 401.5138, 10.3000, 460.115
-225.0745, 402.3911, 10.3000, 461.117
-225.5542, 403.2718, 10.3000, 462.120
-226.0330, 404.1524, 10.3000, 463.122
-226.5128, 405.0331, 10.3000, 464.125
-226.9926, 405.9137, 10.3000, 465.128
-227.4714, 406.7933, 10.3000, 466.129
-227.9511, 407.6740, 10.3000, 467.132
-228.4299, 408.5546, 10.3000, 468.134
-228.9087, 409.4353, 10.3000, 469.137
-229.3845, 410.3182, 10.2000, 470.140
-229.8602, 411.2011, 10.2000, 471.143
-230.3350, 412.0828, 10.2000, 472.144
-230.8108, 412.9657, 10.2000, 473.147
-231.2865, 413.8486, 10.2000, 474.150
-231.7613, 414.7315, 10.2000, 475.152
-232.2371, 415.6144, 10.2000, 476.155
-232.7108, 416.4973, 10.1000, 477.157
-233.1846, 417.3813, 10.1000, 478.160
-233.6573, 418.2653, 10.1000, 479.163
-234.1301, 419.1493, 10.1000, 480.165
-234.6038, 420.0322, 10.1000, 481.167
-235.0776, 420.9162, 10.1000, 482.170
-235.5514, 421.7991, 10.0000, 483.172
-236.0251, 422.6831, 10.0000, 484.175
-236.4969, 423.5671, 10.0000, 485.177
-236.9646, 424.4544, 10.1000, 486.180
-237.4323, 425.3406, 10.1000, 487.182
-237.9001, 426.2279, 10.1000, 488.185
-238.3678, 427.1142, 10.1000, 489.187
-238.8376, 428.0004, 10.2000, 490.190
-239.3063, 428.8866, 10.2000, 491.193
-239.7760, 429.7717, 10.2000, 492.195
-240.2398, 430.6613, 10.3000, 493.198
-240.6975, 431.5531, 10.3000, 494.200
-241.1552, 432.4449, 10.3000, 495.203
-241.6129, 433.3366, 10.4000, 496.205
-242.0695, 434.2295, 10.4000, 497.208
-242.5242, 435.1235, 10.4000, 498.211
-242.9779, 436.0175, 10.5000, 499.214
-243.4326, 436.9104, 10.5000, 500.216
-243.8823, 437.8067, 10.6000, 501.218
-244.3309, 438.7029, 10.6000, 502.221
-244.7796, 439.6002, 10.6000, 503.224
-245.2283, 440.4965, 10.7000, 504.226
-245.6669, 441.3983, 10.7000, 505.229
-246.1055, 442.3001, 10.7000, 506.232
-246.5442, 443.2019, 10.7000, 507.235
-246.9818, 444.1036, 10.8000, 508.237
-247.4164, 445.0077, 10.8000, 509.240
-247.8500, 445.9117, 10.8000, 510.243
-248.2846, 446.8157, 10.8000, 511.246
-248.7152, 447.7208, 10.9000, 512.248
-249.1428, 448.6282, 10.9000, 513.251
-249.5694, 449.5355, 10.9000, 514.254
-249.9960, 450.4429, 10.9000, 515.256
-250.4155, 451.3536, 10.9000, 516.259
-250.8311, 452.2665, 11.0000, 517.262
-251.2476, 453.1783, 11.0000, 518.264
-251.6632, 454.0912, 11.0000, 519.267
-252.0697, 455.0085, 11.0000, 520.271
-252.4762, 455.9248, 11.0000, 521.273
-252.8827, 456.8421, 11.0000, 522.277
-253.2832, 457.7606, 10.9000, 523.279
-253.6706, 458.6857, 10.9000, 524.282
-254.0591, 459.6109, 10.9000, 525.285
-254.4465, 460.5360, 10.9000, 526.288
-254.8239, 461.4645, 10.9000, 527.290
-255.1943, 462.3974, 10.8000, 528.294
-255.5646, 463.3292, 10.8000, 529.297
-255.9350, 464.2611, 10.8000, 530.299
-256.2933, 465.1984, 10.8000, 531.303
-256.6517, 466.1347, 10.8000, 532.305
-257.0090, 467.0721, 10.7000, 533.309
-257.3613, 468.0117, 10.7000, 534.312
-257.7016, 468.9546, 10.7000, 535.315
-258.0428, 469.8986, 10.7000, 536.318
-258.3831, 470.8416, 10.6000, 537.321
-258.7073, 471.7912, 10.6000, 538.324
-259.0255, 472.7430, 10.6000, 539.328
-259.3437, 473.6937, 10.6000, 540.330
-259.6588, 474.6467, 10.5000, 541.334
-259.9539, 475.6052, 10.5000, 542.337
-260.2500, 476.5637, 10.5000, 543.340
-260.5451, 477.5222, 10.4000, 544.343
-260.8212, 478.4873, 10.4000, 545.347
-261.0851, 479.4547, 10.4000, 546.350
-261.3481, 480.4232, 10.3000, 547.353
-261.6081, 481.3929, 10.3000, 548.357
-261.8379, 482.3692, 10.3000, 549.360
-262.0678, 483.3454, 10.2000, 550.363
-262.2976, 484.3228, 10.2000, 551.367
-262.5034, 485.3047, 10.2000, 552.370
-262.6941, 486.2899, 10.2000, 553.374
-262.8848, 487.2751, 10.1000, 554.377
-263.0685, 488.2614, 10.1000, 555.381
-263.2211, 489.2532, 10.1000, 556.384
-263.3726, 490.2462, 10.0000, 557.389
-263.5252, 491.2381, 10.0000, 558.392
-263.6396, 492.2344, 10.0000, 559.395
-263.7440, 493.2329, 10.0000, 560.399
-263.8474, 494.2314, 9.9000, 561.403
-263.9327, 495.2311, 9.9000, 562.406
-263.9899, 496.2329, 9.9000, 563.410
-264.0461, 497.2348, 9.8000, 564.413
-264.1003, 498.2378, 9.8000, 565.417
-264.1033, 499.2408, 9.8000, 566.420
-264.1053, 500.2448, 9.8000, 567.424
-264.1084, 501.2489, 9.8000, 568.429
-264.0883, 502.2519, 9.7000, 569.432
-264.0592, 503.2560, 9.7000, 570.436
-264.0301, 504.2590, 9.7000, 571.440
-263.9779, 505.2609, 9.7000, 572.443
-263.8905, 506.2605, 9.7000, 573.446
-263.8022, 507.2601, 9.6000, 574.450
-263.7099, 508.2598, 9.6000, 575.454
-263.5754, 509.2539, 9.6000, 576.457
-263.4409, 510.2491, 9.6000, 577.461
-263.3064, 511.2431, 9.6000, 578.464
-263.1347, 512.2328, 9.6000, 579.469
-262.9561, 513.2202, 9.6000, 580.472
-262.7784, 514.2076, 9.6000, 581.475
-262.5727, 515.1894, 9.6000, 582.479
-262.3498, 516.1680, 9.7000, 583.482
-262.1260, 517.1465, 9.7000, 584.486
-261.8831, 518.1194, 9.7000, 585.489
-261.6041, 519.0835, 9.8000, 586.492
-261.3250, 520.0464, 9.9000, 587.495
-261.0400, 521.0083, 9.9000, 588.498
-260.7117, 521.9568, 10.0000, 589.502
-260.3835, 522.9042, 10.1000, 590.505
-260.0553, 523.8526, 10.1000, 591.508
-259.6849, 524.7845, 10.2000, 592.511
-259.3105, 525.7152, 10.3000, 593.514
-258.9362, 526.6447, 10.3000, 594.516
-258.5286, 527.5621, 10.4000, 595.520
-258.1081, 528.4717, 10.5000, 596.522
-257.6865, 529.3813, 10.6000, 597.525
-257.2379, 530.2775, 10.6000, 598.527
-256.7561, 531.1570, 10.7000, 599.530
-256.2753, 532.0366, 10.8000, 600.532
-255.7825, 532.9084, 10.9000, 601.534
-255.2515, 533.7590, 11.0000, 602.536
-254.7215, 534.6096, 11.1000, 603.539
-254.1885, 535.4581, 11.1000, 604.541
-253.6064, 536.2731, 11.2000, 605.542
-253.0232, 537.0882, 11.3000, 606.544
-252.4400, 537.9032, 11.4000, 607.547
-251.8248, 538.6927, 11.5000, 608.547
-251.2045, 539.4789, 11.6000, 609.549
-250.5832, 540.2650, 11.7000, 610.551
-249.9277, 541.0211, 11.8000, 611.551
-249.2552, 541.7639, 11.9000, 612.554
-248.5837, 542.5056, 12.0000, 613.554
-247.8892, 543.2272, 12.1000, 614.556
-247.1745, 543.9278, 12.2000, 615.556
-246.4608, 544.6294, 12.3000, 616.557
-245.7271, 545.3088, 12.4000, 617.557
-244.9663, 545.9593, 12.4000, 618.558
-244.2055, 546.6098, 12.5000, 619.559
-243.4376, 547.2503, 12.6000, 620.559
-242.6457, 547.8607, 12.6000, 621.559
-241.8527, 548.4712, 12.7000, 622.560
-241.0578, 549.0783, 12.7000, 623.560
-240.2277, 549.6354, 12.7000, 624.560
-239.3966, 550.1925, 12.8000, 625.560
-238.5665, 550.7496, 12.8000, 626.560
-237.7154, 551.2744, 12.8000, 627.560
-236.8622, 551.7948, 12.8000, 628.559
-236.0080, 552.3141, 12.8000, 629.559
-235.1348, 552.7989, 12.8000, 630.558
-234.2505, 553.2659, 12.8000, 631.558
-233.3662, 553.7329, 12.8000, 632.558
-232.4739, 554.1799, 12.8000, 633.556
-231.5686, 554.6036, 12.8000, 634.555
-230.6642, 555.0284, 12.8000, 635.554
-229.7548, 555.4420, 12.8000, 636.553
-228.8284, 555.8156, 12.8000, 637.552
-227.9020, 556.1904, 12.8000, 638.552
-226.9755, 556.5651, 12.8000, 639.551
-226.0320, 556.8931, 12.8000, 640.550
-225.0885, 557.2200, 12.8000, 641.548
-224.1450, 557.5469, 12.8000, 642.547
-223.1855, 557.8249, 12.9000, 643.546
-222.2209, 558.0829, 12.9000, 644.544
-221.2563, 558.3409, 12.9000, 645.543
-220.2867, 558.5777, 12.9000, 646.541
-219.3101, 558.7879, 12.9000, 647.540
-218.3344, 558.9969, 13.0000, 648.538
-217.3558, 559.1960, 13.0000, 649.536
-216.3702, 559.3538, 13.0000, 650.535
-215.3845, 559.5129, 13.0000, 651.533
-214.3978, 559.6708, 13.1000, 652.532
-213.4062, 559.7842, 13.1000, 653.530
-212.4145, 559.8954, 13.1000, 654.528
-211.4218, 560.0054, 13.0000, 655.527
-210.4271, 560.0766, 13.0000, 656.524
-209.4294, 560.1278, 12.9000, 657.523
-208.4327, 560.1789, 12.9000, 658.521
-207.4350, 560.2145, 12.8000, 659.520
-206.4373, 560.2245, 12.8000, 660.517
-205.4386, 560.2345, 12.7000, 661.516
-204.4399, 560.2423, 12.7000, 662.515
-203.4432, 560.1956, 12.6000, 663.513
-202.4455, 560.1489, 12.6000, 664.512
-201.4488, 560.1022, 12.5000, 665.509
-200.4541, 560.0244, 12.5000, 666.507
-199.4594, 559.9309, 12.4000, 667.506
-198.4657, 559.8387, 12.4000, 668.504
-197.4740, 559.7230, 12.3000, 669.503
-196.4873, 559.5718, 12.3000, 670.501
-195.5007, 559.4206, 12.2000, 671.499
-194.5140, 559.2660, 12.2000, 672.498
-193.5364, 559.0636, 12.1000, 673.496
-192.5588, 558.8624, 12.1000, 674.494
-191.5801, 558.6600, 12.0000, 675.493
-190.6095, 558.4276, 12.0000, 676.491
-189.6409, 558.1852, 11.9000, 677.490
-188.6723, 557.9428, 11.9000, 678.488
-187.7098, 557.6759, 11.8000, 679.487
-186.7572, 557.3768, 11.8000, 680.486
-185.8047, 557.0777, 11.7000, 681.484
-184.8532, 556.7741, 11.7000, 682.483
-183.9137, 556.4339, 11.6000, 683.482
-182.9742, 556.0925, 11.6000, 684.482
-182.0357, 555.7522, 11.5000, 685.480
-181.1123, 555.3697, 11.5000, 686.479
-180.1949, 554.9761, 11.4000, 687.478
-179.2765, 554.5825, 11.4000, 688.477
-178.3651, 554.1733, 11.3000, 689.476
-177.4617, 553.7452, 11.3000, 690.476
-176.5584, 553.3171, 11.2000, 691.475
-175.6570, 552.8856, 11.2000, 692.475
-174.7707, 552.4253, 11.1000, 693.473
-173.8834, 551.9661, 11.1000, 694.472
-172.9962, 551.5057, 11.0000, 695.472
-172.1179, 551.0276, 11.0000, 696.472
-171.2426, 550.5439, 10.9000, 697.472
-170.3684, 550.0613, 10.9000, 698.471
-169.4962, 549.5720, 10.8000, 699.471
-168.6289, 549.0750, 10.8000, 700.470
-167.7627, 548.5768, 10.7000, 701.469
-166.8955, 548.0787, 10.7000, 702.470
-166.0373, 547.5661, 10.6000, 703.469
-165.1791, 547.0535, 10.6000, 704.469
-164.3210, 546.5397, 10.6000, 705.469
-163.4678, 546.0205, 10.5000, 706.468
-162.6156, 545.4967, 10.5000, 707.468
-161.7645, 544.9719, 10.4000, 708.468
-160.9143, 544.4459, 10.4000, 709.468
-160.0692, 543.9111, 10.3000, 710.468
-159.2250, 543.3762, 10.3000, 711.467
-158.3799, 542.8414, 10.2000, 712.467
-157.5408, 542.2977, 10.2000, 713.467
-156.7037, 541.7517, 10.2000, 714.467
-155.8656, 541.2057, 10.2000, 715.467
-155.0305, 540.6564, 10.1000, 716.466
-154.1994, 540.0993, 10.1000, 717.467
-153.3683, 539.5434, 10.1000, 718.467
-152.5372, 538.9863, 10.1000, 719.467
-151.7111, 538.4236, 10.1000, 720.467
-150.8841, 537.8610, 10.1000, 721.467
-150.0580, 537.2983, 10.1000, 722.467
-149.2319, 536.7335, 10.1000, 723.467
-148.4079, 536.1675, 10.0000, 724.467
-147.5838, 535.6015, 10.0000, 725.467
-146.7598, 535.0344, 10.0000, 726.467
-145.9417, 534.4595, 10.0000, 727.467
-145.1247, 533.8835, 10.0000, 728.467
-144.3067, 533.3075, 10.0000, 729.467
-143.4926, 532.7260, 10.0000, 730.467
-142.6816, 532.1411, 10.0000, 731.467
-141.8706, 531.5551, 10.0000, 732.468
-141.0596, 530.9702, 9.9000, 733.468
-140.2556, 530.3753, 9.9000, 734.468
-139.4516, 529.7804, 9.9000, 735.468
-138.6466, 529.1856, 9.9000, 736.469
-137.8467, 528.5862, 9.9000, 737.469
-137.0497, 527.9813, 9.9000, 738.469
-136.2528, 527.3764, 9.9000, 739.470
-135.4568, 526.7715, 9.9000, 740.469
-134.6649, 526.1599, 9.9000, 741.470
-133.8739, 525.5484, 9.9000, 742.470
-133.0820, 524.9368, 9.9000, 743.470
-132.2941, 524.3208, 9.8000, 744.471
-131.5112, 523.6970, 9.8000, 745.472
-130.7283, 523.0743, 9.8000, 746.472
-129.9464, 522.4505, 9.8000, 747.472
-129.1705, 521.8189, 9.8000, 748.473
-128.3976, 521.1829, 9.8000, 749.474
-127.6247, 520.5479, 9.8000, 750.474
-126.8539, 519.9108, 9.9000, 751.474
-126.0910, 519.2636, 9.9000, 752.474
-125.3282, 518.6165, 9.9000, 753.475
-124.5654, 517.9682, 9.9000, 754.476
-123.8066, 517.3155, 9.9000, 755.477
-123.0528, 516.6583, 10.0000, 756.477
-122.2990, 516.0001, 10.0000, 757.477
-121.5442, 515.3429, 10.0000, 758.478
-120.8014, 514.6724, 10.0000, 759.479
-120.0597, 514.0008, 10.0000, 760.479
-119.3169, 513.3292, 10.1000, 761.481
-118.5772, 512.6564, 10.1000, 762.481
-117.8414, 511.9770, 10.1000, 763.482
-117.1067, 511.2976, 10.1000, 764.483
-116.3710, 510.6193, 10.2000, 765.484
-115.6423, 509.9344, 10.2000, 766.484
-114.9176, 509.2427, 10.2000, 767.485
-114.1939, 508.5522, 10.2000, 768.486
-113.4692, 507.8606, 10.2000, 769.487
-112.7515, 507.1634, 10.3000, 770.488
-112.0349, 506.4651, 10.3000, 771.489
-111.3172, 505.7668, 10.3000, 772.490
-110.6015, 505.0674, 10.3000, 773.491
-109.8919, 504.3613, 10.4000, 774.492
-109.1823, 503.6552, 10.4000, 775.493
-108.4726, 502.9502, 10.4000, 776.493
-107.7620, 502.2441, 10.4000, 777.495
-107.0524, 501.5380, 10.4000, 778.496
-106.3417, 500.8331, 10.5000, 779.497
-105.6321, 500.1281, 10.5000, 780.497
-104.9215, 499.4220, 10.5000, 781.499
-104.2118, 498.7170, 10.5000, 782.499
-103.5012, 498.0109, 10.6000, 783.501
-102.7916, 497.3060, 10.6000, 784.501
-102.0789, 496.6021, 10.6000, 785.503
-101.3663, 495.9005, 10.6000, 786.503
-100.6526, 495.1977, 10.7000, 787.505
-99.9400, 494.4950, 10.7000, 788.505
-99.2253, 493.7944, 10.8000, 789.506
-98.5107, 493.0928, 10.8000, 790.508
-97.7970, 492.3912, 10.9000, 791.509
-97.0824, 491.6906, 10.9000, 792.509
-96.3637, 490.9945, 10.9000, 793.510
-95.6450, 490.2973, 11.0000, 794.511
-94.9254, 489.6013, 11.0000, 795.512
-94.2047, 488.9063, 11.1000, 796.513
-93.4760, 488.2213, 11.1000, 797.514
-92.7473, 487.5353, 11.2000, 798.514
-92.0186, 486.8492, 11.2000, 799.515
-91.2889, 486.1642, 11.3000, 800.516
-90.5561, 485.4815, 11.3000, 801.518
-89.8244, 484.7988, 11.4000, 802.518
-89.0927, 484.1160, 11.4000, 803.519
-88.3570, 483.4377, 11.4000, 804.520
-87.6172, 482.7639, 11.4000, 805.521
-86.8775, 482.0901, 11.5000, 806.521
-86.1377, 481.4162, 11.5000, 807.522
-85.3940, 480.7468, 11.5000, 808.522
-84.6462, 480.0819, 11.5000, 809.523
-83.8984, 479.4169, 11.5000, 810.524
-83.1507, 478.7520, 11.5000, 811.524
-82.4009, 478.0893, 11.5000, 812.525
-81.6491, 477.4288, 11.5000, 813.526
-80.8983, 476.7672, 11.5000, 814.526
-80.1465, 476.1067, 11.5000, 815.527
-79.3927, 475.4484, 11.5000, 816.528
-78.6359, 474.7934, 11.5000, 817.529
-77.8801, 474.1385, 11.5000, 818.529
-77.1243, 473.4825, 11.5000, 819.530
-76.3645, 472.8309, 11.5000, 820.531
-75.6046, 472.1804, 11.5000, 821.531
-74.8438, 471.5310, 11.5000, 822.531
-74.0830, 470.8805, 11.5000, 823.532
-73.3192, 470.2344, 11.5000, 824.533
-72.5533, 469.5895, 11.5000, 825.534
-71.7885, 468.9446, 11.5000, 826.534
-71.0236, 468.3008, 11.5000, 827.534
-70.2538, 467.6614, 11.5000, 828.535
-69.4829, 467.0243, 11.6000, 829.535
-68.7111, 466.3871, 11.6000, 830.536
-67.9402, 465.7500, 11.6000, 831.536
-67.1663, 465.1150, 11.6000, 832.537
-66.3924, 464.4801, 11.6000, 833.538
-65.6186, 463.8463, 11.6000, 834.538
-64.8447, 463.2125, 11.6000, 835.538
-64.0658, 462.5842, 11.6000, 836.539
-63.2859, 461.9582, 11.6000, 837.539
-62.5050, 461.3333, 11.6000, 838.539
-61.7251, 460.7073, 11.6000, 839.539
-60.9412, 460.0846, 11.6000, 840.541
-60.1583, 459.4630, 11.6000, 841.540
-59.3744, 458.8414, 11.7000, 842.541
-58.5905, 458.2187, 11.7000, 843.542
-57.8046, 457.6005, 11.7000, 844.542
-57.0176, 456.9822, 11.7000, 845.543
-56.2317, 456.3640, 11.7000, 846.542
-55.4448, 455.7458, 11.7000, 847.543
-54.6539, 455.1342, 11.7000, 848.543
-53.8599, 454.5248, 11.7000, 849.544
-53.0670, 453.9155, 11.7000, 850.544
-52.2730, 453.3061, 11.7000, 851.545
-51.4761, 452.7023, 11.7000, 852.544
-50.6781, 452.0986, 11.7000, 853.545
-49.8802, 451.4959, 11.7000, 854.545
-49.0822, 450.8932, 11.7000, 855.545
-48.2782, 450.2983, 11.7000, 856.545
-47.4712, 449.7068, 11.7000, 857.546
-46.6652, 449.1152, 11.6000, 858.546
-45.8582, 448.5236, 11.6000, 859.546
-45.0532, 447.9299, 11.6000, 860.546
-44.2493, 447.3350, 11.6000, 861.547
-43.4453, 446.7401, 11.5000, 862.547
-42.6413, 446.1452, 11.5000, 863.547
-41.8293, 445.5614, 11.4000, 864.547
-41.0112, 444.9854, 11.4000, 865.548
-40.1942, 444.4094, 11.3000, 866.547
-39.3762, 443.8334, 11.3000, 867.548
-38.5551, 443.2630, 11.3000, 868.547
-37.7311, 442.6959, 11.2000, 869.548
-36.9080, 442.1288, 11.2000, 870.547
-36.0839, 441.5617, 11.1000, 871.548
-35.2569, 441.0002, 11.1000, 872.547
-34.4268, 440.4420, 11.1000, 873.548
-33.5967, 439.8838, 11.1000, 874.548
-32.7676, 439.3267, 11.0000, 875.547
-31.9355, 438.7718, 11.0000, 876.547
-31.0994, 438.2214, 11.0000, 877.548
-30.2643, 437.6721, 11.0000, 878.547
-29.4292, 437.1217, 11.0000, 879.548
-28.5941, 436.5724, 11.0000, 880.547
-27.7580, 436.0242, 10.9000, 881.547
-26.9219, 435.4749, 10.9000, 882.547
-26.0868, 434.9267, 10.9000, 883.546
-25.2487, 434.3796, 10.9000, 884.547
-24.4086, 433.8381, 10.9000, 885.547
-23.5685, 433.2955, 10.9000, 886.547
-22.7284, 432.7529, 10.9000, 887.547
-21.8882, 432.2125, 10.9000, 888.546
-21.0441, 431.6765, 10.9000, 889.546
-20.2000, 431.1394, 11.0000, 890.546
-19.3569, 430.6035, 11.0000, 891.545
-18.5127, 430.0664, 11.0000, 892.546
-17.6696, 429.5304, 11.0000, 893.545
-16.8255, 428.9934, 11.0000, 894.545
-15.9813, 428.4574, 11.0000, 895.545
-15.1372, 427.9214, 11.0000, 896.545
-14.2921, 427.3877, 11.0000, 897.545
-13.4459, 426.8551, 11.0000, 898.545
-12.6008, 426.3213, 11.0000, 899.544
-11.7546, 425.7876, 11.0000, 900.545
-10.9085, 425.2561, 11.0000, 901.544
-10.0613, 424.7246, 11.0000, 902.544
-9.2152, 424.1920, 11.0000, 903.544
-8.3681, 423.6605, 11.0000, 904.544
-7.5209, 423.1289, 11.0000, 905.544
-6.6738, 422.5974, 11.0000, 906.544
-5.8276, 422.0670, 11.0000, 907.543
-4.9795, 421.5355, 11.0000, 908.543
-4.1303, 421.0085, 11.0000, 909.543
-3.2812, 420.4803, 11.0000, 910.543
-2.4320, 419.9532, 11.0000, 911.542
-1.5839, 419.4250, 11.1000, 912.541
-0.7357, 418.8946, 11.1000, 913.542
0.1124, 418.3642, 11.1000, 914.542
0.9596, 417.8350, 11.1000, 915.541
1.8077, 417.3046, 11.1000, 916.541
2.6569, 416.7775, 11.1000, 917.541
3.5060, 416.2493, 11.2000, 918.541
4.3552, 415.7211, 11.2000, 919.541
5.2043, 415.1930, 11.2000, 920.541
6.0535, 414.6648, 11.2000, 921.541
6.9026, 414.1377, 11.2000, 922.540
7.7518, 413.6107, 11.3000, 923.540
8.6019, 413.0836, 11.3000, 924.540
9.4531, 412.5588, 11.3000, 925.540
10.3032, 412.0339, 11.3000, 926.539
11.1544, 411.5080, 11.4000, 927.540
12.0036, 410.9820, 11.4000, 928.539
12.8537, 410.4549, 11.4000, 929.539
13.7029, 409.9268, 11.5000, 930.539
14.5520, 409.3997, 11.5000, 931.538
15.3972, 408.8649, 11.5000, 932.538
16.2403, 408.3278, 11.5000, 933.538
17.0844, 407.7907, 11.5000, 934.539
17.9275, 407.2548, 11.4000, 935.538
18.7707, 406.7177, 11.4000, 936.537
19.6148, 406.1806, 11.4000, 937.538
20.4579, 405.6447, 11.4000, 938.537
21.3021, 405.1076, 11.4000, 939.537
22.1452, 404.5705, 11.4000, 940.537
22.9893, 404.0345, 11.3000, 941.537
23.8325, 403.4975, 11.3000, 942.537
24.6766, 402.9604, 11.3000, 943.537
25.5197, 402.4244, 11.3000, 944.536
26.3639, 401.8874, 11.3000, 945.537
27.2070, 401.3503, 11.3000, 946.536
28.0501, 400.8143, 11.2000, 947.535
28.8943, 400.2773, 11.2000, 948.536
29.7374, 399.7402, 11.2000, 949.536
30.5815, 399.2031, 11.2000, 950.536
31.4246, 398.6672, 11.2000, 951.535
32.2688, 398.1301, 11.2000, 952.536
33.1119, 397.5930, 11.1000, 953.535
33.9560, 397.0571, 11.1000, 954.535
34.7992, 396.5200, 11.1000, 955.535
35.6423, 395.9829, 11.1000, 956.534
36.4864, 395.4470, 11.1000, 957.534
37.3296, 394.9099, 11.1000, 958.534
38.1737, 394.3728, 11.0000, 959.535
39.0168, 393.8369, 11.0000, 960.534
39.8610, 393.2998, 11.0000, 961.534
40.7041, 392.7627, 11.0000, 962.534
41.5482, 392.2256, 11.0000, 963.534
42.3914, 391.6897, 11.0000, 964.533
43.2355, 391.1526, 10.9000, 965.534
44.0786, 390.6155, 10.9000, 966.533
44.9217, 390.0796, 10.9000, 967.532
45.7659, 389.5425, 10.9000, 968.533
46.6090, 389.0054, 10.9000, 969.533
47.4531, 388.4695, 10.9000, 970.533
48.2963, 387.9324, 10.8000, 971.532
49.1404, 387.3953, 10.8000, 972.533
49.9835, 386.8594, 10.8000, 973.532
50.8277, 386.3223, 10.8000, 974.532
51.6708, 385.7852, 10.8000, 975.532
52.5149, 385.2493, 10.8000, 976.532
53.3581, 384.7122, 10.7000, 977.532
54.2012, 384.1751, 10.7000, 978.531
55.0453, 383.6381, 10.7000, 979.532
55.8885, 383.1021, 10.7000, 980.531
56.7326, 382.5650, 10.7000, 981.531
57.5757, 382.0280, 10.7000, 982.531
58.4199, 381.4920, 10.6000, 983.531
59.2630, 380.9549, 10.6000, 984.530
60.1071, 380.4179, 10.6000, 985.531
60.9502, 379.8819, 10.6000, 986.530
61.7934, 379.3448, 10.6000, 987.530
62.6375, 378.8078, 10.6000, 988.530
63.4806, 378.2718, 10.5000, 989.529
64.3248, 377.7347, 10.5000, 990.530
65.1679, 377.1977, 10.5000, 991.529
66.0120, 376.6617, 10.5000, 992.529
66.8552, 376.1246, 10.5000, 993.529
67.6993, 375.5876, 10.5000, 994.529
68.5424, 375.0505, 10.4000, 995.529
69.3866, 374.5145, 10.4000, 996.529
70.2297, 373.9774, 10.4000, 997.529
71.0728, 373.4404, 10.4000, 998.528
71.9170, 372.9044, 10.4000, 999.528
72.7601, 372.3673, 10.4000, 1000.528
73.6042, 371.8303, 10.3000, 1001.528
74.4473, 371.2943, 10.3000, 1002.527
75.2915, 370.7572, 10.3000, 1003.528
76.1346, 370.2202, 10.3000, 1004.528
76.9787, 369.6842, 10.3000, 1005.528
77.8219, 369.1471, 10.3000, 1006.527
78.6650, 368.6101, 10.2000, 1007.527
79.5091, 368.0741, 10.2000, 1008.527
80.3523, 367.5370, 10.2000, 1009.526
81.1964, 367.0000, 10.2000, 1010.527
82.0395, 366.4629, 10.2000, 1011.527
82.8837, 365.9269, 10.2000, 1012.527
83.7268, 365.3899, 10.1000, 1013.526
84.5709, 364.8528, 10.1000, 1014.527
85.4141, 364.3168, 10.1000, 1015.526
86.2582, 363.7798, 10.1000, 1016.526
87.1013, 363.2427, 10.1000, 1017.526
87.9444, 362.7067, 10.1000, 1018.525
88.9050, 362.4354, 10.0000, 1019.523
89.8666, 362.1641, 10.0000, 1020.522
90.8241, 361.8806, 10.0000, 1021.521
91.7727, 361.5692, 10.0000, 1022.519
92.7182, 361.2467, 10.0000, 1023.518
93.6566, 360.9054, 10.0000, 1024.517
94.5951, 360.5629, 10.0000, 1025.516
95.5326, 360.2160, 10.0000, 1026.515
96.4681, 359.8668, 10.0000, 1027.514
97.4015, 359.5099, 10.1000, 1028.513
98.3370, 359.1596, 10.1000, 1029.512
99.2745, 358.8160, 10.1000, 1030.511
100.2120, 358.4713, 10.1000, 1031.510
101.1495, 358.1255, 10.1000, 1032.509
102.0879, 357.7852, 10.2000, 1033.507
103.0284, 357.4483, 10.2000, 1034.506
103.9709, 357.1181, 10.2000, 1035.505
104.9154, 356.7923, 10.2000, 1036.504
105.8630, 356.4743, 10.3000, 1037.503
106.8135, 356.1685, 10.3000, 1038.502
107.7660, 355.8682, 10.3000, 1039.501
108.7246, 355.5869, 10.3000, 1040.500
109.6831, 355.3067, 10.4000, 1041.498
110.6457, 355.0421, 10.4000, 1042.496
111.6083, 354.7763, 10.4000, 1043.495
112.5749, 354.5239, 10.4000, 1044.494
113.5415, 354.2748, 10.5000, 1045.492
114.5121, 354.0391, 10.5000, 1046.491
115.4847, 353.8156, 10.5000, 1047.489
116.4583, 353.5932, 10.6000, 1048.488
117.4349, 353.3830, 10.6000, 1049.487
118.4105, 353.1729, 10.6000, 1050.485
119.3912, 352.9838, 10.6000, 1051.483
120.3728, 352.8015, 10.7000, 1052.482
121.3555, 352.6236, 10.7000, 1053.480
122.3391, 352.4546, 10.7000, 1054.478
123.3238, 352.2867, 10.7000, 1055.477
124.3094, 352.1321, 10.7000, 1056.475
125.2961, 351.9786, 10.7000, 1057.474
126.2838, 351.8296, 10.7000, 1058.472
127.2724, 351.6918, 10.8000, 1059.471
128.2611, 351.5528, 10.8000, 1060.469
129.2498, 351.4138, 10.8000, 1061.467
130.2384, 351.2759, 10.8000, 1062.466
131.2271, 351.1380, 10.8000, 1063.464
132.2178, 351.0135, 10.8000, 1064.462
133.2085, 350.8878, 10.8000, 1065.461
134.1991, 350.7622, 10.8000, 1066.460
135.1888, 350.6354, 10.8000, 1067.457
136.1795, 350.5086, 10.8000, 1068.456
137.1692, 350.3785, 10.8000, 1069.454
138.1588, 350.2485, 10.9000, 1070.452
139.1495, 350.1184, 10.9000, 1071.452
140.1392, 349.9860, 10.9000, 1072.450
141.1289, 349.8537, 10.9000, 1073.449
142.1165, 349.7147, 10.9000, 1074.446
143.1042, 349.5679, 10.9000, 1075.445
144.0919, 349.4212, 10.9000, 1076.443
145.0775, 349.2588, 10.9000, 1077.442
146.0622, 349.0931, 10.9000, 1078.441
147.0458, 348.9241, 11.0000, 1079.439
148.0265, 348.7351, 11.0000, 1080.437
149.0071, 348.5472, 11.0000, 1081.436
149.9847, 348.3481, 11.0000, 1082.433
150.9614, 348.1391, 11.0000, 1083.432
151.9380, 347.9311, 11.0000, 1084.431
152.9086, 347.6932, 11.1000, 1085.430
153.8772, 347.4519, 11.1000, 1086.428
154.8438, 347.2028, 11.1000, 1087.426
155.8053, 346.9315, 11.1000, 1088.425
156.7659, 346.6602, 11.1000, 1089.424
157.7194, 346.3622, 11.1000, 1090.423
158.6680, 346.0497, 11.2000, 1091.421
159.6155, 345.7350, 11.2000, 1092.420
160.5469, 345.3726, 11.2000, 1093.419
161.4784, 345.0112, 11.2000, 1094.418
162.3998, 344.6264, 11.2000, 1095.417
163.3112, 344.2161, 11.2000, 1096.416
164.2226, 343.8069, 11.2000, 1097.415
165.1179, 343.3644, 11.2000, 1098.414
166.0122, 342.9174, 11.2000, 1099.414
166.8945, 342.4492, 11.2000, 1100.413
167.7497, 341.9311, 11.2000, 1101.413
168.6059, 341.4140, 11.2000, 1102.413
169.4339, 340.8547, 11.2000, 1103.412
170.2540, 340.2832, 11.2000, 1104.412
171.0650, 339.6983, 11.2000, 1105.412
171.8348, 339.0600, 11.2000, 1106.412
172.6057, 338.4218, 11.2000, 1107.412
173.3525, 337.7557, 11.2000, 1108.413
174.0872, 337.0763, 11.2000, 1109.414
174.8169, 336.3913, 11.2000, 1110.415
175.5004, 335.6597, 11.2000, 1111.416
176.1840, 334.9291, 11.1000, 1112.416
176.8354, 334.1686, 11.1000, 1113.418
177.4617, 333.3869, 11.1000, 1114.419
178.0870, 332.6052, 11.1000, 1115.420
178.6893, 331.8045, 11.1000, 1116.422
179.2905, 331.0039, 11.1000, 1117.424
179.8747, 330.1889, 11.1000, 1118.426
180.4388, 329.3616, 11.1000, 1119.428
181.0039, 328.5332, 11.2000, 1120.430
181.5328, 327.6826, 11.2000, 1121.432
182.0598, 326.8308, 11.2000, 1122.434
182.5817, 325.9746, 11.3000, 1123.436
183.0966, 325.1140, 11.3000, 1124.439
183.6106, 324.2544, 11.3000, 1125.441
184.1114, 323.3860, 11.4000, 1126.443
184.6093, 322.5153, 11.4000, 1127.446
185.1041, 321.6447, 11.5000, 1128.448
185.5929, 320.7685, 11.5000, 1129.451
186.0807, 319.8933, 11.5000, 1130.453
186.5665, 319.0160, 11.6000, 1131.456
187.0503, 318.1387, 11.6000, 1132.458
187.5351, 317.2603, 11.6000, 1133.461
188.0300, 316.3896, 11.6000, 1134.462
188.5248, 315.5178, 11.7000, 1135.465
189.0186, 314.6449, 11.7000, 1136.468
189.5094, 313.7710, 11.7000, 1137.470
190.0003, 312.8970, 11.7000, 1138.472
190.5001, 312.0285, 11.8000, 1139.475
191.0030, 311.1612, 11.8000, 1140.477
191.5059, 310.2939, 11.8000, 1141.480
192.0147, 309.4299, 11.8000, 1142.482
192.5236, 308.5670, 11.9000, 1143.484
193.0365, 307.7053, 11.9000, 1144.487
193.5555, 306.8480, 11.9000, 1145.489
194.0744, 305.9906, 11.9000, 1146.491
194.6024, 305.1389, 11.9000, 1147.493
195.1323, 304.2883, 11.9000, 1148.495
195.6663, 303.4398, 11.9000, 1149.498
196.2113, 302.5992, 12.0000, 1150.500
196.7563, 301.7586, 12.0000, 1151.502
197.3114, 300.9235, 12.0000, 1152.504
197.8705, 300.0929, 12.0000, 1153.506
198.4306, 299.2622, 12.0000, 1154.508
199.0077, 298.4427, 12.0000, 1155.510
199.5848, 297.6232, 12.0000, 1156.512
200.1690, 296.8104, 12.0000, 1157.513
200.7632, 296.0031, 12.0000, 1158.516
201.3564, 295.1958, 12.0000, 1159.517
201.9647, 294.4008, 12.0000, 1160.518
202.5760, 293.6058, 12.0000, 1161.521
203.1902, 292.8152, 12.0000, 1162.522
203.8145, 292.0323, 12.0000, 1163.524
204.4389, 291.2495, 12.0000, 1164.525
205.0722, 290.4734, 12.0000, 1165.527
205.7106, 289.7006, 12.0000, 1166.529
206.3480, 288.9289, 12.0000, 1167.530
207.0004, 288.1683, 12.0000, 1168.532
207.6518, 287.4089, 12.1000, 1169.533
208.3082, 286.6516, 12.1000, 1170.535
208.9707, 285.9011, 12.1000, 1171.536
209.6331, 285.1505, 12.1000, 1172.537
210.3026, 284.4066, 12.2000, 1173.538
210.9761, 283.6649, 12.2000, 1174.540
211.6486, 282.9233, 12.2000, 1175.541
212.3352, 282.1949, 12.2000, 1176.542
213.0227, 281.4666, 12.3000, 1177.543
213.7103, 280.7394, 12.3000, 1178.544
214.4008, 280.0144, 12.3000, 1179.545
215.0924, 279.2905, 12.3000, 1180.546
215.7890, 278.5722, 12.4000, 1181.547
216.4916, 277.8583, 12.4000, 1182.549
217.1942, 277.1456, 12.4000, 1183.549
217.9099, 276.4462, 12.4000, 1184.550
218.6305, 275.7512, 12.5000, 1185.551
219.3512, 275.0562, 12.5000, 1186.553
220.0809, 274.3724, 12.5000, 1187.553
220.8116, 273.6885, 12.5000, 1188.553
221.5444, 273.0058, 12.6000, 1189.555
222.2841, 272.3319, 12.6000, 1190.556
223.0228, 271.6570, 12.6000, 1191.556
223.7676, 270.9887, 12.6000, 1192.557
224.5204, 270.3293, 12.7000, 1193.558
225.2732, 269.6699, 12.7000, 1194.558
226.0310, 269.0161, 12.7000, 1195.559
226.7918, 268.3678, 12.7000, 1196.559
227.5537, 267.7185, 12.8000, 1197.560
228.3205, 267.0758, 12.8000, 1198.560
229.0904, 266.4375, 12.8000, 1199.560
229.8602, 265.7981, 12.8000, 1200.561
230.6361, 265.1665, 12.8000, 1201.562
231.4140, 264.5372, 12.8000, 1202.562
232.1919, 263.9089, 12.8000, 1203.562
232.9738, 263.2840, 12.8000, 1204.563
233.7567, 262.6613, 12.8000, 1205.563
234.5396, 262.0386, 12.8000, 1206.564
235.3275, 261.4226, 12.8000, 1207.564
236.1165, 260.8077, 12.8000, 1208.564
236.9054, 260.1928, 12.8000, 1209.564
237.6963, 259.5790, 12.8000, 1210.566
238.4862, 258.9663, 12.7000, 1211.565
239.2772, 258.3536, 12.7000, 1212.566
240.0691, 257.7432, 12.7000, 1213.566
240.8621, 257.1327, 12.7000, 1214.566
241.6550, 256.5222, 12.7000, 1215.567
242.4469, 255.9118, 12.7000, 1216.567
243.2389, 255.3013, 12.7000, 1217.567
244.0308, 254.6898, 12.7000, 1218.567
244.8258, 254.0815, 12.7000, 1219.568
245.6217, 253.4766, 12.7000, 1220.568
246.4187, 252.8717, 12.7000, 1221.569
247.2157, 252.2679, 12.7000, 1222.569
248.0156, 251.6675, 12.7000, 1223.569
248.8156, 251.0670, 12.7000, 1224.569
249.6156, 250.4666, 12.7000, 1225.569
250.4165, 249.8672, 12.8000, 1226.570
251.2175, 249.2679, 12.8000, 1227.570
252.0185, 248.6697, 12.8000, 1228.570
252.8225, 248.0737, 12.8000, 1229.571
253.6275, 247.4799, 12.8000, 1230.571
254.4314, 246.8861, 12.8000, 1231.570
255.2384, 246.2945, 12.8000, 1232.571
256.0484, 245.7085, 12.9000, 1233.571
256.8584, 245.1214, 12.9000, 1234.571
257.6695, 244.5354, 12.9000, 1235.572
258.4805, 243.9505, 12.9000, 1236.572
259.2915, 243.3657, 12.9000, 1237.571
260.1025, 242.7797, 13.0000, 1238.572
260.9175, 242.2003, 13.0000, 1239.572
261.7335, 241.6221, 13.0000, 1240.572
262.5496, 241.0450, 13.0000, 1241.572
263.3676, 240.4679, 13.0000, 1242.573
264.1866, 239.8953, 13.0000, 1243.572
265.0057, 239.3215, 13.0000, 1244.572
265.8247, 238.7477, 13.0000, 1245.572
266.6498, 238.1829, 13.0000, 1246.572
267.4749, 237.6180, 13.0000, 1247.572
268.3009, 237.0531, 13.0000, 1248.573
269.1280, 236.4916, 13.0000, 1249.572
269.9571, 235.9323, 13.0000, 1250.572
270.7871, 235.3741, 13.0000, 1251.573
271.6162, 234.8159, 13.0000, 1252.572
272.4503, 234.2644, 13.0000, 1253.572
273.2854, 233.7139, 13.0000, 1254.572
274.1205, 233.1646, 13.0000, 1255.572
274.9566, 232.6165, 13.0000, 1256.572
275.7967, 232.0738, 13.0000, 1257.572
276.6359, 231.5301, 13.0000, 1258.572
277.4760, 230.9874, 13.0000, 1259.572
278.3181, 230.4493, 13.0000, 1260.571
279.1612, 229.9122, 13.0000, 1261.571
280.0044, 229.3740, 13.0000, 1262.571
280.8485, 228.8392, 13.0000, 1263.570
281.6966, 228.3099, 13.0000, 1264.570
282.5458, 227.7806, 13.0000, 1265.571
283.3939, 227.2513, 13.0000, 1266.570
284.2431, 226.7242, 13.0000, 1267.570
285.0933, 226.1983, 13.0000, 1268.570
285.9444, 225.6734, 13.0000, 1269.570
286.7946, 225.1475, 13.0000, 1270.569
287.6497, 224.6293, 13.0000, 1271.569
288.5039, 224.1100, 13.0000, 1272.569
289.3591, 223.5919, 13.0000, 1273.569
290.2153, 223.0759, 13.0000, 1274.568
291.0755, 222.5667, 13.0000, 1275.568
291.9356, 222.0574, 13.0000, 1276.568
292.7958, 221.5481, 12.9000, 1277.567
293.6580, 221.0422, 12.9000, 1278.567
294.5212, 220.5385, 12.9000, 1279.566
295.3845, 220.0336, 12.9000, 1280.566
296.2477, 219.5299, 12.9000, 1281.566
297.1139, 219.0307, 12.9000, 1282.566
297.9811, 218.5325, 12.9000, 1283.566
298.8473, 218.0343, 12.9000, 1284.565
299.7145, 217.5362, 12.9000, 1285.565
300.5838, 217.0436, 12.9000, 1286.564
301.4540, 216.5510, 12.9000, 1287.564
302.3232, 216.0584, 12.9000, 1288.563
303.1944, 215.5669, 12.9000, 1289.564
304.0667, 215.0810, 12.9000, 1290.562
304.9399, 214.5940, 12.9000, 1291.562
305.8132, 214.1069, 12.9000, 1292.562
306.6884, 213.6244, 12.9000, 1293.561
307.5647, 213.1429, 12.9000, 1294.561
308.4409, 212.6625, 12.9000, 1295.560
309.3172, 212.1822, 12.9000, 1296.560
310.1944, 211.7029, 12.9000, 1297.559
311.0717, 211.2248, 12.9000, 1298.558
311.9499, 210.7455, 12.9000, 1299.559
312.8272, 210.2674, 12.9000, 1300.558
313.7095, 209.7970, 12.9000, 1301.558
314.5917, 209.3278, 12.9000, 1302.557
315.4730, 208.8574, 12.9000, 1303.556
316.3563, 208.3882, 12.9000, 1304.556
317.2426, 207.9267, 13.0000, 1305.555
318.1289, 207.4653, 13.0000, 1306.555
319.0152, 207.0038, 13.0000, 1307.554
319.9035, 206.5446, 13.0000, 1308.554
320.7938, 206.0909, 13.0000, 1309.553
321.6841, 205.6361, 13.0000, 1310.553
322.5744, 205.1824, 13.0000, 1311.552
323.4657, 204.7321, 13.1000, 1312.551
324.3590, 204.2829, 13.1000, 1313.551
325.2523, 203.8348, 13.1000, 1314.550
326.1456, 203.3866, 13.1000, 1315.549
327.0420, 202.9452, 13.1000, 1316.549
327.9403, 202.5071, 13.1000, 1317.548
328.8386, 202.0690, 13.1000, 1318.547
329.7370, 201.6320, 13.2000, 1319.547
330.6373, 201.1983, 13.2000, 1320.546
331.5387, 200.7658, 13.2000, 1321.546
332.4390, 200.3332, 13.2000, 1322.544
333.3403, 199.9018, 13.2000, 1323.544
334.2457, 199.4793, 13.2000, 1324.543
335.1521, 199.0578, 13.2000, 1325.542
336.0584, 198.6375, 13.3000, 1326.541
336.9648, 198.2161, 13.3000, 1327.541
337.8752, 197.8058, 13.3000, 1328.540
338.7856, 197.3943, 13.3000, 1329.539
339.6969, 196.9829, 13.3000, 1330.539
340.6083, 196.5737, 13.3000, 1331.538
341.5237, 196.1745, 13.3000, 1332.536
342.4401, 195.7765, 13.3000, 1333.535
343.3565, 195.3773, 13.4000, 1334.535
344.2729, 194.9792, 13.4000, 1335.534
345.1923, 194.5889, 13.4000, 1336.533
346.1128, 194.1997, 13.4000, 1337.532
347.0322, 193.8094, 13.4000, 1338.531
347.9536, 193.4214, 13.4000, 1339.531
348.8790, 193.0455, 13.4000, 1340.530
349.8045, 192.6697, 13.4000, 1341.529
350.7299, 192.2927, 13.5000, 1342.528
351.6563, 191.9180, 13.5000, 1343.527
352.5848, 191.5522, 13.5000, 1344.525
353.5142, 191.1852, 13.5000, 1345.524
354.4437, 190.8183, 13.5000, 1346.524
355.3731, 190.4524, 13.5000, 1347.522
356.3076, 190.0977, 13.5000, 1348.522
357.2411, 189.7430, 13.5000, 1349.521
358.1745, 189.3883, 13.6000, 1350.519
359.1090, 189.0358, 13.6000, 1351.518
360.0475, 188.6922, 13.6000, 1352.517
360.9860, 188.3486, 13.6000, 1353.517
361.9234, 188.0050, 13.6000, 1354.515
362.8619, 187.6626, 13.6000, 1355.514
363.8044, 187.3312, 13.6000, 1356.513
364.7459, 186.9987, 13.6000, 1357.512
365.6884, 186.6674, 13.6000, 1358.511
366.6309, 186.3360, 13.7000, 1359.510
367.5784, 186.0202, 13.7000, 1360.509
368.5259, 185.7044, 13.7000, 1361.507
369.4735, 185.3886, 13.7000, 1362.506
370.4210, 185.0728, 13.7000, 1363.505
371.3735, 184.7715, 13.7000, 1364.504
372.3261, 184.4713, 13.7000, 1365.503
373.2786, 184.1710, 13.7000, 1366.501
374.2311, 183.8708, 13.7000, 1367.500
375.1867, 183.5828, 13.7000, 1368.498
376.1442, 183.2982, 13.8000, 1369.497
377.1018, 183.0135, 13.8000, 1370.496
378.0593, 182.7288, 13.8000, 1371.495
379.0179, 182.4509, 13.8000, 1372.493
379.9785, 182.1751, 13.8000, 1373.492
380.9380, 181.9004, 13.8000, 1374.490
381.8986, 181.6258, 13.8000, 1375.490
382.8612, 181.3589, 13.8000, 1376.488
383.8257, 181.1021, 13.8000, 1377.487
384.7903, 180.8441, 13.8000, 1378.485
385.7559, 180.5872, 13.8000, 1379.484
386.7215, 180.3326, 13.8000, 1380.483
387.6881, 180.0824, 13.9000, 1381.481
388.6547, 179.8333, 13.9000, 1382.480
389.6223, 179.5843, 13.9000, 1383.479
390.5898, 179.3363, 13.9000, 1384.477
391.5605, 179.1050, 13.9000, 1385.475
392.5321, 178.8748, 13.9000, 1386.474
393.5037, 178.6435, 13.9000, 1387.473
394.4753, 178.4123, 13.9000, 1388.471
395.4489, 178.1888, 13.9000, 1389.470
396.4225, 177.9675, 13.9000, 1390.469
397.3961, 177.7462, 13.9000, 1391.467
398.3697, 177.5238, 13.9000, 1392.466
399.3443, 177.3092, 13.9000, 1393.464
400.3210, 177.0990, 13.9000, 1394.463
401.2966, 176.8900, 13.9000, 1395.461
402.2732, 176.6798, 13.9000, 1396.459
403.2498, 176.4741, 13.9000, 1397.457
404.2295, 176.2762, 13.9000, 1398.457
405.2081, 176.0783, 13.8000, 1399.455
406.1867, 175.8804, 13.8000, 1400.454
407.1654, 175.6835, 13.8000, 1401.452
408.1460, 175.4978, 13.8000, 1402.450
409.1277, 175.3121, 13.7000, 1403.449
410.1083, 175.1276, 13.7000, 1404.447
411.0899, 174.9419, 13.7000, 1405.446
412.0716, 174.7617, 13.6000, 1406.444
413.0542, 174.5849, 13.6000, 1407.443
414.0369, 174.4081, 13.6000, 1408.441
415.0195, 174.2313, 13.5000, 1409.439
416.0032, 174.0568, 13.5000, 1410.438
416.9868, 173.8900, 13.5000, 1411.436
417.9715, 173.7232, 13.5000, 1412.435
418.9561, 173.5553, 13.4000, 1413.434
419.9398, 173.3885, 13.4000, 1414.431
420.9265, 173.2328, 13.4000, 1415.430
421.9131, 173.0782, 13.3000, 1416.429
422.8988, 172.9248, 13.3000, 1417.427
423.8854, 172.7702, 13.3000, 1418.425
424.8731, 172.6212, 13.2000, 1419.424
425.8608, 172.4767, 13.2000, 1420.422
426.8484, 172.3310, 13.2000, 1421.421
427.8361, 172.1865, 13.2000, 1422.419
428.8238, 172.0430, 13.1000, 1423.417
429.8134, 171.9096, 13.1000, 1424.415
430.8031, 171.7773, 13.1000, 1425.414
431.7928, 171.6438, 13.1000, 1426.413
432.7825, 171.5115, 13.1000, 1427.411
433.7721, 171.3836, 13.1000, 1428.409
434.7628, 171.2591, 13.1000, 1429.407
435.7535, 171.1346, 13.1000, 1430.406
436.7442, 171.0089, 13.1000, 1431.404
437.7348, 170.8866, 13.1000, 1432.403
438.7265, 170.7732, 13.1000, 1433.401
439.7182, 170.6609, 13.1000, 1434.399
440.7109, 170.5474, 13.1000, 1435.398
441.7026, 170.4340, 13.1000, 1436.396
442.6943, 170.3251, 13.1000, 1437.394
443.6869, 170.2172, 13.1000, 1438.392
444.6796, 170.1093, 13.1000, 1439.391
445.6723, 170.0015, 13.1000, 1440.389
446.6650, 169.8936, 13.1000, 1441.388
447.6577, 169.7869, 13.1000, 1442.386
448.6504, 169.6812, 13.1000, 1443.385
449.6430, 169.5756, 13.1000, 1444.383
450.6357, 169.4689, 13.0000, 1445.381
451.6284, 169.3643, 13.0000, 1446.379
452.6211, 169.2609, 13.0000, 1447.377
453.6138, 169.1575, 13.0000, 1448.376
454.6075, 169.0541, 13.0000, 1449.375
455.6002, 168.9507, 13.0000, 1450.373
456.5939, 168.8517, 13.0000, 1451.371
457.5865, 168.7528, 13.0000, 1452.369
458.5802, 168.6538, 12.9000, 1453.367
459.5739, 168.5548, 12.9000, 1454.366
460.5666, 168.4548, 12.9000, 1455.364
461.5603, 168.3547, 12.8000, 1456.363
462.5540, 168.2546, 12.8000, 1457.361
463.5467, 168.1534, 12.8000, 1458.359
464.5403, 168.0533, 12.7000, 1459.358
465.5330, 167.9533, 12.7000, 1460.355
466.5267, 167.8521, 12.7000, 1461.354
467.5194, 167.7520, 12.6000, 1462.352
468.5131, 167.6508, 12.6000, 1463.351
469.5068, 167.5530, 12.5000, 1464.349
470.5005, 167.4573, 12.5000, 1465.348
471.4942, 167.3606, 12.5000, 1466.346
472.4878, 167.2650, 12.4000, 1467.344
473.4815, 167.1693, 12.4000, 1468.343
474.4752, 167.0770, 12.4000, 1469.341
475.4699, 166.9848, 12.3000, 1470.339
476.4636, 166.8936, 12.3000, 1471.337
477.4573, 166.8013, 12.3000, 1472.335
478.4520, 166.7090, 12.2000, 1473.334
479.4457, 166.6167, 12.2000, 1474.332
480.4404, 166.5244, 12.2000, 1475.331
481.4341, 166.4321, 12.1000, 1476.329
482.4277, 166.3398, 12.1000, 1477.327
483.4224, 166.2475, 12.0000, 1478.326
484.4161, 166.1564, 12.0000, 1479.324
485.4098, 166.0652, 12.0000, 1480.322
486.4045, 165.9729, 11.9000, 1481.321
487.3982, 165.8828, 11.9000, 1482.319
488.3929, 165.7927, 11.9000, 1483.317
489.3876, 165.7038, 11.8000, 1484.316
490.3813, 165.6148, 11.8000, 1485.314
491.3760, 165.5259, 11.8000, 1486.312
492.3707, 165.4369, 11.7000, 1487.311
493.3643, 165.3491, 11.7000, 1488.309
494.3590, 165.2612, 11.7000, 1489.307
495.3537, 165.1734, 11.6000, 1490.306
496.3484, 165.0855, 11.6000, 1491.304
497.3421, 164.9977, 11.5000, 1492.302
498.3368, 164.9099, 11.5000, 1493.300
499.3315, 164.8231, 11.5000, 1494.299
500.3262, 164.7353, 11.4000, 1495.297
501.3209, 164.6497, 11.4000, 1496.296
502.3156, 164.5663, 11.4000, 1497.294
503.3103, 164.4829, 11.3000, 1498.292
504.3050, 164.3984, 11.3000, 1499.290
505.2996, 164.3150, 11.3000, 1500.289
506.2943, 164.2316, 11.2000, 1501.287
507.2890, 164.1471, 11.2000, 1502.285
508.2837, 164.0626, 11.2000, 1503.283
509.2784, 163.9792, 11.1000, 1504.281
510.2731, 163.8947, 11.1000, 1505.280
511.2688, 163.8113, 11.1000, 1506.279
512.2635, 163.7279, 11.0000, 1507.277
513.2582, 163.6433, 11.0000, 1508.275
514.2529, 163.5600, 11.0000, 1509.274
515.2476, 163.4766, 11.0000, 1510.272
516.2423, 163.3920, 11.0000, 1511.270
517.2370, 163.3087, 11.0000, 1512.268
518.2316, 163.2241, 11.0000, 1513.266
519.2263, 163.1407, 11.0000, 1514.265
520.2210, 163.0574, 11.0000, 1515.263
521.2167, 162.9740, 11.0000, 1516.262
522.2114, 162.8906, 11.0000, 1517.260
523.2061, 162.8072, 11.0000, 1518.258
524.2008, 162.7249, 11.0000, 1519.257
525.1965, 162.6470, 11.0000, 1520.255
526.1912, 162.5703, 11.0000, 1521.253
527.1869, 162.4925, 11.0000, 1522.252
528.1816, 162.4146, 11.0000, 1523.249
529.1773, 162.3379, 11.0000, 1524.248
530.1730, 162.2601, 11.0000, 1525.247
531.1677, 162.1822, 11.0000, 1526.245
532.1634, 162.1044, 11.0000, 1527.243
533.1581, 162.0266, 11.0000, 1528.241
534.1537, 161.9510, 11.0000, 1529.239
535.1494, 161.8754, 11.0000, 1530.238
536.1451, 161.7997, 11.0000, 1531.237
537.1398, 161.7252, 11.0000, 1532.234
538.1355, 161.6496, 11.0000, 1533.233
539.1312, 161.5796, 11.0000, 1534.231
540.1269, 161.5095, 11.0000, 1535.229
541.1236, 161.4384, 11.0000, 1536.228
542.1193, 161.3683, 11.0000, 1537.226
543.1150, 161.2982, 11.0000, 1538.225
544.1107, 161.2271, 11.0000, 1539.223
545.1064, 161.1559, 11.0000, 1540.221
546.1021, 161.0859, 11.0000, 1541.219
547.0978, 161.0147, 11.0000, 1542.217
548.0935, 160.9413, 11.0000, 1543.216
549.0892, 160.8679, 11.0000, 1544.214
550.0849, 160.7945, 11.0000, 1545.213
551.0806, 160.7200, 11.0000, 1546.211
552.0763, 160.6466, 11.0000, 1547.210
553.0720, 160.5777, 11.0000, 1548.208
554.0677, 160.5088, 11.0000, 1549.206
555.0634, 160.4398, 11.0000, 1550.204
556.0591, 160.3709, 11.0000, 1551.202
557.0558, 160.3008, 11.0000, 1552.201
558.0515, 160.2308, 11.0000, 1553.199
559.0472, 160.1607, 11.0000, 1554.197
560.0428, 160.0907, 11.0000, 1555.195
561.0385, 160.0206, 11.0000, 1556.194
562.0352, 159.9550, 11.0000, 1557.192
563.0309, 159.8883, 11.0000, 1558.190
564.0266, 159.8227, 11.0000, 1559.188
565.0233, 159.7571, 11.0000, 1560.187
566.0190, 159.6937, 11.0000, 1561.185
567.0157, 159.6359, 11.0000, 1562.183
568.0124, 159.5792, 11.0000, 1563.181
569.0091, 159.5214, 11.0000, 1564.180
570.0058, 159.4635, 11.0000, 1565.178
571.0025, 159.4079, 11.0000, 1566.176
571.9992, 159.3534, 11.1000, 1567.175
572.9959, 159.3001, 11.1000, 1568.173
573.9936, 159.2456, 11.1000, 1569.172
574.9903, 159.1911, 11.1000, 1570.170
575.9870, 159.1444, 11.1000, 1571.168
576.9847, 159.0988, 11.2000, 1572.167
577.9814, 159.0521, 11.2000, 1573.164
578.9791, 159.0054, 11.2000, 1574.163
579.9758, 158.9632, 11.2000, 1575.161
580.9735, 158.9265, 11.2000, 1576.159
581.9712, 158.8898, 11.3000, 1577.158
582.9689, 158.8531, 11.3000, 1578.156
583.9667, 158.8164, 11.3000, 1579.154
584.9644, 158.7841, 11.3000, 1580.153
585.9621, 158.7541, 11.3000, 1581.151
586.9598, 158.7241, 11.4000, 1582.149
587.9575, 158.6941, 11.4000, 1583.147
588.9562, 158.6663, 11.4000, 1584.146
589.9539, 158.6462, 11.4000, 1585.144
590.9516, 158.6273, 11.4000, 1586.142
591.9503, 158.6073, 11.5000, 1587.141
592.9480, 158.5884, 11.5000, 1588.139
593.9467, 158.5729, 11.5000, 1589.138
594.9444, 158.5595, 11.5000, 1590.135
595.9431, 158.5462, 11.5000, 1591.134
596.9408, 158.5339, 11.5000, 1592.132
597.9395, 158.5206, 11.6000, 1593.131
598.9372, 158.5173, 11.6000, 1594.128
599.9359, 158.5139, 11.6000, 1595.127
600.9336, 158.5106, 11.6000, 1596.125
601.9323, 158.5073, 11.6000, 1597.124
602.9300, 158.5084, 11.6000, 1598.121
603.9287, 158.5184, 11.6000, 1599.120
604.9265, 158.5273, 11.6000, 1600.118
605.9252, 158.5373, 11.6000, 1601.117
606.9229, 158.5473, 11.6000, 1602.114
607.9216, 158.5629, 11.6000, 1603.113
608.9193, 158.5829, 11.6000, 1604.111
609.9180, 158.6029, 11.6000, 1605.110
610.9157, 158.6229, 11.6000, 1606.108
611.9134, 158.6429, 11.6000, 1607.106
612.9121, 158.6685, 11.6000, 1608.105
613.9098, 158.6930, 11.5000, 1609.103
614.9075, 158.7185, 11.5000, 1610.101
615.9052, 158.7441, 11.5000, 1611.099
616.9029, 158.7719, 11.5000, 1612.097
617.9006, 158.8108, 11.5000, 1613.095
618.8983, 158.8497, 11.5000, 1614.094
619.8960, 158.8887, 11.5000, 1615.092
620.8937, 158.9265, 11.5000, 1616.091
621.8914, 158.9687, 11.5000, 1617.089
622.8881, 159.0132, 11.6000, 1618.087
623.8858, 159.0566, 11.6000, 1619.086
624.8825, 159.1010, 11.6000, 1620.083
625.8802, 159.1455, 11.6000, 1621.082
626.8769, 159.1989, 11.6000, 1622.080
627.8736, 159.2534, 11.7000, 1623.078
628.8703, 159.3090, 11.7000, 1624.077
629.8670, 159.3646, 11.7000, 1625.075
630.8637, 159.4202, 11.8000, 1626.073
631.8604, 159.4847, 11.8000, 1627.072
632.8561, 159.5503, 11.8000, 1628.070
633.8528, 159.6159, 11.9000, 1629.069
634.8485, 159.6804, 11.9000, 1630.066
635.8442, 159.7493, 11.9000, 1631.064
636.8399, 159.8283, 12.0000, 1632.063
637.8346, 159.9061, 12.0000, 1633.061
638.8303, 159.9850, 12.0000, 1634.060
639.8250, 160.0629, 12.1000, 1635.058
640.8207, 160.1440, 12.1000, 1636.057
641.8154, 160.2286, 12.1000, 1637.055
642.8101, 160.3131, 12.2000, 1638.053
643.8048, 160.3965, 12.2000, 1639.051
644.7995, 160.4810, 12.2000, 1640.050
645.7931, 160.5744, 12.3000, 1641.048
646.7868, 160.6722, 12.3000, 1642.046
647.7805, 160.7701, 12.3000, 1643.045
648.7742, 160.8679, 12.4000, 1644.043
649.7679, 160.9647, 12.4000, 1645.042
650.7606, 161.0636, 12.4000, 1646.039
651.7543, 161.1626, 12.4000, 1647.038
652.7480, 161.2616, 12.4000, 1648.036
653.7417, 161.3605, 12.4000, 1649.035
654.7343, 161.4617, 12.5000, 1650.033
655.7270, 161.5707, 12.5000, 1651.031
656.7187, 161.6796, 12.5000, 1652.029
657.7114, 161.7897, 12.4000, 1653.028
658.7041, 161.8987, 12.4000, 1654.027
659.6958, 162.0099, 12.4000, 1655.024
660.6874, 162.1233, 12.4000, 1656.023
661.6791, 162.2378, 12.4000, 1657.021
662.6718, 162.3513, 12.4000, 1658.020
663.6635, 162.4658, 12.4000, 1659.018
664.6552, 162.5803, 12.4000, 1660.017
665.6468, 162.6971, 12.4000, 1661.015
666.6375, 162.8138, 12.4000, 1662.013
667.6292, 162.9295, 12.4000, 1663.011
668.6209, 163.0462, 12.4000, 1664.010
669.6126, 163.1630, 12.4000, 1665.008
670.6042, 163.2809, 12.4000, 1666.007
671.5959, 163.3976, 12.4000, 1667.005
672.5866, 163.5155, 12.4000, 1668.003
673.5783, 163.6322, 12.4000, 1669.001
674.5700, 163.7512, 12.4000, 1670.000
675.5606, 163.8713, 12.4000, 1670.998
676.5523, 163.9903, 12.4000, 1671.997
677.5430, 164.1104, 12.4000, 1672.995
678.5347, 164.2293, 12.4000, 1673.994
679.5254, 164.3505, 12.4000, 1674.992
680.5160, 164.4729, 12.4000, 1675.990
681.5067, 164.5941, 12.4000, 1676.988
682.4984, 164.7153, 12.4000, 1677.987
683.4891, 164.8365, 12.4000, 1678.985
684.4798, 164.9577, 12.4000, 1679.983
685.4704, 165.0789, 12.4000, 1680.981
686.4621, 165.2001, 12.4000, 1681.980
687.4528, 165.3213, 12.4000, 1682.978
688.4435, 165.4436, 12.4000, 1683.977
689.4341, 165.5670, 12.4000, 1684.975
690.4248, 165.6916, 12.5000, 1685.973
691.4155, 165.8161, 12.5000, 1686.972
692.4062, 165.9406, 12.5000, 1687.970
693.3969, 166.0652, 12.5000, 1688.969
694.3865, 166.1908, 12.5000, 1689.966
695.3772, 166.3165, 12.5000, 1690.965
696.3679, 166.4421, 12.5000, 1691.964
697.3586, 166.5678, 12.6000, 1692.962
698.3492, 166.6923, 12.6000, 1693.961
699.3399, 166.8157, 12.6000, 1694.959
700.3306, 166.9403, 12.6000, 1695.958
701.3213, 167.0637, 12.6000, 1696.956
702.3109, 167.1882, 12.6000, 1697.953
703.3016, 167.3128, 12.7000, 1698.952
704.2923, 167.4395, 12.7000, 1699.951
705.2830, 167.5652, 12.7000, 1700.949
706.2726, 167.6920, 12.7000, 1701.947
707.2633, 167.8187, 12.7000, 1702.946
708.2530, 167.9466, 12.7000, 1703.944
709.2437, 168.0767, 12.8000, 1704.943
710.2333, 168.2057, 12.8000, 1705.941
711.2230, 168.3358, 12.8000, 1706.939
712.2127, 168.4648, 12.8000, 1707.937
713.2034, 168.5937, 12.8000, 1708.936
714.1930, 168.7227, 12.8000, 1709.934
715.1827, 168.8506, 12.8000, 1710.932
716.1734, 168.9796, 12.8000, 1711.931
717.1631, 169.1086, 12.8000, 1712.929
718.1527, 169.2398, 12.8000, 1713.927
719.1424, 169.3732, 12.8000, 1714.926
720.1321, 169.5055, 12.8000, 1715.925
721.1218, 169.6379, 12.8000, 1716.923
722.1104, 169.7713, 12.8000, 1717.921
723.1001, 169.9047, 12.8000, 1718.919
724.0898, 170.0382, 12.8000, 1719.918
725.0795, 170.1716, 12.8000, 1720.917
726.0681, 170.3050, 12.8000, 1721.914
727.0578, 170.4385, 12.8000, 1722.913
728.0475, 170.5708, 12.8000, 1723.911
729.0371, 170.7031, 12.8000, 1724.910
730.0268, 170.8354, 12.8000, 1725.908
731.0165, 170.9678, 12.8000, 1726.907
732.0062, 171.1001, 12.8000, 1727.905
732.9948, 171.2335, 12.8000, 1728.903
733.9845, 171.3681, 12.8000, 1729.902
734.9742, 171.5015, 12.8000, 1730.900
735.9629, 171.6349, 12.8000, 1731.898
736.9525, 171.7684, 12.8000, 1732.897
737.9422, 171.9029, 12.7000, 1733.895
738.9309, 172.0375, 12.7000, 1734.893
739.9205, 172.1720, 12.6000, 1735.892
740.9092, 172.3065, 12.6000, 1736.890
741.8989, 172.4400, 12.5000, 1737.888
742.8886, 172.5723, 12.5000, 1738.887
743.8782, 172.7035, 12.4000, 1739.885
744.8679, 172.8347, 12.3000, 1740.883
745.8576, 172.9670, 12.3000, 1741.882
746.8473, 173.0983, 12.2000, 1742.880
747.8369, 173.2295, 12.2000, 1743.879
748.8266, 173.3607, 12.1000, 1744.877
749.8163, 173.4919, 12.0000, 1745.875
750.8059, 173.6231, 12.0000, 1746.874
751.7966, 173.7521, 11.9000, 1747.873
752.7863, 173.8811, 11.8000, 1748.871
753.7760, 174.0101, 11.8000, 1749.869
754.7667, 174.1379, 11.7000, 1750.868
755.7563, 174.2669, 11.6000, 1751.866
756.7470, 174.3937, 11.5000, 1752.864
757.7367, 174.5193, 11.5000, 1753.862
758.7274, 174.6450, 11.4000, 1754.861
759.7180, 174.7717, 11.3000, 1755.859
760.7077, 174.8974, 11.2000, 1756.857
761.6984, 175.0242, 11.2000, 1757.856
762.6891, 175.1509, 11.1000, 1758.855
763.6787, 175.2788, 11.1000, 1759.852
764.6694, 175.4055, 11.0000, 1760.851
765.6591, 175.5334, 10.9000, 1761.849
766.6488, 175.6635, 10.9000, 1762.847
767.6384, 175.7947, 10.9000, 1763.846
768.6291, 175.9248, 10.8000, 1764.845
769.6188, 176.0549, 10.8000, 1765.843
770.6085, 176.1850, 10.7000, 1766.841
771.5981, 176.3140, 10.7000, 1767.839
772.5888, 176.4419, 10.7000, 1768.838
773.5785, 176.5709, 10.6000, 1769.836
774.5682, 176.6999, 10.6000, 1770.834
775.5588, 176.8277, 10.6000, 1771.833
776.5485, 176.9545, 10.5000, 1772.831
777.5392, 177.0813, 10.5000, 1773.830
778.5299, 177.2080, 10.4000, 1774.828
779.5195, 177.3348, 10.4000, 1775.826
780.5102, 177.4604, 10.4000, 1776.825
781.5009, 177.5850, 10.3000, 1777.823
782.4916, 177.7106, 10.3000, 1778.822
783.4822, 177.8352, 10.2000, 1779.820
784.4719, 177.9608, 10.2000, 1780.818
785.4626, 178.0876, 10.2000, 1781.817
786.4533, 178.2132, 10.1000, 1782.815
787.4429, 178.3400, 10.1000, 1783.813
788.4336, 178.4667, 10.0000, 1784.812
789.4243, 178.5902, 10.0000, 1785.810
790.4150, 178.7136, 10.0000, 1786.808
791.4057, 178.8370, 9.9000, 1787.807
792.3963, 178.9593, 9.9000, 1788.805
793.3870, 179.0828, 9.8000, 1789.803
794.3787, 179.2017, 9.8000, 1790.802
795.3694, 179.3207, 9.8000, 1791.800
796.3610, 179.4397, 9.7000, 1792.799
797.3517, 179.5587, 9.7000, 1793.796
798.3434, 179.6777, 9.7000, 1794.795
799.3341, 179.7977, 9.7000, 1795.793
800.3258, 179.9167, 9.6000, 1796.792
801.3164, 180.0368, 9.6000, 1797.790
802.3081, 180.1569, 9.6000, 1798.789
803.2998, 180.2726, 9.6000, 1799.787
804.2915, 180.3882, 9.5000, 1800.786
805.2822, 180.5038, 9.5000, 1801.783
806.2738, 180.6206, 9.5000, 1802.782
807.2665, 180.7340, 9.5000, 1803.781
808.2582, 180.8463, 9.4000, 1804.779
809.2499, 180.9586, 9.4000, 1805.777
810.2426, 181.0709, 9.4000, 1806.776
811.2343, 181.1821, 9.4000, 1807.774
812.2269, 181.2900, 9.3000, 1808.772
813.2196, 181.3978, 9.3000, 1809.771
814.2113, 181.5057, 9.3000, 1810.768
815.2040, 181.6136, 9.3000, 1811.767
816.1977, 181.7114, 9.3000, 1812.765
817.1914, 181.8093, 9.2000, 1813.764
818.1851, 181.9060, 9.2000, 1814.762
819.1787, 182.0039, 9.2000, 1815.761
820.1724, 182.0950, 9.2000, 1816.759
821.1671, 182.1829, 9.2000, 1817.757
822.1618, 182.2718, 9.2000, 1818.756
823.1555, 182.3597, 9.2000, 1819.753
824.1502, 182.4453, 9.3000, 1820.752
825.1449, 182.5287, 9.3000, 1821.750
826.1396, 182.6121, 9.3000, 1822.748
827.1353, 182.6966, 9.3000, 1823.747
828.1300, 182.7755, 9.3000, 1824.745
829.1257, 182.8434, 9.3000, 1825.743
830.1224, 182.9112, 9.3000, 1826.742
831.1181, 182.9779, 9.3000, 1827.740
832.1138, 183.0435, 9.3000, 1828.738
833.1105, 183.0991, 9.4000, 1829.736
834.1082, 183.1536, 9.4000, 1830.735
835.1049, 183.2081, 9.4000, 1831.734
836.1016, 183.2615, 9.4000, 1832.732
837.0993, 183.3004, 9.4000, 1833.730
838.0960, 183.3404, 9.4000, 1834.728
839.0937, 183.3804, 9.4000, 1835.726
840.0914, 183.4183, 9.4000, 1836.725
841.0891, 183.4394, 9.4000, 1837.723
842.0878, 183.4605, 9.5000, 1838.722
843.0855, 183.4816, 9.5000, 1839.719
844.0832, 183.4983, 9.5000, 1840.717
845.0819, 183.4928, 9.5000, 1841.716
846.0806, 183.4861, 9.5000, 1842.715
847.0783, 183.4805, 9.5000, 1843.712
848.0760, 183.4661, 9.5000, 1844.710
849.0737, 183.4327, 9.6000, 1845.708
850.0714, 183.3982, 9.6000, 1846.707
851.0691, 183.3649, 9.6000, 1847.705
852.0668, 183.3204, 9.6000, 1848.704
853.0635, 183.2626, 9.6000, 1849.702
854.0602, 183.2048, 9.7000, 1850.700
855.0569, 183.1469, 9.7000, 1851.699
856.0516, 183.0691, 9.7000, 1852.697
857.0463, 182.9779, 9.7000, 1853.695
858.0400, 182.8856, 9.8000, 1854.693
859.0337, 182.7945, 9.8000, 1855.691
860.0244, 182.6710, 9.8000, 1856.690
861.0140, 182.5387, 9.8000, 1857.688
862.0037, 182.4064, 9.9000, 1858.687
862.9934, 182.2741, 9.9000, 1859.685
863.9790, 182.1117, 9.9000, 1860.684
864.9637, 181.9494, 9.9000, 1861.682
865.9494, 181.7881, 9.9000, 1862.681
866.9330, 181.6169, 10.0000, 1863.679
867.9116, 181.4234, 10.0000, 1864.677
868.8913, 181.2288, 10.0000, 1865.676
869.8709, 181.0342, 10.0000, 1866.674
870.8465, 180.8219, 10.0000, 1867.673
871.8181, 180.5917, 10.1000, 1868.671
872.7897, 180.3626, 10.1000, 1869.669
873.7614, 180.1336, 10.1000, 1870.668
874.7269, 179.8778, 10.1000, 1871.667
875.6905, 179.6154, 10.1000, 1872.665
876.6541, 179.3541, 10.1000, 1873.664
877.6167, 179.0872, 10.1000, 1874.663
878.5672, 178.7803, 10.1000, 1875.661
879.5177, 178.4745, 10.1000, 1876.660
880.4682, 178.1676, 10.1000, 1877.659
881.4138, 177.8463, 10.1000, 1878.657
882.3532, 177.5049, 10.1000, 1879.657
883.2917, 177.1647, 10.0000, 1880.655
884.2312, 176.8244, 10.0000, 1881.654
885.1587, 176.4530, 10.0000, 1882.654
886.0821, 176.0727, 10.0000, 1883.652
887.0055, 175.6924, 10.0000, 1884.651
887.9279, 175.3077, 10.0000, 1885.650
888.8363, 174.8918, 10.0000, 1886.649
889.7457, 174.4771, 10.0000, 1887.649
890.6551, 174.0623, 10.0000, 1888.648
891.5524, 173.6242, 10.0000, 1889.647
892.4387, 173.1616, 10.0000, 1890.647
893.3250, 172.6991, 10.0000, 1891.646
894.2113, 172.2376, 10.0000, 1892.646
895.0825, 171.7472, 10.0000, 1893.645
895.9507, 171.2535, 10.0000, 1894.644
896.8199, 170.7598, 10.0000, 1895.644
897.6821, 170.2539, 10.0000, 1896.643
898.5243, 169.7146, 10.0000, 1897.643
899.3654, 169.1753, 10.0000, 1898.643
900.2075, 168.6349, 10.0000, 1899.643
901.0366, 168.0767, 10.0000, 1900.643
901.8586, 167.5074, 10.0000, 1901.643
902.6807, 166.9369, 10.0000, 1902.643
903.5028, 166.3676, 10.0000, 1903.643
904.3017, 165.7661, 10.0000, 1904.643
905.1007, 165.1645, 10.0000, 1905.643
905.8996, 164.5629, 10.0000, 1906.643
906.6896, 163.9491, 10.1000, 1907.644
907.4655, 163.3175, 10.1000, 1908.644
908.2413, 162.6860, 10.1000, 1909.645
909.0172, 162.0544, 10.1000, 1910.645
909.7730, 161.3994, 10.1000, 1911.645
910.5228, 160.7356, 10.1000, 1912.647
911.2716, 160.0729, 10.2000, 1913.647
912.0174, 159.4057, 10.2000, 1914.647
912.7350, 158.7074, 10.2000, 1915.649
913.4517, 158.0091, 10.2000, 1916.649
914.1693, 157.3108, 10.2000, 1917.651
914.8730, 156.6003, 10.3000, 1918.651
915.5615, 155.8730, 10.3000, 1919.652
916.2501, 155.1458, 10.3000, 1920.654
916.9386, 154.4197, 10.3000, 1921.654
917.6081, 153.6747, 10.4000, 1922.656
918.2726, 152.9264, 10.4000, 1923.657
918.9380, 152.1769, 10.4000, 1924.659
919.5985, 151.4253, 10.5000, 1925.659
920.2359, 150.6524, 10.5000, 1926.661
920.8732, 149.8796, 10.5000, 1927.663
921.5096, 149.1068, 10.6000, 1928.664
922.1379, 148.3262, 10.6000, 1929.666
922.7552, 147.5379, 10.6000, 1930.667
923.3715, 146.7484, 10.7000, 1931.669
923.9888, 145.9589, 10.7000, 1932.671
924.5900, 145.1583, 10.8000, 1933.672
925.1862, 144.3533, 10.8000, 1934.674
925.7814, 143.5471, 10.8000, 1935.676
926.3767, 142.7409, 10.8000, 1936.678
926.9488, 141.9192, 10.9000, 1937.679
927.5199, 141.0964, 10.9000, 1938.681
928.0920, 140.2735, 10.9000, 1939.683
928.6591, 139.4473, 10.9000, 1940.685
929.2162, 138.6145, 10.9000, 1941.687
929.7733, 137.7816, 11.0000, 1942.689
930.3303, 136.9488, 11.0000, 1943.691
930.8754, 136.1081, 11.0000, 1944.693
931.4113, 135.2608, 11.0000, 1945.696
931.9473, 134.4135, 11.0000, 1946.698
932.4833, 133.5673, 11.0000, 1947.700
933.0103, 132.7145, 11.0000, 1948.703
933.5342, 131.8605, 11.0000, 1949.704
934.0592, 131.0065, 11.1000, 1950.707
934.5841, 130.1525, 11.1000, 1951.709
935.0990, 129.2930, 11.1000, 1952.711
935.6129, 128.4324, 11.1000, 1953.714
936.1279, 127.5728, 11.1000, 1954.716
936.6418, 126.7122, 11.1000, 1955.718
937.1547, 125.8515, 11.1000, 1956.720
937.6686, 124.9898, 11.2000, 1957.723
938.1815, 124.1291, 11.2000, 1958.725
938.6914, 123.2662, 11.2000, 1959.728
939.1962, 122.4000, 11.2000, 1960.730
939.7021, 121.5349, 11.2000, 1961.732
940.2070, 120.6687, 11.3000, 1962.735
940.7119, 119.8036, 11.3000, 1963.737
941.2157, 118.9363, 11.3000, 1964.740
941.7186, 118.0701, 11.3000, 1965.741
942.2225, 117.2028, 11.4000, 1966.744
942.7193, 116.3321, 11.4000, 1967.747
943.2132, 115.4604, 11.4000, 1968.749
943.7070, 114.5875, 11.4000, 1969.751
944.2008, 113.7157, 11.5000, 1970.753
944.6967, 112.8439, 11.5000, 1971.756
945.1925, 111.9733, 11.5000, 1972.758
945.6883, 111.1026, 11.4000, 1973.760
946.1852, 110.2309, 11.4000, 1974.764
946.6750, 109.3569, 11.4000, 1975.765
947.1638, 108.4818, 11.4000, 1976.768
947.6536, 107.6067, 11.4000, 1977.771
948.1435, 106.7316, 11.4000, 1978.774
948.6293, 105.8553, 11.4000, 1979.776
949.1161, 104.9791, 11.4000, 1980.778
949.6029, 104.1029, 11.4000, 1981.780
950.0887, 103.2267, 11.3000, 1982.782
950.5765, 102.3505, 11.3000, 1983.785
951.0643, 101.4743, 11.3000, 1984.788
951.5511, 100.5981, 11.3000, 1985.790
952.0379, 99.7218, 11.3000, 1986.793
952.5187, 98.8423, 11.3000, 1987.795
952.9995, 97.9627, 11.3000, 1988.797
953.4793, 97.0832, 11.3000, 1989.799
953.9600, 96.2025, 11.3000, 1990.802
954.4398, 95.3230, 11.2000, 1991.804
954.9196, 94.4423, 11.2000, 1992.807
955.3994, 93.5627, 11.2000, 1993.809
955.8792, 92.6821, 11.2000, 1994.812
956.3539, 91.7992, 11.2000, 1995.814
956.8297, 90.9163, 11.2000, 1996.817
957.3045, 90.0334, 11.2000, 1997.820
957.7792, 89.1505, 11.2000, 1998.822
958.2490, 88.2654, 11.2000, 1999.824
958.7187, 87.3792, 11.1000, 2000.827
959.1895, 86.4941, 11.1000, 2001.830
959.6582, 85.6079, 11.1000, 2002.832
960.1249, 84.7205, 11.1000, 2003.835
960.5907, 83.8332, 11.1000, 2004.837
961.0574, 82.9459, 11.1000, 2005.840
961.5231, 82.0574, 11.0000, 2006.843
961.9878, 81.1701, 11.0000, 2007.844
962.4526, 80.2816, 11.0000, 2008.847
962.9173, 79.3932, 10.9000, 2009.850
963.3820, 78.5047, 10.9000, 2010.853
963.8427, 77.6141, 10.9000, 2011.855
964.3024, 76.7223, 10.8000, 2012.859
964.7621, 75.8316, 10.8000, 2013.861
965.2218, 74.9409, 10.8000, 2014.863
965.6785, 74.0480, 10.7000, 2015.866
966.1342, 73.1551, 10.7000, 2016.869
966.5899, 72.2622, 10.7000, 2017.871
967.0466, 71.3694, 10.7000, 2018.874
967.5013, 70.4765, 10.6000, 2019.876
967.9570, 69.5824, 10.6000, 2020.879
968.4117, 68.6896, 10.6000, 2021.881
968.8674, 67.7967, 10.6000, 2022.884
969.3171, 66.9004, 10.5000, 2023.887
969.7657, 66.0042, 10.5000, 2024.889
970.2144, 65.1069, 10.5000, 2025.892
970.6620, 64.2095, 10.5000, 2026.895
971.1057, 63.3111, 10.5000, 2027.897
971.5463, 62.4104, 10.4000, 2028.900
971.9870, 61.5097, 10.4000, 2029.902
972.4276, 60.6090, 10.4000, 2030.905
972.8612, 59.7050, 10.4000, 2031.908
973.2918, 58.7988, 10.4000, 2032.911
973.7214, 57.8936, 10.3000, 2033.913
974.1520, 56.9874, 10.3000, 2034.916
974.5756, 56.0789, 10.3000, 2035.919
974.9971, 55.1683, 10.3000, 2036.922
975.4187, 54.2587, 10.3000, 2037.925
975.8403, 53.3491, 10.3000, 2038.927
976.2498, 52.4340, 10.3000, 2039.930
976.6563, 51.5166, 10.2000, 2040.933
977.0618, 50.6004, 10.2000, 2041.935
977.4683, 49.6830, 10.2000, 2042.938
977.8567, 48.7579, 10.2000, 2043.942
978.2432, 47.8327, 10.1000, 2044.944
978.6306, 46.9076, 10.1000, 2045.947
979.0130, 45.9802, 10.1000, 2046.950
979.3754, 45.0451, 10.0000, 2047.953
979.7367, 44.1099, 10.0000, 2048.956
980.0981, 43.1737, 10.0000, 2049.959
980.4484, 42.2341, 9.9000, 2050.962
980.7816, 41.2878, 9.9000, 2051.965
981.1138, 40.3415, 9.8000, 2052.968
981.4471, 39.3953, 9.8000, 2053.972
981.7542, 38.4401, 9.8000, 2054.975
982.0493, 37.4816, 9.7000, 2055.978
982.3444, 36.5231, 9.7000, 2056.981
982.6395, 35.5635, 9.6000, 2057.985
982.8924, 34.5927, 9.6000, 2058.988
983.1434, 33.6209, 9.6000, 2059.992
983.3953, 32.6502, 9.5000, 2060.994
983.6352, 31.6761, 9.5000, 2061.998
983.8490, 30.6954, 9.4000, 2063.001
984.0638, 29.7146, 9.4000, 2064.005
984.2776, 28.7350, 9.3000, 2065.008
984.4593, 27.7476, 9.3000, 2066.012
984.6229, 26.7579, 9.2000, 2067.015
984.7865, 25.7672, 9.2000, 2068.019
984.9471, 24.7776, 9.1000, 2069.022
985.0444, 23.7779, 9.1000, 2070.026
985.1418, 22.7794, 9.0000, 2071.030
985.2402, 21.7809, 8.9000, 2072.033
985.3174, 20.7801, 8.9000, 2073.037
985.3757, 19.7782, 8.9000, 2074.040
985.4329, 18.7753, 8.8000, 2075.045
985.4911, 17.7734, 8.8000, 2076.048
985.5061, 16.7704, 8.8000, 2077.051
985.5212, 15.7663, 8.8000, 2078.056
985.5363, 14.7622, 8.7000, 2079.060
985.5132, 13.7604, 8.7000, 2080.062
985.4479, 12.7585, 8.7000, 2081.066
985.3817, 11.7566, 8.6000, 2082.070
985.3164, 10.7559, 8.6000, 2083.073
985.2151, 9.7574, 8.5000, 2084.077
985.1137, 8.7588, 8.5000, 2085.080
985.0123, 7.7603, 8.5000, 2086.084
984.8788, 6.7651, 8.4000, 2087.088
984.7112, 5.7755, 8.4000, 2088.092
984.5446, 4.7858, 8.4000, 2089.095
984.3749, 3.7973, 8.3000, 2090.098
984.1481, 2.8199, 8.3000, 2091.102
983.9223, 1.8425, 8.2000, 2092.105
983.6954, 0.8651, 8.2000, 2093.108
983.4405, -0.1056, 8.2000, 2094.112
983.1675, -1.0708, 8.1000, 2095.115
982.8944, -2.0360, 8.1000, 2096.118
982.6114, -2.9989, 8.0000, 2097.122
982.2892, -3.9485, 8.0000, 2098.124
981.9670, -4.8992, 8.0000, 2099.128
981.6458, -5.8489, 7.9000, 2100.131
981.2975, -6.7896, 7.9000, 2101.134
980.9422, -7.7280, 7.8000, 2102.137
980.5869, -8.6665, 7.8000, 2103.141
980.2165, -9.5972, 7.8000, 2104.142
979.8160, -10.5168, 7.8000, 2105.145
979.4145, -11.4364, 7.8000, 2106.149
979.0140, -12.3549, 7.8000, 2107.151
978.5704, -13.2544, 7.7000, 2108.154
978.1227, -14.1518, 7.7000, 2109.157
977.6761, -15.0491, 7.7000, 2110.159
977.2144, -15.9387, 7.7000, 2111.161
976.7366, -16.8205, 7.7000, 2112.164
976.2588, -17.7022, 7.7000, 2113.167
975.7800, -18.5829, 7.7000, 2114.169
975.2812, -19.4513, 7.7000, 2115.171
974.7813, -20.3209, 7.7000, 2116.174
974.2825, -21.1904, 7.7000, 2117.176
973.7736, -22.0533, 7.7000, 2118.178
973.2577, -22.9128, 7.7000, 2119.181
972.7418, -23.7724, 7.7000, 2120.183
972.2248, -24.6308, 7.7000, 2121.185
971.6999, -25.4848, 7.7000, 2122.188
971.1749, -26.3387, 7.7000, 2123.190
970.6510, -27.1927, 7.8000, 2124.192
970.1220, -28.0445, 7.8000, 2125.195
969.5921, -28.8951, 7.8000, 2126.197
969.0611, -29.7446, 7.8000, 2127.199
968.5301, -30.5942, 7.8000, 2128.200
967.9891, -31.4381, 7.8000, 2129.203
967.4491, -32.2821, 7.8000, 2130.205
966.9081, -33.1261, 7.8000, 2131.207
966.3661, -33.9689, 7.8000, 2132.209
965.8241, -34.8118, 7.9000, 2133.212
965.2821, -35.6547, 7.9000, 2134.214
964.7401, -36.4975, 7.9000, 2135.216
964.1930, -37.3370, 7.9000, 2136.218
963.6460, -38.1766, 7.9000, 2137.220
963.0990, -39.0161, 8.0000, 2138.222
962.5509, -39.8556, 8.0000, 2139.224
962.0029, -40.6940, 8.0000, 2140.226
961.4549, -41.5335, 8.1000, 2141.228
960.9068, -42.3719, 8.1000, 2142.230
960.3548, -43.2081, 8.2000, 2143.232
959.8017, -44.0443, 8.2000, 2144.235
959.2487, -44.8794, 8.3000, 2145.236
958.6966, -45.7156, 8.3000, 2146.238
958.1466, -46.5540, 8.4000, 2147.241
957.5975, -47.3924, 8.5000, 2148.243
957.0475, -48.2297, 8.6000, 2149.245
956.4935, -49.0648, 8.7000, 2150.247
955.9364, -49.8976, 8.8000, 2151.249
955.3793, -50.7305, 8.9000, 2152.251
954.8222, -51.5633, 9.0000, 2153.253
954.2672, -52.3973, 9.1000, 2154.255
953.7111, -53.2312, 9.2000, 2155.257
953.1551, -54.0652, 9.3000, 2156.260
952.6000, -54.8992, 9.4000, 2157.261
952.0439, -55.7331, 9.5000, 2158.264
951.4879, -56.5660, 9.6000, 2159.265
950.9318, -57.3999, 9.7000, 2160.267
950.3788, -58.2350, 9.7000, 2161.269
949.8267, -59.0723, 9.8000, 2162.272
949.2757, -59.9085, 9.9000, 2163.273
948.7246, -60.7458, 10.0000, 2164.276
948.1706, -61.5809, 10.1000, 2165.278
947.6175, -62.4159, 10.2000, 2166.280
947.0634, -63.2510, 10.3000, 2167.282
946.5104, -64.0872, 10.4000, 2168.284
945.9593, -64.9245, 10.5000, 2169.287
945.4083, -65.7607, 10.6000, 2170.288
944.8573, -66.5980, 10.7000, 2171.290
944.3072, -67.4353, 10.8000, 2172.292
943.7582, -68.2737, 10.9000, 2173.294
943.2091, -69.1121, 11.0000, 2174.297
942.6601, -69.9505, 11.1000, 2175.299
942.1131, -70.7900, 11.1000, 2176.301
941.5680, -71.6307, 11.2000, 2177.303
941.0220, -72.4713, 11.3000, 2178.305
940.4760, -73.3119, 11.4000, 2179.307
939.9320, -74.1526, 11.4000, 2180.309
939.3880, -74.9943, 11.5000, 2181.311
938.8439, -75.8361, 11.6000, 2182.313
938.2989, -76.6778, 11.6000, 2183.316
937.7569, -77.5207, 11.7000, 2184.318
937.2159, -78.3635, 11.8000, 2185.320
936.6739, -79.2064, 11.8000, 2186.322
936.1319, -80.0492, 11.9000, 2187.324
935.5909, -80.8932, 12.0000, 2188.326
935.0488, -81.7361, 12.0000, 2189.328
934.5078, -82.5789, 12.1000, 2190.330
933.9658, -83.4229, 12.2000, 2191.333
933.4248, -84.2657, 12.2000, 2192.334
932.8838, -85.1097, 12.3000, 2193.337
932.3428, -85.9526, 12.4000, 2194.339
931.8018, -86.7965, 12.4000, 2195.341
931.2638, -87.6427, 12.5000, 2196.344
930.7258, -88.4878, 12.5000, 2197.346
930.1878, -89.3329, 12.6000, 2198.347
929.6518, -90.1791, 12.7000, 2199.349
929.1178, -91.0286, 12.7000, 2200.352
928.5849, -91.8770, 12.7000, 2201.354
928.0519, -92.7254, 12.8000, 2202.356
927.5189, -93.5739, 12.8000, 2203.358
926.9849, -94.4223, 12.9000, 2204.361
926.4519, -95.2707, 12.9000, 2205.363
925.9190, -96.1191, 13.0000, 2206.365
925.3840, -96.9664, 13.0000, 2207.367
924.8450, -97.8115, 13.1000, 2208.369
924.3070, -98.6577, 13.1000, 2209.372
923.7690, -99.5028, 13.2000, 2210.374
923.2310, -100.3479, 13.2000, 2211.375
922.6940, -101.1941, 13.2000, 2212.378
922.1570, -102.0402, 13.3000, 2213.380
921.6200, -102.8864, 13.3000, 2214.382
921.0820, -103.7326, 13.4000, 2215.385
920.5430, -104.5766, 13.4000, 2216.386
920.0030, -105.4217, 13.4000, 2217.389
919.4640, -106.2657, 13.5000, 2218.390
918.9250, -107.1107, 13.5000, 2219.393
918.3880, -107.9569, 13.5000, 2220.395
917.8520, -108.8031, 13.6000, 2221.397
917.3150, -109.6504, 13.6000, 2222.400
916.7770, -110.4955, 13.6000, 2223.402
916.2320, -111.3373, 13.7000, 2224.404
915.6880, -112.1779, 13.7000, 2225.406
915.1430, -113.0196, 13.8000, 2226.408
914.5989, -113.8603, 13.8000, 2227.410
914.0539, -114.7009, 13.8000, 2228.412
913.5089, -115.5426, 13.9000, 2229.414
912.9639, -116.3833, 13.9000, 2230.416
912.4178, -117.2239, 14.0000, 2231.419
911.8668, -118.0601, 14.0000, 2232.420
911.3158, -118.8974, 14.1000, 2233.422
910.7647, -119.7347, 14.1000, 2234.425
910.2107, -120.5698, 14.2000, 2235.427
909.6496, -121.3993, 14.2000, 2236.428
909.0875, -122.2288, 14.3000, 2237.430
908.5264, -123.0594, 14.3000, 2238.433
907.9633, -123.8878, 14.4000, 2239.434
907.3962, -124.7140, 14.5000, 2240.436
906.8301, -125.5413, 14.5000, 2241.439
906.2640, -126.3675, 14.6000, 2242.440
905.6919, -127.1903, 14.6000, 2243.443
905.1157, -128.0098, 14.7000, 2244.444
904.5396, -128.8293, 14.8000, 2245.446
903.9625, -129.6488, 14.8000, 2246.448
903.3743, -130.4594, 14.9000, 2247.450
902.7801, -131.2667, 14.9000, 2248.452
902.1869, -132.0729, 14.9000, 2249.453
901.5927, -132.8802, 15.0000, 2250.456
900.9814, -133.6730, 15.0000, 2251.457
900.3691, -134.4669, 15.0000, 2252.459
899.7579, -135.2597, 15.1000, 2253.460
899.1365, -136.0448, 15.1000, 2254.462
898.5002, -136.8187, 15.1000, 2255.464
897.8648, -137.5926, 15.1000, 2256.465
897.2285, -138.3665, 15.1000, 2257.467
896.5750, -139.1249, 15.1000, 2258.468
895.9176, -139.8799, 15.2000, 2259.469
895.2602, -140.6360, 15.2000, 2260.471
894.5967, -141.3855, 15.2000, 2261.472
893.9172, -142.1216, 15.2000, 2262.474
893.2387, -142.8566, 15.2000, 2263.474
892.5601, -143.5927, 15.2000, 2264.475
891.8575, -144.3054, 15.2000, 2265.476
891.1519, -145.0160, 15.2000, 2266.477
890.4463, -145.7254, 15.2000, 2267.478
889.7246, -146.4193, 15.2000, 2268.479
888.9889, -147.0975, 15.2000, 2269.480
888.2531, -147.7758, 15.2000, 2270.481
887.5144, -148.4508, 15.2000, 2271.481
886.7596, -149.1079, 15.2000, 2272.482
886.0048, -149.7651, 15.2000, 2273.483
885.2500, -150.4212, 15.2000, 2274.483
884.4631, -151.0394, 15.2000, 2275.484
883.6701, -151.6488, 15.2000, 2276.484
882.8772, -152.2592, 15.2000, 2277.484
882.0712, -152.8497, 15.2000, 2278.483
881.2522, -153.4234, 15.1000, 2279.483
880.4331, -153.9972, 15.1000, 2280.483
879.6050, -154.5576, 15.1000, 2281.483
878.7549, -155.0836, 15.1000, 2282.483
877.9047, -155.6106, 15.1000, 2283.483
877.0536, -156.1344, 15.1000, 2284.483
876.1713, -156.6036, 15.0000, 2285.482
875.2890, -157.0728, 15.0000, 2286.481
874.4067, -157.5421, 15.0000, 2287.481
873.5034, -157.9691, 14.9000, 2288.480
872.5960, -158.3883, 14.9000, 2289.479
871.6887, -158.8075, 14.9000, 2290.479
870.7642, -159.1844, 14.8000, 2291.477
869.8318, -159.5414, 14.8000, 2292.476
868.8983, -159.8983, 14.8000, 2293.475
867.9568, -160.2297, 14.7000, 2294.473
867.0053, -160.5355, 14.7000, 2295.473
866.0547, -160.8412, 14.7000, 2296.471
865.0982, -161.1281, 14.6000, 2297.470
864.1326, -161.3828, 14.6000, 2298.468
863.1670, -161.6374, 14.6000, 2299.467
862.1984, -161.8787, 14.5000, 2300.465
861.2188, -162.0699, 14.5000, 2301.463
860.2392, -162.2612, 14.5000, 2302.461
859.2585, -162.4480, 14.4000, 2303.460
858.2678, -162.5759, 14.4000, 2304.459
857.2782, -162.7049, 14.4000, 2305.457
856.2875, -162.8327, 14.3000, 2306.455
855.2938, -162.9184, 14.3000, 2307.453
854.2991, -163.0018, 14.3000, 2308.451
853.3034, -163.0840, 14.2000, 2309.450
852.3067, -163.1196, 14.2000, 2310.447
851.3080, -163.1430, 14.1000, 2311.446
850.3103, -163.1663, 14.1000, 2312.444
849.3126, -163.1674, 14.1000, 2313.442
848.3139, -163.1552, 14.0000, 2314.441
847.3162, -163.1430, 14.0000, 2315.439
846.3185, -163.1041, 14.0000, 2316.437
845.3228, -163.0396, 13.9000, 2317.435
844.3261, -162.9740, 13.9000, 2318.434
843.3314, -162.8995, 13.9000, 2319.431
842.3377, -162.8061, 13.8000, 2320.429
841.3430, -162.7126, 13.8000, 2321.428
840.3503, -162.6126, 13.8000, 2322.426
839.3617, -162.4736, 13.7000, 2323.424
838.3730, -162.3357, 13.7000, 2324.423
837.3843, -162.1967, 13.7000, 2325.421
836.3977, -162.0455, 13.6000, 2326.419
835.4110, -161.8931, 13.6000, 2327.418
834.4243, -161.7397, 13.6000, 2328.416
833.4397, -161.5740, 13.5000, 2329.415
832.4560, -161.4028, 13.5000, 2330.413
831.4724, -161.2304, 13.5000, 2331.412
830.4887, -161.0581, 13.5000, 2332.410
829.5061, -160.8846, 13.4000, 2333.408
828.5224, -160.7111, 13.4000, 2334.407
827.5398, -160.5366, 13.4000, 2335.405
826.5591, -160.3498, 13.3000, 2336.403
825.5785, -160.1618, 13.3000, 2337.402
824.5979, -159.9750, 13.3000, 2338.400
823.6172, -159.7838, 13.3000, 2339.399
822.6376, -159.5914, 13.2000, 2340.398
821.6579, -159.3990, 13.2000, 2341.396
820.6783, -159.2056, 13.2000, 2342.394
819.6987, -159.0110, 13.2000, 2343.393
818.7200, -158.8164, 13.2000, 2344.391
817.7404, -158.6218, 13.2000, 2345.390
816.7628, -158.4183, 13.2000, 2346.388
815.7851, -158.2148, 13.2000, 2347.387
814.8085, -158.0113, 13.2000, 2348.385
813.8309, -157.8056, 13.2000, 2349.384
812.8543, -157.5966, 13.3000, 2350.382
811.8776, -157.3886, 13.3000, 2351.381
810.9010, -157.1807, 13.3000, 2352.379
809.9254, -156.9705, 13.3000, 2353.377
808.9488, -156.7604, 13.3000, 2354.376
807.9732, -156.5502, 13.3000, 2355.374
806.9975, -156.3390, 13.4000, 2356.373
806.0219, -156.1243, 13.4000, 2357.372
805.0463, -155.9097, 13.4000, 2358.370
804.0717, -155.6951, 13.4000, 2359.368
803.0971, -155.4794, 13.4000, 2360.367
802.1224, -155.2615, 13.5000, 2361.365
801.1478, -155.0435, 13.5000, 2362.364
800.1732, -154.8256, 13.5000, 2363.363
799.1986, -154.6099, 13.5000, 2364.361
798.2230, -154.3953, 13.6000, 2365.360
797.2483, -154.1795, 13.6000, 2366.358
796.2737, -153.9638, 13.6000, 2367.356
795.3001, -153.7414, 13.6000, 2368.355
794.3265, -153.5191, 13.7000, 2369.354
793.3529, -153.2978, 13.7000, 2370.352
792.3793, -153.0765, 13.7000, 2371.351
791.4046, -152.8586, 13.7000, 2372.349
790.4300, -152.6395, 13.8000, 2373.348
789.4564, -152.4216, 13.8000, 2374.346
788.4818, -152.2014, 13.8000, 2375.345
787.5092, -151.9779, 13.9000, 2376.343
786.5356, -151.7555, 13.9000, 2377.342
785.5620, -151.5331, 13.9000, 2378.340
784.5883, -151.3107, 14.0000, 2379.339
783.6147, -151.0894, 14.0000, 2380.338
782.6411, -150.8682, 14.0000, 2381.336
781.6675, -150.6480, 14.1000, 2382.334
780.6939, -150.4256, 14.1000, 2383.333
779.7203, -150.2032, 14.1000, 2384.332
778.7467, -149.9808, 14.2000, 2385.330
777.7730, -149.7584, 14.2000, 2386.329
776.7994, -149.5372, 14.2000, 2387.327
775.8258, -149.3170, 14.2000, 2388.326
774.8522, -149.0979, 14.3000, 2389.324
773.8776, -148.8778, 14.3000, 2390.323
772.9040, -148.6565, 14.3000, 2391.321
771.9304, -148.4363, 14.4000, 2392.319
770.9567, -148.2151, 14.4000, 2393.318
769.9831, -147.9938, 14.4000, 2394.316
769.0085, -147.7736, 14.4000, 2395.315
768.0349, -147.5557, 14.5000, 2396.313
767.0603, -147.3366, 14.5000, 2397.312
766.0857, -147.1176, 14.5000, 2398.311
765.1121, -146.8963, 14.5000, 2399.309
764.1394, -146.6728, 14.5000, 2400.307
763.1658, -146.4493, 14.6000, 2401.306
762.1932, -146.2258, 14.6000, 2402.304
761.2196, -146.0023, 14.6000, 2403.303
760.2460, -145.7821, 14.6000, 2404.301
759.2724, -145.5608, 14.6000, 2405.300
758.2978, -145.3396, 14.6000, 2406.299
757.3241, -145.1194, 14.6000, 2407.298
756.3505, -144.8992, 14.6000, 2408.296
755.3769, -144.6779, 14.6000, 2409.294
754.4023, -144.4578, 14.5000, 2410.293
753.4287, -144.2376, 14.5000, 2411.291
752.4551, -144.0174, 14.5000, 2412.290
751.4805, -143.7973, 14.5000, 2413.289
750.5068, -143.5771, 14.5000, 2414.287
749.5332, -143.3569, 14.5000, 2415.285
748.5586, -143.1401, 14.5000, 2416.284
747.5840, -142.9222, 14.5000, 2417.282
746.6094, -142.7053, 14.5000, 2418.281
745.6348, -142.4885, 14.4000, 2419.279
744.6591, -142.2739, 14.4000, 2420.278
743.6835, -142.0604, 14.4000, 2421.277
742.7089, -141.8469, 14.4000, 2422.275
741.7333, -141.6334, 14.4000, 2423.273
740.7577, -141.4222, 14.4000, 2424.272
739.7810, -141.2120, 14.3000, 2425.271
738.8054, -141.0018, 14.3000, 2426.269
737.8288, -140.7917, 14.3000, 2427.268
736.8532, -140.5804, 14.3000, 2428.266
735.8765, -140.3703, 14.3000, 2429.265
734.9009, -140.1590, 14.2000, 2430.263
733.9253, -139.9477, 14.2000, 2431.261
732.9487, -139.7376, 14.2000, 2432.260
731.9720, -139.5318, 14.2000, 2433.258
730.9944, -139.3261, 14.2000, 2434.257
730.0178, -139.1204, 14.2000, 2435.255
729.0402, -138.9158, 14.2000, 2436.254
728.0635, -138.7101, 14.2000, 2437.252
727.0859, -138.5044, 14.2000, 2438.251
726.1093, -138.2998, 14.2000, 2439.249
725.1316, -138.0941, 14.2000, 2440.248
724.1540, -137.8906, 14.2000, 2441.247
723.1764, -137.6905, 14.1000, 2442.245
722.1988, -137.4892, 14.1000, 2443.243
721.2201, -137.2879, 14.1000, 2444.242
720.2425, -137.0878, 14.1000, 2445.240
719.2629, -136.8910, 14.1000, 2446.239
718.2842, -136.6930, 14.1000, 2447.237
717.3056, -136.4962, 14.1000, 2448.236
716.3270, -136.2994, 14.1000, 2449.234
715.3473, -136.1037, 14.1000, 2450.233
714.3687, -135.9080, 14.1000, 2451.231
713.3891, -135.7123, 14.1000, 2452.230
712.4104, -135.5166, 14.1000, 2453.228
711.4318, -135.3209, 14.1000, 2454.226
710.4522, -135.1230, 14.1000, 2455.225
709.4735, -134.9261, 14.1000, 2456.224
708.4949, -134.7293, 14.0000, 2457.222
707.5163, -134.5314, 14.0000, 2458.220
706.5376, -134.3335, 14.0000, 2459.219
705.5590, -134.1356, 14.0000, 2460.217
704.5804, -133.9376, 13.9000, 2461.216
703.6017, -133.7397, 13.9000, 2462.214
702.6231, -133.5418, 13.8000, 2463.212
701.6445, -133.3438, 13.8000, 2464.211
700.6658, -133.1459, 13.7000, 2465.209
699.6872, -132.9480, 13.7000, 2466.208
698.7086, -132.7490, 13.7000, 2467.206
697.7309, -132.5455, 13.6000, 2468.205
696.7533, -132.3431, 13.6000, 2469.203
695.7757, -132.1396, 13.5000, 2470.202
694.7981, -131.9372, 13.5000, 2471.200
693.8204, -131.7349, 13.5000, 2472.199
692.8428, -131.5325, 13.4000, 2473.197
691.8652, -131.3301, 13.4000, 2474.195
690.8875, -131.1277, 13.4000, 2475.194
689.9089, -130.9254, 13.3000, 2476.193
688.9313, -130.7230, 13.3000, 2477.191
687.9536, -130.5206, 13.3000, 2478.190
686.9760, -130.3193, 13.2000, 2479.188
685.9984, -130.1170, 13.2000, 2480.186
685.0208, -129.9124, 13.2000, 2481.185
684.0431, -129.7089, 13.1000, 2482.184
683.0655, -129.5043, 13.1000, 2483.183
682.0889, -129.3008, 13.1000, 2484.180
681.1112, -129.0951, 13.0000, 2485.179
680.1346, -128.8872, 13.0000, 2486.178
679.1580, -128.6803, 13.0000, 2487.176
678.1814, -128.4724, 12.9000, 2488.174
677.2047, -128.2656, 12.9000, 2489.173
676.2281, -128.0576, 12.9000, 2490.171
675.2515, -127.8508, 12.9000, 2491.170
674.2749, -127.6429, 12.8000, 2492.168
673.2982, -127.4349, 12.8000, 2493.167
672.3216, -127.2270, 12.8000, 2494.165
671.3450, -127.0191, 12.8000, 2495.164
670.3684, -126.8111, 12.7000, 2496.162
669.3917, -126.6021, 12.7000, 2497.161
668.4151, -126.3942, 12.7000, 2498.159
667.4385, -126.1873, 12.7000, 2499.158
666.4619, -125.9805, 12.6000, 2500.156
665.4852, -125.7737, 12.6000, 2501.154
664.5076, -125.5669, 12.6000, 2502.154
663.5320, -125.3578, 12.6000, 2503.151
662.5554, -125.1477, 12.5000, 2504.150
661.5787, -124.9386, 12.5000, 2505.149
660.6031, -124.7285, 12.5000, 2506.147
659.6265, -124.5194, 12.5000, 2507.146
658.6489, -124.3170, 12.5000, 2508.144
657.6712, -124.1136, 12.4000, 2509.143
656.6936, -123.9101, 12.4000, 2510.141
655.7160, -123.7066, 12.4000, 2511.140
654.7384, -123.5031, 12.4000, 2512.138
653.7617, -123.2985, 12.4000, 2513.136
652.7841, -123.0928, 12.4000, 2514.135
651.8075, -122.8882, 12.4000, 2515.133
650.8298, -122.6836, 12.4000, 2516.132
649.8522, -122.4801, 12.4000, 2517.131
648.8746, -122.2766, 12.4000, 2518.129
647.8970, -122.0742, 12.4000, 2519.127
646.9193, -121.8708, 12.4000, 2520.126
645.9417, -121.6673, 12.5000, 2521.125
644.9641, -121.4627, 12.5000, 2522.123
643.9874, -121.2592, 12.5000, 2523.121
643.0098, -121.0557, 12.5000, 2524.120
642.0322, -120.8533, 12.5000, 2525.118
641.0536, -120.6554, 12.6000, 2526.116
640.0749, -120.4564, 12.6000, 2527.115
639.0963, -120.2584, 12.6000, 2528.114
638.1177, -120.0594, 12.6000, 2529.112
637.1390, -119.8592, 12.7000, 2530.111
636.1614, -119.6591, 12.7000, 2531.109
635.1828, -119.4578, 12.7000, 2532.108
634.2051, -119.2577, 12.7000, 2533.106
633.2265, -119.0586, 12.8000, 2534.105
632.2479, -118.8629, 12.8000, 2535.103
631.2682, -118.6661, 12.8000, 2536.102
630.2896, -118.4704, 12.9000, 2537.100
629.3110, -118.2747, 12.9000, 2538.098
628.3313, -118.0801, 12.9000, 2539.097
627.3517, -117.8844, 12.9000, 2540.096
626.3731, -117.6898, 13.0000, 2541.093
625.3934, -117.4941, 13.0000, 2542.093
624.4138, -117.3040, 13.0000, 2543.090
623.4331, -117.1161, 13.0000, 2544.089
622.4525, -116.9270, 13.0000, 2545.088
621.4719, -116.7391, 13.0000, 2546.086
620.4912, -116.5534, 13.0000, 2547.084
619.5096, -116.3711, 13.0000, 2548.083
618.5269, -116.1898, 13.0000, 2549.082
617.5453, -116.0086, 13.0000, 2550.080
616.5636, -115.8273, 13.0000, 2551.078
615.5800, -115.6538, 13.0000, 2552.077
614.5974, -115.4815, 12.9000, 2553.075
613.6137, -115.3080, 12.9000, 2554.074
612.6300, -115.1357, 12.9000, 2555.072
611.6454, -114.9700, 12.9000, 2556.071
610.6607, -114.8076, 12.9000, 2557.069
609.6761, -114.6453, 12.9000, 2558.067
608.6904, -114.4830, 12.9000, 2559.066
607.7038, -114.3328, 12.9000, 2560.064
606.7161, -114.1883, 12.8000, 2561.062
605.7274, -114.0449, 12.8000, 2562.061
604.7398, -113.9014, 12.8000, 2563.059
603.7501, -113.7713, 12.8000, 2564.057
602.7584, -113.6523, 12.8000, 2565.056
601.7677, -113.5334, 12.8000, 2566.054
600.7760, -113.4144, 12.7000, 2567.052
599.7834, -113.3076, 12.7000, 2568.051
598.7897, -113.2120, 12.7000, 2569.049
597.7960, -113.1164, 12.7000, 2570.047
596.8023, -113.0196, 12.7000, 2571.046
595.8076, -112.9451, 12.6000, 2572.043
594.8109, -112.8884, 12.6000, 2573.042
593.8142, -112.8306, 12.6000, 2574.040
592.8175, -112.7739, 12.5000, 2575.038
591.8198, -112.7361, 12.5000, 2576.037
590.8221, -112.7094, 12.5000, 2577.035
589.8244, -112.6838, 12.4000, 2578.033
588.8267, -112.6571, 12.4000, 2579.031
587.8280, -112.6594, 12.4000, 2580.029
586.8303, -112.6660, 12.3000, 2581.027
585.8316, -112.6738, 12.3000, 2582.026
584.8339, -112.6849, 12.3000, 2583.024
583.8372, -112.7405, 12.2000, 2584.022
582.8405, -112.7950, 12.2000, 2585.020
581.8438, -112.8506, 12.1000, 2586.018
580.8481, -112.9218, 12.1000, 2587.017
579.8544, -113.0196, 12.1000, 2588.015
578.8607, -113.1186, 12.0000, 2589.014
577.8670, -113.2165, 12.0000, 2590.012
576.8783, -113.3532, 11.9000, 2591.010
575.8917, -113.5011, 11.9000, 2592.008
574.9040, -113.6490, 11.9000, 2593.007
573.9194, -113.8113, 11.8000, 2594.005
572.9427, -114.0215, 11.8000, 2595.004
571.9671, -114.2305, 11.7000, 2596.001
570.9905, -114.4396, 11.7000, 2597.000
570.0219, -114.6809, 11.7000, 2597.998
569.0553, -114.9333, 11.6000, 2598.997
568.0897, -115.1868, 11.6000, 2599.996
567.1281, -115.4548, 11.5000, 2600.994
566.1786, -115.7662, 11.5000, 2601.993
565.2301, -116.0764, 11.5000, 2602.991
564.2806, -116.3877, 11.5000, 2603.990
563.3491, -116.7469, 11.4000, 2604.989
562.4197, -117.1149, 11.4000, 2605.988
561.4912, -117.4830, 11.4000, 2606.987
560.5738, -117.8777, 11.4000, 2607.986
559.6705, -118.3058, 11.3000, 2608.985
558.7681, -118.7328, 11.3000, 2609.984
557.8668, -119.1654, 11.3000, 2610.983
556.9905, -119.6457, 11.3000, 2611.983
556.1133, -120.1250, 11.2000, 2612.982
555.2370, -120.6054, 11.2000, 2613.982
554.3808, -121.1213, 11.2000, 2614.981
553.5307, -121.6472, 11.2000, 2615.981
552.6795, -122.1732, 11.2000, 2616.982
551.8424, -122.7181, 11.1000, 2617.980
551.0234, -123.2929, 11.1000, 2618.981
550.2043, -123.8667, 11.1000, 2619.981
549.3883, -124.4449, 11.1000, 2620.981
548.6014, -125.0620, 11.1000, 2621.981
547.8145, -125.6792, 11.1000, 2622.981
547.0275, -126.2963, 11.1000, 2623.981
546.2657, -126.9446, 11.0000, 2624.982
545.5119, -127.6029, 11.0000, 2625.982
544.7571, -128.2600, 11.0000, 2626.983
544.0204, -128.9361, 11.0000, 2627.983
543.3047, -129.6366, 11.0000, 2628.985
542.5901, -130.3371, 11.0000, 2629.985
541.8774, -131.0399, 11.0000, 2630.986
541.1869, -131.7649, 11.0000, 2631.987
540.4973, -132.4910, 11.0000, 2632.989
539.8077, -133.2160, 11.0000, 2633.989
539.1443, -133.9665, 11.0000, 2634.991
538.4939, -134.7271, 11.0000, 2635.992
537.8424, -135.4877, 11.1000, 2636.993
537.2021, -136.2572, 11.1000, 2637.994
536.5848, -137.0466, 11.1000, 2638.996
535.9675, -137.8350, 11.1000, 2639.998
535.3502, -138.6245, 11.2000, 2641.000
534.7610, -139.4340, 11.2000, 2642.001
534.1738, -140.2457, 11.2000, 2643.003
533.5856, -141.0574, 11.3000, 2644.005
533.0155, -141.8803, 11.3000, 2645.006
532.4595, -142.7142, 11.3000, 2646.009
531.9034, -143.5482, 11.3000, 2647.011
531.3513, -144.3844, 11.4000, 2648.013
530.8304, -145.2406, 11.4000, 2649.015
530.3085, -146.0957, 11.4000, 2650.017
529.7875, -146.9519, 11.4000, 2651.019
529.2827, -147.8181, 11.5000, 2652.022
528.7878, -148.6899, 11.5000, 2653.024
528.2930, -149.5616, 11.5000, 2654.027
527.7992, -150.4345, 11.6000, 2655.030
527.3114, -151.3096, 11.6000, 2656.032
526.8225, -152.1847, 11.6000, 2657.034
526.3347, -153.0598, 11.6000, 2658.036
525.8549, -153.9405, 11.7000, 2659.039
525.3792, -154.8234, 11.7000, 2660.042
524.9024, -155.7051, 11.7000, 2661.044
524.4276, -156.5880, 11.8000, 2662.046
523.9559, -157.4720, 11.8000, 2663.048
523.4841, -158.3571, 11.8000, 2664.051
523.0124, -159.2411, 11.8000, 2665.053
522.5477, -160.1296, 11.9000, 2666.056
522.0870, -161.0203, 11.9000, 2667.059
521.6273, -161.9109, 11.9000, 2668.061
521.1665, -162.8016, 12.0000, 2669.064
520.7098, -163.6945, 12.0000, 2670.067
520.2532, -164.5863, 12.1000, 2671.069
519.7955, -165.4792, 12.1000, 2672.072
519.3388, -166.3721, 12.1000, 2673.075
518.8831, -167.2650, 12.2000, 2674.078
518.4274, -168.1579, 12.3000, 2675.080
517.9707, -169.0508, 12.3000, 2676.083
517.5170, -169.9448, 12.4000, 2677.085
517.0653, -170.8399, 12.4000, 2678.088
516.6136, -171.7339, 12.5000, 2679.090
516.1620, -172.6290, 12.6000, 2680.092
515.7093, -173.5241, 12.6000, 2681.095
515.2556, -174.4181, 12.7000, 2682.098
514.8019, -175.3121, 12.7000, 2683.100
514.3482, -176.2062, 12.8000, 2684.103
513.8935, -177.1002, 12.8000, 2685.106
513.4389, -177.9942, 12.9000, 2686.109
512.9852, -178.8871, 13.0000, 2687.111
512.5305, -179.7811, 13.0000, 2688.114
512.0808, -180.6773, 13.1000, 2689.116
511.6311, -181.5735, 13.1000, 2690.119
511.1815, -182.4698, 13.1000, 2691.122
510.7318, -183.3660, 13.2000, 2692.124
510.2801, -184.2611, 13.2000, 2693.127
509.8285, -185.1562, 13.3000, 2694.130
509.3778, -186.0514, 13.3000, 2695.132
508.9271, -186.9476, 13.3000, 2696.135
508.4784, -187.8438, 13.4000, 2697.137
508.0298, -188.7400, 13.4000, 2698.139
507.5811, -189.6374, 13.5000, 2699.143
507.1324, -190.5336, 13.5000, 2700.145
506.6828, -191.4298, 13.6000, 2701.148
506.2331, -192.3261, 13.6000, 2702.150
505.7834, -193.2223, 13.6000, 2703.153
505.3348, -194.1185, 13.7000, 2704.155
504.8861, -195.0159, 13.7000, 2705.159
504.4374, -195.9121, 13.7000, 2706.161
503.9898, -196.8095, 13.7000, 2707.164
503.5411, -197.7057, 13.7000, 2708.166
503.0914, -198.6019, 13.7000, 2709.169
502.6428, -199.4982, 13.6000, 2710.171
502.1931, -200.3944, 13.6000, 2711.174
501.7444, -201.2917, 13.6000, 2712.177
501.2988, -202.1902, 13.6000, 2713.180
500.8531, -203.0875, 13.6000, 2714.182
500.4065, -203.9860, 13.6000, 2715.185
499.9608, -204.8833, 13.5000, 2716.187
499.5142, -205.7818, 13.5000, 2717.190
499.0665, -206.6791, 13.5000, 2718.193
498.6198, -207.5765, 13.5000, 2719.196
498.1732, -208.4738, 13.5000, 2720.198
497.7245, -209.3700, 13.5000, 2721.200
497.2759, -210.2674, 13.4000, 2722.203
496.8272, -211.1636, 13.4000, 2723.206
496.3785, -212.0610, 13.4000, 2724.209
495.9279, -212.9561, 13.4000, 2725.211
495.4762, -213.8512, 13.4000, 2726.214
495.0255, -214.7463, 13.4000, 2727.216
494.5738, -215.6425, 13.4000, 2728.219
494.1232, -216.5377, 13.3000, 2729.222
493.6715, -217.4328, 13.3000, 2730.224
493.2208, -218.3279, 13.3000, 2731.226
492.7691, -219.2230, 13.3000, 2732.229
492.3175, -220.1193, 13.3000, 2733.233
491.8668, -221.0144, 13.3000, 2734.235
491.4151, -221.9095, 13.2000, 2735.237
490.9634, -222.8046, 13.2000, 2736.240
490.5118, -223.6997, 13.2000, 2737.243
490.0591, -224.5948, 13.2000, 2738.246
489.6074, -225.4889, 13.2000, 2739.247
489.1547, -226.3840, 13.2000, 2740.251
488.7010, -227.2780, 13.2000, 2741.253
488.2473, -228.1720, 13.2000, 2742.256
487.7927, -229.0660, 13.2000, 2743.259
487.3390, -229.9600, 13.2000, 2744.261
486.8833, -230.8529, 13.2000, 2745.264
486.4256, -231.7447, 13.2000, 2746.266
485.9679, -232.6376, 13.3000, 2747.269
485.5112, -233.5294, 13.3000, 2748.271
485.0535, -234.4211, 13.3000, 2749.274
484.5988, -235.3152, 13.3000, 2750.277
484.1441, -236.2080, 13.3000, 2751.279
483.6884, -237.1021, 13.3000, 2752.282
483.2337, -237.9949, 13.3000, 2753.284
482.7770, -238.8878, 13.3000, 2754.287
482.3203, -239.7796, 13.3000, 2755.289
481.8626, -240.6725, 13.3000, 2756.292
481.4060, -241.5654, 13.3000, 2757.295
480.9503, -242.4583, 13.3000, 2758.298
480.4956, -243.3512, 13.3000, 2759.300
480.0409, -244.2452, 13.3000, 2760.303
479.5862, -245.1392, 13.3000, 2761.306
479.1315, -246.0321, 13.2000, 2762.308
478.6758, -246.9250, 13.2000, 2763.310
478.2201, -247.8179, 13.2000, 2764.313
477.7644, -248.7108, 13.2000, 2765.315
477.3087, -249.6037, 13.2000, 2766.317
476.8510, -250.4966, 13.2000, 2767.321
476.3933, -251.3884, 13.2000, 2768.323
475.9356, -252.2802, 13.2000, 2769.326
475.4790, -253.1731, 13.2000, 2770.328
475.0223, -254.0660, 13.2000, 2771.331
474.5656, -254.9577, 13.2000, 2772.333
474.1099, -255.8506, 13.2000, 2773.336
473.6532, -256.7435, 13.2000, 2774.339
473.1965, -257.6364, 13.2000, 2775.342
472.7378, -258.5282, 13.2000, 2776.344
472.2791, -259.4200, 13.2000, 2777.347
471.8214, -260.3107, 13.2000, 2778.349
471.3627, -261.2024, 13.2000, 2779.351
470.9040, -262.0942, 13.2000, 2780.354
470.4443, -262.9860, 13.2000, 2781.358
469.9856, -263.8767, 13.2000, 2782.359
469.5269, -264.7685, 13.2000, 2783.362
469.0672, -265.6591, 13.2000, 2784.365
468.6064, -266.5498, 13.2000, 2785.367
468.1457, -267.4405, 13.2000, 2786.370
467.6850, -268.3300, 13.1000, 2787.372
467.2243, -269.2207, 13.1000, 2788.375
466.7636, -270.1114, 13.1000, 2789.377
466.3039, -271.0021, 13.1000, 2790.380
465.8432, -271.8927, 13.1000, 2791.383
465.3825, -272.7834, 13.1000, 2792.385
464.9218, -273.6741, 13.1000, 2793.388
464.4621, -274.5647, 13.1000, 2794.390
464.0013, -275.4554, 13.1000, 2795.393
463.5406, -276.3461, 13.1000, 2796.396
463.0799, -277.2368, 13.1000, 2797.399
462.6212, -278.1274, 13.1000, 2798.401
462.1625, -279.0192, 13.1000, 2799.403
461.7028, -279.9099, 13.1000, 2800.406
461.2441, -280.8017, 13.1000, 2801.409
460.7844, -281.6923, 13.1000, 2802.411
460.3257, -282.5841, 13.1000, 2803.414
459.8660, -283.4748, 13.1000, 2804.416
459.4063, -284.3666, 13.1000, 2805.419
458.9466, -285.2572, 13.1000, 2806.422
458.4889, -286.1490, 13.1000, 2807.424
458.0312, -287.0408, 13.0000, 2808.426
457.5735, -287.9337, 13.0000, 2809.430
457.1158, -288.8255, 13.0000, 2810.432
456.6591, -289.7173, 13.0000, 2811.434
456.2044, -290.6113, 13.0000, 2812.437
455.7487, -291.5042, 13.0000, 2813.440
455.2930, -292.3971, 13.0000, 2814.442
454.8383, -293.2911, 13.0000, 2815.445
454.3836, -294.1840, 13.0000, 2816.447
453.9290, -295.0780, 13.0000, 2817.450
453.4753, -295.9720, 13.0000, 2818.452
453.0206, -296.8660, 13.0000, 2819.455
452.5659, -297.7600, 13.0000, 2820.458
452.1132, -298.6540, 13.0000, 2821.461
451.6605, -299.5480, 13.0000, 2822.463
451.2069, -300.4431, 13.0000, 2823.466
450.7542, -301.3371, 13.0000, 2824.468
450.3015, -302.2323, 13.0000, 2825.471
449.8498, -303.1274, 13.0000, 2826.474
449.3981, -304.0225, 13.0000, 2827.477
448.9465, -304.9176, 13.0000, 2828.479
448.4948, -305.8127, 13.0000, 2829.482
448.0421, -306.7067, 13.0000, 2830.484
447.5894, -307.6019, 13.0000, 2831.487
447.1367, -308.4959, 13.0000, 2832.489
446.6841, -309.3910, 13.0000, 2833.492
446.2314, -310.2850, 13.0000, 2834.494
445.7807, -311.1812, 13.0000, 2835.497
445.3290, -312.0763, 13.0000, 2836.500
444.8784, -312.9715, 13.0000, 2837.502
444.4267, -313.8666, 13.0000, 2838.505
443.9760, -314.7628, 13.0000, 2839.508
443.5253, -315.6579, 13.0000, 2840.510
443.0747, -316.5531, 13.0000, 2841.512
442.6230, -317.4493, 13.0000, 2842.516
442.1723, -318.3444, 13.0000, 2843.518
441.7226, -319.2406, 13.0000, 2844.521
441.2730, -320.1369, 13.0000, 2845.523
440.8243, -321.0331, 13.0000, 2846.526
440.3746, -321.9293, 13.0000, 2847.528
439.9260, -322.8256, 13.0000, 2848.531
439.4783, -323.7229, 13.0000, 2849.534
439.0307, -324.6202, 13.1000, 2850.536
438.5830, -325.5176, 13.1000, 2851.539
438.1353, -326.4149, 13.1000, 2852.542
437.6877, -327.3123, 13.1000, 2853.545
437.2400, -328.2085, 13.1000, 2854.547
436.7913, -329.1058, 13.2000, 2855.550
436.3437, -330.0032, 13.2000, 2856.553
435.8960, -330.8994, 13.2000, 2857.554
435.4494, -331.7979, 13.2000, 2858.558
435.0027, -332.6952, 13.3000, 2859.560
434.5560, -333.5926, 13.3000, 2860.563
434.1094, -334.4910, 13.3000, 2861.566
433.6637, -335.3884, 13.4000, 2862.568
433.2161, -336.2857, 13.4000, 2863.571
432.7694, -337.1830, 13.4000, 2864.573
432.3228, -338.0815, 13.5000, 2865.576
431.8751, -338.9788, 13.5000, 2866.579
431.4274, -339.8762, 13.6000, 2867.582
430.9798, -340.7724, 13.6000, 2868.584
430.5311, -341.6698, 13.7000, 2869.587
430.0824, -342.5660, 13.7000, 2870.589
429.6338, -343.4633, 13.8000, 2871.592
429.1881, -344.3607, 13.8000, 2872.594
428.7435, -345.2591, 13.9000, 2873.597
428.2988, -346.1576, 13.9000, 2874.599
427.8542, -347.0572, 14.0000, 2875.603
427.4095, -347.9556, 14.1000, 2876.605
426.9609, -348.8518, 14.1000, 2877.608
426.5122, -349.7492, 14.1000, 2878.611
426.0635, -350.6454, 14.2000, 2879.613
425.6139, -351.5416, 14.2000, 2880.616
425.1652, -352.4379, 14.3000, 2881.618
424.7185, -353.3352, 14.3000, 2882.620
424.2709, -354.2326, 14.3000, 2883.623
423.8242, -355.1310, 14.3000, 2884.627
423.3766, -356.0284, 14.4000, 2885.629
422.9289, -356.9246, 14.4000, 2886.631
422.4782, -357.8208, 14.4000, 2887.634
422.0285, -358.7171, 14.4000, 2888.637
421.5779, -359.6122, 14.4000, 2889.639
421.1282, -360.5084, 14.5000, 2890.642
420.6775, -361.4035, 14.5000, 2891.644
420.2259, -362.2998, 14.5000, 2892.648
419.7742, -363.1949, 14.5000, 2893.650
419.3235, -364.0900, 14.5000, 2894.653
418.8718, -364.9851, 14.5000, 2895.655
418.4202, -365.8802, 14.6000, 2896.658
417.9685, -366.7754, 14.6000, 2897.660
417.5168, -367.6705, 14.6000, 2898.663
417.0651, -368.5656, 14.6000, 2899.666
416.6144, -369.4607, 14.6000, 2900.668
416.1618, -370.3558, 14.6000, 2901.671
415.7091, -371.2509, 14.6000, 2902.674
415.2564, -372.1450, 14.6000, 2903.676
414.8047, -373.0401, 14.6000, 2904.679
414.3521, -373.9352, 14.6000, 2905.682
413.9014, -374.8303, 14.6000, 2906.684
413.4507, -375.7254, 14.6000, 2907.686
413.0000, -376.6217, 14.6000, 2908.689
412.5494, -377.5168, 14.6000, 2909.691
412.0977, -378.4119, 14.6000, 2910.694
411.6460, -379.3070, 14.6000, 2911.697
411.1933, -380.2021, 14.6000, 2912.700
410.7416, -381.0973, 14.6000, 2913.702
410.2900, -381.9924, 14.6000, 2914.705
409.8373, -382.8864, 14.6000, 2915.707
409.3856, -383.7815, 14.6000, 2916.710
408.9329, -384.6766, 14.6000, 2917.713
408.4813, -385.5717, 14.6000, 2918.715
408.0286, -386.4669, 14.6000, 2919.718
407.5779, -387.3620, 14.6000, 2920.721
407.1262, -388.2571, 14.6000, 2921.723
406.6746, -389.1522, 14.6000, 2922.726
406.2239, -390.0473, 14.6000, 2923.728
405.7722, -390.9436, 14.5000, 2924.732
405.3215, -391.8387, 14.5000, 2925.734
404.8699, -392.7338, 14.5000, 2926.736
404.4192, -393.6289, 14.5000, 2927.739
403.9675, -394.5240, 14.5000, 2928.741
403.5148, -395.4192, 14.5000, 2929.744
403.0621, -396.3132, 14.4000, 2930.746
402.6085, -397.2072, 14.4000, 2931.749
402.1548, -398.1023, 14.4000, 2932.752
401.7021, -398.9963, 14.4000, 2933.755
401.2504, -399.8914, 14.4000, 2934.757
400.7987, -400.7865, 14.3000, 2935.760
400.3481, -401.6817, 14.3000, 2936.762
399.8964, -402.5779, 14.3000, 2937.766
399.4457, -403.4730, 14.2000, 2938.768
398.9930, -404.3681, 14.2000, 2939.771
398.5404, -405.2621, 14.2000, 2940.773
398.0887, -406.1573, 14.2000, 2941.776
397.6360, -407.0524, 14.1000, 2942.779
397.1823, -407.9464, 14.1000, 2943.781
396.7276, -408.8393, 14.1000, 2944.783
396.2739, -409.7333, 14.0000, 2945.786
395.8193, -410.6273, 14.0000, 2946.789
395.3646, -411.5202, 14.0000, 2947.791
394.9109, -412.4142, 13.9000, 2948.793
394.4562, -413.3082, 13.9000, 2949.796
394.0025, -414.2022, 13.9000, 2950.799
393.5488, -415.0962, 13.8000, 2951.801
393.0941, -415.9902, 13.8000, 2952.804
392.6374, -416.8831, 13.8000, 2953.807
392.1818, -417.7760, 13.7000, 2954.810
391.7251, -418.6689, 13.7000, 2955.812
391.2694, -419.5607, 13.6000, 2956.814
390.8117, -420.4536, 13.6000, 2957.817
390.3530, -421.3454, 13.5000, 2958.820
389.8953, -422.2372, 13.5000, 2959.823
389.4366, -423.1289, 13.5000, 2960.825
388.9779, -424.0196, 13.4000, 2961.827
388.5182, -424.9103, 13.4000, 2962.830
388.0574, -425.8010, 13.3000, 2963.832
387.5967, -426.6916, 13.3000, 2964.835
387.1360, -427.5823, 13.2000, 2965.838
386.6733, -428.4719, 13.1000, 2966.841
386.2106, -429.3614, 13.1000, 2967.843
385.7469, -430.2499, 13.0000, 2968.846
385.2842, -431.1394, 13.0000, 2969.848
384.8194, -432.0279, 12.9000, 2970.851
384.3527, -432.9152, 12.9000, 2971.853
383.8860, -433.8025, 12.8000, 2972.856
383.4202, -434.6899, 12.8000, 2973.858
382.9535, -435.5772, 12.7000, 2974.861
382.4858, -436.4634, 12.6000, 2975.863
382.0180, -437.3508, 12.6000, 2976.866
381.5513, -438.2381, 12.5000, 2977.869
381.0836, -439.1243, 12.4000, 2978.871
380.6128, -440.0094, 12.4000, 2979.873
380.1411, -440.8946, 12.3000, 2980.876
379.6703, -441.7797, 12.2000, 2981.879
379.1996, -442.6648, 12.2000, 2982.881
378.7268, -443.5488, 12.1000, 2983.884
378.2541, -444.4328, 12.0000, 2984.886
377.7813, -445.3168, 12.0000, 2985.889
377.3085, -446.2008, 11.9000, 2986.891
376.8318, -447.0826, 11.8000, 2987.893
376.3530, -447.9632, 11.7000, 2988.896
375.8752, -448.8450, 11.7000, 2989.899
375.3975, -449.7257, 11.6000, 2990.901
374.9177, -450.6063, 11.5000, 2991.903
374.4379, -451.4870, 11.4000, 2992.906
373.9581, -452.3665, 11.4000, 2993.908
373.4783, -453.2472, 11.3000, 2994.911
372.9945, -454.1245, 11.2000, 2995.913
372.5107, -455.0030, 11.1000, 2996.916
372.0269, -455.8814, 11.1000, 2997.919
371.5411, -456.7576, 11.0000, 2998.921
371.0513, -457.6316, 10.9000, 2999.922
370.5605, -458.5067, 10.8000, 3000.926
370.0697, -459.3807, 10.8000, 3001.928
369.5718, -460.2503, 10.7000, 3002.930
369.0660, -461.1154, 10.6000, 3003.932
368.5611, -461.9816, 10.5000, 3004.935
368.0562, -462.8467, 10.5000, 3005.937
367.5383, -463.7051, 10.4000, 3006.939
367.0194, -464.5624, 10.3000, 3007.941
366.5004, -465.4197, 10.2000, 3008.943
365.9755, -466.2737, 10.2000, 3009.946
365.4385, -467.1199, 10.1000, 3010.948
364.9015, -467.9661, 10.0000, 3011.950
364.3645, -468.8123, 10.0000, 3012.952
363.8064, -469.6451, 9.9000, 3013.955
363.2453, -470.4746, 9.8000, 3014.956
362.6833, -471.3041, 9.7000, 3015.958
362.1121, -472.1270, 9.7000, 3016.960
361.5250, -472.9387, 9.6000, 3017.962
360.9368, -473.7504, 9.5000, 3018.964
360.3496, -474.5622, 9.5000, 3019.966
359.7383, -475.3550, 9.4000, 3020.967
359.1261, -476.1478, 9.4000, 3021.969
358.5138, -476.9406, 9.4000, 3022.971
357.8865, -477.7212, 9.3000, 3023.972
357.2481, -478.4940, 9.3000, 3024.975
356.6107, -479.2657, 9.2000, 3025.975
355.9653, -480.0318, 9.2000, 3026.977
355.2999, -480.7791, 9.2000, 3027.978
354.6334, -481.5263, 9.2000, 3028.979
353.9669, -482.2735, 9.1000, 3029.980
353.2643, -482.9863, 9.1000, 3030.981
352.5587, -483.6968, 9.1000, 3031.982
351.8531, -484.4074, 9.1000, 3032.984
351.1324, -485.1012, 9.0000, 3033.984
350.4027, -485.7851, 9.0000, 3034.984
349.6720, -486.4700, 9.0000, 3035.986
348.9282, -487.1383, 9.0000, 3036.986
348.1604, -487.7799, 9.0000, 3037.986
347.3925, -488.4215, 9.0000, 3038.987
346.6206, -489.0575, 9.0000, 3039.987
345.8227, -489.6602, 9.0000, 3040.987
345.0237, -490.2629, 9.0000, 3041.988
344.2257, -490.8656, 9.1000, 3042.988
343.4027, -491.4338, 9.1000, 3043.988
342.5786, -491.9986, 9.1000, 3044.987
341.7536, -492.5646, 9.2000, 3045.988
340.9054, -493.0928, 9.2000, 3046.987
340.0492, -493.6098, 9.3000, 3047.987
339.1931, -494.1258, 9.3000, 3048.987
338.3218, -494.6150, 9.3000, 3049.986
337.4406, -495.0865, 9.4000, 3050.985
336.5593, -495.5591, 9.4000, 3051.985
335.6650, -496.0016, 9.4000, 3052.983
334.7556, -496.4175, 9.5000, 3053.983
333.8472, -496.8323, 9.5000, 3054.982
332.9308, -497.2304, 9.5000, 3055.981
332.0034, -497.6006, 9.6000, 3056.979
331.0749, -497.9709, 9.6000, 3057.979
330.1425, -498.3267, 9.6000, 3058.977
329.1980, -498.6536, 9.7000, 3059.976
328.2545, -498.9806, 9.7000, 3060.975
327.3059, -499.2941, 9.7000, 3061.974
326.3454, -499.5666, 9.8000, 3062.972
325.3848, -499.8390, 9.8000, 3063.971
324.4222, -500.1025, 9.8000, 3064.969
323.4486, -500.3249, 9.9000, 3065.968
322.4750, -500.5484, 9.9000, 3066.967
321.5004, -500.7641, 9.9000, 3067.965
320.5167, -500.9320, 10.0000, 3068.963
319.5321, -501.0999, 10.0000, 3069.962
318.5474, -501.2623, 10.0000, 3070.960
317.5557, -501.3790, 10.1000, 3071.958
316.5641, -501.4958, 10.2000, 3072.957
315.5724, -501.6081, 10.2000, 3073.955
314.5767, -501.6737, 10.3000, 3074.952
313.5800, -501.7393, 10.3000, 3075.951
312.5843, -501.8005, 10.4000, 3076.949
311.5856, -501.8082, 10.5000, 3077.948
310.5879, -501.8160, 10.5000, 3078.945
309.5902, -501.8205, 10.6000, 3079.943
308.5925, -501.7749, 10.7000, 3080.942
307.5958, -501.7293, 10.8000, 3081.940
306.5981, -501.6804, 10.8000, 3082.938
305.6044, -501.5847, 10.9000, 3083.937
304.6107, -501.4902, 11.0000, 3084.935
303.6180, -501.3902, 11.0000, 3085.933
302.6293, -501.2478, 11.1000, 3086.932
301.6417, -501.1066, 11.2000, 3087.929
300.6540, -500.9598, 11.2000, 3088.928
299.6734, -500.7730, 11.3000, 3089.926
298.6927, -500.5851, 11.4000, 3090.924
297.7131, -500.3938, 11.5000, 3091.923
296.7415, -500.1626, 11.5000, 3092.921
295.7699, -499.9302, 11.6000, 3093.920
294.8003, -499.6933, 11.7000, 3094.918
293.8417, -499.4120, 11.7000, 3095.917
292.8842, -499.1307, 11.8000, 3096.915
291.9266, -498.8460, 11.8000, 3097.914
290.9871, -498.5069, 11.9000, 3098.913
290.0476, -498.1677, 12.0000, 3099.912
289.1092, -497.8264, 12.0000, 3100.911
288.1837, -497.4494, 12.0000, 3101.910
287.2593, -497.0713, 12.0000, 3102.909
286.3349, -496.6911, 12.0000, 3103.908
285.4345, -496.2596, 12.0000, 3104.907
284.5332, -495.8282, 12.0000, 3105.906
283.6328, -495.3945, 12.1000, 3106.905
282.7506, -494.9242, 12.1000, 3107.905
281.8693, -494.4538, 12.1000, 3108.904
280.9880, -493.9823, 12.1000, 3109.904
280.1288, -493.4709, 12.1000, 3110.903
279.2706, -492.9594, 12.1000, 3111.903
278.4114, -492.4467, 12.1000, 3112.903
277.5804, -491.8908, 12.2000, 3113.903
276.7493, -491.3348, 12.2000, 3114.903
275.9182, -490.7788, 12.2000, 3115.903
275.1152, -490.1839, 12.2000, 3116.902
274.3112, -489.5879, 12.3000, 3117.903
273.5082, -488.9919, 12.3000, 3118.903
272.7374, -488.3548, 12.3000, 3119.903
271.9665, -487.7165, 12.3000, 3120.904
271.1957, -487.0783, 12.4000, 3121.904
270.4690, -486.3911, 12.4000, 3122.905
269.7443, -485.7006, 12.4000, 3123.906
269.0186, -485.0111, 12.5000, 3124.907
268.3039, -484.3106, 12.5000, 3125.907
267.5903, -483.6090, 12.5000, 3126.908
266.8756, -482.9073, 12.6000, 3127.910
266.1881, -482.1801, 12.6000, 3128.910
265.5055, -481.4473, 12.6000, 3129.912
264.8230, -480.7157, 12.7000, 3130.912
264.1575, -479.9673, 12.7000, 3131.914
263.4971, -479.2146, 12.7000, 3132.915
262.8366, -478.4618, 12.8000, 3133.917
262.1943, -477.6934, 12.8000, 3134.918
261.5589, -476.9195, 12.8000, 3135.920
260.9245, -476.1445, 12.9000, 3136.921
260.3072, -475.3561, 12.9000, 3137.922
259.7010, -474.5588, 12.9000, 3138.924
259.0937, -473.7616, 12.9000, 3139.926
258.5005, -472.9554, 12.9000, 3140.927
257.9164, -472.1403, 12.9000, 3141.930
257.3322, -471.3264, 12.8000, 3142.932
256.7661, -470.5002, 12.8000, 3143.933
256.2181, -469.6618, 12.8000, 3144.935
255.6700, -468.8223, 12.8000, 3145.938
255.1270, -467.9805, 12.8000, 3146.939
254.5900, -467.1343, 12.8000, 3147.941
254.0540, -466.2881, 12.8000, 3148.943
253.5221, -465.4375, 12.8000, 3149.946
253.0021, -464.5813, 12.8000, 3150.948
252.4812, -463.7251, 12.8000, 3151.950
251.9643, -462.8667, 12.8000, 3152.952
251.4584, -462.0005, 12.8000, 3153.955
250.9535, -461.1354, 12.8000, 3154.957
250.4476, -460.2692, 12.8000, 3155.960
249.9478, -459.4018, 12.8000, 3156.961
249.4469, -458.5334, 12.8000, 3157.964
248.9461, -457.6650, 12.8000, 3158.966
248.4563, -456.7899, 12.8000, 3159.969
247.9664, -455.9148, 12.8000, 3160.972
247.4776, -455.0408, 12.8000, 3161.973
246.9878, -454.1657, 12.8000, 3162.976
246.4980, -453.2906, 12.8000, 3163.979
246.0092, -452.4155, 12.8000, 3164.981
245.5173, -451.5426, 12.8000, 3165.983
245.0255, -450.6686, 12.8000, 3166.986
244.5327, -449.7957, 12.8000, 3167.989
244.0429, -448.9217, 12.9000, 3168.991
243.5551, -448.0455, 12.9000, 3169.993
243.0673, -447.1704, 12.9000, 3170.995
242.5794, -446.2942, 12.9000, 3171.998
242.0946, -445.4169, 12.9000, 3173.000
241.6098, -444.5395, 12.9000, 3174.003
241.1240, -443.6622, 13.0000, 3175.006
240.6302, -442.7904, 13.0000, 3176.008
240.1364, -441.9175, 13.0000, 3177.011
239.6435, -441.0447, 13.0000, 3178.013
239.1567, -440.1685, 13.0000, 3179.015
238.6709, -439.2922, 13.0000, 3180.017
238.1851, -438.4149, 13.0000, 3181.020
237.6983, -437.5387, 13.0000, 3182.022
237.2095, -436.6636, 13.0000, 3183.025
236.7207, -435.7885, 13.0000, 3184.027
236.2339, -434.9123, 13.0000, 3185.029
235.7521, -434.0327, 13.0000, 3186.032
235.2713, -433.1532, 13.0000, 3187.035
234.7905, -432.2736, 13.0000, 3188.037
234.3077, -431.3952, 13.0000, 3189.039
233.8259, -430.5156, 13.0000, 3190.042
233.3432, -429.6372, 13.0000, 3191.045
232.8614, -428.7587, 12.9000, 3192.047
232.3796, -427.8792, 12.9000, 3193.049
231.8978, -427.0007, 12.9000, 3194.051
231.4160, -426.1212, 12.9000, 3195.054
230.9342, -425.2416, 12.8000, 3196.057
230.4524, -424.3632, 12.8000, 3197.059
229.9706, -423.4837, 12.8000, 3198.062
229.4899, -422.6041, 12.7000, 3199.064
229.0091, -421.7246, 12.7000, 3200.067
228.5273, -420.8450, 12.7000, 3201.069
228.0465, -419.9654, 12.6000, 3202.072
227.5647, -419.0870, 12.6000, 3203.074
227.0829, -418.2075, 12.6000, 3204.077
226.6021, -417.3279, 12.5000, 3205.079
226.1173, -416.4506, 12.5000, 3206.081
225.6335, -415.5721, 12.5000, 3207.084
225.1487, -414.6948, 12.4000, 3208.087
224.6670, -413.8164, 12.4000, 3209.088
224.1862, -412.9357, 12.3000, 3210.092
223.7054, -412.0562, 12.3000, 3211.094
223.2246, -411.1766, 12.2000, 3212.097
222.7428, -410.2982, 12.2000, 3213.098
222.2600, -409.4197, 12.2000, 3214.101
221.7772, -408.5413, 12.1000, 3215.103
221.2964, -407.6617, 12.1000, 3216.106
220.8157, -406.7822, 12.1000, 3217.108
220.3349, -405.9015, 12.0000, 3218.111
219.8541, -405.0220, 12.0000, 3219.114
219.3733, -404.1424, 12.0000, 3220.116
218.8915, -403.2640, 11.9000, 3221.118
218.4107, -402.3844, 11.9000, 3222.120
217.9299, -401.5038, 11.9000, 3223.124
217.4502, -400.6242, 11.8000, 3224.126
216.9694, -399.7446, 11.8000, 3225.128
216.4896, -398.8640, 11.8000, 3226.131
216.0088, -397.9844, 11.7000, 3227.133
215.5270, -397.1049, 11.7000, 3228.136
215.0462, -396.2264, 11.7000, 3229.138
214.5655, -395.3458, 11.6000, 3230.141
214.0867, -394.4651, 11.6000, 3231.143
213.6079, -393.5845, 11.5000, 3232.146
213.1301, -392.7038, 11.5000, 3233.148
212.6503, -391.8231, 11.5000, 3234.150
212.1706, -390.9425, 11.4000, 3235.153
211.6908, -390.0629, 11.4000, 3236.155
211.2110, -389.1822, 11.4000, 3237.158
210.7332, -388.3016, 11.3000, 3238.160
210.2555, -387.4198, 11.3000, 3239.163
209.7777, -386.5380, 11.3000, 3240.166
209.2999, -385.6574, 11.2000, 3241.168
208.8211, -384.7767, 11.2000, 3242.170
208.3424, -383.8960, 11.2000, 3243.172
207.8636, -383.0154, 11.1000, 3244.175
207.3848, -382.1347, 11.1000, 3245.177
206.9050, -381.2540, 11.1000, 3246.180
206.4252, -380.3734, 11.0000, 3247.183
205.9455, -379.4938, 11.0000, 3248.185
205.4667, -378.6132, 11.0000, 3249.187
204.9869, -377.7325, 11.0000, 3250.190
204.5081, -376.8518, 11.0000, 3251.193
204.0283, -375.9712, 11.1000, 3252.195
203.5496, -375.0905, 11.1000, 3253.198
203.0708, -374.2098, 11.1000, 3254.200
202.5910, -373.3292, 11.1000, 3255.203
202.1122, -372.4496, 11.1000, 3256.205
201.6324, -371.5690, 11.1000, 3257.207
201.1527, -370.6883, 11.1000, 3258.210
200.6729, -369.8088, 11.1000, 3259.212
200.1941, -368.9281, 11.1000, 3260.215
199.7123, -368.0485, 11.1000, 3261.217
199.2295, -367.1701, 11.1000, 3262.220
198.7477, -366.2905, 11.1000, 3263.223
198.2660, -365.4121, 11.1000, 3264.225
197.7862, -364.5314, 11.1000, 3265.227
197.3064, -363.6519, 11.1000, 3266.229
196.8266, -362.7712, 11.1000, 3267.232
196.3468, -361.8906, 11.1000, 3268.235
195.8650, -361.0121, 11.1000, 3269.237
195.3822, -360.1337, 11.1000, 3270.239
194.9005, -359.2541, 11.1000, 3271.242
194.4177, -358.3757, 11.1000, 3272.245
193.9349, -357.4972, 11.1000, 3273.247
193.4521, -356.6188, 11.1000, 3274.249
192.9693, -355.7404, 11.1000, 3275.252
192.4855, -354.8619, 11.1000, 3276.255
192.0027, -353.9835, 11.1000, 3277.257
191.5189, -353.1062, 11.1000, 3278.259
191.0351, -352.2277, 11.0000, 3279.262
190.5513, -351.3493, 11.0000, 3280.264
190.0725, -350.4686, 11.0000, 3281.267
189.5938, -349.5880, 11.0000, 3282.269
189.1140, -348.7073, 11.0000, 3283.272
188.6352, -347.8266, 11.0000, 3284.275
188.1534, -346.9482, 11.0000, 3285.276
187.6716, -346.0686, 11.0000, 3286.279
187.1898, -345.1902, 11.0000, 3287.281
186.7070, -344.3106, 10.9000, 3288.285
186.2253, -343.4322, 10.9000, 3289.286
185.7425, -342.5538, 10.9000, 3290.289
185.2607, -341.6742, 10.9000, 3291.292
184.7789, -340.7958, 10.9000, 3292.293
184.2951, -339.9173, 10.9000, 3293.296
183.8103, -339.0400, 10.9000, 3294.299
183.3265, -338.1627, 10.9000, 3295.301
182.8427, -337.2842, 10.9000, 3296.304
182.3569, -336.4069, 10.9000, 3297.306
181.8711, -335.5307, 10.9000, 3298.308
181.3853, -334.6534, 10.9000, 3299.311
180.8995, -333.7771, 10.9000, 3300.313
180.4147, -332.8998, 11.0000, 3301.315
179.9299, -332.0225, 11.0000, 3302.318
179.4451, -331.1441, 11.0000, 3303.321
178.9603, -330.2667, 11.0000, 3304.323
178.4755, -329.3894, 11.0000, 3305.326
177.9907, -328.5121, 11.0000, 3306.328
177.5059, -327.6347, 11.1000, 3307.330
177.0211, -326.7574, 11.1000, 3308.333
176.5363, -325.8801, 11.1000, 3309.335
176.0515, -325.0028, 11.1000, 3310.338
175.5657, -324.1254, 11.2000, 3311.340
175.0809, -323.2481, 11.2000, 3312.343
174.5961, -322.3708, 11.2000, 3313.345
174.1113, -321.4934, 11.3000, 3314.348
173.6275, -320.6150, 11.3000, 3315.350
173.1427, -319.7377, 11.4000, 3316.353
172.6579, -318.8603, 11.4000, 3317.355
172.1731, -317.9830, 11.5000, 3318.357
171.6873, -317.1068, 11.5000, 3319.359
171.2005, -316.2295, 11.6000, 3320.363
170.7147, -315.3533, 11.7000, 3321.364
170.2299, -314.4759, 11.8000, 3322.367
169.7451, -313.5986, 11.8000, 3323.369
169.2603, -312.7213, 11.9000, 3324.372
168.7755, -311.8428, 12.0000, 3325.375
168.2917, -310.9655, 12.0000, 3326.377
167.8079, -310.0871, 12.1000, 3327.380
167.3251, -309.2086, 12.1000, 3328.382
166.8423, -308.3302, 12.2000, 3329.384
166.3585, -307.4529, 12.3000, 3330.386
165.8737, -306.5744, 12.3000, 3331.390
165.3889, -305.6982, 12.4000, 3332.391
164.9031, -304.8209, 12.4000, 3333.394
164.4183, -303.9435, 12.5000, 3334.396
163.9335, -303.0651, 12.5000, 3335.400
163.4507, -302.1878, 12.5000, 3336.401
162.9679, -301.3093, 12.6000, 3337.403
162.4841, -300.4309, 12.6000, 3338.406
162.0013, -299.5525, 12.7000, 3339.409
161.5196, -298.6729, 12.7000, 3340.411
161.0378, -297.7934, 12.7000, 3341.414
160.5570, -296.9149, 12.8000, 3342.416
160.0752, -296.0354, 12.8000, 3343.419
159.5944, -295.1558, 12.8000, 3344.421
159.1146, -294.2751, 12.9000, 3345.424
158.6348, -293.3956, 12.9000, 3346.426
158.1551, -292.5149, 12.9000, 3347.429
157.6753, -291.6343, 12.9000, 3348.431
157.1965, -290.7536, 12.9000, 3349.434
156.7177, -289.8729, 13.0000, 3350.436
156.2390, -288.9923, 13.0000, 3351.439
155.7602, -288.1116, 13.0000, 3352.441
155.2834, -287.2298, 13.0000, 3353.444
154.8066, -286.3481, 13.0000, 3354.446
154.3289, -285.4663, 13.1000, 3355.449
153.8521, -284.5845, 13.1000, 3356.451
153.3743, -283.7038, 13.1000, 3357.453
152.8965, -282.8221, 13.2000, 3358.456
152.4178, -281.9414, 13.2000, 3359.458
151.9400, -281.0607, 13.2000, 3360.460
151.4612, -280.1790, 13.2000, 3361.464
150.9834, -279.2983, 13.3000, 3362.466
150.5067, -278.4165, 13.3000, 3363.468
150.0289, -277.5348, 13.4000, 3364.471
149.5521, -276.6530, 13.4000, 3365.473
149.0744, -275.7712, 13.4000, 3366.476
148.5976, -274.8894, 13.5000, 3367.479
148.1198, -274.0088, 13.5000, 3368.481
147.6430, -273.1270, 13.6000, 3369.483
147.1663, -272.2452, 13.6000, 3370.485
146.6915, -271.3623, 13.6000, 3371.488
146.2167, -270.4794, 13.7000, 3372.490
145.7420, -269.5954, 13.7000, 3373.494
145.2672, -268.7125, 13.7000, 3374.496
144.7925, -267.8308, 13.8000, 3375.498
144.3147, -266.9490, 13.8000, 3376.500
143.8379, -266.0672, 13.8000, 3377.503
143.3611, -265.1854, 13.9000, 3378.505
142.8844, -264.3037, 13.9000, 3379.508
142.4096, -263.4197, 13.9000, 3380.511
141.9369, -262.5368, 13.9000, 3381.513
141.4631, -261.6528, 13.9000, 3382.516
140.9893, -260.7688, 14.0000, 3383.519
140.5156, -259.8859, 14.0000, 3384.521
140.0388, -259.0041, 14.0000, 3385.523
139.5631, -258.1212, 14.0000, 3386.526
139.0863, -257.2395, 14.0000, 3387.528
138.6105, -256.3577, 14.0000, 3388.530
138.1337, -255.4759, 13.9000, 3389.533
137.6560, -254.5941, 13.9000, 3390.536
137.1792, -253.7124, 13.9000, 3391.538
136.7014, -252.8306, 13.8000, 3392.541
136.2247, -251.9488, 13.8000, 3393.543
135.7469, -251.0670, 13.7000, 3394.546
135.2691, -250.1864, 13.7000, 3395.548
134.7923, -249.3046, 13.7000, 3396.550
134.3146, -248.4228, 13.6000, 3397.553
133.8368, -247.5421, 13.6000, 3398.555
133.3570, -246.6615, 13.5000, 3399.558
132.8772, -245.7819, 13.5000, 3400.560
132.3975, -244.9013, 13.5000, 3401.563
131.9177, -244.0217, 13.4000, 3402.565
131.4369, -243.1411, 13.4000, 3403.568
130.9561, -242.2615, 13.4000, 3404.571
130.4753, -241.3819, 13.4000, 3405.573
129.9955, -240.5024, 13.3000, 3406.575
129.5148, -239.6217, 13.3000, 3407.578
129.0340, -238.7422, 13.3000, 3408.581
128.5542, -237.8626, 13.3000, 3409.583
128.0734, -236.9820, 13.2000, 3410.586
127.5936, -236.1024, 13.2000, 3411.588
127.1118, -235.2229, 13.2000, 3412.591
126.6300, -234.3444, 13.2000, 3413.593
126.1483, -233.4649, 13.1000, 3414.595
125.6665, -232.5864, 13.1000, 3415.597
125.1847, -231.7069, 13.1000, 3416.600
124.7039, -230.8273, 13.1000, 3417.602
124.2241, -229.9478, 13.1000, 3418.604
123.7433, -229.0671, 13.1000, 3419.608
123.2635, -228.1876, 13.0000, 3420.610
122.7828, -227.3069, 13.0000, 3421.613
122.3020, -226.4285, 13.0000, 3422.614
121.8202, -225.5489, 13.0000, 3423.617
121.3394, -224.6693, 13.0000, 3424.620
120.8576, -223.7898, 13.0000, 3425.623
120.3768, -222.9102, 13.0000, 3426.625
119.8950, -222.0307, 13.0000, 3427.628
119.4143, -221.1511, 13.0000, 3428.630
118.9335, -220.2716, 12.9000, 3429.632
118.4517, -219.3931, 12.9000, 3430.634
117.9729, -218.5125, 12.9000, 3431.637
117.4941, -217.6318, 12.9000, 3432.639
117.0154, -216.7500, 12.9000, 3433.643
116.5366, -215.8694, 12.9000, 3434.645
116.0578, -214.9887, 12.9000, 3435.647
115.5760, -214.1092, 12.9000, 3436.650
115.0942, -213.2307, 12.8000, 3437.652
114.6124, -212.3512, 12.8000, 3438.655
114.1306, -211.4727, 12.8000, 3439.657
113.6499, -210.5932, 12.8000, 3440.659
113.1711, -209.7125, 12.8000, 3441.662
112.6923, -208.8319, 12.8000, 3442.664
112.2135, -207.9512, 12.8000, 3443.666
111.7348, -207.0705, 12.8000, 3444.669
111.2560, -206.1888, 12.8000, 3445.672
110.7782, -205.3081, 12.7000, 3446.674
110.2994, -204.4274, 12.7000, 3447.677
109.8217, -203.5456, 12.7000, 3448.679
109.3429, -202.6650, 12.7000, 3449.682
108.8651, -201.7832, 12.7000, 3450.685
108.3873, -200.9025, 12.7000, 3451.687
107.9096, -200.0208, 12.7000, 3452.689
107.4318, -199.1401, 12.7000, 3453.691
106.9540, -198.2583, 12.7000, 3454.694
106.4742, -197.3788, 12.7000, 3455.696
105.9944, -196.4981, 12.6000, 3456.699
105.5147, -195.6175, 12.6000, 3457.702
105.0349, -194.7379, 12.6000, 3458.704
104.5551, -193.8572, 12.6000, 3459.707
104.0783, -192.9755, 12.7000, 3460.709
103.6016, -192.0937, 12.7000, 3461.712
103.1258, -191.2119, 12.7000, 3462.713
102.6490, -190.3301, 12.7000, 3463.716
102.1713, -189.4484, 12.7000, 3464.719
101.6935, -188.5666, 12.7000, 3465.722
101.2157, -187.6859, 12.8000, 3466.724
100.7379, -186.8041, 12.8000, 3467.727
100.2602, -185.9235, 12.8000, 3468.728
99.7824, -185.0417, 12.8000, 3469.731
99.3056, -184.1599, 12.8000, 3470.734
98.8288, -183.2781, 12.8000, 3471.736
98.3511, -182.3964, 12.9000, 3472.739
97.8743, -181.5146, 12.9000, 3473.741
97.3945, -180.6339, 12.9000, 3474.744
96.9147, -179.7544, 12.9000, 3475.746
96.4350, -178.8737, 12.9000, 3476.749
95.9542, -177.9942, 12.9000, 3477.751
95.4754, -177.1135, 13.0000, 3478.754
95.0006, -176.2306, 13.0000, 3479.756
94.5269, -175.3477, 13.0000, 3480.758
94.0521, -174.4637, 13.0000, 3481.762
93.5774, -173.5808, 13.0000, 3482.764
93.1026, -172.6980, 13.1000, 3483.767
92.6258, -171.8162, 13.1000, 3484.769
92.1501, -170.9344, 13.1000, 3485.771
91.6743, -170.0515, 13.1000, 3486.774
91.1975, -169.1697, 13.1000, 3487.776
90.7218, -168.2868, 13.2000, 3488.779
90.2450, -167.4051, 13.2000, 3489.782
89.7682, -166.5233, 13.2000, 3490.784
89.2914, -165.6415, 13.2000, 3491.786
88.8147, -164.7597, 13.2000, 3492.789
88.3339, -163.8802, 13.2000, 3493.791
87.8531, -163.0006, 13.1000, 3494.794
87.3713, -162.1211, 13.1000, 3495.796
86.8905, -161.2415, 13.1000, 3496.799
86.4097, -160.3620, 13.0000, 3497.801
85.9320, -159.4802, 13.0000, 3498.804
85.4552, -158.5995, 13.0000, 3499.806
84.9774, -157.7178, 12.9000, 3500.808
84.4997, -156.8360, 12.9000, 3501.811
84.0209, -155.9553, 12.8000, 3502.814
83.5411, -155.0747, 12.8000, 3503.817
83.0613, -154.1951, 12.8000, 3504.819
82.5815, -153.3145, 12.7000, 3505.821
82.1018, -152.4349, 12.7000, 3506.823
81.6220, -151.5542, 12.6000, 3507.826
81.1402, -150.6758, 12.6000, 3508.828
80.6584, -149.7962, 12.6000, 3509.831
80.1776, -148.9167, 12.5000, 3510.833
79.6958, -148.0371, 12.5000, 3511.836
79.2160, -147.1576, 12.4000, 3512.838
78.7363, -146.2769, 12.4000, 3513.841
78.2565, -145.3963, 12.4000, 3514.844
77.7767, -144.5167, 12.3000, 3515.846
77.2969, -143.6372, 12.3000, 3516.848
76.8131, -142.7587, 12.3000, 3517.850
76.3303, -141.8803, 12.2000, 3518.853
75.8465, -141.0018, 12.2000, 3519.856
75.3637, -140.1234, 12.1000, 3520.858
74.8830, -139.2438, 12.1000, 3521.860
74.4042, -138.3632, 12.1000, 3522.863
73.9264, -137.4814, 12.0000, 3523.866
73.4486, -136.6007, 12.0000, 3524.868
72.9699, -135.7190, 11.9000, 3525.871
72.4911, -134.8383, 11.9000, 3526.873
72.0113, -133.9588, 11.9000, 3527.875
71.5315, -133.0781, 11.8000, 3528.878
71.0517, -132.1974, 11.8000, 3529.881
70.5720, -131.3179, 11.7000, 3530.883
70.0922, -130.4372, 11.7000, 3531.886
69.6124, -129.5577, 11.7000, 3532.888
69.1326, -128.6770, 11.6000, 3533.891
68.6528, -127.7963, 11.6000, 3534.894
68.1731, -126.9168, 11.5000, 3535.895
67.6913, -126.0383, 11.5000, 3536.897
67.2095, -125.1588, 11.4000, 3537.900
66.7287, -124.2792, 11.4000, 3538.903
66.2469, -123.3997, 11.4000, 3539.905
65.7661, -122.5201, 11.3000, 3540.908
65.2863, -121.6406, 11.3000, 3541.910
64.8056, -120.7599, 11.2000, 3542.913
64.3258, -119.8804, 11.1000, 3543.915
63.8450, -119.0008, 11.1000, 3544.917
63.3652, -118.1201, 11.0000, 3545.920
62.8854, -117.2406, 11.0000, 3546.922
62.4056, -116.3599, 10.9000, 3547.925
61.9259, -115.4804, 10.9000, 3548.927
61.4461, -114.5997, 10.8000, 3549.930
60.9673, -113.7191, 10.7000, 3550.932
60.4885, -112.8384, 10.7000, 3551.934
60.0098, -111.9577, 10.6000, 3552.937
59.5300, -111.0771, 10.6000, 3553.940
59.0522, -110.1953, 10.5000, 3554.943
58.5734, -109.3146, 10.5000, 3555.945
58.0946, -108.4340, 10.4000, 3556.947
57.6159, -107.5533, 10.3000, 3557.950
57.1331, -106.6749, 10.3000, 3558.952
56.6503, -105.7964, 10.2000, 3559.955
56.1675, -104.9180, 10.2000, 3560.957
55.6847, -104.0384, 10.1000, 3561.960
55.2059, -103.1589, 10.1000, 3562.962
54.7271, -102.2771, 10.0000, 3563.965
54.2484, -101.3964, 10.0000, 3564.967
53.7706, -100.5158, 10.0000, 3565.969
53.2908, -99.6351, 10.0000, 3566.972
52.8090, -98.7556, 9.9000, 3567.975
52.3282, -97.8760, 9.9000, 3568.978
51.8475, -96.9964, 9.9000, 3569.980
51.3667, -96.1169, 9.9000, 3570.982
50.8849, -95.2385, 9.9000, 3571.984
50.4041, -94.3589, 9.9000, 3572.987
49.9223, -93.4794, 9.9000, 3573.989
49.4425, -92.5998, 9.9000, 3574.991
48.9638, -91.7180, 9.9000, 3575.995
48.4860, -90.8374, 9.9000, 3576.997
48.0072, -89.9567, 9.9000, 3577.999
47.5284, -89.0749, 9.9000, 3579.002
47.0476, -88.1954, 9.9000, 3580.005
46.5669, -87.3158, 9.9000, 3581.007
46.0871, -86.4363, 9.9000, 3582.009
45.6063, -85.5567, 9.9000, 3583.011
45.1275, -84.6749, 9.9000, 3584.015
44.6497, -83.7943, 9.9000, 3585.017
44.1710, -82.9136, 9.9000, 3586.019
43.6922, -82.0329, 9.9000, 3587.022
43.2134, -81.1523, 9.9000, 3588.024
42.7336, -80.2716, 9.9000, 3589.027
42.2538, -79.3921, 9.9000, 3590.029
41.7751, -78.5114, 9.9000, 3591.031
41.2993, -77.6285, 9.9000, 3592.034
40.8235, -76.7456, 9.9000, 3593.037
40.3478, -75.8639, 9.9000, 3594.039
39.8720, -74.9810, 10.0000, 3595.042
39.3962, -74.0992, 10.0000, 3596.044
38.9195, -73.2174, 10.0000, 3597.046
38.4427, -72.3345, 10.0000, 3598.050
37.9649, -71.4539, 10.0000, 3599.051
37.4861, -70.5732, 10.0000, 3600.054
37.0084, -69.6914, 10.1000, 3601.057
36.5296, -68.8108, 10.1000, 3602.059
36.0568, -67.9268, 10.1000, 3603.062
35.5861, -67.0416, 10.1000, 3604.064
35.1143, -66.1565, 10.1000, 3605.067
34.6416, -65.2725, 10.1000, 3606.070
34.1608, -64.3930, 10.2000, 3607.072
33.6800, -63.5134, 10.2000, 3608.074
33.1982, -62.6350, 10.2000, 3609.076
32.7225, -61.7521, 10.2000, 3610.079
32.2487, -60.8692, 10.2000, 3611.081
31.7749, -59.9852, 10.2000, 3612.084
31.3012, -59.1023, 10.3000, 3613.086
30.8204, -58.2217, 10.3000, 3614.089
30.3406, -57.3421, 10.3000, 3615.091
29.8608, -56.4614, 10.3000, 3616.094
29.3841, -55.5797, 10.3000, 3617.096
28.9083, -54.6968, 10.4000, 3618.099
28.4325, -53.8150, 10.4000, 3619.101
27.9568, -52.9321, 10.4000, 3620.104
27.4800, -52.0503, 10.4000, 3621.107
27.0032, -51.1686, 10.4000, 3622.109
26.5255, -50.2879, 10.4000, 3623.111
26.0507, -49.4050, 10.5000, 3624.113
25.5749, -48.5221, 10.5000, 3625.116
25.1002, -47.6392, 10.5000, 3626.119
24.6264, -46.7552, 10.5000, 3627.122
24.1527, -45.8724, 10.5000, 3628.124
23.6789, -44.9884, 10.5000, 3629.127
23.2051, -44.1055, 10.6000, 3630.129
22.7314, -43.2215, 10.6000, 3631.132
22.2576, -42.3375, 10.6000, 3632.135
21.7849, -41.4535, 10.6000, 3633.137
21.3131, -40.5695, 10.6000, 3634.139
20.8424, -39.6844, 10.7000, 3635.141
20.3706, -38.8004, 10.7000, 3636.144
19.8989, -37.9152, 10.7000, 3637.147
19.4271, -37.0301, 10.7000, 3638.150
18.9554, -36.1461, 10.7000, 3639.152
18.4806, -35.2632, 10.8000, 3640.154
18.0058, -34.3804, 10.8000, 3641.156
17.5331, -33.4964, 10.8000, 3642.159
17.0603, -32.6124, 10.8000, 3643.161
16.5866, -31.7284, 10.9000, 3644.164
16.1078, -30.8477, 10.9000, 3645.167
15.6270, -29.9681, 10.9000, 3646.169
15.1482, -29.0875, 10.9000, 3647.171
14.6755, -28.2035, 10.9000, 3648.174
14.2027, -27.3195, 10.9000, 3649.176
13.7249, -26.4377, 10.9000, 3650.179
13.2422, -25.5593, 11.0000, 3651.182
12.7604, -24.6808, 11.0000, 3652.184
12.2816, -23.7991, 11.0000, 3653.187
11.8038, -22.9184, 11.0000, 3654.189
11.3291, -22.0355, 11.0000, 3655.191
10.8563, -21.1515, 11.0000, 3656.194
10.3835, -20.2675, 11.0000, 3657.196
9.9128, -19.3824, 11.1000, 3658.199
9.4410, -18.4973, 11.1000, 3659.202
8.9623, -17.6166, 11.1000, 3660.204
8.4835, -16.7359, 11.2000, 3661.207
8.0117, -15.8508, 11.2000, 3662.210
7.5410, -14.9657, 11.2000, 3663.212
7.0632, -14.0851, 11.3000, 3664.214
6.5854, -13.2033, 11.3000, 3665.217
6.1067, -12.3226, 11.3000, 3666.219
5.6319, -11.4397, 11.4000, 3667.222
5.1592, -10.5557, 11.4000, 3668.224
4.6794, -9.6751, 11.4000, 3669.227
4.2046, -8.7922, 11.5000, 3670.229
3.7409, -7.9037, 11.5000, 3671.232
3.2601, -7.0242, 11.5000, 3672.234
2.7833, -6.1424, 11.5000, 3673.236
2.3086, -5.2595, 11.6000, 3674.239
1.8358, -4.3755, 11.6000, 3675.241
1.3681, -3.4882, 11.6000, 3676.244
0.9164, -2.5931, 11.6000, 3677.247
0.4728, -1.6946, 11.6000, 3678.249
0.1154, -0.8673, 11.7000, 3679.150
ENDTABLE

SEGMENT_XY_TABLE
0, 0, 0.000
-0.4326, 0.904, 1.002
-0.8953, 1.7936, 2.005
-1.3821, 2.6698, 3.007
-1.893, 3.5316, 4.009
-2.419, 4.3855, 5.012
-2.955, 5.2328, 6.015
-3.492, 6.0779, 7.016
-4.033, 6.9219, 8.018
-4.581, 7.7603, 9.020
-5.1401, 8.592, 10.022
-5.6992, 9.4238, 11.024
-6.2602, 10.2533, 12.026
-6.8113, 11.0906, 13.028
-7.3623, 11.9279, 14.031
-7.9124, 12.7663, 15.033
-8.4524, 13.6091, 16.034
-8.9914, 14.4542, 17.037
-9.5274, 15.3015, 18.039
-10.0593, 16.1511, 19.042
-10.5883, 17.0017, 20.043
-11.1163, 17.8535, 21.045
-11.6422, 18.7063, 22.047
-12.1672, 19.5603, 23.050
-12.6921, 20.4143, 24.052
-13.2181, 21.2671, 25.054
-13.744, 22.1211, 26.057
-14.2629, 22.9784, 27.059
-14.7678, 23.8446, 28.062
-15.2556, 24.7197, 29.064
-15.7615, 25.5848, 30.066
-16.2804, 26.4422, 31.068
-16.7813, 27.3106, 32.071
-17.2751, 28.1824, 33.073
-17.784, 29.0463, 34.075
-18.2969, 29.907, 35.077
-18.8008, 30.7743, 36.080
-19.3016, 31.6427, 37.083
-19.7955, 32.5145, 38.085
-20.2873, 33.3885, 39.087
-20.7791, 34.2614, 40.089
-21.272, 35.1343, 41.092
-21.7608, 36.0094, 42.094
-22.2466, 36.8856, 43.096
-22.7324, 37.7629, 44.099
-23.2172, 38.6402, 45.101
-23.703, 39.5176, 46.104
-24.1958, 40.3904, 47.106
-24.6876, 41.2633, 48.108
-25.1785, 42.1373, 49.111
-25.6683, 43.0124, 50.114
-26.1601, 43.8853, 51.116
-26.6529, 44.7593, 52.119
-27.1448, 45.6322, 53.121
-27.6265, 46.5117, 54.124
-28.1073, 47.3913, 55.126
-28.5881, 48.2708, 56.128
-29.0699, 49.1504, 57.131
-29.5517, 50.0288, 58.133
-30.0395, 50.905, 59.136
-30.5263, 51.7813, 60.138
-31.0121, 52.6575, 61.140
-31.4959, 53.5359, 62.143
-31.9797, 54.4143, 63.146
-32.4605, 55.2939, 64.148
-32.9413, 56.1723, 65.150
-33.4261, 57.0508, 66.153
-33.9129, 57.927, 67.155
-34.4007, 58.8032, 68.158
-34.8815, 59.6828, 69.161
-35.3603, 60.5623, 70.162
-35.841, 61.443, 71.165
-36.3258, 62.3203, 72.168
-36.8116, 63.1965, 73.170
-37.2964, 64.0739, 74.172
-37.7812, 64.9512, 75.174
-38.267, 65.8285, 76.177
-38.7498, 66.7069, 77.180
-39.2326, 67.5854, 78.182
-39.7154, 68.4649, 79.185
-40.1942, 69.3456, 80.188
-40.672, 70.2263, 81.190
-41.1507, 71.1069, 82.192
-41.6265, 71.9898, 83.195
-42.1033, 72.8716, 84.197
-42.5791, 73.7534, 85.199
-43.0538, 74.6374, 86.203
-43.5276, 75.5203, 87.205
-44.0013, 76.4043, 88.208
-44.4731, 77.2883, 89.210
-44.9438, 78.1734, 90.212
-45.4186, 79.0563, 91.215
-45.8964, 79.938, 92.218
-46.3751, 80.8187, 93.220
-46.8559, 81.6982, 94.222
-47.3387, 82.5767, 95.225
-47.8225, 83.4551, 96.228
-48.3053, 84.3336, 97.230
-48.7871, 85.212, 98.232
-49.2699, 86.0916, 99.235
-49.7507, 86.9711, 100.238
-50.2305, 87.8507, 101.239
-50.7092, 88.7313, 102.242
-51.185, 89.6142, 103.245
-51.6537, 90.5004, 104.247
-52.1215, 91.3867, 105.249
-52.5922, 92.2729, 106.253
-53.071, 93.1524, 107.254
-53.5508, 94.0331, 108.257
-54.0306, 94.9138, 109.260
-54.5093, 95.7944, 110.262
-54.9881, 96.6751, 111.265
-55.4669, 97.5558, 112.267
-55.9246, 98.4475, 113.270
-56.3773, 99.3427, 114.273
-56.8299, 100.2367, 115.275
-57.2816, 101.1318, 116.277
-57.7323, 102.028, 117.281
-58.183, 102.9231, 118.283
-58.6467, 103.8116, 119.285
-59.1345, 104.6878, 120.288
-59.6233, 105.5629, 121.290
-60.1121, 106.438, 122.292
-60.605, 107.3109, 123.295
-61.0978, 108.1838, 124.297
-61.5906, 109.0566, 125.300
-62.0754, 109.934, 126.302
-62.5582, 110.8124, 127.304
-63.04, 111.692, 128.307
-63.5218, 112.5704, 129.309
-64.0016, 113.4511, 130.312
-64.4824, 114.3306, 131.314
-64.9621, 115.2113, 132.317
-65.4469, 116.0886, 133.320
-65.9317, 116.9659, 134.322
-66.4175, 117.8433, 135.325
-66.9043, 118.7184, 136.326
-67.3932, 119.5935, 137.329
-67.883, 120.4686, 138.332
-68.3708, 121.3448, 139.334
-68.8516, 122.2244, 140.337
-69.3334, 123.1039, 141.340
-69.8141, 123.9823, 142.341
-70.301, 124.8597, 143.344
-70.7898, 125.7348, 144.347
-71.2786, 126.6088, 145.348
-71.7684, 127.4839, 146.351
-72.2562, 128.3601, 147.354
-72.744, 129.2352, 148.356
-73.2318, 130.1114, 149.359
-73.7196, 130.9865, 150.360
-74.2085, 131.8627, 151.364
-74.6963, 132.7378, 152.366
-75.1851, 133.6129, 153.368
-75.6759, 134.4869, 154.370
-76.1677, 135.3609, 155.373
-76.6586, 136.2349, 156.376
-77.1474, 137.11, 157.378
-77.6352, 137.9862, 158.381
-78.122, 138.8624, 159.383
-78.6088, 139.7387, 160.386
-79.0956, 140.6149, 161.388
-79.5824, 141.4911, 162.390
-80.0702, 142.3673, 163.393
-80.557, 143.2435, 164.396
-81.0428, 144.1197, 165.397
-81.5286, 144.9971, 166.400
-82.0144, 145.8733, 167.402
-82.5002, 146.7506, 168.405
-82.984, 147.6279, 169.407
-83.4688, 148.5053, 170.409
-83.9536, 149.3837, 171.413
-84.4374, 150.261, 172.414
-84.9202, 151.1395, 173.417
-85.404, 152.0179, 174.420
-85.8878, 152.8964, 175.423
-86.3776, 153.7704, 176.424
-86.8674, 154.6455, 177.427
-87.3573, 155.5194, 178.429
-87.8441, 156.3957, 179.432
-88.3269, 157.2741, 180.434
-88.8097, 158.1525, 181.436
-89.2924, 159.031, 182.439
-89.7783, 159.9083, 183.442
-90.2651, 160.7845, 184.444
-90.7519, 161.6607, 185.446
-91.2387, 162.5381, 186.450
-91.7275, 163.4121, 187.451
-92.2173, 164.2872, 188.454
-92.7061, 165.1623, 189.456
-93.1959, 166.0374, 190.459
-93.6898, 166.9091, 191.461
-94.1836, 167.782, 192.464
-94.6774, 168.6538, 193.466
-95.1693, 169.5278, 194.469
-95.6571, 170.4029, 195.471
-96.1439, 171.2791, 196.473
-96.6317, 172.1553, 197.476
-97.1205, 173.0304, 198.478
-97.6113, 173.9044, 199.481
-98.1021, 174.7784, 200.483
-98.593, 175.6524, 201.485
-99.0828, 176.5264, 202.487
-99.5736, 177.4015, 203.491
-100.0634, 178.2755, 204.492
-100.5532, 179.1506, 205.495
-101.0441, 180.0246, 206.498
-101.5359, 180.8975, 207.500
-102.0277, 181.7715, 208.502
-102.5185, 182.6455, 209.505
-103.0104, 183.5183, 210.507
-103.5022, 184.3923, 211.510
-103.994, 185.2663, 212.512
-104.4858, 186.1392, 213.514
-104.9747, 187.0143, 214.517
-105.4635, 187.8894, 215.519
-105.9523, 188.7645, 216.521
-106.4411, 189.6396, 217.524
-106.9309, 190.5147, 218.527
-107.4217, 191.3887, 219.529
-107.9116, 192.2638, 220.532
-108.4014, 193.1378, 221.534
-108.8892, 194.014, 222.537
-109.376, 194.8902, 223.539
-109.8618, 195.7665, 224.541
-110.3486, 196.6427, 225.543
-110.8354, 197.52, 226.547
-111.3212, 198.3962, 227.549
-111.807, 199.2735, 228.551
-112.2928, 200.1498, 229.553
-112.7806, 201.026, 230.556
-113.2684, 201.9011, 231.558
-113.7573, 202.7773, 232.561
-114.2451, 203.6524, 233.563
-114.7319, 204.5286, 234.566
-115.2187, 205.4048, 235.568
-115.7045, 206.2822, 236.571
-116.1913, 207.1584, 237.573
-116.6791, 208.0335, 238.575
-117.1669, 208.9097, 239.578
-117.6557, 209.7848, 240.580
-118.1435, 210.661, 241.583
-118.6324, 211.5361, 242.586
-119.1212, 212.4112, 243.588
-119.611, 213.2852, 244.590
-120.0998, 214.1603, 245.592
-120.5896, 215.0354, 246.595
-121.0804, 215.9094, 247.597
-121.5703, 216.7834, 248.599
-122.0611, 217.6585, 249.603
-122.5499, 218.5336, 250.605
-123.0357, 219.4098, 251.607
-123.5205, 220.2872, 252.609
-124.0063, 221.1645, 253.612
-124.4931, 222.0407, 254.614
-124.9829, 222.9158, 255.617
-125.4727, 223.7898, 256.619
-125.9626, 224.6649, 257.622
-126.4524, 225.5389, 258.624
-126.9432, 226.4129, 259.626
-127.435, 227.2869, 260.629
-127.9269, 228.1598, 261.631
-128.4187, 229.0338, 262.634
-128.9085, 229.9089, 263.637
-129.3973, 230.784, 264.639
-129.8861, 231.6591, 265.642
-130.3749, 232.5342, 266.644
-130.8638, 233.4093, 267.646
-131.3526, 234.2844, 268.649
-131.8414, 235.1595, 269.651
-132.3292, 236.0346, 270.653
-132.818, 236.9097, 271.655
-133.3068, 237.7848, 272.658
-133.7956, 238.6599, 273.660
-134.2855, 239.535, 274.663
-134.7743, 240.4101, 275.665
-135.2641, 241.2852, 276.668
-135.7539, 242.1603, 277.671
-136.2437, 243.0343, 278.673
-136.7335, 243.9094, 279.676
-137.2224, 244.7845, 280.678
-137.7102, 245.6596, 281.680
-138.198, 246.5358, 282.683
-138.6858, 247.4109, 283.685
-139.1736, 248.2872, 284.688
-139.6594, 249.1634, 285.689
-140.1462, 250.0396, 286.692
-140.633, 250.9169, 287.695
-141.1198, 251.7931, 288.697
-141.6066, 252.6693, 289.700
-142.0934, 253.5456, 290.702
-142.5802, 254.4218, 291.705
-143.0671, 255.298, 292.707
-143.5539, 256.1742, 293.709
-144.0387, 257.0515, 294.712
-144.5245, 257.9289, 295.715
-145.0103, 258.8051, 296.716
-145.4961, 259.6824, 297.719
-145.9849, 260.5575, 298.722
-146.4727, 261.4337, 299.725
-146.9615, 262.3088, 300.727
-147.4493, 263.1839, 301.729
-147.9361, 264.0613, 302.732
-148.4209, 264.9386, 303.734
-148.9057, 265.8159, 304.737
-149.3905, 266.6932, 305.739
-149.8763, 267.5695, 306.741
-150.3662, 268.4446, 307.744
-150.856, 269.3186, 308.746
-151.3468, 270.1937, 309.749
-151.8366, 271.0677, 310.751
-152.3244, 271.9428, 311.753
-152.8132, 272.819, 312.756
-153.301, 273.6941, 313.758
-153.7889, 274.5703, 314.761
-154.2767, 275.4454, 315.763
-154.7635, 276.3227, 316.766
-155.2503, 277.1989, 317.769
-155.7371, 278.0752, 318.771
-156.2229, 278.9514, 319.773
-156.7107, 279.8276, 320.776
-157.1975, 280.7038, 321.778
-157.6843, 281.58, 322.780
-158.1711, 282.4562, 323.783
-158.6579, 283.3325, 324.785
-159.1447, 284.2087, 325.788
-159.6315, 285.0849, 326.790
-160.1184, 285.9622, 327.793
-160.6042, 286.8384, 328.795
-161.089, 287.7158, 329.798
-161.5727, 288.5942, 330.800
-162.0565, 289.4715, 331.802
-162.5403, 290.35, 332.805
-163.0251, 291.2273, 333.807
-163.5099, 292.1046, 334.810
-163.9947, 292.982, 335.812
-164.4795, 293.8593, 336.815
-164.9653, 294.7366, 337.817
-165.4521, 295.6128, 338.820
-165.939, 296.489, 339.822
-166.4258, 297.3653, 340.825
-166.9126, 298.2415, 341.827
-167.3994, 299.1177, 342.829
-167.8872, 299.9939, 343.832
-168.374, 300.8701, 344.834
-168.8618, 301.7463, 345.837
-169.3486, 302.6214, 346.839
-169.8364, 303.4977, 347.842
-170.3232, 304.3739, 348.844
-170.81, 305.2501, 349.846
-171.2978, 306.1263, 350.849
-171.7837, 307.0036, 351.852
-172.2674, 307.881, 352.854
-172.7512, 308.7594, 353.857
-173.235, 309.6367, 354.859
-173.7188, 310.5152, 355.861
-174.2046, 311.3914, 356.863
-174.6914, 312.2687, 357.867
-175.1772, 313.1449, 358.868
-175.6631, 314.0223, 359.871
-176.1489, 314.8985, 360.873
-176.6357, 315.7758, 361.877
-177.1215, 316.652, 362.878
-177.6073, 317.5282, 363.880
-178.0941, 318.4056, 364.884
-178.5819, 319.2807, 365.886
-179.0697, 320.1569, 366.888
-179.5575, 321.032, 367.890
-180.0463, 321.9082, 368.894
-180.5331, 322.7844, 369.896
-181.0199, 323.6606, 370.898
-181.5057, 324.5368, 371.900
-181.9925, 325.4142, 372.904
-182.4783, 326.2904, 373.905
-182.9672, 327.1655, 374.908
-183.457, 328.0395, 375.910
-183.9468, 328.9146, 376.913
-184.4366, 329.7897, 377.915
-184.9264, 330.6637, 378.917
-185.4153, 331.5388, 379.920
-185.9041, 332.4139, 380.922
-186.3939, 333.289, 381.925
-186.8827, 334.1641, 382.927
-187.3725, 335.0392, 383.930
-187.8623, 335.9132, 384.932
-188.3522, 336.7883, 385.935
-188.841, 337.6634, 386.937
-189.3308, 338.5374, 387.939
-189.8206, 339.4125, 388.942
-190.3104, 340.2865, 389.944
-190.8002, 341.1616, 390.947
-191.2901, 342.0367, 391.950
-191.7809, 342.9107, 392.952
-192.2707, 343.7847, 393.954
-192.7615, 344.6587, 394.956
-193.2523, 345.5327, 395.959
-193.7432, 346.4067, 396.961
-194.235, 347.2807, 397.964
-194.7258, 348.1547, 398.966
-195.2176, 349.0275, 399.968
-195.7095, 349.9015, 400.971
-196.1993, 350.7766, 401.974
-196.6891, 351.6506, 402.976
-197.1789, 352.5257, 403.979
-197.6687, 353.3997, 404.981
-198.1586, 354.2748, 405.983
-198.6494, 355.1488, 406.986
-199.1392, 356.0228, 407.988
-199.63, 356.8968, 408.990
-200.1208, 357.7719, 409.993
-200.6127, 358.6448, 410.995
-201.1045, 359.5188, 411.998
-201.5953, 360.3917, 413.000
-202.0871, 361.2656, 414.002
-202.58, 362.1385, 415.005
-203.0718, 363.0125, 416.008
-203.5646, 363.8854, 417.010
-204.0564, 364.7583, 418.012
-204.5483, 365.6323, 419.015
-205.0391, 366.5063, 420.017
-205.5299, 367.3803, 421.020
-206.0197, 368.2542, 422.022
-206.5106, 369.1294, 423.025
-206.9994, 370.0033, 424.026
-207.4892, 370.8784, 425.029
-207.979, 371.7536, 426.032
-208.4678, 372.6287, 427.034
-208.9607, 373.5015, 428.037
-209.4535, 374.3744, 429.039
-209.9473, 375.2473, 430.042
-210.4401, 376.1191, 431.044
-210.931, 376.9931, 432.046
-211.4198, 377.8682, 433.048
-211.9096, 378.7433, 434.051
-212.3994, 379.6184, 435.054
-212.8892, 380.4924, 436.056
-213.3791, 381.3675, 437.059
-213.8689, 382.2415, 438.061
-214.3587, 383.1166, 439.064
-214.8485, 383.9906, 440.065
-215.3393, 384.8645, 441.068
-215.8291, 385.7396, 442.071
-216.319, 386.6136, 443.073
-216.8098, 387.4887, 444.076
-217.2976, 388.3638, 445.078
-217.7864, 389.239, 446.080
-218.2752, 390.1141, 447.083
-218.763, 390.9903, 448.085
-219.2508, 391.8665, 449.088
-219.7377, 392.7427, 450.091
-220.2245, 393.6189, 451.093
-220.7113, 394.4951, 452.095
-221.1961, 395.3725, 453.098
-221.6809, 396.2498, 454.100
-222.1657, 397.1271, 455.102
-222.6505, 398.0044, 456.105
-223.1353, 398.8818, 457.107
-223.6211, 399.7591, 458.110
-224.1059, 400.6364, 459.112
-224.5917, 401.5138, 460.115
-225.0745, 402.3911, 461.117
-225.5542, 403.2718, 462.120
-226.033, 404.1524, 463.122
-226.5128, 405.0331, 464.125
-226.9926, 405.9137, 465.128
-227.4714, 406.7933, 466.129
-227.9511, 407.674, 467.132
-228.4299, 408.5546, 468.134
-228.9087, 409.4353, 469.137
-229.3845, 410.3182, 470.140
-229.8602, 411.2011, 471.143
-230.335, 412.0828, 472.144
-230.8108, 412.9657, 473.147
-231.2865, 413.8486, 474.150
-231.7613, 414.7315, 475.152
-232.2371, 415.6144, 476.155
-232.7108, 416.4973, 477.157
-233.1846, 417.3813, 478.160
-233.6573, 418.2653, 479.163
-234.1301, 419.1493, 480.165
-234.6038, 420.0322, 481.167
-235.0776, 420.9162, 482.170
-235.5514, 421.7991, 483.172
-236.0251, 422.6831, 484.175
-236.4969, 423.5671, 485.177
-236.9646, 424.4544, 486.180
-237.4323, 425.3406, 487.182
-237.9001, 426.2279, 488.185
-238.3678, 427.1142, 489.187
-238.8376, 428.0004, 490.190
-239.3063, 428.8866, 491.193
-239.776, 429.7717, 492.195
-240.2398, 430.6613, 493.198
-240.6975, 431.5531, 494.200
-241.1552, 432.4449, 495.203
-241.6129, 433.3366, 496.205
-242.0695, 434.2295, 497.208
-242.5242, 435.1235, 498.211
-242.9779, 436.0175, 499.214
-243.4326, 436.9104, 500.216
-243.8823, 437.8067, 501.218
-244.3309, 438.7029, 502.221
-244.7796, 439.6002, 503.224
-245.2283, 440.4965, 504.226
-245.6669, 441.3983, 505.229
-246.1055, 442.3001, 506.232
-246.5442, 443.2019, 507.235
-246.9818, 444.1036, 508.237
-247.4164, 445.0077, 509.240
-247.85, 445.9117, 510.243
-248.2846, 446.8157, 511.246
-248.7152, 447.7208, 512.248
-249.1428, 448.6282, 513.251
-249.5694, 449.5355, 514.254
-249.996, 450.4429, 515.256
-250.4155, 451.3536, 516.259
-250.8311, 452.2665, 517.262
-251.2476, 453.1783, 518.264
-251.6632, 454.0912, 519.267
-252.0697, 455.0085, 520.271
-252.4762, 455.9248, 521.273
-252.8827, 456.8421, 522.277
-253.2832, 457.7606, 523.279
-253.6706, 458.6857, 524.282
-254.0591, 459.6109, 525.285
-254.4465, 460.536, 526.288
-254.8239, 461.4645, 527.290
-255.1943, 462.3974, 528.294
-255.5646, 463.3292, 529.297
-255.935, 464.2611, 530.299
-256.2933, 465.1984, 531.303
-256.6517, 466.1347, 532.305
-257.009, 467.0721, 533.309
-257.3613, 468.0117, 534.312
-257.7016, 468.9546, 535.315
-258.0428, 469.8986, 536.318
-258.3831, 470.8416, 537.321
-258.7073, 471.7912, 538.324
-259.0255, 472.743, 539.328
-259.3437, 473.6937, 540.330
-259.6588, 474.6467, 541.334
-259.9539, 475.6052, 542.337
-260.25, 476.5637, 543.340
-260.5451, 477.5222, 544.343
-260.8212, 478.4873, 545.347
-261.0851, 479.4547, 546.350
-261.3481, 480.4232, 547.353
-261.6081, 481.3929, 548.357
-261.8379, 482.3692, 549.360
-262.0678, 483.3454, 550.363
-262.2976, 484.3228, 551.367
-262.5034, 485.3047, 552.370
-262.6941, 486.2899, 553.374
-262.8848, 487.2751, 554.377
-263.0685, 488.2614, 555.381
-263.2211, 489.2532, 556.384
-263.3726, 490.2462, 557.389
-263.5252, 491.2381, 558.392
-263.6396, 492.2344, 559.395
-263.744, 493.2329, 560.399
-263.8474, 494.2314, 561.403
-263.9327, 495.2311, 562.406
-263.9899, 496.2329, 563.410
-264.0461, 497.2348, 564.413
-264.1003, 498.2378, 565.417
-264.1033, 499.2408, 566.420
-264.1053, 500.2448, 567.424
-264.1084, 501.2489, 568.429
-264.0883, 502.2519, 569.432
-264.0592, 503.256, 570.436
-264.0301, 504.259, 571.440
-263.9779, 505.2609, 572.443
-263.8905, 506.2605, 573.446
-263.8022, 507.2601, 574.450
-263.7099, 508.2598, 575.454
-263.5754, 509.2539, 576.457
-263.4409, 510.2491, 577.461
-263.3064, 511.2431, 578.464
-263.1347, 512.2328, 579.469
-262.9561, 513.2202, 580.472
-262.7784, 514.2076, 581.475
-262.5727, 515.1894, 582.479
-262.3498, 516.168, 583.482
-262.126, 517.1465, 584.486
-261.8831, 518.1194, 585.489
-261.6041, 519.0835, 586.492
-261.325, 520.0464, 587.495
-261.04, 521.0083, 588.498
-260.7117, 521.9568, 589.502
-260.3835, 522.9042, 590.505
-260.0553, 523.8526, 591.508
-259.6849, 524.7845, 592.511
-259.3105, 525.7152, 593.514
-258.9362, 526.6447, 594.516
-258.5286, 527.5621, 595.520
-258.1081, 528.4717, 596.522
-257.6865, 529.3813, 597.525
-257.2379, 530.2775, 598.527
-256.7561, 531.157, 599.530
-256.2753, 532.0366, 600.532
-255.7825, 532.9084, 601.534
-255.2515, 533.759, 602.536
-254.7215, 534.6096, 603.539
-254.1885, 535.4581, 604.541
-253.6064, 536.2731, 605.542
-253.0232, 537.0882, 606.544
-252.44, 537.9032, 607.547
-251.8248, 538.6927, 608.547
-251.2045, 539.4789, 609.549
-250.5832, 540.265, 610.551
-249.9277, 541.0211, 611.551
-249.2552, 541.7639, 612.554
-248.5837, 542.5056, 613.554
-247.8892, 543.2272, 614.556
-247.1745, 543.9278, 615.556
-246.4608, 544.6294, 616.557
-245.7271, 545.3088, 617.557
-244.9663, 545.9593, 618.558
-244.2055, 546.6098, 619.559
-243.4376, 547.2503, 620.559
-242.6457, 547.8607, 621.559
-241.8527, 548.4712, 622.560
-241.0578, 549.0783, 623.560
-240.2277, 549.6354, 624.560
-239.3966, 550.1925, 625.560
-238.5665, 550.7496, 626.560
-237.7154, 551.2744, 627.560
-236.8622, 551.7948, 628.559
-236.008, 552.3141, 629.559
-235.1348, 552.7989, 630.558
-234.2505, 553.2659, 631.558
-233.3662, 553.7329, 632.558
-232.4739, 554.1799, 633.556
-231.5686, 554.6036, 634.555
-230.6642, 555.0284, 635.554
-229.7548, 555.442, 636.553
-228.8284, 555.8156, 637.552
-227.902, 556.1904, 638.552
-226.9755, 556.5651, 639.551
-226.032, 556.8931, 640.550
-225.0885, 557.22, 641.548
-224.145, 557.5469, 642.547
-223.1855, 557.8249, 643.546
-222.2209, 558.0829, 644.544
-221.2563, 558.3409, 645.543
-220.2867, 558.5777, 646.541
-219.3101, 558.7879, 647.540
-218.3344, 558.9969, 648.538
-217.3558, 559.196, 649.536
-216.3702, 559.3538, 650.535
-215.3845, 559.5129, 651.533
-214.3978, 559.6708, 652.532
-213.4062, 559.7842, 653.530
-212.4145, 559.8954, 654.528
-211.4218, 560.0054, 655.527
-210.4271, 560.0766, 656.524
-209.4294, 560.1278, 657.523
-208.4327, 560.1789, 658.521
-207.435, 560.2145, 659.520
-206.4373, 560.2245, 660.517
-205.4386, 560.2345, 661.516
-204.4399, 560.2423, 662.515
-203.4432, 560.1956, 663.513
-202.4455, 560.1489, 664.512
-201.4488, 560.1022, 665.509
-200.4541, 560.0244, 666.507
-199.4594, 559.9309, 667.506
-198.4657, 559.8387, 668.504
-197.474, 559.723, 669.503
-196.4873, 559.5718, 670.501
-195.5007, 559.4206, 671.499
-194.514, 559.266, 672.498
-193.5364, 559.0636, 673.496
-192.5588, 558.8624, 674.494
-191.5801, 558.66, 675.493
-190.6095, 558.4276, 676.491
-189.6409, 558.1852, 677.490
-188.6723, 557.9428, 678.488
-187.7098, 557.6759, 679.487
-186.7572, 557.3768, 680.486
-185.8047, 557.0777, 681.484
-184.8532, 556.7741, 682.483
-183.9137, 556.4339, 683.482
-182.9742, 556.0925, 684.482
-182.0357, 555.7522, 685.480
-181.1123, 555.3697, 686.479
-180.1949, 554.9761, 687.478
-179.2765, 554.5825, 688.477
-178.3651, 554.1733, 689.476
-177.4617, 553.7452, 690.476
-176.5584, 553.3171, 691.475
-175.657, 552.8856, 692.475
-174.7707, 552.4253, 693.473
-173.8834, 551.9661, 694.472
-172.9962, 551.5057, 695.472
-172.1179, 551.0276, 696.472
-171.2426, 550.5439, 697.472
-170.3684, 550.0613, 698.471
-169.4962, 549.572, 699.471
-168.6289, 549.075, 700.470
-167.7627, 548.5768, 701.469
-166.8955, 548.0787, 702.470
-166.0373, 547.5661, 703.469
-165.1791, 547.0535, 704.469
-164.321, 546.5397, 705.469
-163.4678, 546.0205, 706.468
-162.6156, 545.4967, 707.468
-161.7645, 544.9719, 708.468
-160.9143, 544.4459, 709.468
-160.0692, 543.9111, 710.468
-159.225, 543.3762, 711.467
-158.3799, 542.8414, 712.467
-157.5408, 542.2977, 713.467
-156.7037, 541.7517, 714.467
-155.8656, 541.2057, 715.467
-155.0305, 540.6564, 716.466
-154.1994, 540.0993, 717.467
-153.3683, 539.5434, 718.467
-152.5372, 538.9863, 719.467
-151.7111, 538.4236, 720.467
-150.8841, 537.861, 721.467
-150.058, 537.2983, 722.467
-149.2319, 536.7335, 723.467
-148.4079, 536.1675, 724.467
-147.5838, 535.6015, 725.467
-146.7598, 535.0344, 726.467
-145.9417, 534.4595, 727.467
-145.1247, 533.8835, 728.467
-144.3067, 533.3075, 729.467
-143.4926, 532.726, 730.467
-142.6816, 532.1411, 731.467
-141.8706, 531.5551, 732.468
-141.0596, 530.9702, 733.468
-140.2556, 530.3753, 734.468
-139.4516, 529.7804, 735.468
-138.6466, 529.1856, 736.469
-137.8467, 528.5862, 737.469
-137.0497, 527.9813, 738.469
-136.2528, 527.3764, 739.470
-135.4568, 526.7715, 740.469
-134.6649, 526.1599, 741.470
-133.8739, 525.5484, 742.470
-133.082, 524.9368, 743.470
-132.2941, 524.3208, 744.471
-131.5112, 523.697, 745.472
-130.7283, 523.0743, 746.472
-129.9464, 522.4505, 747.472
-129.1705, 521.8189, 748.473
-128.3976, 521.1829, 749.474
-127.6247, 520.5479, 750.474
-126.8539, 519.9108, 751.474
-126.091, 519.2636, 752.474
-125.3282, 518.6165, 753.475
-124.5654, 517.9682, 754.476
-123.8066, 517.3155, 755.477
-123.0528, 516.6583, 756.477
-122.299, 516.0001, 757.477
-121.5442, 515.3429, 758.478
-120.8014, 514.6724, 759.479
-120.0597, 514.0008, 760.479
-119.3169, 513.3292, 761.481
-118.5772, 512.6564, 762.481
-117.8414, 511.977, 763.482
-117.1067, 511.2976, 764.483
-116.371, 510.6193, 765.484
-115.6423, 509.9344, 766.484
-114.9176, 509.2427, 767.485
-114.1939, 508.5522, 768.486
-113.4692, 507.8606, 769.487
-112.7515, 507.1634, 770.488
-112.0349, 506.4651, 771.489
-111.3172, 505.7668, 772.490
-110.6015, 505.0674, 773.491
-109.8919, 504.3613, 774.492
-109.1823, 503.6552, 775.493
-108.4726, 502.9502, 776.493
-107.762, 502.2441, 777.495
-107.0524, 501.538, 778.496
-106.3417, 500.8331, 779.497
-105.6321, 500.1281, 780.497
-104.9215, 499.422, 781.499
-104.2118, 498.717, 782.499
-103.5012, 498.0109, 783.501
-102.7916, 497.306, 784.501
-102.0789, 496.6021, 785.503
-101.3663, 495.9005, 786.503
-100.6526, 495.1977, 787.505
-99.94, 494.495, 788.505
-99.2253, 493.7944, 789.506
-98.5107, 493.0928, 790.508
-97.797, 492.3912, 791.509
-97.0824, 491.6906, 792.509
-96.3637, 490.9945, 793.510
-95.645, 490.2973, 794.511
-94.9254, 489.6013, 795.512
-94.2047, 488.9063, 796.513
-93.476, 488.2213, 797.514
-92.7473, 487.5353, 798.514
-92.0186, 486.8492, 799.515
-91.2889, 486.1642, 800.516
-90.5561, 485.4815, 801.518
-89.8244, 484.7988, 802.518
-89.0927, 484.116, 803.519
-88.357, 483.4377, 804.520
-87.6172, 482.7639, 805.521
-86.8775, 482.0901, 806.521
-86.1377, 481.4162, 807.522
-85.394, 480.7468, 808.522
-84.6462, 480.0819, 809.523
-83.8984, 479.4169, 810.524
-83.1507, 478.752, 811.524
-82.4009, 478.0893, 812.525
-81.6491, 477.4288, 813.526
-80.8983, 476.7672, 814.526
-80.1465, 476.1067, 815.527
-79.3927, 475.4484, 816.528
-78.6359, 474.7934, 817.529
-77.8801, 474.1385, 818.529
-77.1243, 473.4825, 819.530
-76.3645, 472.8309, 820.531
-75.6046, 472.1804, 821.531
-74.8438, 471.531, 822.531
-74.083, 470.8805, 823.532
-73.3192, 470.2344, 824.533
-72.5533, 469.5895, 825.534
-71.7885, 468.9446, 826.534
-71.0236, 468.3008, 827.534
-70.2538, 467.6614, 828.535
-69.4829, 467.0243, 829.535
-68.7111, 466.3871, 830.536
-67.9402, 465.75, 831.536
-67.1663, 465.115, 832.537
-66.3924, 464.4801, 833.538
-65.6186, 463.8463, 834.538
-64.8447, 463.2125, 835.538
-64.0658, 462.5842, 836.539
-63.2859, 461.9582, 837.539
-62.505, 461.3333, 838.539
-61.7251, 460.7073, 839.539
-60.9412, 460.0846, 840.541
-60.1583, 459.463, 841.540
-59.3744, 458.8414, 842.541
-58.5905, 458.2187, 843.542
-57.8046, 457.6005, 844.542
-57.0176, 456.9822, 845.543
-56.2317, 456.364, 846.542
-55.4448, 455.7458, 847.543
-54.6539, 455.1342, 848.543
-53.8599, 454.5248, 849.544
-53.067, 453.9155, 850.544
-52.273, 453.3061, 851.545
-51.4761, 452.7023, 852.544
-50.6781, 452.0986, 853.545
-49.8802, 451.4959, 854.545
-49.0822, 450.8932, 855.545
-48.2782, 450.2983, 856.545
-47.4712, 449.7068, 857.546
-46.6652, 449.1152, 858.546
-45.8582, 448.5236, 859.546
-45.0532, 447.9299, 860.546
-44.2493, 447.335, 861.547
-43.4453, 446.7401, 862.547
-42.6413, 446.1452, 863.547
-41.8293, 445.5614, 864.547
-41.0112, 444.9854, 865.548
-40.1942, 444.4094, 866.547
-39.3762, 443.8334, 867.548
-38.5551, 443.263, 868.547
-37.7311, 442.6959, 869.548
-36.908, 442.1288, 870.547
-36.0839, 441.5617, 871.548
-35.2569, 441.0002, 872.547
-34.4268, 440.442, 873.548
-33.5967, 439.8838, 874.548
-32.7676, 439.3267, 875.547
-31.9355, 438.7718, 876.547
-31.0994, 438.2214, 877.548
-30.2643, 437.6721, 878.547
-29.4292, 437.1217, 879.548
-28.5941, 436.5724, 880.547
-27.758, 436.0242, 881.547
-26.9219, 435.4749, 882.547
-26.0868, 434.9267, 883.546
-25.2487, 434.3796, 884.547
-24.4086, 433.8381, 885.547
-23.5685, 433.2955, 886.547
-22.7284, 432.7529, 887.547
-21.8882, 432.2125, 888.546
-21.0441, 431.6765, 889.546
-20.2, 431.1394, 890.546
-19.3569, 430.6035, 891.545
-18.5127, 430.0664, 892.546
-17.6696, 429.5304, 893.545
-16.8255, 428.9934, 894.545
-15.9813, 428.4574, 895.545
-15.1372, 427.9214, 896.545
-14.2921, 427.3877, 897.545
-13.4459, 426.8551, 898.545
-12.6008, 426.3213, 899.544
-11.7546, 425.7876, 900.545
-10.9085, 425.2561, 901.544
-10.0613, 424.7246, 902.544
-9.2152, 424.192, 903.544
-8.3681, 423.6605, 904.544
-7.5209, 423.1289, 905.544
-6.6738, 422.5974, 906.544
-5.8276, 422.067, 907.543
-4.9795, 421.5355, 908.543
-4.1303, 421.0085, 909.543
-3.2812, 420.4803, 910.543
-2.432, 419.9532, 911.542
-1.5839, 419.425, 912.541
-0.7357, 418.8946, 913.542
0.1124, 418.3642, 914.542
0.9596, 417.835, 915.541
1.8077, 417.3046, 916.541
2.6569, 416.7775, 917.541
3.506, 416.2493, 918.541
4.3552, 415.7211, 919.541
5.2043, 415.193, 920.541
6.0535, 414.6648, 921.541
6.9026, 414.1377, 922.540
7.7518, 413.6107, 923.540
8.6019, 413.0836, 924.540
9.4531, 412.5588, 925.540
10.3032, 412.0339, 926.539
11.1544, 411.508, 927.540
12.0036, 410.982, 928.539
12.8537, 410.4549, 929.539
13.7029, 409.9268, 930.539
14.552, 409.3997, 931.538
15.3972, 408.8649, 932.538
16.2403, 408.3278, 933.538
17.0844, 407.7907, 934.539
17.9275, 407.2548, 935.538
18.7707, 406.7177, 936.537
19.6148, 406.1806, 937.538
20.4579, 405.6447, 938.537
21.3021, 405.1076, 939.537
22.1452, 404.5705, 940.537
22.9893, 404.0345, 941.537
23.8325, 403.4975, 942.537
24.6766, 402.9604, 943.537
25.5197, 402.4244, 944.536
26.3639, 401.8874, 945.537
27.207, 401.3503, 946.536
28.0501, 400.8143, 947.535
28.8943, 400.2773, 948.536
29.7374, 399.7402, 949.536
30.5815, 399.2031, 950.536
31.4246, 398.6672, 951.535
32.2688, 398.1301, 952.536
33.1119, 397.593, 953.535
33.956, 397.0571, 954.535
34.7992, 396.52, 955.535
35.6423, 395.9829, 956.534
36.4864, 395.447, 957.534
37.3296, 394.9099, 958.534
38.1737, 394.3728, 959.535
39.0168, 393.8369, 960.534
39.861, 393.2998, 961.534
40.7041, 392.7627, 962.534
41.5482, 392.2256, 963.534
42.3914, 391.6897, 964.533
43.2355, 391.1526, 965.534
44.0786, 390.6155, 966.533
44.9217, 390.0796, 967.532
45.7659, 389.5425, 968.533
46.609, 389.0054, 969.533
47.4531, 388.4695, 970.533
48.2963, 387.9324, 971.532
49.1404, 387.3953, 972.533
49.9835, 386.8594, 973.532
50.8277, 386.3223, 974.532
51.6708, 385.7852, 975.532
52.5149, 385.2493, 976.532
53.3581, 384.7122, 977.532
54.2012, 384.1751, 978.531
55.0453, 383.6381, 979.532
55.8885, 383.1021, 980.531
56.7326, 382.565, 981.531
57.5757, 382.028, 982.531
58.4199, 381.492, 983.531
59.263, 380.9549, 984.530
60.1071, 380.4179, 985.531
60.9502, 379.8819, 986.530
61.7934, 379.3448, 987.530
62.6375, 378.8078, 988.530
63.4806, 378.2718, 989.529
64.3248, 377.7347, 990.530
65.1679, 377.1977, 991.529
66.012, 376.6617, 992.529
66.8552, 376.1246, 993.529
67.6993, 375.5876, 994.529
68.5424, 375.0505, 995.529
69.3866, 374.5145, 996.529
70.2297, 373.9774, 997.529
71.0728, 373.4404, 998.528
71.917, 372.9044, 999.528
72.7601, 372.3673, 1000.528
73.6042, 371.8303, 1001.528
74.4473, 371.2943, 1002.527
75.2915, 370.7572, 1003.528
76.1346, 370.2202, 1004.528
76.9787, 369.6842, 1005.528
77.8219, 369.1471, 1006.527
78.665, 368.6101, 1007.527
79.5091, 368.0741, 1008.527
80.3523, 367.537, 1009.526
81.1964, 367, 1010.527
82.0395, 366.4629, 1011.527
82.8837, 365.9269, 1012.527
83.7268, 365.3899, 1013.526
84.5709, 364.8528, 1014.527
85.4141, 364.3168, 1015.526
86.2582, 363.7798, 1016.526
87.1013, 363.2427, 1017.526
87.9444, 362.7067, 1018.525
88.905, 362.4354, 1019.523
89.8666, 362.1641, 1020.522
90.8241, 361.8806, 1021.521
91.7727, 361.5692, 1022.519
92.7182, 361.2467, 1023.518
93.6566, 360.9054, 1024.517
94.5951, 360.5629, 1025.516
95.5326, 360.216, 1026.515
96.4681, 359.8668, 1027.514
97.4015, 359.5099, 1028.513
98.337, 359.1596, 1029.512
99.2745, 358.816, 1030.511
100.212, 358.4713, 1031.510
101.1495, 358.1255, 1032.509
102.0879, 357.7852, 1033.507
103.0284, 357.4483, 1034.506
103.9709, 357.1181, 1035.505
104.9154, 356.7923, 1036.504
105.863, 356.4743, 1037.503
106.8135, 356.1685, 1038.502
107.766, 355.8682, 1039.501
108.7246, 355.5869, 1040.500
109.6831, 355.3067, 1041.498
110.6457, 355.0421, 1042.496
111.6083, 354.7763, 1043.495
112.5749, 354.5239, 1044.494
113.5415, 354.2748, 1045.492
114.5121, 354.0391, 1046.491
115.4847, 353.8156, 1047.489
116.4583, 353.5932, 1048.488
117.4349, 353.383, 1049.487
118.4105, 353.1729, 1050.485
119.3912, 352.9838, 1051.483
120.3728, 352.8015, 1052.482
121.3555, 352.6236, 1053.480
122.3391, 352.4546, 1054.478
123.3238, 352.2867, 1055.477
124.3094, 352.1321, 1056.475
125.2961, 351.9786, 1057.474
126.2838, 351.8296, 1058.472
127.2724, 351.6918, 1059.471
128.2611, 351.5528, 1060.469
129.2498, 351.4138, 1061.467
130.2384, 351.2759, 1062.466
131.2271, 351.138, 1063.464
132.2178, 351.0135, 1064.462
133.2085, 350.8878, 1065.461
134.1991, 350.7622, 1066.460
135.1888, 350.6354, 1067.457
136.1795, 350.5086, 1068.456
137.1692, 350.3785, 1069.454
138.1588, 350.2485, 1070.452
139.1495, 350.1184, 1071.452
140.1392, 349.986, 1072.450
141.1289, 349.8537, 1073.449
142.1165, 349.7147, 1074.446
143.1042, 349.5679, 1075.445
144.0919, 349.4212, 1076.443
145.0775, 349.2588, 1077.442
146.0622, 349.0931, 1078.441
147.0458, 348.9241, 1079.439
148.0265, 348.7351, 1080.437
149.0071, 348.5472, 1081.436
149.9847, 348.3481, 1082.433
150.9614, 348.1391, 1083.432
151.938, 347.9311, 1084.431
152.9086, 347.6932, 1085.430
153.8772, 347.4519, 1086.428
154.8438, 347.2028, 1087.426
155.8053, 346.9315, 1088.425
156.7659, 346.6602, 1089.424
157.7194, 346.3622, 1090.423
158.668, 346.0497, 1091.421
159.6155, 345.735, 1092.420
160.5469, 345.3726, 1093.419
161.4784, 345.0112, 1094.418
162.3998, 344.6264, 1095.417
163.3112, 344.2161, 1096.416
164.2226, 343.8069, 1097.415
165.1179, 343.3644, 1098.414
166.0122, 342.9174, 1099.414
166.8945, 342.4492, 1100.413
167.7497, 341.9311, 1101.413
168.6059, 341.414, 1102.413
169.4339, 340.8547, 1103.412
170.254, 340.2832, 1104.412
171.065, 339.6983, 1105.412
171.8348, 339.06, 1106.412
172.6057, 338.4218, 1107.412
173.3525, 337.7557, 1108.413
174.0872, 337.0763, 1109.414
174.8169, 336.3913, 1110.415
175.5004, 335.6597, 1111.416
176.184, 334.9291, 1112.416
176.8354, 334.1686, 1113.418
177.4617, 333.3869, 1114.419
178.087, 332.6052, 1115.420
178.6893, 331.8045, 1116.422
179.2905, 331.0039, 1117.424
179.8747, 330.1889, 1118.426
180.4388, 329.3616, 1119.428
181.0039, 328.5332, 1120.430
181.5328, 327.6826, 1121.432
182.0598, 326.8308, 1122.434
182.5817, 325.9746, 1123.436
183.0966, 325.114, 1124.439
183.6106, 324.2544, 1125.441
184.1114, 323.386, 1126.443
184.6093, 322.5153, 1127.446
185.1041, 321.6447, 1128.448
185.5929, 320.7685, 1129.451
186.0807, 319.8933, 1130.453
186.5665, 319.016, 1131.456
187.0503, 318.1387, 1132.458
187.5351, 317.2603, 1133.461
188.03, 316.3896, 1134.462
188.5248, 315.5178, 1135.465
189.0186, 314.6449, 1136.468
189.5094, 313.771, 1137.470
190.0003, 312.897, 1138.472
190.5001, 312.0285, 1139.475
191.003, 311.1612, 1140.477
191.5059, 310.2939, 1141.480
192.0147, 309.4299, 1142.482
192.5236, 308.567, 1143.484
193.0365, 307.7053, 1144.487
193.5555, 306.848, 1145.489
194.0744, 305.9906, 1146.491
194.6024, 305.1389, 1147.493
195.1323, 304.2883, 1148.495
195.6663, 303.4398, 1149.498
196.2113, 302.5992, 1150.500
196.7563, 301.7586, 1151.502
197.3114, 300.9235, 1152.504
197.8705, 300.0929, 1153.506
198.4306, 299.2622, 1154.508
199.0077, 298.4427, 1155.510
199.5848, 297.6232, 1156.512
200.169, 296.8104, 1157.513
200.7632, 296.0031, 1158.516
201.3564, 295.1958, 1159.517
201.9647, 294.4008, 1160.518
202.576, 293.6058, 1161.521
203.1902, 292.8152, 1162.522
203.8145, 292.0323, 1163.524
204.4389, 291.2495, 1164.525
205.0722, 290.4734, 1165.527
205.7106, 289.7006, 1166.529
206.348, 288.9289, 1167.530
207.0004, 288.1683, 1168.532
207.6518, 287.4089, 1169.533
208.3082, 286.6516, 1170.535
208.9707, 285.9011, 1171.536
209.6331, 285.1505, 1172.537
210.3026, 284.4066, 1173.538
210.9761, 283.6649, 1174.540
211.6486, 282.9233, 1175.541
212.3352, 282.1949, 1176.542
213.0227, 281.4666, 1177.543
213.7103, 280.7394, 1178.544
214.4008, 280.0144, 1179.545
215.0924, 279.2905, 1180.546
215.789, 278.5722, 1181.547
216.4916, 277.8583, 1182.549
217.1942, 277.1456, 1183.549
217.9099, 276.4462, 1184.550
218.6305, 275.7512, 1185.551
219.3512, 275.0562, 1186.553
220.0809, 274.3724, 1187.553
220.8116, 273.6885, 1188.553
221.5444, 273.0058, 1189.555
222.2841, 272.3319, 1190.556
223.0228, 271.657, 1191.556
223.7676, 270.9887, 1192.557
224.5204, 270.3293, 1193.558
225.2732, 269.6699, 1194.558
226.031, 269.0161, 1195.559
226.7918, 268.3678, 1196.559
227.5537, 267.7185, 1197.560
228.3205, 267.0758, 1198.560
229.0904, 266.4375, 1199.560
229.8602, 265.7981, 1200.561
230.6361, 265.1665, 1201.562
231.414, 264.5372, 1202.562
232.1919, 263.9089, 1203.562
232.9738, 263.284, 1204.563
233.7567, 262.6613, 1205.563
234.5396, 262.0386, 1206.564
235.3275, 261.4226, 1207.564
236.1165, 260.8077, 1208.564
236.9054, 260.1928, 1209.564
237.6963, 259.579, 1210.566
238.4862, 258.9663, 1211.565
239.2772, 258.3536, 1212.566
240.0691, 257.7432, 1213.566
240.8621, 257.1327, 1214.566
241.655, 256.5222, 1215.567
242.4469, 255.9118, 1216.567
243.2389, 255.3013, 1217.567
244.0308, 254.6898, 1218.567
244.8258, 254.0815, 1219.568
245.6217, 253.4766, 1220.568
246.4187, 252.8717, 1221.569
247.2157, 252.2679, 1222.569
248.0156, 251.6675, 1223.569
248.8156, 251.067, 1224.569
249.6156, 250.4666, 1225.569
250.4165, 249.8672, 1226.570
251.2175, 249.2679, 1227.570
252.0185, 248.6697, 1228.570
252.8225, 248.0737, 1229.571
253.6275, 247.4799, 1230.571
254.4314, 246.8861, 1231.570
255.2384, 246.2945, 1232.571
256.0484, 245.7085, 1233.571
256.8584, 245.1214, 1234.571
257.6695, 244.5354, 1235.572
258.4805, 243.9505, 1236.572
259.2915, 243.3657, 1237.571
260.1025, 242.7797, 1238.572
260.9175, 242.2003, 1239.572
261.7335, 241.6221, 1240.572
262.5496, 241.045, 1241.572
263.3676, 240.4679, 1242.573
264.1866, 239.8953, 1243.572
265.0057, 239.3215, 1244.572
265.8247, 238.7477, 1245.572
266.6498, 238.1829, 1246.572
267.4749, 237.618, 1247.572
268.3009, 237.0531, 1248.573
269.128, 236.4916, 1249.572
269.9571, 235.9323, 1250.572
270.7871, 235.3741, 1251.573
271.6162, 234.8159, 1252.572
272.4503, 234.2644, 1253.572
273.2854, 233.7139, 1254.572
274.1205, 233.1646, 1255.572
274.9566, 232.6165, 1256.572
275.7967, 232.0738, 1257.572
276.6359, 231.5301, 1258.572
277.476, 230.9874, 1259.572
278.3181, 230.4493, 1260.571
279.1612, 229.9122, 1261.571
280.0044, 229.374, 1262.571
280.8485, 228.8392, 1263.570
281.6966, 228.3099, 1264.570
282.5458, 227.7806, 1265.571
283.3939, 227.2513, 1266.570
284.2431, 226.7242, 1267.570
285.0933, 226.1983, 1268.570
285.9444, 225.6734, 1269.570
286.7946, 225.1475, 1270.569
287.6497, 224.6293, 1271.569
288.5039, 224.11, 1272.569
289.3591, 223.5919, 1273.569
290.2153, 223.0759, 1274.568
291.0755, 222.5667, 1275.568
291.9356, 222.0574, 1276.568
292.7958, 221.5481, 1277.567
293.658, 221.0422, 1278.567
294.5212, 220.5385, 1279.566
295.3845, 220.0336, 1280.566
296.2477, 219.5299, 1281.566
297.1139, 219.0307, 1282.566
297.9811, 218.5325, 1283.566
298.8473, 218.0343, 1284.565
299.7145, 217.5362, 1285.565
300.5838, 217.0436, 1286.564
301.454, 216.551, 1287.564
302.3232, 216.0584, 1288.563
303.1944, 215.5669, 1289.564
304.0667, 215.081, 1290.562
304.9399, 214.594, 1291.562
305.8132, 214.1069, 1292.562
306.6884, 213.6244, 1293.561
307.5647, 213.1429, 1294.561
308.4409, 212.6625, 1295.560
309.3172, 212.1822, 1296.560
310.1944, 211.7029, 1297.559
311.0717, 211.2248, 1298.558
311.9499, 210.7455, 1299.559
312.8272, 210.2674, 1300.558
313.7095, 209.797, 1301.558
314.5917, 209.3278, 1302.557
315.473, 208.8574, 1303.556
316.3563, 208.3882, 1304.556
317.2426, 207.9267, 1305.555
318.1289, 207.4653, 1306.555
319.0152, 207.0038, 1307.554
319.9035, 206.5446, 1308.554
320.7938, 206.0909, 1309.553
321.6841, 205.6361, 1310.553
322.5744, 205.1824, 1311.552
323.4657, 204.7321, 1312.551
324.359, 204.2829, 1313.551
325.2523, 203.8348, 1314.550
326.1456, 203.3866, 1315.549
327.042, 202.9452, 1316.549
327.9403, 202.5071, 1317.548
328.8386, 202.069, 1318.547
329.737, 201.632, 1319.547
330.6373, 201.1983, 1320.546
331.5387, 200.7658, 1321.546
332.439, 200.3332, 1322.544
333.3403, 199.9018, 1323.544
334.2457, 199.4793, 1324.543
335.1521, 199.0578, 1325.542
336.0584, 198.6375, 1326.541
336.9648, 198.2161, 1327.541
337.8752, 197.8058, 1328.540
338.7856, 197.3943, 1329.539
339.6969, 196.9829, 1330.539
340.6083, 196.5737, 1331.538
341.5237, 196.1745, 1332.536
342.4401, 195.7765, 1333.535
343.3565, 195.3773, 1334.535
344.2729, 194.9792, 1335.534
345.1923, 194.5889, 1336.533
346.1128, 194.1997, 1337.532
347.0322, 193.8094, 1338.531
347.9536, 193.4214, 1339.531
348.879, 193.0455, 1340.530
349.8045, 192.6697, 1341.529
350.7299, 192.2927, 1342.528
351.6563, 191.918, 1343.527
352.5848, 191.5522, 1344.525
353.5142, 191.1852, 1345.524
354.4437, 190.8183, 1346.524
355.3731, 190.4524, 1347.522
356.3076, 190.0977, 1348.522
357.2411, 189.743, 1349.521
358.1745, 189.3883, 1350.519
359.109, 189.0358, 1351.518
360.0475, 188.6922, 1352.517
360.986, 188.3486, 1353.517
361.9234, 188.005, 1354.515
362.8619, 187.6626, 1355.514
363.8044, 187.3312, 1356.513
364.7459, 186.9987, 1357.512
365.6884, 186.6674, 1358.511
366.6309, 186.336, 1359.510
367.5784, 186.0202, 1360.509
368.5259, 185.7044, 1361.507
369.4735, 185.3886, 1362.506
370.421, 185.0728, 1363.505
371.3735, 184.7715, 1364.504
372.3261, 184.4713, 1365.503
373.2786, 184.171, 1366.501
374.2311, 183.8708, 1367.500
375.1867, 183.5828, 1368.498
376.1442, 183.2982, 1369.497
377.1018, 183.0135, 1370.496
378.0593, 182.7288, 1371.495
379.0179, 182.4509, 1372.493
379.9785, 182.1751, 1373.492
380.938, 181.9004, 1374.490
381.8986, 181.6258, 1375.490
382.8612, 181.3589, 1376.488
383.8257, 181.1021, 1377.487
384.7903, 180.8441, 1378.485
385.7559, 180.5872, 1379.484
386.7215, 180.3326, 1380.483
387.6881, 180.0824, 1381.481
388.6547, 179.8333, 1382.480
389.6223, 179.5843, 1383.479
390.5898, 179.3363, 1384.477
391.5605, 179.105, 1385.475
392.5321, 178.8748, 1386.474
393.5037, 178.6435, 1387.473
394.4753, 178.4123, 1388.471
395.4489, 178.1888, 1389.470
396.4225, 177.9675, 1390.469
397.3961, 177.7462, 1391.467
398.3697, 177.5238, 1392.466
399.3443, 177.3092, 1393.464
400.321, 177.099, 1394.463
401.2966, 176.89, 1395.461
402.2732, 176.6798, 1396.459
403.2498, 176.4741, 1397.457
404.2295, 176.2762, 1398.457
405.2081, 176.0783, 1399.455
406.1867, 175.8804, 1400.454
407.1654, 175.6835, 1401.452
408.146, 175.4978, 1402.450
409.1277, 175.3121, 1403.449
410.1083, 175.1276, 1404.447
411.0899, 174.9419, 1405.446
412.0716, 174.7617, 1406.444
413.0542, 174.5849, 1407.443
414.0369, 174.4081, 1408.441
415.0195, 174.2313, 1409.439
416.0032, 174.0568, 1410.438
416.9868, 173.89, 1411.436
417.9715, 173.7232, 1412.435
418.9561, 173.5553, 1413.434
419.9398, 173.3885, 1414.431
420.9265, 173.2328, 1415.430
421.9131, 173.0782, 1416.429
422.8988, 172.9248, 1417.427
423.8854, 172.7702, 1418.425
424.8731, 172.6212, 1419.424
425.8608, 172.4767, 1420.422
426.8484, 172.331, 1421.421
427.8361, 172.1865, 1422.419
428.8238, 172.043, 1423.417
429.8134, 171.9096, 1424.415
430.8031, 171.7773, 1425.414
431.7928, 171.6438, 1426.413
432.7825, 171.5115, 1427.411
433.7721, 171.3836, 1428.409
434.7628, 171.2591, 1429.407
435.7535, 171.1346, 1430.406
436.7442, 171.0089, 1431.404
437.7348, 170.8866, 1432.403
438.7265, 170.7732, 1433.401
439.7182, 170.6609, 1434.399
440.7109, 170.5474, 1435.398
441.7026, 170.434, 1436.396
442.6943, 170.3251, 1437.394
443.6869, 170.2172, 1438.392
444.6796, 170.1093, 1439.391
445.6723, 170.0015, 1440.389
446.665, 169.8936, 1441.388
447.6577, 169.7869, 1442.386
448.6504, 169.6812, 1443.385
449.643, 169.5756, 1444.383
450.6357, 169.4689, 1445.381
451.6284, 169.3643, 1446.379
452.6211, 169.2609, 1447.377
453.6138, 169.1575, 1448.376
454.6075, 169.0541, 1449.375
455.6002, 168.9507, 1450.373
456.5939, 168.8517, 1451.371
457.5865, 168.7528, 1452.369
458.5802, 168.6538, 1453.367
459.5739, 168.5548, 1454.366
460.5666, 168.4548, 1455.364
461.5603, 168.3547, 1456.363
462.554, 168.2546, 1457.361
463.5467, 168.1534, 1458.359
464.5403, 168.0533, 1459.358
465.533, 167.9533, 1460.355
466.5267, 167.8521, 1461.354
467.5194, 167.752, 1462.352
468.5131, 167.6508, 1463.351
469.5068, 167.553, 1464.349
470.5005, 167.4573, 1465.348
471.4942, 167.3606, 1466.346
472.4878, 167.265, 1467.344
473.4815, 167.1693, 1468.343
474.4752, 167.077, 1469.341
475.4699, 166.9848, 1470.339
476.4636, 166.8936, 1471.337
477.4573, 166.8013, 1472.335
478.452, 166.709, 1473.334
479.4457, 166.6167, 1474.332
480.4404, 166.5244, 1475.331
481.4341, 166.4321, 1476.329
482.4277, 166.3398, 1477.327
483.4224, 166.2475, 1478.326
484.4161, 166.1564, 1479.324
485.4098, 166.0652, 1480.322
486.4045, 165.9729, 1481.321
487.3982, 165.8828, 1482.319
488.3929, 165.7927, 1483.317
489.3876, 165.7038, 1484.316
490.3813, 165.6148, 1485.314
491.376, 165.5259, 1486.312
492.3707, 165.4369, 1487.311
493.3643, 165.3491, 1488.309
494.359, 165.2612, 1489.307
495.3537, 165.1734, 1490.306
496.3484, 165.0855, 1491.304
497.3421, 164.9977, 1492.302
498.3368, 164.9099, 1493.300
499.3315, 164.8231, 1494.299
500.3262, 164.7353, 1495.297
501.3209, 164.6497, 1496.296
502.3156, 164.5663, 1497.294
503.3103, 164.4829, 1498.292
504.305, 164.3984, 1499.290
505.2996, 164.315, 1500.289
506.2943, 164.2316, 1501.287
507.289, 164.1471, 1502.285
508.2837, 164.0626, 1503.283
509.2784, 163.9792, 1504.281
510.2731, 163.8947, 1505.280
511.2688, 163.8113, 1506.279
512.2635, 163.7279, 1507.277
513.2582, 163.6433, 1508.275
514.2529, 163.56, 1509.274
515.2476, 163.4766, 1510.272
516.2423, 163.392, 1511.270
517.237, 163.3087, 1512.268
518.2316, 163.2241, 1513.266
519.2263, 163.1407, 1514.265
520.221, 163.0574, 1515.263
521.2167, 162.974, 1516.262
522.2114, 162.8906, 1517.260
523.2061, 162.8072, 1518.258
524.2008, 162.7249, 1519.257
525.1965, 162.647, 1520.255
526.1912, 162.5703, 1521.253
527.1869, 162.4925, 1522.252
528.1816, 162.4146, 1523.249
529.1773, 162.3379, 1524.248
530.173, 162.2601, 1525.247
531.1677, 162.1822, 1526.245
532.1634, 162.1044, 1527.243
533.1581, 162.0266, 1528.241
534.1537, 161.951, 1529.239
535.1494, 161.8754, 1530.238
536.1451, 161.7997, 1531.237
537.1398, 161.7252, 1532.234
538.1355, 161.6496, 1533.233
539.1312, 161.5796, 1534.231
540.1269, 161.5095, 1535.229
541.1236, 161.4384, 1536.228
542.1193, 161.3683, 1537.226
543.115, 161.2982, 1538.225
544.1107, 161.2271, 1539.223
545.1064, 161.1559, 1540.221
546.1021, 161.0859, 1541.219
547.0978, 161.0147, 1542.217
548.0935, 160.9413, 1543.216
549.0892, 160.8679, 1544.214
550.0849, 160.7945, 1545.213
551.0806, 160.72, 1546.211
552.0763, 160.6466, 1547.210
553.072, 160.5777, 1548.208
554.0677, 160.5088, 1549.206
555.0634, 160.4398, 1550.204
556.0591, 160.3709, 1551.202
557.0558, 160.3008, 1552.201
558.0515, 160.2308, 1553.199
559.0472, 160.1607, 1554.197
560.0428, 160.0907, 1555.195
561.0385, 160.0206, 1556.194
562.0352, 159.955, 1557.192
563.0309, 159.8883, 1558.190
564.0266, 159.8227, 1559.188
565.0233, 159.7571, 1560.187
566.019, 159.6937, 1561.185
567.0157, 159.6359, 1562.183
568.0124, 159.5792, 1563.181
569.0091, 159.5214, 1564.180
570.0058, 159.4635, 1565.178
571.0025, 159.4079, 1566.176
571.9992, 159.3534, 1567.175
572.9959, 159.3001, 1568.173
573.9936, 159.2456, 1569.172
574.9903, 159.1911, 1570.170
575.987, 159.1444, 1571.168
576.9847, 159.0988, 1572.167
577.9814, 159.0521, 1573.164
578.9791, 159.0054, 1574.163
579.9758, 158.9632, 1575.161
580.9735, 158.9265, 1576.159
581.9712, 158.8898, 1577.158
582.9689, 158.8531, 1578.156
583.9667, 158.8164, 1579.154
584.9644, 158.7841, 1580.153
585.9621, 158.7541, 1581.151
586.9598, 158.7241, 1582.149
587.9575, 158.6941, 1583.147
588.9562, 158.6663, 1584.146
589.9539, 158.6462, 1585.144
590.9516, 158.6273, 1586.142
591.9503, 158.6073, 1587.141
592.948, 158.5884, 1588.139
593.9467, 158.5729, 1589.138
594.9444, 158.5595, 1590.135
595.9431, 158.5462, 1591.134
596.9408, 158.5339, 1592.132
597.9395, 158.5206, 1593.131
598.9372, 158.5173, 1594.128
599.9359, 158.5139, 1595.127
600.9336, 158.5106, 1596.125
601.9323, 158.5073, 1597.124
602.93, 158.5084, 1598.121
603.9287, 158.5184, 1599.120
604.9265, 158.5273, 1600.118
605.9252, 158.5373, 1601.117
606.9229, 158.5473, 1602.114
607.9216, 158.5629, 1603.113
608.9193, 158.5829, 1604.111
609.918, 158.6029, 1605.110
610.9157, 158.6229, 1606.108
611.9134, 158.6429, 1607.106
612.9121, 158.6685, 1608.105
613.9098, 158.693, 1609.103
614.9075, 158.7185, 1610.101
615.9052, 158.7441, 1611.099
616.9029, 158.7719, 1612.097
617.9006, 158.8108, 1613.095
618.8983, 158.8497, 1614.094
619.896, 158.8887, 1615.092
620.8937, 158.9265, 1616.091
621.8914, 158.9687, 1617.089
622.8881, 159.0132, 1618.087
623.8858, 159.0566, 1619.086
624.8825, 159.101, 1620.083
625.8802, 159.1455, 1621.082
626.8769, 159.1989, 1622.080
627.8736, 159.2534, 1623.078
628.8703, 159.309, 1624.077
629.867, 159.3646, 1625.075
630.8637, 159.4202, 1626.073
631.8604, 159.4847, 1627.072
632.8561, 159.5503, 1628.070
633.8528, 159.6159, 1629.069
634.8485, 159.6804, 1630.066
635.8442, 159.7493, 1631.064
636.8399, 159.8283, 1632.063
637.8346, 159.9061, 1633.061
638.8303, 159.985, 1634.060
639.825, 160.0629, 1635.058
640.8207, 160.144, 1636.057
641.8154, 160.2286, 1637.055
642.8101, 160.3131, 1638.053
643.8048, 160.3965, 1639.051
644.7995, 160.481, 1640.050
645.7931, 160.5744, 1641.048
646.7868, 160.6722, 1642.046
647.7805, 160.7701, 1643.045
648.7742, 160.8679, 1644.043
649.7679, 160.9647, 1645.042
650.7606, 161.0636, 1646.039
651.7543, 161.1626, 1647.038
652.748, 161.2616, 1648.036
653.7417, 161.3605, 1649.035
654.7343, 161.4617, 1650.033
655.727, 161.5707, 1651.031
656.7187, 161.6796, 1652.029
657.7114, 161.7897, 1653.028
658.7041, 161.8987, 1654.027
659.6958, 162.0099, 1655.024
660.6874, 162.1233, 1656.023
661.6791, 162.2378, 1657.021
662.6718, 162.3513, 1658.020
663.6635, 162.4658, 1659.018
664.6552, 162.5803, 1660.017
665.6468, 162.6971, 1661.015
666.6375, 162.8138, 1662.013
667.6292, 162.9295, 1663.011
668.6209, 163.0462, 1664.010
669.6126, 163.163, 1665.008
670.6042, 163.2809, 1666.007
671.5959, 163.3976, 1667.005
672.5866, 163.5155, 1668.003
673.5783, 163.6322, 1669.001
674.57, 163.7512, 1670.000
675.5606, 163.8713, 1670.998
676.5523, 163.9903, 1671.997
677.543, 164.1104, 1672.995
678.5347, 164.2293, 1673.994
679.5254, 164.3505, 1674.992
680.516, 164.4729, 1675.990
681.5067, 164.5941, 1676.988
682.4984, 164.7153, 1677.987
683.4891, 164.8365, 1678.985
684.4798, 164.9577, 1679.983
685.4704, 165.0789, 1680.981
686.4621, 165.2001, 1681.980
687.4528, 165.3213, 1682.978
688.4435, 165.4436, 1683.977
689.4341, 165.567, 1684.975
690.4248, 165.6916, 1685.973
691.4155, 165.8161, 1686.972
692.4062, 165.9406, 1687.970
693.3969, 166.0652, 1688.969
694.3865, 166.1908, 1689.966
695.3772, 166.3165, 1690.965
696.3679, 166.4421, 1691.964
697.3586, 166.5678, 1692.962
698.3492, 166.6923, 1693.961
699.3399, 166.8157, 1694.959
700.3306, 166.9403, 1695.958
701.3213, 167.0637, 1696.956
702.3109, 167.1882, 1697.953
703.3016, 167.3128, 1698.952
704.2923, 167.4395, 1699.951
705.283, 167.5652, 1700.949
706.2726, 167.692, 1701.947
707.2633, 167.8187, 1702.946
708.253, 167.9466, 1703.944
709.2437, 168.0767, 1704.943
710.2333, 168.2057, 1705.941
711.223, 168.3358, 1706.939
712.2127, 168.4648, 1707.937
713.2034, 168.5937, 1708.936
714.193, 168.7227, 1709.934
715.1827, 168.8506, 1710.932
716.1734, 168.9796, 1711.931
717.1631, 169.1086, 1712.929
718.1527, 169.2398, 1713.927
719.1424, 169.3732, 1714.926
720.1321, 169.5055, 1715.925
721.1218, 169.6379, 1716.923
722.1104, 169.7713, 1717.921
723.1001, 169.9047, 1718.919
724.0898, 170.0382, 1719.918
725.0795, 170.1716, 1720.917
726.0681, 170.305, 1721.914
727.0578, 170.4385, 1722.913
728.0475, 170.5708, 1723.911
729.0371, 170.7031, 1724.910
730.0268, 170.8354, 1725.908
731.0165, 170.9678, 1726.907
732.0062, 171.1001, 1727.905
732.9948, 171.2335, 1728.903
733.9845, 171.3681, 1729.902
734.9742, 171.5015, 1730.900
735.9629, 171.6349, 1731.898
736.9525, 171.7684, 1732.897
737.9422, 171.9029, 1733.895
738.9309, 172.0375, 1734.893
739.9205, 172.172, 1735.892
740.9092, 172.3065, 1736.890
741.8989, 172.44, 1737.888
742.8886, 172.5723, 1738.887
743.8782, 172.7035, 1739.885
744.8679, 172.8347, 1740.883
745.8576, 172.967, 1741.882
746.8473, 173.0983, 1742.880
747.8369, 173.2295, 1743.879
748.8266, 173.3607, 1744.877
749.8163, 173.4919, 1745.875
750.8059, 173.6231, 1746.874
751.7966, 173.7521, 1747.873
752.7863, 173.8811, 1748.871
753.776, 174.0101, 1749.869
754.7667, 174.1379, 1750.868
755.7563, 174.2669, 1751.866
756.747, 174.3937, 1752.864
757.7367, 174.5193, 1753.862
758.7274, 174.645, 1754.861
759.718, 174.7717, 1755.859
760.7077, 174.8974, 1756.857
761.6984, 175.0242, 1757.856
762.6891, 175.1509, 1758.855
763.6787, 175.2788, 1759.852
764.6694, 175.4055, 1760.851
765.6591, 175.5334, 1761.849
766.6488, 175.6635, 1762.847
767.6384, 175.7947, 1763.846
768.6291, 175.9248, 1764.845
769.6188, 176.0549, 1765.843
770.6085, 176.185, 1766.841
771.5981, 176.314, 1767.839
772.5888, 176.4419, 1768.838
773.5785, 176.5709, 1769.836
774.5682, 176.6999, 1770.834
775.5588, 176.8277, 1771.833
776.5485, 176.9545, 1772.831
777.5392, 177.0813, 1773.830
778.5299, 177.208, 1774.828
779.5195, 177.3348, 1775.826
780.5102, 177.4604, 1776.825
781.5009, 177.585, 1777.823
782.4916, 177.7106, 1778.822
783.4822, 177.8352, 1779.820
784.4719, 177.9608, 1780.818
785.4626, 178.0876, 1781.817
786.4533, 178.2132, 1782.815
787.4429, 178.34, 1783.813
788.4336, 178.4667, 1784.812
789.4243, 178.5902, 1785.810
790.415, 178.7136, 1786.808
791.4057, 178.837, 1787.807
792.3963, 178.9593, 1788.805
793.387, 179.0828, 1789.803
794.3787, 179.2017, 1790.802
795.3694, 179.3207, 1791.800
796.361, 179.4397, 1792.799
797.3517, 179.5587, 1793.796
798.3434, 179.6777, 1794.795
799.3341, 179.7977, 1795.793
800.3258, 179.9167, 1796.792
801.3164, 180.0368, 1797.790
802.3081, 180.1569, 1798.789
803.2998, 180.2726, 1799.787
804.2915, 180.3882, 1800.786
805.2822, 180.5038, 1801.783
806.2738, 180.6206, 1802.782
807.2665, 180.734, 1803.781
808.2582, 180.8463, 1804.779
809.2499, 180.9586, 1805.777
810.2426, 181.0709, 1806.776
811.2343, 181.1821, 1807.774
812.2269, 181.29, 1808.772
813.2196, 181.3978, 1809.771
814.2113, 181.5057, 1810.768
815.204, 181.6136, 1811.767
816.1977, 181.7114, 1812.765
817.1914, 181.8093, 1813.764
818.1851, 181.906, 1814.762
819.1787, 182.0039, 1815.761
820.1724, 182.095, 1816.759
821.1671, 182.1829, 1817.757
822.1618, 182.2718, 1818.756
823.1555, 182.3597, 1819.753
824.1502, 182.4453, 1820.752
825.1449, 182.5287, 1821.750
826.1396, 182.6121, 1822.748
827.1353, 182.6966, 1823.747
828.13, 182.7755, 1824.745
829.1257, 182.8434, 1825.743
830.1224, 182.9112, 1826.742
831.1181, 182.9779, 1827.740
832.1138, 183.0435, 1828.738
833.1105, 183.0991, 1829.736
834.1082, 183.1536, 1830.735
835.1049, 183.2081, 1831.734
836.1016, 183.2615, 1832.732
837.0993, 183.3004, 1833.730
838.096, 183.3404, 1834.728
839.0937, 183.3804, 1835.726
840.0914, 183.4183, 1836.725
841.0891, 183.4394, 1837.723
842.0878, 183.4605, 1838.722
843.0855, 183.4816, 1839.719
844.0832, 183.4983, 1840.717
845.0819, 183.4928, 1841.716
846.0806, 183.4861, 1842.715
847.0783, 183.4805, 1843.712
848.076, 183.4661, 1844.710
849.0737, 183.4327, 1845.708
850.0714, 183.3982, 1846.707
851.0691, 183.3649, 1847.705
852.0668, 183.3204, 1848.704
853.0635, 183.2626, 1849.702
854.0602, 183.2048, 1850.700
855.0569, 183.1469, 1851.699
856.0516, 183.0691, 1852.697
857.0463, 182.9779, 1853.695
858.04, 182.8856, 1854.693
859.0337, 182.7945, 1855.691
860.0244, 182.671, 1856.690
861.014, 182.5387, 1857.688
862.0037, 182.4064, 1858.687
862.9934, 182.2741, 1859.685
863.979, 182.1117, 1860.684
864.9637, 181.9494, 1861.682
865.9494, 181.7881, 1862.681
866.933, 181.6169, 1863.679
867.9116, 181.4234, 1864.677
868.8913, 181.2288, 1865.676
869.8709, 181.0342, 1866.674
870.8465, 180.8219, 1867.673
871.8181, 180.5917, 1868.671
872.7897, 180.3626, 1869.669
873.7614, 180.1336, 1870.668
874.7269, 179.8778, 1871.667
875.6905, 179.6154, 1872.665
876.6541, 179.3541, 1873.664
877.6167, 179.0872, 1874.663
878.5672, 178.7803, 1875.661
879.5177, 178.4745, 1876.660
880.4682, 178.1676, 1877.659
881.4138, 177.8463, 1878.657
882.3532, 177.5049, 1879.657
883.2917, 177.1647, 1880.655
884.2312, 176.8244, 1881.654
885.1587, 176.453, 1882.654
886.0821, 176.0727, 1883.652
887.0055, 175.6924, 1884.651
887.9279, 175.3077, 1885.650
888.8363, 174.8918, 1886.649
889.7457, 174.4771, 1887.649
890.6551, 174.0623, 1888.648
891.5524, 173.6242, 1889.647
892.4387, 173.1616, 1890.647
893.325, 172.6991, 1891.646
894.2113, 172.2376, 1892.646
895.0825, 171.7472, 1893.645
895.9507, 171.2535, 1894.644
896.8199, 170.7598, 1895.644
897.6821, 170.2539, 1896.643
898.5243, 169.7146, 1897.643
899.3654, 169.1753, 1898.643
900.2075, 168.6349, 1899.643
901.0366, 168.0767, 1900.643
901.8586, 167.5074, 1901.643
902.6807, 166.9369, 1902.643
903.5028, 166.3676, 1903.643
904.3017, 165.7661, 1904.643
905.1007, 165.1645, 1905.643
905.8996, 164.5629, 1906.643
906.6896, 163.9491, 1907.644
907.4655, 163.3175, 1908.644
908.2413, 162.686, 1909.645
909.0172, 162.0544, 1910.645
909.773, 161.3994, 1911.645
910.5228, 160.7356, 1912.647
911.2716, 160.0729, 1913.647
912.0174, 159.4057, 1914.647
912.735, 158.7074, 1915.649
913.4517, 158.0091, 1916.649
914.1693, 157.3108, 1917.651
914.873, 156.6003, 1918.651
915.5615, 155.873, 1919.652
916.2501, 155.1458, 1920.654
916.9386, 154.4197, 1921.654
917.6081, 153.6747, 1922.656
918.2726, 152.9264, 1923.657
918.938, 152.1769, 1924.659
919.5985, 151.4253, 1925.659
920.2359, 150.6524, 1926.661
920.8732, 149.8796, 1927.663
921.5096, 149.1068, 1928.664
922.1379, 148.3262, 1929.666
922.7552, 147.5379, 1930.667
923.3715, 146.7484, 1931.669
923.9888, 145.9589, 1932.671
924.59, 145.1583, 1933.672
925.1862, 144.3533, 1934.674
925.7814, 143.5471, 1935.676
926.3767, 142.7409, 1936.678
926.9488, 141.9192, 1937.679
927.5199, 141.0964, 1938.681
928.092, 140.2735, 1939.683
928.6591, 139.4473, 1940.685
929.2162, 138.6145, 1941.687
929.7733, 137.7816, 1942.689
930.3303, 136.9488, 1943.691
930.8754, 136.1081, 1944.693
931.4113, 135.2608, 1945.696
931.9473, 134.4135, 1946.698
932.4833, 133.5673, 1947.700
933.0103, 132.7145, 1948.703
933.5342, 131.8605, 1949.704
934.0592, 131.0065, 1950.707
934.5841, 130.1525, 1951.709
935.099, 129.293, 1952.711
935.6129, 128.4324, 1953.714
936.1279, 127.5728, 1954.716
936.6418, 126.7122, 1955.718
937.1547, 125.8515, 1956.720
937.6686, 124.9898, 1957.723
938.1815, 124.1291, 1958.725
938.6914, 123.2662, 1959.728
939.1962, 122.4, 1960.730
939.7021, 121.5349, 1961.732
940.207, 120.6687, 1962.735
940.7119, 119.8036, 1963.737
941.2157, 118.9363, 1964.740
941.7186, 118.0701, 1965.741
942.2225, 117.2028, 1966.744
942.7193, 116.3321, 1967.747
943.2132, 115.4604, 1968.749
943.707, 114.5875, 1969.751
944.2008, 113.7157, 1970.753
944.6967, 112.8439, 1971.756
945.1925, 111.9733, 1972.758
945.6883, 111.1026, 1973.760
946.1852, 110.2309, 1974.764
946.675, 109.3569, 1975.765
947.1638, 108.4818, 1976.768
947.6536, 107.6067, 1977.771
948.1435, 106.7316, 1978.774
948.6293, 105.8553, 1979.776
949.1161, 104.9791, 1980.778
949.6029, 104.1029, 1981.780
950.0887, 103.2267, 1982.782
950.5765, 102.3505, 1983.785
951.0643, 101.4743, 1984.788
951.5511, 100.5981, 1985.790
952.0379, 99.7218, 1986.793
952.5187, 98.8423, 1987.795
952.9995, 97.9627, 1988.797
953.4793, 97.0832, 1989.799
953.96, 96.2025, 1990.802
954.4398, 95.323, 1991.804
954.9196, 94.4423, 1992.807
955.3994, 93.5627, 1993.809
955.8792, 92.6821, 1994.812
956.3539, 91.7992, 1995.814
956.8297, 90.9163, 1996.817
957.3045, 90.0334, 1997.820
957.7792, 89.1505, 1998.822
958.249, 88.2654, 1999.824
958.7187, 87.3792, 2000.827
959.1895, 86.4941, 2001.830
959.6582, 85.6079, 2002.832
960.1249, 84.7205, 2003.835
960.5907, 83.8332, 2004.837
961.0574, 82.9459, 2005.840
961.5231, 82.0574, 2006.843
961.9878, 81.1701, 2007.844
962.4526, 80.2816, 2008.847
962.9173, 79.3932, 2009.850
963.382, 78.5047, 2010.853
963.8427, 77.6141, 2011.855
964.3024, 76.7223, 2012.859
964.7621, 75.8316, 2013.861
965.2218, 74.9409, 2014.863
965.6785, 74.048, 2015.866
966.1342, 73.1551, 2016.869
966.5899, 72.2622, 2017.871
967.0466, 71.3694, 2018.874
967.5013, 70.4765, 2019.876
967.957, 69.5824, 2020.879
968.4117, 68.6896, 2021.881
968.8674, 67.7967, 2022.884
969.3171, 66.9004, 2023.887
969.7657, 66.0042, 2024.889
970.2144, 65.1069, 2025.892
970.662, 64.2095, 2026.895
971.1057, 63.3111, 2027.897
971.5463, 62.4104, 2028.900
971.987, 61.5097, 2029.902
972.4276, 60.609, 2030.905
972.8612, 59.705, 2031.908
973.2918, 58.7988, 2032.911
973.7214, 57.8936, 2033.913
974.152, 56.9874, 2034.916
974.5756, 56.0789, 2035.919
974.9971, 55.1683, 2036.922
975.4187, 54.2587, 2037.925
975.8403, 53.3491, 2038.927
976.2498, 52.434, 2039.930
976.6563, 51.5166, 2040.933
977.0618, 50.6004, 2041.935
977.4683, 49.683, 2042.938
977.8567, 48.7579, 2043.942
978.2432, 47.8327, 2044.944
978.6306, 46.9076, 2045.947
979.013, 45.9802, 2046.950
979.3754, 45.0451, 2047.953
979.7367, 44.1099, 2048.956
980.0981, 43.1737, 2049.959
980.4484, 42.2341, 2050.962
980.7816, 41.2878, 2051.965
981.1138, 40.3415, 2052.968
981.4471, 39.3953, 2053.972
981.7542, 38.4401, 2054.975
982.0493, 37.4816, 2055.978
982.3444, 36.5231, 2056.981
982.6395, 35.5635, 2057.985
982.8924, 34.5927, 2058.988
983.1434, 33.6209, 2059.992
983.3953, 32.6502, 2060.994
983.6352, 31.6761, 2061.998
983.849, 30.6954, 2063.001
984.0638, 29.7146, 2064.005
984.2776, 28.735, 2065.008
984.4593, 27.7476, 2066.012
984.6229, 26.7579, 2067.015
984.7865, 25.7672, 2068.019
984.9471, 24.7776, 2069.022
985.0444, 23.7779, 2070.026
985.1418, 22.7794, 2071.030
985.2402, 21.7809, 2072.033
985.3174, 20.7801, 2073.037
985.3757, 19.7782, 2074.040
985.4329, 18.7753, 2075.045
985.4911, 17.7734, 2076.048
985.5061, 16.7704, 2077.051
985.5212, 15.7663, 2078.056
985.5363, 14.7622, 2079.060
985.5132, 13.7604, 2080.062
985.4479, 12.7585, 2081.066
985.3817, 11.7566, 2082.070
985.3164, 10.7559, 2083.073
985.2151, 9.7574, 2084.077
985.1137, 8.7588, 2085.080
985.0123, 7.7603, 2086.084
984.8788, 6.7651, 2087.088
984.7112, 5.7755, 2088.092
984.5446, 4.7858, 2089.095
984.3749, 3.7973, 2090.098
984.1481, 2.8199, 2091.102
983.9223, 1.8425, 2092.105
983.6954, 0.8651, 2093.108
983.4405, -0.1056, 2094.112
983.1675, -1.0708, 2095.115
982.8944, -2.036, 2096.118
982.6114, -2.9989, 2097.122
982.2892, -3.9485, 2098.124
981.967, -4.8992, 2099.128
981.6458, -5.8489, 2100.131
981.2975, -6.7896, 2101.134
980.9422, -7.728, 2102.137
980.5869, -8.6665, 2103.141
980.2165, -9.5972, 2104.142
979.816, -10.5168, 2105.145
979.4145, -11.4364, 2106.149
979.014, -12.3549, 2107.151
978.5704, -13.2544, 2108.154
978.1227, -14.1518, 2109.157
977.6761, -15.0491, 2110.159
977.2144, -15.9387, 2111.161
976.7366, -16.8205, 2112.164
976.2588, -17.7022, 2113.167
975.78, -18.5829, 2114.169
975.2812, -19.4513, 2115.171
974.7813, -20.3209, 2116.174
974.2825, -21.1904, 2117.176
973.7736, -22.0533, 2118.178
973.2577, -22.9128, 2119.181
972.7418, -23.7724, 2120.183
972.2248, -24.6308, 2121.185
971.6999, -25.4848, 2122.188
971.1749, -26.3387, 2123.190
970.651, -27.1927, 2124.192
970.122, -28.0445, 2125.195
969.5921, -28.8951, 2126.197
969.0611, -29.7446, 2127.199
968.5301, -30.5942, 2128.200
967.9891, -31.4381, 2129.203
967.4491, -32.2821, 2130.205
966.9081, -33.1261, 2131.207
966.3661, -33.9689, 2132.209
965.8241, -34.8118, 2133.212
965.2821, -35.6547, 2134.214
964.7401, -36.4975, 2135.216
964.193, -37.337, 2136.218
963.646, -38.1766, 2137.220
963.099, -39.0161, 2138.222
962.5509, -39.8556, 2139.224
962.0029, -40.694, 2140.226
961.4549, -41.5335, 2141.228
960.9068, -42.3719, 2142.230
960.3548, -43.2081, 2143.232
959.8017, -44.0443, 2144.235
959.2487, -44.8794, 2145.236
958.6966, -45.7156, 2146.238
958.1466, -46.554, 2147.241
957.5975, -47.3924, 2148.243
957.0475, -48.2297, 2149.245
956.4935, -49.0648, 2150.247
955.9364, -49.8976, 2151.249
955.3793, -50.7305, 2152.251
954.8222, -51.5633, 2153.253
954.2672, -52.3973, 2154.255
953.7111, -53.2312, 2155.257
953.1551, -54.0652, 2156.260
952.6, -54.8992, 2157.261
952.0439, -55.7331, 2158.264
951.4879, -56.566, 2159.265
950.9318, -57.3999, 2160.267
950.3788, -58.235, 2161.269
949.8267, -59.0723, 2162.272
949.2757, -59.9085, 2163.273
948.7246, -60.7458, 2164.276
948.1706, -61.5809, 2165.278
947.6175, -62.4159, 2166.280
947.0634, -63.251, 2167.282
946.5104, -64.0872, 2168.284
945.9593, -64.9245, 2169.287
945.4083, -65.7607, 2170.288
944.8573, -66.598, 2171.290
944.3072, -67.4353, 2172.292
943.7582, -68.2737, 2173.294
943.2091, -69.1121, 2174.297
942.6601, -69.9505, 2175.299
942.1131, -70.79, 2176.301
941.568, -71.6307, 2177.303
941.022, -72.4713, 2178.305
940.476, -73.3119, 2179.307
939.932, -74.1526, 2180.309
939.388, -74.9943, 2181.311
938.8439, -75.8361, 2182.313
938.2989, -76.6778, 2183.316
937.7569, -77.5207, 2184.318
937.2159, -78.3635, 2185.320
936.6739, -79.2064, 2186.322
936.1319, -80.0492, 2187.324
935.5909, -80.8932, 2188.326
935.0488, -81.7361, 2189.328
934.5078, -82.5789, 2190.330
933.9658, -83.4229, 2191.333
933.4248, -84.2657, 2192.334
932.8838, -85.1097, 2193.337
932.3428, -85.9526, 2194.339
931.8018, -86.7965, 2195.341
931.2638, -87.6427, 2196.344
930.7258, -88.4878, 2197.346
930.1878, -89.3329, 2198.347
929.6518, -90.1791, 2199.349
929.1178, -91.0286, 2200.352
928.5849, -91.877, 2201.354
928.0519, -92.7254, 2202.356
927.5189, -93.5739, 2203.358
926.9849, -94.4223, 2204.361
926.4519, -95.2707, 2205.363
925.919, -96.1191, 2206.365
925.384, -96.9664, 2207.367
924.845, -97.8115, 2208.369
924.307, -98.6577, 2209.372
923.769, -99.5028, 2210.374
923.231, -100.3479, 2211.375
922.694, -101.1941, 2212.378
922.157, -102.0402, 2213.380
921.62, -102.8864, 2214.382
921.082, -103.7326, 2215.385
920.543, -104.5766, 2216.386
920.003, -105.4217, 2217.389
919.464, -106.2657, 2218.390
918.925, -107.1107, 2219.393
918.388, -107.9569, 2220.395
917.852, -108.8031, 2221.397
917.315, -109.6504, 2222.400
916.777, -110.4955, 2223.402
916.232, -111.3373, 2224.404
915.688, -112.1779, 2225.406
915.143, -113.0196, 2226.408
914.5989, -113.8603, 2227.410
914.0539, -114.7009, 2228.412
913.5089, -115.5426, 2229.414
912.9639, -116.3833, 2230.416
912.4178, -117.2239, 2231.419
911.8668, -118.0601, 2232.420
911.3158, -118.8974, 2233.422
910.7647, -119.7347, 2234.425
910.2107, -120.5698, 2235.427
909.6496, -121.3993, 2236.428
909.0875, -122.2288, 2237.430
908.5264, -123.0594, 2238.433
907.9633, -123.8878, 2239.434
907.3962, -124.714, 2240.436
906.8301, -125.5413, 2241.439
906.264, -126.3675, 2242.440
905.6919, -127.1903, 2243.443
905.1157, -128.0098, 2244.444
904.5396, -128.8293, 2245.446
903.9625, -129.6488, 2246.448
903.3743, -130.4594, 2247.450
902.7801, -131.2667, 2248.452
902.1869, -132.0729, 2249.453
901.5927, -132.8802, 2250.456
900.9814, -133.673, 2251.457
900.3691, -134.4669, 2252.459
899.7579, -135.2597, 2253.460
899.1365, -136.0448, 2254.462
898.5002, -136.8187, 2255.464
897.8648, -137.5926, 2256.465
897.2285, -138.3665, 2257.467
896.575, -139.1249, 2258.468
895.9176, -139.8799, 2259.469
895.2602, -140.636, 2260.471
894.5967, -141.3855, 2261.472
893.9172, -142.1216, 2262.474
893.2387, -142.8566, 2263.474
892.5601, -143.5927, 2264.475
891.8575, -144.3054, 2265.476
891.1519, -145.016, 2266.477
890.4463, -145.7254, 2267.478
889.7246, -146.4193, 2268.479
888.9889, -147.0975, 2269.480
888.2531, -147.7758, 2270.481
887.5144, -148.4508, 2271.481
886.7596, -149.1079, 2272.482
886.0048, -149.7651, 2273.483
885.25, -150.4212, 2274.483
884.4631, -151.0394, 2275.484
883.6701, -151.6488, 2276.484
882.8772, -152.2592, 2277.484
882.0712, -152.8497, 2278.483
881.2522, -153.4234, 2279.483
880.4331, -153.9972, 2280.483
879.605, -154.5576, 2281.483
878.7549, -155.0836, 2282.483
877.9047, -155.6106, 2283.483
877.0536, -156.1344, 2284.483
876.1713, -156.6036, 2285.482
875.289, -157.0728, 2286.481
874.4067, -157.5421, 2287.481
873.5034, -157.9691, 2288.480
872.596, -158.3883, 2289.479
871.6887, -158.8075, 2290.479
870.7642, -159.1844, 2291.477
869.8318, -159.5414, 2292.476
868.8983, -159.8983, 2293.475
867.9568, -160.2297, 2294.473
867.0053, -160.5355, 2295.473
866.0547, -160.8412, 2296.471
865.0982, -161.1281, 2297.470
864.1326, -161.3828, 2298.468
863.167, -161.6374, 2299.467
862.1984, -161.8787, 2300.465
861.2188, -162.0699, 2301.463
860.2392, -162.2612, 2302.461
859.2585, -162.448, 2303.460
858.2678, -162.5759, 2304.459
857.2782, -162.7049, 2305.457
856.2875, -162.8327, 2306.455
855.2938, -162.9184, 2307.453
854.2991, -163.0018, 2308.451
853.3034, -163.084, 2309.450
852.3067, -163.1196, 2310.447
851.308, -163.143, 2311.446
850.3103, -163.1663, 2312.444
849.3126, -163.1674, 2313.442
848.3139, -163.1552, 2314.441
847.3162, -163.143, 2315.439
846.3185, -163.1041, 2316.437
845.3228, -163.0396, 2317.435
844.3261, -162.974, 2318.434
843.3314, -162.8995, 2319.431
842.3377, -162.8061, 2320.429
841.343, -162.7126, 2321.428
840.3503, -162.6126, 2322.426
839.3617, -162.4736, 2323.424
838.373, -162.3357, 2324.423
837.3843, -162.1967, 2325.421
836.3977, -162.0455, 2326.419
835.411, -161.8931, 2327.418
834.4243, -161.7397, 2328.416
833.4397, -161.574, 2329.415
832.456, -161.4028, 2330.413
831.4724, -161.2304, 2331.412
830.4887, -161.0581, 2332.410
829.5061, -160.8846, 2333.408
828.5224, -160.7111, 2334.407
827.5398, -160.5366, 2335.405
826.5591, -160.3498, 2336.403
825.5785, -160.1618, 2337.402
824.5979, -159.975, 2338.400
823.6172, -159.7838, 2339.399
822.6376, -159.5914, 2340.398
821.6579, -159.399, 2341.396
820.6783, -159.2056, 2342.394
819.6987, -159.011, 2343.393
818.72, -158.8164, 2344.391
817.7404, -158.6218, 2345.390
816.7628, -158.4183, 2346.388
815.7851, -158.2148, 2347.387
814.8085, -158.0113, 2348.385
813.8309, -157.8056, 2349.384
812.8543, -157.5966, 2350.382
811.8776, -157.3886, 2351.381
810.901, -157.1807, 2352.379
809.9254, -156.9705, 2353.377
808.9488, -156.7604, 2354.376
807.9732, -156.5502, 2355.374
806.9975, -156.339, 2356.373
806.0219, -156.1243, 2357.372
805.0463, -155.9097, 2358.370
804.0717, -155.6951, 2359.368
803.0971, -155.4794, 2360.367
802.1224, -155.2615, 2361.365
801.1478, -155.0435, 2362.364
800.1732, -154.8256, 2363.363
799.1986, -154.6099, 2364.361
798.223, -154.3953, 2365.360
797.2483, -154.1795, 2366.358
796.2737, -153.9638, 2367.356
795.3001, -153.7414, 2368.355
794.3265, -153.5191, 2369.354
793.3529, -153.2978, 2370.352
792.3793, -153.0765, 2371.351
791.4046, -152.8586, 2372.349
790.43, -152.6395, 2373.348
789.4564, -152.4216, 2374.346
788.4818, -152.2014, 2375.345
787.5092, -151.9779, 2376.343
786.5356, -151.7555, 2377.342
785.562, -151.5331, 2378.340
784.5883, -151.3107, 2379.339
783.6147, -151.0894, 2380.338
782.6411, -150.8682, 2381.336
781.6675, -150.648, 2382.334
780.6939, -150.4256, 2383.333
779.7203, -150.2032, 2384.332
778.7467, -149.9808, 2385.330
777.773, -149.7584, 2386.329
776.7994, -149.5372, 2387.327
775.8258, -149.317, 2388.326
774.8522, -149.0979, 2389.324
773.8776, -148.8778, 2390.323
772.904, -148.6565, 2391.321
771.9304, -148.4363, 2392.319
770.9567, -148.2151, 2393.318
769.9831, -147.9938, 2394.316
769.0085, -147.7736, 2395.315
768.0349, -147.5557, 2396.313
767.0603, -147.3366, 2397.312
766.0857, -147.1176, 2398.311
765.1121, -146.8963, 2399.309
764.1394, -146.6728, 2400.307
763.1658, -146.4493, 2401.306
762.1932, -146.2258, 2402.304
761.2196, -146.0023, 2403.303
760.246, -145.7821, 2404.301
759.2724, -145.5608, 2405.300
758.2978, -145.3396, 2406.299
757.3241, -145.1194, 2407.298
756.3505, -144.8992, 2408.296
755.3769, -144.6779, 2409.294
754.4023, -144.4578, 2410.293
753.4287, -144.2376, 2411.291
752.4551, -144.0174, 2412.290
751.4805, -143.7973, 2413.289
750.5068, -143.5771, 2414.287
749.5332, -143.3569, 2415.285
748.5586, -143.1401, 2416.284
747.584, -142.9222, 2417.282
746.6094, -142.7053, 2418.281
745.6348, -142.4885, 2419.279
744.6591, -142.2739, 2420.278
743.6835, -142.0604, 2421.277
742.7089, -141.8469, 2422.275
741.7333, -141.6334, 2423.273
740.7577, -141.4222, 2424.272
739.781, -141.212, 2425.271
738.8054, -141.0018, 2426.269
737.8288, -140.7917, 2427.268
736.8532, -140.5804, 2428.266
735.8765, -140.3703, 2429.265
734.9009, -140.159, 2430.263
733.9253, -139.9477, 2431.261
732.9487, -139.7376, 2432.260
731.972, -139.5318, 2433.258
730.9944, -139.3261, 2434.257
730.0178, -139.1204, 2435.255
729.0402, -138.9158, 2436.254
728.0635, -138.7101, 2437.252
727.0859, -138.5044, 2438.251
726.1093, -138.2998, 2439.249
725.1316, -138.0941, 2440.248
724.154, -137.8906, 2441.247
723.1764, -137.6905, 2442.245
722.1988, -137.4892, 2443.243
721.2201, -137.2879, 2444.242
720.2425, -137.0878, 2445.240
719.2629, -136.891, 2446.239
718.2842, -136.693, 2447.237
717.3056, -136.4962, 2448.236
716.327, -136.2994, 2449.234
715.3473, -136.1037, 2450.233
714.3687, -135.908, 2451.231
713.3891, -135.7123, 2452.230
712.4104, -135.5166, 2453.228
711.4318, -135.3209, 2454.226
710.4522, -135.123, 2455.225
709.4735, -134.9261, 2456.224
708.4949, -134.7293, 2457.222
707.5163, -134.5314, 2458.220
706.5376, -134.3335, 2459.219
705.559, -134.1356, 2460.217
704.5804, -133.9376, 2461.216
703.6017, -133.7397, 2462.214
702.6231, -133.5418, 2463.212
701.6445, -133.3438, 2464.211
700.6658, -133.1459, 2465.209
699.6872, -132.948, 2466.208
698.7086, -132.749, 2467.206
697.7309, -132.5455, 2468.205
696.7533, -132.3431, 2469.203
695.7757, -132.1396, 2470.202
694.7981, -131.9372, 2471.200
693.8204, -131.7349, 2472.199
692.8428, -131.5325, 2473.197
691.8652, -131.3301, 2474.195
690.8875, -131.1277, 2475.194
689.9089, -130.9254, 2476.193
688.9313, -130.723, 2477.191
687.9536, -130.5206, 2478.190
686.976, -130.3193, 2479.188
685.9984, -130.117, 2480.186
685.0208, -129.9124, 2481.185
684.0431, -129.7089, 2482.184
683.0655, -129.5043, 2483.183
682.0889, -129.3008, 2484.180
681.1112, -129.0951, 2485.179
680.1346, -128.8872, 2486.178
679.158, -128.6803, 2487.176
678.1814, -128.4724, 2488.174
677.2047, -128.2656, 2489.173
676.2281, -128.0576, 2490.171
675.2515, -127.8508, 2491.170
674.2749, -127.6429, 2492.168
673.2982, -127.4349, 2493.167
672.3216, -127.227, 2494.165
671.345, -127.0191, 2495.164
670.3684, -126.8111, 2496.162
669.3917, -126.6021, 2497.161
668.4151, -126.3942, 2498.159
667.4385, -126.1873, 2499.158
666.4619, -125.9805, 2500.156
665.4852, -125.7737, 2501.154
664.5076, -125.5669, 2502.154
663.532, -125.3578, 2503.151
662.5554, -125.1477, 2504.150
661.5787, -124.9386, 2505.149
660.6031, -124.7285, 2506.147
659.6265, -124.5194, 2507.146
658.6489, -124.317, 2508.144
657.6712, -124.1136, 2509.143
656.6936, -123.9101, 2510.141
655.716, -123.7066, 2511.140
654.7384, -123.5031, 2512.138
653.7617, -123.2985, 2513.136
652.7841, -123.0928, 2514.135
651.8075, -122.8882, 2515.133
650.8298, -122.6836, 2516.132
649.8522, -122.4801, 2517.131
648.8746, -122.2766, 2518.129
647.897, -122.0742, 2519.127
646.9193, -121.8708, 2520.126
645.9417, -121.6673, 2521.125
644.9641, -121.4627, 2522.123
643.9874, -121.2592, 2523.121
643.0098, -121.0557, 2524.120
642.0322, -120.8533, 2525.118
641.0536, -120.6554, 2526.116
640.0749, -120.4564, 2527.115
639.0963, -120.2584, 2528.114
638.1177, -120.0594, 2529.112
637.139, -119.8592, 2530.111
636.1614, -119.6591, 2531.109
635.1828, -119.4578, 2532.108
634.2051, -119.2577, 2533.106
633.2265, -119.0586, 2534.105
632.2479, -118.8629, 2535.103
631.2682, -118.6661, 2536.102
630.2896, -118.4704, 2537.100
629.311, -118.2747, 2538.098
628.3313, -118.0801, 2539.097
627.3517, -117.8844, 2540.096
626.3731, -117.6898, 2541.093
625.3934, -117.4941, 2542.093
624.4138, -117.304, 2543.090
623.4331, -117.1161, 2544.089
622.4525, -116.927, 2545.088
621.4719, -116.7391, 2546.086
620.4912, -116.5534, 2547.084
619.5096, -116.3711, 2548.083
618.5269, -116.1898, 2549.082
617.5453, -116.0086, 2550.080
616.5636, -115.8273, 2551.078
615.58, -115.6538, 2552.077
614.5974, -115.4815, 2553.075
613.6137, -115.308, 2554.074
612.63, -115.1357, 2555.072
611.6454, -114.97, 2556.071
610.6607, -114.8076, 2557.069
609.6761, -114.6453, 2558.067
608.6904, -114.483, 2559.066
607.7038, -114.3328, 2560.064
606.7161, -114.1883, 2561.062
605.7274, -114.0449, 2562.061
604.7398, -113.9014, 2563.059
603.7501, -113.7713, 2564.057
602.7584, -113.6523, 2565.056
601.7677, -113.5334, 2566.054
600.776, -113.4144, 2567.052
599.7834, -113.3076, 2568.051
598.7897, -113.212, 2569.049
597.796, -113.1164, 2570.047
596.8023, -113.0196, 2571.046
595.8076, -112.9451, 2572.043
594.8109, -112.8884, 2573.042
593.8142, -112.8306, 2574.040
592.8175, -112.7739, 2575.038
591.8198, -112.7361, 2576.037
590.8221, -112.7094, 2577.035
589.8244, -112.6838, 2578.033
588.8267, -112.6571, 2579.031
587.828, -112.6594, 2580.029
586.8303, -112.666, 2581.027
585.8316, -112.6738, 2582.026
584.8339, -112.6849, 2583.024
583.8372, -112.7405, 2584.022
582.8405, -112.795, 2585.020
581.8438, -112.8506, 2586.018
580.8481, -112.9218, 2587.017
579.8544, -113.0196, 2588.015
578.8607, -113.1186, 2589.014
577.867, -113.2165, 2590.012
576.8783, -113.3532, 2591.010
575.8917, -113.5011, 2592.008
574.904, -113.649, 2593.007
573.9194, -113.8113, 2594.005
572.9427, -114.0215, 2595.004
571.9671, -114.2305, 2596.001
570.9905, -114.4396, 2597.000
570.0219, -114.6809, 2597.998
569.0553, -114.9333, 2598.997
568.0897, -115.1868, 2599.996
567.1281, -115.4548, 2600.994
566.1786, -115.7662, 2601.993
565.2301, -116.0764, 2602.991
564.2806, -116.3877, 2603.990
563.3491, -116.7469, 2604.989
562.4197, -117.1149, 2605.988
561.4912, -117.483, 2606.987
560.5738, -117.8777, 2607.986
559.6705, -118.3058, 2608.985
558.7681, -118.7328, 2609.984
557.8668, -119.1654, 2610.983
556.9905, -119.6457, 2611.983
556.1133, -120.125, 2612.982
555.237, -120.6054, 2613.982
554.3808, -121.1213, 2614.981
553.5307, -121.6472, 2615.981
552.6795, -122.1732, 2616.982
551.8424, -122.7181, 2617.980
551.0234, -123.2929, 2618.981
550.2043, -123.8667, 2619.981
549.3883, -124.4449, 2620.981
548.6014, -125.062, 2621.981
547.8145, -125.6792, 2622.981
547.0275, -126.2963, 2623.981
546.2657, -126.9446, 2624.982
545.5119, -127.6029, 2625.982
544.7571, -128.26, 2626.983
544.0204, -128.9361, 2627.983
543.3047, -129.6366, 2628.985
542.5901, -130.3371, 2629.985
541.8774, -131.0399, 2630.986
541.1869, -131.7649, 2631.987
540.4973, -132.491, 2632.989
539.8077, -133.216, 2633.989
539.1443, -133.9665, 2634.991
538.4939, -134.7271, 2635.992
537.8424, -135.4877, 2636.993
537.2021, -136.2572, 2637.994
536.5848, -137.0466, 2638.996
535.9675, -137.835, 2639.998
535.3502, -138.6245, 2641.000
534.761, -139.434, 2642.001
534.1738, -140.2457, 2643.003
533.5856, -141.0574, 2644.005
533.0155, -141.8803, 2645.006
532.4595, -142.7142, 2646.009
531.9034, -143.5482, 2647.011
531.3513, -144.3844, 2648.013
530.8304, -145.2406, 2649.015
530.3085, -146.0957, 2650.017
529.7875, -146.9519, 2651.019
529.2827, -147.8181, 2652.022
528.7878, -148.6899, 2653.024
528.293, -149.5616, 2654.027
527.7992, -150.4345, 2655.030
527.3114, -151.3096, 2656.032
526.8225, -152.1847, 2657.034
526.3347, -153.0598, 2658.036
525.8549, -153.9405, 2659.039
525.3792, -154.8234, 2660.042
524.9024, -155.7051, 2661.044
524.4276, -156.588, 2662.046
523.9559, -157.472, 2663.048
523.4841, -158.3571, 2664.051
523.0124, -159.2411, 2665.053
522.5477, -160.1296, 2666.056
522.087, -161.0203, 2667.059
521.6273, -161.9109, 2668.061
521.1665, -162.8016, 2669.064
520.7098, -163.6945, 2670.067
520.2532, -164.5863, 2671.069
519.7955, -165.4792, 2672.072
519.3388, -166.3721, 2673.075
518.8831, -167.265, 2674.078
518.4274, -168.1579, 2675.080
517.9707, -169.0508, 2676.083
517.517, -169.9448, 2677.085
517.0653, -170.8399, 2678.088
516.6136, -171.7339, 2679.090
516.162, -172.629, 2680.092
515.7093, -173.5241, 2681.095
515.2556, -174.4181, 2682.098
514.8019, -175.3121, 2683.100
514.3482, -176.2062, 2684.103
513.8935, -177.1002, 2685.106
513.4389, -177.9942, 2686.109
512.9852, -178.8871, 2687.111
512.5305, -179.7811, 2688.114
512.0808, -180.6773, 2689.116
511.6311, -181.5735, 2690.119
511.1815, -182.4698, 2691.122
510.7318, -183.366, 2692.124
510.2801, -184.2611, 2693.127
509.8285, -185.1562, 2694.130
509.3778, -186.0514, 2695.132
508.9271, -186.9476, 2696.135
508.4784, -187.8438, 2697.137
508.0298, -188.74, 2698.139
507.5811, -189.6374, 2699.143
507.1324, -190.5336, 2700.145
506.6828, -191.4298, 2701.148
506.2331, -192.3261, 2702.150
505.7834, -193.2223, 2703.153
505.3348, -194.1185, 2704.155
504.8861, -195.0159, 2705.159
504.4374, -195.9121, 2706.161
503.9898, -196.8095, 2707.164
503.5411, -197.7057, 2708.166
503.0914, -198.6019, 2709.169
502.6428, -199.4982, 2710.171
502.1931, -200.3944, 2711.174
501.7444, -201.2917, 2712.177
501.2988, -202.1902, 2713.180
500.8531, -203.0875, 2714.182
500.4065, -203.986, 2715.185
499.9608, -204.8833, 2716.187
499.5142, -205.7818, 2717.190
499.0665, -206.6791, 2718.193
498.6198, -207.5765, 2719.196
498.1732, -208.4738, 2720.198
497.7245, -209.37, 2721.200
497.2759, -210.2674, 2722.203
496.8272, -211.1636, 2723.206
496.3785, -212.061, 2724.209
495.9279, -212.9561, 2725.211
495.4762, -213.8512, 2726.214
495.0255, -214.7463, 2727.216
494.5738, -215.6425, 2728.219
494.1232, -216.5377, 2729.222
493.6715, -217.4328, 2730.224
493.2208, -218.3279, 2731.226
492.7691, -219.223, 2732.229
492.3175, -220.1193, 2733.233
491.8668, -221.0144, 2734.235
491.4151, -221.9095, 2735.237
490.9634, -222.8046, 2736.240
490.5118, -223.6997, 2737.243
490.0591, -224.5948, 2738.246
489.6074, -225.4889, 2739.247
489.1547, -226.384, 2740.251
488.701, -227.278, 2741.253
488.2473, -228.172, 2742.256
487.7927, -229.066, 2743.259
487.339, -229.96, 2744.261
486.8833, -230.8529, 2745.264
486.4256, -231.7447, 2746.266
485.9679, -232.6376, 2747.269
485.5112, -233.5294, 2748.271
485.0535, -234.4211, 2749.274
484.5988, -235.3152, 2750.277
484.1441, -236.208, 2751.279
483.6884, -237.1021, 2752.282
483.2337, -237.9949, 2753.284
482.777, -238.8878, 2754.287
482.3203, -239.7796, 2755.289
481.8626, -240.6725, 2756.292
481.406, -241.5654, 2757.295
480.9503, -242.4583, 2758.298
480.4956, -243.3512, 2759.300
480.0409, -244.2452, 2760.303
479.5862, -245.1392, 2761.306
479.1315, -246.0321, 2762.308
478.6758, -246.925, 2763.310
478.2201, -247.8179, 2764.313
477.7644, -248.7108, 2765.315
477.3087, -249.6037, 2766.317
476.851, -250.4966, 2767.321
476.3933, -251.3884, 2768.323
475.9356, -252.2802, 2769.326
475.479, -253.1731, 2770.328
475.0223, -254.066, 2771.331
474.5656, -254.9577, 2772.333
474.1099, -255.8506, 2773.336
473.6532, -256.7435, 2774.339
473.1965, -257.6364, 2775.342
472.7378, -258.5282, 2776.344
472.2791, -259.42, 2777.347
471.8214, -260.3107, 2778.349
471.3627, -261.2024, 2779.351
470.904, -262.0942, 2780.354
470.4443, -262.986, 2781.358
469.9856, -263.8767, 2782.359
469.5269, -264.7685, 2783.362
469.0672, -265.6591, 2784.365
468.6064, -266.5498, 2785.367
468.1457, -267.4405, 2786.370
467.685, -268.33, 2787.372
467.2243, -269.2207, 2788.375
466.7636, -270.1114, 2789.377
466.3039, -271.0021, 2790.380
465.8432, -271.8927, 2791.383
465.3825, -272.7834, 2792.385
464.9218, -273.6741, 2793.388
464.4621, -274.5647, 2794.390
464.0013, -275.4554, 2795.393
463.5406, -276.3461, 2796.396
463.0799, -277.2368, 2797.399
462.6212, -278.1274, 2798.401
462.1625, -279.0192, 2799.403
461.7028, -279.9099, 2800.406
461.2441, -280.8017, 2801.409
460.7844, -281.6923, 2802.411
460.3257, -282.5841, 2803.414
459.866, -283.4748, 2804.416
459.4063, -284.3666, 2805.419
458.9466, -285.2572, 2806.422
458.4889, -286.149, 2807.424
458.0312, -287.0408, 2808.426
457.5735, -287.9337, 2809.430
457.1158, -288.8255, 2810.432
456.6591, -289.7173, 2811.434
456.2044, -290.6113, 2812.437
455.7487, -291.5042, 2813.440
455.293, -292.3971, 2814.442
454.8383, -293.2911, 2815.445
454.3836, -294.184, 2816.447
453.929, -295.078, 2817.450
453.4753, -295.972, 2818.452
453.0206, -296.866, 2819.455
452.5659, -297.76, 2820.458
452.1132, -298.654, 2821.461
451.6605, -299.548, 2822.463
451.2069, -300.4431, 2823.466
450.7542, -301.3371, 2824.468
450.3015, -302.2323, 2825.471
449.8498, -303.1274, 2826.474
449.3981, -304.0225, 2827.477
448.9465, -304.9176, 2828.479
448.4948, -305.8127, 2829.482
448.0421, -306.7067, 2830.484
447.5894, -307.6019, 2831.487
447.1367, -308.4959, 2832.489
446.6841, -309.391, 2833.492
446.2314, -310.285, 2834.494
445.7807, -311.1812, 2835.497
445.329, -312.0763, 2836.500
444.8784, -312.9715, 2837.502
444.4267, -313.8666, 2838.505
443.976, -314.7628, 2839.508
443.5253, -315.6579, 2840.510
443.0747, -316.5531, 2841.512
442.623, -317.4493, 2842.516
442.1723, -318.3444, 2843.518
441.7226, -319.2406, 2844.521
441.273, -320.1369, 2845.523
440.8243, -321.0331, 2846.526
440.3746, -321.9293, 2847.528
439.926, -322.8256, 2848.531
439.4783, -323.7229, 2849.534
439.0307, -324.6202, 2850.536
438.583, -325.5176, 2851.539
438.1353, -326.4149, 2852.542
437.6877, -327.3123, 2853.545
437.24, -328.2085, 2854.547
436.7913, -329.1058, 2855.550
436.3437, -330.0032, 2856.553
435.896, -330.8994, 2857.554
435.4494, -331.7979, 2858.558
435.0027, -332.6952, 2859.560
434.556, -333.5926, 2860.563
434.1094, -334.491, 2861.566
433.6637, -335.3884, 2862.568
433.2161, -336.2857, 2863.571
432.7694, -337.183, 2864.573
432.3228, -338.0815, 2865.576
431.8751, -338.9788, 2866.579
431.4274, -339.8762, 2867.582
430.9798, -340.7724, 2868.584
430.5311, -341.6698, 2869.587
430.0824, -342.566, 2870.589
429.6338, -343.4633, 2871.592
429.1881, -344.3607, 2872.594
428.7435, -345.2591, 2873.597
428.2988, -346.1576, 2874.599
427.8542, -347.0572, 2875.603
427.4095, -347.9556, 2876.605
426.9609, -348.8518, 2877.608
426.5122, -349.7492, 2878.611
426.0635, -350.6454, 2879.613
425.6139, -351.5416, 2880.616
425.1652, -352.4379, 2881.618
424.7185, -353.3352, 2882.620
424.2709, -354.2326, 2883.623
423.8242, -355.131, 2884.627
423.3766, -356.0284, 2885.629
422.9289, -356.9246, 2886.631
422.4782, -357.8208, 2887.634
422.0285, -358.7171, 2888.637
421.5779, -359.6122, 2889.639
421.1282, -360.5084, 2890.642
420.6775, -361.4035, 2891.644
420.2259, -362.2998, 2892.648
419.7742, -363.1949, 2893.650
419.3235, -364.09, 2894.653
418.8718, -364.9851, 2895.655
418.4202, -365.8802, 2896.658
417.9685, -366.7754, 2897.660
417.5168, -367.6705, 2898.663
417.0651, -368.5656, 2899.666
416.6144, -369.4607, 2900.668
416.1618, -370.3558, 2901.671
415.7091, -371.2509, 2902.674
415.2564, -372.145, 2903.676
414.8047, -373.0401, 2904.679
414.3521, -373.9352, 2905.682
413.9014, -374.8303, 2906.684
413.4507, -375.7254, 2907.686
413, -376.6217, 2908.689
412.5494, -377.5168, 2909.691
412.0977, -378.4119, 2910.694
411.646, -379.307, 2911.697
411.1933, -380.2021, 2912.700
410.7416, -381.0973, 2913.702
410.29, -381.9924, 2914.705
409.8373, -382.8864, 2915.707
409.3856, -383.7815, 2916.710
408.9329, -384.6766, 2917.713
408.4813, -385.5717, 2918.715
408.0286, -386.4669, 2919.718
407.5779, -387.362, 2920.721
407.1262, -388.2571, 2921.723
406.6746, -389.1522, 2922.726
406.2239, -390.0473, 2923.728
405.7722, -390.9436, 2924.732
405.3215, -391.8387, 2925.734
404.8699, -392.7338, 2926.736
404.4192, -393.6289, 2927.739
403.9675, -394.524, 2928.741
403.5148, -395.4192, 2929.744
403.0621, -396.3132, 2930.746
402.6085, -397.2072, 2931.749
402.1548, -398.1023, 2932.752
401.7021, -398.9963, 2933.755
401.2504, -399.8914, 2934.757
400.7987, -400.7865, 2935.760
400.3481, -401.6817, 2936.762
399.8964, -402.5779, 2937.766
399.4457, -403.473, 2938.768
398.993, -404.3681, 2939.771
398.5404, -405.2621, 2940.773
398.0887, -406.1573, 2941.776
397.636, -407.0524, 2942.779
397.1823, -407.9464, 2943.781
396.7276, -408.8393, 2944.783
396.2739, -409.7333, 2945.786
395.8193, -410.6273, 2946.789
395.3646, -411.5202, 2947.791
394.9109, -412.4142, 2948.793
394.4562, -413.3082, 2949.796
394.0025, -414.2022, 2950.799
393.5488, -415.0962, 2951.801
393.0941, -415.9902, 2952.804
392.6374, -416.8831, 2953.807
392.1818, -417.776, 2954.810
391.7251, -418.6689, 2955.812
391.2694, -419.5607, 2956.814
390.8117, -420.4536, 2957.817
390.353, -421.3454, 2958.820
389.8953, -422.2372, 2959.823
389.4366, -423.1289, 2960.825
388.9779, -424.0196, 2961.827
388.5182, -424.9103, 2962.830
388.0574, -425.801, 2963.832
387.5967, -426.6916, 2964.835
387.136, -427.5823, 2965.838
386.6733, -428.4719, 2966.841
386.2106, -429.3614, 2967.843
385.7469, -430.2499, 2968.846
385.2842, -431.1394, 2969.848
384.8194, -432.0279, 2970.851
384.3527, -432.9152, 2971.853
383.886, -433.8025, 2972.856
383.4202, -434.6899, 2973.858
382.9535, -435.5772, 2974.861
382.4858, -436.4634, 2975.863
382.018, -437.3508, 2976.866
381.5513, -438.2381, 2977.869
381.0836, -439.1243, 2978.871
380.6128, -440.0094, 2979.873
380.1411, -440.8946, 2980.876
379.6703, -441.7797, 2981.879
379.1996, -442.6648, 2982.881
378.7268, -443.5488, 2983.884
378.2541, -444.4328, 2984.886
377.7813, -445.3168, 2985.889
377.3085, -446.2008, 2986.891
376.8318, -447.0826, 2987.893
376.353, -447.9632, 2988.896
375.8752, -448.845, 2989.899
375.3975, -449.7257, 2990.901
374.9177, -450.6063, 2991.903
374.4379, -451.487, 2992.906
373.9581, -452.3665, 2993.908
373.4783, -453.2472, 2994.911
372.9945, -454.1245, 2995.913
372.5107, -455.003, 2996.916
372.0269, -455.8814, 2997.919
371.5411, -456.7576, 2998.921
371.0513, -457.6316, 2999.922
370.5605, -458.5067, 3000.926
370.0697, -459.3807, 3001.928
369.5718, -460.2503, 3002.930
369.066, -461.1154, 3003.932
368.5611, -461.9816, 3004.935
368.0562, -462.8467, 3005.937
367.5383, -463.7051, 3006.939
367.0194, -464.5624, 3007.941
366.5004, -465.4197, 3008.943
365.9755, -466.2737, 3009.946
365.4385, -467.1199, 3010.948
364.9015, -467.9661, 3011.950
364.3645, -468.8123, 3012.952
363.8064, -469.6451, 3013.955
363.2453, -470.4746, 3014.956
362.6833, -471.3041, 3015.958
362.1121, -472.127, 3016.960
361.525, -472.9387, 3017.962
360.9368, -473.7504, 3018.964
360.3496, -474.5622, 3019.966
359.7383, -475.355, 3020.967
359.1261, -476.1478, 3021.969
358.5138, -476.9406, 3022.971
357.8865, -477.7212, 3023.972
357.2481, -478.494, 3024.975
356.6107, -479.2657, 3025.975
355.9653, -480.0318, 3026.977
355.2999, -480.7791, 3027.978
354.6334, -481.5263, 3028.979
353.9669, -482.2735, 3029.980
353.2643, -482.9863, 3030.981
352.5587, -483.6968, 3031.982
351.8531, -484.4074, 3032.984
351.1324, -485.1012, 3033.984
350.4027, -485.7851, 3034.984
349.672, -486.47, 3035.986
348.9282, -487.1383, 3036.986
348.1604, -487.7799, 3037.986
347.3925, -488.4215, 3038.987
346.6206, -489.0575, 3039.987
345.8227, -489.6602, 3040.987
345.0237, -490.2629, 3041.988
344.2257, -490.8656, 3042.988
343.4027, -491.4338, 3043.988
342.5786, -491.9986, 3044.987
341.7536, -492.5646, 3045.988
340.9054, -493.0928, 3046.987
340.0492, -493.6098, 3047.987
339.1931, -494.1258, 3048.987
338.3218, -494.615, 3049.986
337.4406, -495.0865, 3050.985
336.5593, -495.5591, 3051.985
335.665, -496.0016, 3052.983
334.7556, -496.4175, 3053.983
333.8472, -496.8323, 3054.982
332.9308, -497.2304, 3055.981
332.0034, -497.6006, 3056.979
331.0749, -497.9709, 3057.979
330.1425, -498.3267, 3058.977
329.198, -498.6536, 3059.976
328.2545, -498.9806, 3060.975
327.3059, -499.2941, 3061.974
326.3454, -499.5666, 3062.972
325.3848, -499.839, 3063.971
324.4222, -500.1025, 3064.969
323.4486, -500.3249, 3065.968
322.475, -500.5484, 3066.967
321.5004, -500.7641, 3067.965
320.5167, -500.932, 3068.963
319.5321, -501.0999, 3069.962
318.5474, -501.2623, 3070.960
317.5557, -501.379, 3071.958
316.5641, -501.4958, 3072.957
315.5724, -501.6081, 3073.955
314.5767, -501.6737, 3074.952
313.58, -501.7393, 3075.951
312.5843, -501.8005, 3076.949
311.5856, -501.8082, 3077.948
310.5879, -501.816, 3078.945
309.5902, -501.8205, 3079.943
308.5925, -501.7749, 3080.942
307.5958, -501.7293, 3081.940
306.5981, -501.6804, 3082.938
305.6044, -501.5847, 3083.937
304.6107, -501.4902, 3084.935
303.618, -501.3902, 3085.933
302.6293, -501.2478, 3086.932
301.6417, -501.1066, 3087.929
300.654, -500.9598, 3088.928
299.6734, -500.773, 3089.926
298.6927, -500.5851, 3090.924
297.7131, -500.3938, 3091.923
296.7415, -500.1626, 3092.921
295.7699, -499.9302, 3093.920
294.8003, -499.6933, 3094.918
293.8417, -499.412, 3095.917
292.8842, -499.1307, 3096.915
291.9266, -498.846, 3097.914
290.9871, -498.5069, 3098.913
290.0476, -498.1677, 3099.912
289.1092, -497.8264, 3100.911
288.1837, -497.4494, 3101.910
287.2593, -497.0713, 3102.909
286.3349, -496.6911, 3103.908
285.4345, -496.2596, 3104.907
284.5332, -495.8282, 3105.906
283.6328, -495.3945, 3106.905
282.7506, -494.9242, 3107.905
281.8693, -494.4538, 3108.904
280.988, -493.9823, 3109.904
280.1288, -493.4709, 3110.903
279.2706, -492.9594, 3111.903
278.4114, -492.4467, 3112.903
277.5804, -491.8908, 3113.903
276.7493, -491.3348, 3114.903
275.9182, -490.7788, 3115.903
275.1152, -490.1839, 3116.902
274.3112, -489.5879, 3117.903
273.5082, -488.9919, 3118.903
272.7374, -488.3548, 3119.903
271.9665, -487.7165, 3120.904
271.1957, -487.0783, 3121.904
270.469, -486.3911, 3122.905
269.7443, -485.7006, 3123.906
269.0186, -485.0111, 3124.907
268.3039, -484.3106, 3125.907
267.5903, -483.609, 3126.908
266.8756, -482.9073, 3127.910
266.1881, -482.1801, 3128.910
265.5055, -481.4473, 3129.912
264.823, -480.7157, 3130.912
264.1575, -479.9673, 3131.914
263.4971, -479.2146, 3132.915
262.8366, -478.4618, 3133.917
262.1943, -477.6934, 3134.918
261.5589, -476.9195, 3135.920
260.9245, -476.1445, 3136.921
260.3072, -475.3561, 3137.922
259.701, -474.5588, 3138.924
259.0937, -473.7616, 3139.926
258.5005, -472.9554, 3140.927
257.9164, -472.1403, 3141.930
257.3322, -471.3264, 3142.932
256.7661, -470.5002, 3143.933
256.2181, -469.6618, 3144.935
255.67, -468.8223, 3145.938
255.127, -467.9805, 3146.939
254.59, -467.1343, 3147.941
254.054, -466.2881, 3148.943
253.5221, -465.4375, 3149.946
253.0021, -464.5813, 3150.948
252.4812, -463.7251, 3151.950
251.9643, -462.8667, 3152.952
251.4584, -462.0005, 3153.955
250.9535, -461.1354, 3154.957
250.4476, -460.2692, 3155.960
249.9478, -459.4018, 3156.961
249.4469, -458.5334, 3157.964
248.9461, -457.665, 3158.966
248.4563, -456.7899, 3159.969
247.9664, -455.9148, 3160.972
247.4776, -455.0408, 3161.973
246.9878, -454.1657, 3162.976
246.498, -453.2906, 3163.979
246.0092, -452.4155, 3164.981
245.5173, -451.5426, 3165.983
245.0255, -450.6686, 3166.986
244.5327, -449.7957, 3167.989
244.0429, -448.9217, 3168.991
243.5551, -448.0455, 3169.993
243.0673, -447.1704, 3170.995
242.5794, -446.2942, 3171.998
242.0946, -445.4169, 3173.000
241.6098, -444.5395, 3174.003
241.124, -443.6622, 3175.006
240.6302, -442.7904, 3176.008
240.1364, -441.9175, 3177.011
239.6435, -441.0447, 3178.013
239.1567, -440.1685, 3179.015
238.6709, -439.2922, 3180.017
238.1851, -438.4149, 3181.020
237.6983, -437.5387, 3182.022
237.2095, -436.6636, 3183.025
236.7207, -435.7885, 3184.027
236.2339, -434.9123, 3185.029
235.7521, -434.0327, 3186.032
235.2713, -433.1532, 3187.035
234.7905, -432.2736, 3188.037
234.3077, -431.3952, 3189.039
233.8259, -430.5156, 3190.042
233.3432, -429.6372, 3191.045
232.8614, -428.7587, 3192.047
232.3796, -427.8792, 3193.049
231.8978, -427.0007, 3194.051
231.416, -426.1212, 3195.054
230.9342, -425.2416, 3196.057
230.4524, -424.3632, 3197.059
229.9706, -423.4837, 3198.062
229.4899, -422.6041, 3199.064
229.0091, -421.7246, 3200.067
228.5273, -420.845, 3201.069
228.0465, -419.9654, 3202.072
227.5647, -419.087, 3203.074
227.0829, -418.2075, 3204.077
226.6021, -417.3279, 3205.079
226.1173, -416.4506, 3206.081
225.6335, -415.5721, 3207.084
225.1487, -414.6948, 3208.087
224.667, -413.8164, 3209.088
224.1862, -412.9357, 3210.092
223.7054, -412.0562, 3211.094
223.2246, -411.1766, 3212.097
222.7428, -410.2982, 3213.098
222.26, -409.4197, 3214.101
221.7772, -408.5413, 3215.103
221.2964, -407.6617, 3216.106
220.8157, -406.7822, 3217.108
220.3349, -405.9015, 3218.111
219.8541, -405.022, 3219.114
219.3733, -404.1424, 3220.116
218.8915, -403.264, 3221.118
218.4107, -402.3844, 3222.120
217.9299, -401.5038, 3223.124
217.4502, -400.6242, 3224.126
216.9694, -399.7446, 3225.128
216.4896, -398.864, 3226.131
216.0088, -397.9844, 3227.133
215.527, -397.1049, 3228.136
215.0462, -396.2264, 3229.138
214.5655, -395.3458, 3230.141
214.0867, -394.4651, 3231.143
213.6079, -393.5845, 3232.146
213.1301, -392.7038, 3233.148
212.6503, -391.8231, 3234.150
212.1706, -390.9425, 3235.153
211.6908, -390.0629, 3236.155
211.211, -389.1822, 3237.158
210.7332, -388.3016, 3238.160
210.2555, -387.4198, 3239.163
209.7777, -386.538, 3240.166
209.2999, -385.6574, 3241.168
208.8211, -384.7767, 3242.170
208.3424, -383.896, 3243.172
207.8636, -383.0154, 3244.175
207.3848, -382.1347, 3245.177
206.905, -381.254, 3246.180
206.4252, -380.3734, 3247.183
205.9455, -379.4938, 3248.185
205.4667, -378.6132, 3249.187
204.9869, -377.7325, 3250.190
204.5081, -376.8518, 3251.193
204.0283, -375.9712, 3252.195
203.5496, -375.0905, 3253.198
203.0708, -374.2098, 3254.200
202.591, -373.3292, 3255.203
202.1122, -372.4496, 3256.205
201.6324, -371.569, 3257.207
201.1527, -370.6883, 3258.210
200.6729, -369.8088, 3259.212
200.1941, -368.9281, 3260.215
199.7123, -368.0485, 3261.217
199.2295, -367.1701, 3262.220
198.7477, -366.2905, 3263.223
198.266, -365.4121, 3264.225
197.7862, -364.5314, 3265.227
197.3064, -363.6519, 3266.229
196.8266, -362.7712, 3267.232
196.3468, -361.8906, 3268.235
195.865, -361.0121, 3269.237
195.3822, -360.1337, 3270.239
194.9005, -359.2541, 3271.242
194.4177, -358.3757, 3272.245
193.9349, -357.4972, 3273.247
193.4521, -356.6188, 3274.249
192.9693, -355.7404, 3275.252
192.4855, -354.8619, 3276.255
192.0027, -353.9835, 3277.257
191.5189, -353.1062, 3278.259
191.0351, -352.2277, 3279.262
190.5513, -351.3493, 3280.264
190.0725, -350.4686, 3281.267
189.5938, -349.588, 3282.269
189.114, -348.7073, 3283.272
188.6352, -347.8266, 3284.275
188.1534, -346.9482, 3285.276
187.6716, -346.0686, 3286.279
187.1898, -345.1902, 3287.281
186.707, -344.3106, 3288.285
186.2253, -343.4322, 3289.286
185.7425, -342.5538, 3290.289
185.2607, -341.6742, 3291.292
184.7789, -340.7958, 3292.293
184.2951, -339.9173, 3293.296
183.8103, -339.04, 3294.299
183.3265, -338.1627, 3295.301
182.8427, -337.2842, 3296.304
182.3569, -336.4069, 3297.306
181.8711, -335.5307, 3298.308
181.3853, -334.6534, 3299.311
180.8995, -333.7771, 3300.313
180.4147, -332.8998, 3301.315
179.9299, -332.0225, 3302.318
179.4451, -331.1441, 3303.321
178.9603, -330.2667, 3304.323
178.4755, -329.3894, 3305.326
177.9907, -328.5121, 3306.328
177.5059, -327.6347, 3307.330
177.0211, -326.7574, 3308.333
176.5363, -325.8801, 3309.335
176.0515, -325.0028, 3310.338
175.5657, -324.1254, 3311.340
175.0809, -323.2481, 3312.343
174.5961, -322.3708, 3313.345
174.1113, -321.4934, 3314.348
173.6275, -320.615, 3315.350
173.1427, -319.7377, 3316.353
172.6579, -318.8603, 3317.355
172.1731, -317.983, 3318.357
171.6873, -317.1068, 3319.359
171.2005, -316.2295, 3320.363
170.7147, -315.3533, 3321.364
170.2299, -314.4759, 3322.367
169.7451, -313.5986, 3323.369
169.2603, -312.7213, 3324.372
168.7755, -311.8428, 3325.375
168.2917, -310.9655, 3326.377
167.8079, -310.0871, 3327.380
167.3251, -309.2086, 3328.382
166.8423, -308.3302, 3329.384
166.3585, -307.4529, 3330.386
165.8737, -306.5744, 3331.390
165.3889, -305.6982, 3332.391
164.9031, -304.8209, 3333.394
164.4183, -303.9435, 3334.396
163.9335, -303.0651, 3335.400
163.4507, -302.1878, 3336.401
162.9679, -301.3093, 3337.403
162.4841, -300.4309, 3338.406
162.0013, -299.5525, 3339.409
161.5196, -298.6729, 3340.411
161.0378, -297.7934, 3341.414
160.557, -296.9149, 3342.416
160.0752, -296.0354, 3343.419
159.5944, -295.1558, 3344.421
159.1146, -294.2751, 3345.424
158.6348, -293.3956, 3346.426
158.1551, -292.5149, 3347.429
157.6753, -291.6343, 3348.431
157.1965, -290.7536, 3349.434
156.7177, -289.8729, 3350.436
156.239, -288.9923, 3351.439
155.7602, -288.1116, 3352.441
155.2834, -287.2298, 3353.444
154.8066, -286.3481, 3354.446
154.3289, -285.4663, 3355.449
153.8521, -284.5845, 3356.451
153.3743, -283.7038, 3357.453
152.8965, -282.8221, 3358.456
152.4178, -281.9414, 3359.458
151.94, -281.0607, 3360.460
151.4612, -280.179, 3361.464
150.9834, -279.2983, 3362.466
150.5067, -278.4165, 3363.468
150.0289, -277.5348, 3364.471
149.5521, -276.653, 3365.473
149.0744, -275.7712, 3366.476
148.5976, -274.8894, 3367.479
148.1198, -274.0088, 3368.481
147.643, -273.127, 3369.483
147.1663, -272.2452, 3370.485
146.6915, -271.3623, 3371.488
146.2167, -270.4794, 3372.490
145.742, -269.5954, 3373.494
145.2672, -268.7125, 3374.496
144.7925, -267.8308, 3375.498
144.3147, -266.949, 3376.500
143.8379, -266.0672, 3377.503
143.3611, -265.1854, 3378.505
142.8844, -264.3037, 3379.508
142.4096, -263.4197, 3380.511
141.9369, -262.5368, 3381.513
141.4631, -261.6528, 3382.516
140.9893, -260.7688, 3383.519
140.5156, -259.8859, 3384.521
140.0388, -259.0041, 3385.523
139.5631, -258.1212, 3386.526
139.0863, -257.2395, 3387.528
138.6105, -256.3577, 3388.530
138.1337, -255.4759, 3389.533
137.656, -254.5941, 3390.536
137.1792, -253.7124, 3391.538
136.7014, -252.8306, 3392.541
136.2247, -251.9488, 3393.543
135.7469, -251.067, 3394.546
135.2691, -250.1864, 3395.548
134.7923, -249.3046, 3396.550
134.3146, -248.4228, 3397.553
133.8368, -247.5421, 3398.555
133.357, -246.6615, 3399.558
132.8772, -245.7819, 3400.560
132.3975, -244.9013, 3401.563
131.9177, -244.0217, 3402.565
131.4369, -243.1411, 3403.568
130.9561, -242.2615, 3404.571
130.4753, -241.3819, 3405.573
129.9955, -240.5024, 3406.575
129.5148, -239.6217, 3407.578
129.034, -238.7422, 3408.581
128.5542, -237.8626, 3409.583
128.0734, -236.982, 3410.586
127.5936, -236.1024, 3411.588
127.1118, -235.2229, 3412.591
126.63, -234.3444, 3413.593
126.1483, -233.4649, 3414.595
125.6665, -232.5864, 3415.597
125.1847, -231.7069, 3416.600
124.7039, -230.8273, 3417.602
124.2241, -229.9478, 3418.604
123.7433, -229.0671, 3419.608
123.2635, -228.1876, 3420.610
122.7828, -227.3069, 3421.613
122.302, -226.4285, 3422.614
121.8202, -225.5489, 3423.617
121.3394, -224.6693, 3424.620
120.8576, -223.7898, 3425.623
120.3768, -222.9102, 3426.625
119.895, -222.0307, 3427.628
119.4143, -221.1511, 3428.630
118.9335, -220.2716, 3429.632
118.4517, -219.3931, 3430.634
117.9729, -218.5125, 3431.637
117.4941, -217.6318, 3432.639
117.0154, -216.75, 3433.643
116.5366, -215.8694, 3434.645
116.0578, -214.9887, 3435.647
115.576, -214.1092, 3436.650
115.0942, -213.2307, 3437.652
114.6124, -212.3512, 3438.655
114.1306, -211.4727, 3439.657
113.6499, -210.5932, 3440.659
113.1711, -209.7125, 3441.662
112.6923, -208.8319, 3442.664
112.2135, -207.9512, 3443.666
111.7348, -207.0705, 3444.669
111.256, -206.1888, 3445.672
110.7782, -205.3081, 3446.674
110.2994, -204.4274, 3447.677
109.8217, -203.5456, 3448.679
109.3429, -202.665, 3449.682
108.8651, -201.7832, 3450.685
108.3873, -200.9025, 3451.687
107.9096, -200.0208, 3452.689
107.4318, -199.1401, 3453.691
106.954, -198.2583, 3454.694
106.4742, -197.3788, 3455.696
105.9944, -196.4981, 3456.699
105.5147, -195.6175, 3457.702
105.0349, -194.7379, 3458.704
104.5551, -193.8572, 3459.707
104.0783, -192.9755, 3460.709
103.6016, -192.0937, 3461.712
103.1258, -191.2119, 3462.713
102.649, -190.3301, 3463.716
102.1713, -189.4484, 3464.719
101.6935, -188.5666, 3465.722
101.2157, -187.6859, 3466.724
100.7379, -186.8041, 3467.727
100.2602, -185.9235, 3468.728
99.7824, -185.0417, 3469.731
99.3056, -184.1599, 3470.734
98.8288, -183.2781, 3471.736
98.3511, -182.3964, 3472.739
97.8743, -181.5146, 3473.741
97.3945, -180.6339, 3474.744
96.9147, -179.7544, 3475.746
96.435, -178.8737, 3476.749
95.9542, -177.9942, 3477.751
95.4754, -177.1135, 3478.754
95.0006, -176.2306, 3479.756
94.5269, -175.3477, 3480.758
94.0521, -174.4637, 3481.762
93.5774, -173.5808, 3482.764
93.1026, -172.698, 3483.767
92.6258, -171.8162, 3484.769
92.1501, -170.9344, 3485.771
91.6743, -170.0515, 3486.774
91.1975, -169.1697, 3487.776
90.7218, -168.2868, 3488.779
90.245, -167.4051, 3489.782
89.7682, -166.5233, 3490.784
89.2914, -165.6415, 3491.786
88.8147, -164.7597, 3492.789
88.3339, -163.8802, 3493.791
87.8531, -163.0006, 3494.794
87.3713, -162.1211, 3495.796
86.8905, -161.2415, 3496.799
86.4097, -160.362, 3497.801
85.932, -159.4802, 3498.804
85.4552, -158.5995, 3499.806
84.9774, -157.7178, 3500.808
84.4997, -156.836, 3501.811
84.0209, -155.9553, 3502.814
83.5411, -155.0747, 3503.817
83.0613, -154.1951, 3504.819
82.5815, -153.3145, 3505.821
82.1018, -152.4349, 3506.823
81.622, -151.5542, 3507.826
81.1402, -150.6758, 3508.828
80.6584, -149.7962, 3509.831
80.1776, -148.9167, 3510.833
79.6958, -148.0371, 3511.836
79.216, -147.1576, 3512.838
78.7363, -146.2769, 3513.841
78.2565, -145.3963, 3514.844
77.7767, -144.5167, 3515.846
77.2969, -143.6372, 3516.848
76.8131, -142.7587, 3517.850
76.3303, -141.8803, 3518.853
75.8465, -141.0018, 3519.856
75.3637, -140.1234, 3520.858
74.883, -139.2438, 3521.860
74.4042, -138.3632, 3522.863
73.9264, -137.4814, 3523.866
73.4486, -136.6007, 3524.868
72.9699, -135.719, 3525.871
72.4911, -134.8383, 3526.873
72.0113, -133.9588, 3527.875
71.5315, -133.0781, 3528.878
71.0517, -132.1974, 3529.881
70.572, -131.3179, 3530.883
70.0922, -130.4372, 3531.886
69.6124, -129.5577, 3532.888
69.1326, -128.677, 3533.891
68.6528, -127.7963, 3534.894
68.1731, -126.9168, 3535.895
67.6913, -126.0383, 3536.897
67.2095, -125.1588, 3537.900
66.7287, -124.2792, 3538.903
66.2469, -123.3997, 3539.905
65.7661, -122.5201, 3540.908
65.2863, -121.6406, 3541.910
64.8056, -120.7599, 3542.913
64.3258, -119.8804, 3543.915
63.845, -119.0008, 3544.917
63.3652, -118.1201, 3545.920
62.8854, -117.2406, 3546.922
62.4056, -116.3599, 3547.925
61.9259, -115.4804, 3548.927
61.4461, -114.5997, 3549.930
60.9673, -113.7191, 3550.932
60.4885, -112.8384, 3551.934
60.0098, -111.9577, 3552.937
59.53, -111.0771, 3553.940
59.0522, -110.1953, 3554.943
58.5734, -109.3146, 3555.945
58.0946, -108.434, 3556.947
57.6159, -107.5533, 3557.950
57.1331, -106.6749, 3558.952
56.6503, -105.7964, 3559.955
56.1675, -104.918, 3560.957
55.6847, -104.0384, 3561.960
55.2059, -103.1589, 3562.962
54.7271, -102.2771, 3563.965
54.2484, -101.3964, 3564.967
53.7706, -100.5158, 3565.969
53.2908, -99.6351, 3566.972
52.809, -98.7556, 3567.975
52.3282, -97.876, 3568.978
51.8475, -96.9964, 3569.980
51.3667, -96.1169, 3570.982
50.8849, -95.2385, 3571.984
50.4041, -94.3589, 3572.987
49.9223, -93.4794, 3573.989
49.4425, -92.5998, 3574.991
48.9638, -91.718, 3575.995
48.486, -90.8374, 3576.997
48.0072, -89.9567, 3577.999
47.5284, -89.0749, 3579.002
47.0476, -88.1954, 3580.005
46.5669, -87.3158, 3581.007
46.0871, -86.4363, 3582.009
45.6063, -85.5567, 3583.011
45.1275, -84.6749, 3584.015
44.6497, -83.7943, 3585.017
44.171, -82.9136, 3586.019
43.6922, -82.0329, 3587.022
43.2134, -81.1523, 3588.024
42.7336, -80.2716, 3589.027
42.2538, -79.3921, 3590.029
41.7751, -78.5114, 3591.031
41.2993, -77.6285, 3592.034
40.8235, -76.7456, 3593.037
40.3478, -75.8639, 3594.039
39.872, -74.981, 3595.042
39.3962, -74.0992, 3596.044
38.9195, -73.2174, 3597.046
38.4427, -72.3345, 3598.050
37.9649, -71.4539, 3599.051
37.4861, -70.5732, 3600.054
37.0084, -69.6914, 3601.057
36.5296, -68.8108, 3602.059
36.0568, -67.9268, 3603.062
35.5861, -67.0416, 3604.064
35.1143, -66.1565, 3605.067
34.6416, -65.2725, 3606.070
34.1608, -64.393, 3607.072
33.68, -63.5134, 3608.074
33.1982, -62.635, 3609.076
32.7225, -61.7521, 3610.079
32.2487, -60.8692, 3611.081
31.7749, -59.9852, 3612.084
31.3012, -59.1023, 3613.086
30.8204, -58.2217, 3614.089
30.3406, -57.3421, 3615.091
29.8608, -56.4614, 3616.094
29.3841, -55.5797, 3617.096
28.9083, -54.6968, 3618.099
28.4325, -53.815, 3619.101
27.9568, -52.9321, 3620.104
27.48, -52.0503, 3621.107
27.0032, -51.1686, 3622.109
26.5255, -50.2879, 3623.111
26.0507, -49.405, 3624.113
25.5749, -48.5221, 3625.116
25.1002, -47.6392, 3626.119
24.6264, -46.7552, 3627.122
24.1527, -45.8724, 3628.124
23.6789, -44.9884, 3629.127
23.2051, -44.1055, 3630.129
22.7314, -43.2215, 3631.132
22.2576, -42.3375, 3632.135
21.7849, -41.4535, 3633.137
21.3131, -40.5695, 3634.139
20.8424, -39.6844, 3635.141
20.3706, -38.8004, 3636.144
19.8989, -37.9152, 3637.147
19.4271, -37.0301, 3638.150
18.9554, -36.1461, 3639.152
18.4806, -35.2632, 3640.154
18.0058, -34.3804, 3641.156
17.5331, -33.4964, 3642.159
17.0603, -32.6124, 3643.161
16.5866, -31.7284, 3644.164
16.1078, -30.8477, 3645.167
15.627, -29.9681, 3646.169
15.1482, -29.0875, 3647.171
14.6755, -28.2035, 3648.174
14.2027, -27.3195, 3649.176
13.7249, -26.4377, 3650.179
13.2422, -25.5593, 3651.182
12.7604, -24.6808, 3652.184
12.2816, -23.7991, 3653.187
11.8038, -22.9184, 3654.189
11.3291, -22.0355, 3655.191
10.8563, -21.1515, 3656.194
10.3835, -20.2675, 3657.196
9.9128, -19.3824, 3658.199
9.441, -18.4973, 3659.202
8.9623, -17.6166, 3660.204
8.4835, -16.7359, 3661.207
8.0117, -15.8508, 3662.210
7.541, -14.9657, 3663.212
7.0632, -14.0851, 3664.214
6.5854, -13.2033, 3665.217
6.1067, -12.3226, 3666.219
5.6319, -11.4397, 3667.222
5.1592, -10.5557, 3668.224
4.6794, -9.6751, 3669.227
4.2046, -8.7922, 3670.229
3.7409, -7.9037, 3671.232
3.2601, -7.0242, 3672.234
2.7833, -6.1424, 3673.236
2.3086, -5.2595, 3674.239
1.8358, -4.3755, 3675.241
1.3681, -3.4882, 3676.244
0.9164, -2.5931, 3677.247
0.4728, -1.6946, 3678.249
0.1154, -0.8673, 3679.150
ENDTABLE

ROAD_ZS_TABLE SPLINE
0.000, 11.7
1.002, 11.7
2.005, 11.7
3.007, 11.7
4.009, 11.7
5.012, 11.7
6.015, 11.7
7.016, 11.8
8.018, 11.8
9.020, 11.8
10.022, 11.8
11.024, 11.8
12.026, 11.8
13.028, 11.8
14.031, 11.8
15.033, 11.9
16.034, 11.9
17.037, 11.9
18.039, 11.9
19.042, 11.9
20.043, 11.9
21.045, 11.9
22.047, 11.9
23.050, 11.9
24.052, 11.9
25.054, 11.9
26.057, 11.9
27.059, 11.8
28.062, 11.8
29.064, 11.8
30.066, 11.8
31.068, 11.8
32.071, 11.8
33.073, 11.8
34.075, 11.8
35.077, 11.8
36.080, 11.8
37.083, 11.8
38.085, 11.8
39.087, 11.8
40.089, 11.8
41.092, 11.8
42.094, 11.8
43.096, 11.8
44.099, 11.8
45.101, 11.8
46.104, 11.7
47.106, 11.7
48.108, 11.7
49.111, 11.7
50.114, 11.7
51.116, 11.7
52.119, 11.7
53.121, 11.6
54.124, 11.6
55.126, 11.6
56.128, 11.6
57.131, 11.6
58.133, 11.5
59.136, 11.5
60.138, 11.5
61.140, 11.5
62.143, 11.4
63.146, 11.4
64.148, 11.3
65.150, 11.3
66.153, 11.3
67.155, 11.2
68.158, 11.2
69.161, 11.1
70.162, 11.1
71.165, 11.1
72.168, 11
73.170, 11
74.172, 11
75.174, 10.9
76.177, 10.9
77.180, 10.8
78.182, 10.8
79.185, 10.8
80.188, 10.7
81.190, 10.7
82.192, 10.6
83.195, 10.6
84.197, 10.6
85.199, 10.5
86.203, 10.5
87.205, 10.4
88.208, 10.4
89.210, 10.3
90.212, 10.3
91.215, 10.3
92.218, 10.2
93.220, 10.1
94.222, 10.1
95.225, 10
96.228, 10
97.230, 10
98.232, 9.9
99.235, 9.9
100.238, 9.9
101.239, 9.9
102.242, 9.9
103.245, 9.8
104.247, 9.8
105.249, 9.8
106.253, 9.8
107.254, 9.8
108.257, 9.8
109.260, 9.7
110.262, 9.7
111.265, 9.7
112.267, 9.7
113.270, 9.7
114.273, 9.7
115.275, 9.7
116.277, 9.7
117.281, 9.7
118.283, 9.7
119.285, 9.7
120.288, 9.7
121.290, 9.7
122.292, 9.7
123.295, 9.7
124.297, 9.7
125.300, 9.7
126.302, 9.7
127.304, 9.7
128.307, 9.7
129.309, 9.7
130.312, 9.7
131.314, 9.7
132.317, 9.7
133.320, 9.8
134.322, 9.8
135.325, 9.8
136.326, 9.8
137.329, 9.8
138.332, 9.9
139.334, 9.9
140.337, 9.9
141.340, 9.9
142.341, 9.9
143.344, 9.9
144.347, 10
145.348, 10
146.351, 10
147.354, 10
148.356, 10
149.359, 10
150.360, 10
151.364, 10
152.366, 10.1
153.368, 10.1
154.370, 10.1
155.373, 10.1
156.376, 10.1
157.378, 10.2
158.381, 10.2
159.383, 10.2
160.386, 10.2
161.388, 10.2
162.390, 10.2
163.393, 10.3
164.396, 10.3
165.397, 10.3
166.400, 10.3
167.402, 10.3
168.405, 10.3
169.407, 10.3
170.409, 10.3
171.413, 10.3
172.414, 10.3
173.417, 10.3
174.420, 10.3
175.423, 10.3
176.424, 10.3
177.427, 10.3
178.429, 10.3
179.432, 10.3
180.434, 10.3
181.436, 10.3
182.439, 10.3
183.442, 10.3
184.444, 10.3
185.446, 10.3
186.450, 10.3
187.451, 10.3
188.454, 10.3
189.456, 10.2
190.459, 10.2
191.461, 10.2
192.464, 10.2
193.466, 10.2
194.469, 10.2
195.471, 10.1
196.473, 10.1
197.476, 10.1
198.478, 10.1
199.481, 10
200.483, 10
201.485, 10
202.487, 9.9
203.491, 9.9
204.492, 9.8
205.495, 9.8
206.498, 9.7
207.500, 9.7
208.502, 9.7
209.505, 9.6
210.507, 9.6
211.510, 9.5
212.512, 9.5
213.514, 9.5
214.517, 9.4
215.519, 9.4
216.521, 9.3
217.524, 9.3
218.527, 9.3
219.529, 9.2
220.532, 9.2
221.534, 9.1
222.537, 9.1
223.539, 9.1
224.541, 9
225.543, 9
226.547, 8.9
227.549, 8.9
228.551, 8.9
229.553, 8.8
230.556, 8.8
231.558, 8.8
232.561, 8.7
233.563, 8.7
234.566, 8.6
235.568, 8.6
236.571, 8.6
237.573, 8.5
238.575, 8.5
239.578, 8.5
240.580, 8.4
241.583, 8.4
242.586, 8.4
243.588, 8.3
244.590, 8.3
245.592, 8.3
246.595, 8.2
247.597, 8.2
248.599, 8.2
249.603, 8.1
250.605, 8.1
251.607, 8
252.609, 8
253.612, 8
254.614, 7.9
255.617, 7.9
256.619, 7.8
257.622, 7.8
258.624, 7.7
259.626, 7.7
260.629, 7.6
261.631, 7.6
262.634, 7.5
263.637, 7.5
264.639, 7.5
265.642, 7.4
266.644, 7.4
267.646, 7.3
268.649, 7.3
269.651, 7.3
270.653, 7.2
271.655, 7.2
272.658, 7.2
273.660, 7.2
274.663, 7.2
275.665, 7.2
276.668, 7.2
277.671, 7.3
278.673, 7.3
279.676, 7.3
280.678, 7.3
281.680, 7.3
282.683, 7.3
283.685, 7.4
284.688, 7.4
285.689, 7.4
286.692, 7.4
287.695, 7.4
288.697, 7.4
289.700, 7.5
290.702, 7.5
291.705, 7.5
292.707, 7.5
293.709, 7.5
294.712, 7.6
295.715, 7.6
296.716, 7.6
297.719, 7.6
298.722, 7.6
299.725, 7.6
300.727, 7.7
301.729, 7.7
302.732, 7.7
303.734, 7.7
304.737, 7.7
305.739, 7.7
306.741, 7.8
307.744, 7.8
308.746, 7.9
309.749, 8
310.751, 8
311.753, 8.1
312.756, 8.2
313.758, 8.2
314.761, 8.3
315.763, 8.4
316.766, 8.5
317.769, 8.5
318.771, 8.6
319.773, 8.7
320.776, 8.7
321.778, 8.8
322.780, 8.9
323.783, 8.9
324.785, 9
325.788, 9.1
326.790, 9.1
327.793, 9.2
328.795, 9.3
329.798, 9.3
330.800, 9.4
331.802, 9.4
332.805, 9.5
333.807, 9.5
334.810, 9.6
335.812, 9.6
336.815, 9.7
337.817, 9.8
338.820, 9.8
339.822, 9.9
340.825, 9.9
341.827, 9.9
342.829, 10
343.832, 10
344.834, 10.1
345.837, 10.1
346.839, 10.2
347.842, 10.2
348.844, 10.2
349.846, 10.3
350.849, 10.3
351.852, 10.4
352.854, 10.4
353.857, 10.4
354.859, 10.5
355.861, 10.5
356.863, 10.5
357.867, 10.6
358.868, 10.6
359.871, 10.6
360.873, 10.7
361.877, 10.7
362.878, 10.7
363.880, 10.7
364.884, 10.8
365.886, 10.8
366.888, 10.8
367.890, 10.8
368.894, 10.8
369.896, 10.9
370.898, 10.9
371.900, 10.9
372.904, 10.9
373.905, 10.9
374.908, 10.9
375.910, 11
376.913, 11
377.915, 11
378.917, 11
379.920, 11
380.922, 11
381.925, 11
382.927, 11
383.930, 11.1
384.932, 11.1
385.935, 11.1
386.937, 11.1
387.939, 11.1
388.942, 11.1
389.944, 11.1
390.947, 11.1
391.950, 11.1
392.952, 11.1
393.954, 11.2
394.956, 11.2
395.959, 11.2
396.961, 11.2
397.964, 11.2
398.966, 11.2
399.968, 11.2
400.971, 11.2
401.974, 11.2
402.976, 11.3
403.979, 11.3
404.981, 11.3
405.983, 11.3
406.986, 11.3
407.988, 11.3
408.990, 11.3
409.993, 11.3
410.995, 11.3
411.998, 11.3
413.000, 11.3
414.002, 11.3
415.005, 11.3
416.008, 11.3
417.010, 11.2
418.012, 11.2
419.015, 11.1
420.017, 11.1
421.020, 11
422.022, 11
423.025, 10.9
424.026, 10.9
425.029, 10.9
426.032, 10.8
427.034, 10.8
428.037, 10.7
429.039, 10.7
430.042, 10.6
431.044, 10.6
432.046, 10.5
433.048, 10.5
434.051, 10.5
435.054, 10.4
436.056, 10.4
437.059, 10.4
438.061, 10.4
439.064, 10.3
440.065, 10.3
441.068, 10.3
442.071, 10.3
443.073, 10.3
444.076, 10.3
445.078, 10.3
446.080, 10.3
447.083, 10.3
448.085, 10.3
449.088, 10.3
450.091, 10.3
451.093, 10.3
452.095, 10.3
453.098, 10.3
454.100, 10.3
455.102, 10.3
456.105, 10.3
457.107, 10.3
458.110, 10.3
459.112, 10.3
460.115, 10.3
461.117, 10.3
462.120, 10.3
463.122, 10.3
464.125, 10.3
465.128, 10.3
466.129, 10.3
467.132, 10.3
468.134, 10.3
469.137, 10.3
470.140, 10.2
471.143, 10.2
472.144, 10.2
473.147, 10.2
474.150, 10.2
475.152, 10.2
476.155, 10.2
477.157, 10.1
478.160, 10.1
479.163, 10.1
480.165, 10.1
481.167, 10.1
482.170, 10.1
483.172, 10
484.175, 10
485.177, 10
486.180, 10.1
487.182, 10.1
488.185, 10.1
489.187, 10.1
490.190, 10.2
491.193, 10.2
492.195, 10.2
493.198, 10.3
494.200, 10.3
495.203, 10.3
496.205, 10.4
497.208, 10.4
498.211, 10.4
499.214, 10.5
500.216, 10.5
501.218, 10.6
502.221, 10.6
503.224, 10.6
504.226, 10.7
505.229, 10.7
506.232, 10.7
507.235, 10.7
508.237, 10.8
509.240, 10.8
510.243, 10.8
511.246, 10.8
512.248, 10.9
513.251, 10.9
514.254, 10.9
515.256, 10.9
516.259, 10.9
517.262, 11
518.264, 11
519.267, 11
520.271, 11
521.273, 11
522.277, 11
523.279, 10.9
524.282, 10.9
525.285, 10.9
526.288, 10.9
527.290, 10.9
528.294, 10.8
529.297, 10.8
530.299, 10.8
531.303, 10.8
532.305, 10.8
533.309, 10.7
534.312, 10.7
535.315, 10.7
536.318, 10.7
537.321, 10.6
538.324, 10.6
539.328, 10.6
540.330, 10.6
541.334, 10.5
542.337, 10.5
543.340, 10.5
544.343, 10.4
545.347, 10.4
546.350, 10.4
547.353, 10.3
548.357, 10.3
549.360, 10.3
550.363, 10.2
551.367, 10.2
552.370, 10.2
553.374, 10.2
554.377, 10.1
555.381, 10.1
556.384, 10.1
557.389, 10
558.392, 10
559.395, 10
560.399, 10
561.403, 9.9
562.406, 9.9
563.410, 9.9
564.413, 9.8
565.417, 9.8
566.420, 9.8
567.424, 9.8
568.429, 9.8
569.432, 9.7
570.436, 9.7
571.440, 9.7
572.443, 9.7
573.446, 9.7
574.450, 9.6
575.454, 9.6
576.457, 9.6
577.461, 9.6
578.464, 9.6
579.469, 9.6
580.472, 9.6
581.475, 9.6
582.479, 9.6
583.482, 9.7
584.486, 9.7
585.489, 9.7
586.492, 9.8
587.495, 9.9
588.498, 9.9
589.502, 10
590.505, 10.1
591.508, 10.1
592.511, 10.2
593.514, 10.3
594.516, 10.3
595.520, 10.4
596.522, 10.5
597.525, 10.6
598.527, 10.6
599.530, 10.7
600.532, 10.8
601.534, 10.9
602.536, 11
603.539, 11.1
604.541, 11.1
605.542, 11.2
606.544, 11.3
607.547, 11.4
608.547, 11.5
609.549, 11.6
610.551, 11.7
611.551, 11.8
612.554, 11.9
613.554, 12
614.556, 12.1
615.556, 12.2
616.557, 12.3
617.557, 12.4
618.558, 12.4
619.559, 12.5
620.559, 12.6
621.559, 12.6
622.560, 12.7
623.560, 12.7
624.560, 12.7
625.560, 12.8
626.560, 12.8
627.560, 12.8
628.559, 12.8
629.559, 12.8
630.558, 12.8
631.558, 12.8
632.558, 12.8
633.556, 12.8
634.555, 12.8
635.554, 12.8
636.553, 12.8
637.552, 12.8
638.552, 12.8
639.551, 12.8
640.550, 12.8
641.548, 12.8
642.547, 12.8
643.546, 12.9
644.544, 12.9
645.543, 12.9
646.541, 12.9
647.540, 12.9
648.538, 13
649.536, 13
650.535, 13
651.533, 13
652.532, 13.1
653.530, 13.1
654.528, 13.1
655.527, 13
656.524, 13
657.523, 12.9
658.521, 12.9
659.520, 12.8
660.517, 12.8
661.516, 12.7
662.515, 12.7
663.513, 12.6
664.512, 12.6
665.509, 12.5
666.507, 12.5
667.506, 12.4
668.504, 12.4
669.503, 12.3
670.501, 12.3
671.499, 12.2
672.498, 12.2
673.496, 12.1
674.494, 12.1
675.493, 12
676.491, 12
677.490, 11.9
678.488, 11.9
679.487, 11.8
680.486, 11.8
681.484, 11.7
682.483, 11.7
683.482, 11.6
684.482, 11.6
685.480, 11.5
686.479, 11.5
687.478, 11.4
688.477, 11.4
689.476, 11.3
690.476, 11.3
691.475, 11.2
692.475, 11.2
693.473, 11.1
694.472, 11.1
695.472, 11
696.472, 11
697.472, 10.9
698.471, 10.9
699.471, 10.8
700.470, 10.8
701.469, 10.7
702.470, 10.7
703.469, 10.6
704.469, 10.6
705.469, 10.6
706.468, 10.5
707.468, 10.5
708.468, 10.4
709.468, 10.4
710.468, 10.3
711.467, 10.3
712.467, 10.2
713.467, 10.2
714.467, 10.2
715.467, 10.2
716.466, 10.1
717.467, 10.1
718.467, 10.1
719.467, 10.1
720.467, 10.1
721.467, 10.1
722.467, 10.1
723.467, 10.1
724.467, 10
725.467, 10
726.467, 10
727.467, 10
728.467, 10
729.467, 10
730.467, 10
731.467, 10
732.468, 10
733.468, 9.9
734.468, 9.9
735.468, 9.9
736.469, 9.9
737.469, 9.9
738.469, 9.9
739.470, 9.9
740.469, 9.9
741.470, 9.9
742.470, 9.9
743.470, 9.9
744.471, 9.8
745.472, 9.8
746.472, 9.8
747.472, 9.8
748.473, 9.8
749.474, 9.8
750.474, 9.8
751.474, 9.9
752.474, 9.9
753.475, 9.9
754.476, 9.9
755.477, 9.9
756.477, 10
757.477, 10
758.478, 10
759.479, 10
760.479, 10
761.481, 10.1
762.481, 10.1
763.482, 10.1
764.483, 10.1
765.484, 10.2
766.484, 10.2
767.485, 10.2
768.486, 10.2
769.487, 10.2
770.488, 10.3
771.489, 10.3
772.490, 10.3
773.491, 10.3
774.492, 10.4
775.493, 10.4
776.493, 10.4
777.495, 10.4
778.496, 10.4
779.497, 10.5
780.497, 10.5
781.499, 10.5
782.499, 10.5
783.501, 10.6
784.501, 10.6
785.503, 10.6
786.503, 10.6
787.505, 10.7
788.505, 10.7
789.506, 10.8
790.508, 10.8
791.509, 10.9
792.509, 10.9
793.510, 10.9
794.511, 11
795.512, 11
796.513, 11.1
797.514, 11.1
798.514, 11.2
799.515, 11.2
800.516, 11.3
801.518, 11.3
802.518, 11.4
803.519, 11.4
804.520, 11.4
805.521, 11.4
806.521, 11.5
807.522, 11.5
808.522, 11.5
809.523, 11.5
810.524, 11.5
811.524, 11.5
812.525, 11.5
813.526, 11.5
814.526, 11.5
815.527, 11.5
816.528, 11.5
817.529, 11.5
818.529, 11.5
819.530, 11.5
820.531, 11.5
821.531, 11.5
822.531, 11.5
823.532, 11.5
824.533, 11.5
825.534, 11.5
826.534, 11.5
827.534, 11.5
828.535, 11.5
829.535, 11.6
830.536, 11.6
831.536, 11.6
832.537, 11.6
833.538, 11.6
834.538, 11.6
835.538, 11.6
836.539, 11.6
837.539, 11.6
838.539, 11.6
839.539, 11.6
840.541, 11.6
841.540, 11.6
842.541, 11.7
843.542, 11.7
844.542, 11.7
845.543, 11.7
846.542, 11.7
847.543, 11.7
848.543, 11.7
849.544, 11.7
850.544, 11.7
851.545, 11.7
852.544, 11.7
853.545, 11.7
854.545, 11.7
855.545, 11.7
856.545, 11.7
857.546, 11.7
858.546, 11.6
859.546, 11.6
860.546, 11.6
861.547, 11.6
862.547, 11.5
863.547, 11.5
864.547, 11.4
865.548, 11.4
866.547, 11.3
867.548, 11.3
868.547, 11.3
869.548, 11.2
870.547, 11.2
871.548, 11.1
872.547, 11.1
873.548, 11.1
874.548, 11.1
875.547, 11
876.547, 11
877.548, 11
878.547, 11
879.548, 11
880.547, 11
881.547, 10.9
882.547, 10.9
883.546, 10.9
884.547, 10.9
885.547, 10.9
886.547, 10.9
887.547, 10.9
888.546, 10.9
889.546, 10.9
890.546, 11
891.545, 11
892.546, 11
893.545, 11
894.545, 11
895.545, 11
896.545, 11
897.545, 11
898.545, 11
899.544, 11
900.545, 11
901.544, 11
902.544, 11
903.544, 11
904.544, 11
905.544, 11
906.544, 11
907.543, 11
908.543, 11
909.543, 11
910.543, 11
911.542, 11
912.541, 11.1
913.542, 11.1
914.542, 11.1
915.541, 11.1
916.541, 11.1
917.541, 11.1
918.541, 11.2
919.541, 11.2
920.541, 11.2
921.541, 11.2
922.540, 11.2
923.540, 11.3
924.540, 11.3
925.540, 11.3
926.539, 11.3
927.540, 11.4
928.539, 11.4
929.539, 11.4
930.539, 11.5
931.538, 11.5
932.538, 11.5
933.538, 11.5
934.539, 11.5
935.538, 11.4
936.537, 11.4
937.538, 11.4
938.537, 11.4
939.537, 11.4
940.537, 11.4
941.537, 11.3
942.537, 11.3
943.537, 11.3
944.536, 11.3
945.537, 11.3
946.536, 11.3
947.535, 11.2
948.536, 11.2
949.536, 11.2
950.536, 11.2
951.535, 11.2
952.536, 11.2
953.535, 11.1
954.535, 11.1
955.535, 11.1
956.534, 11.1
957.534, 11.1
958.534, 11.1
959.535, 11
960.534, 11
961.534, 11
962.534, 11
963.534, 11
964.533, 11
965.534, 10.9
966.533, 10.9
967.532, 10.9
968.533, 10.9
969.533, 10.9
970.533, 10.9
971.532, 10.8
972.533, 10.8
973.532, 10.8
974.532, 10.8
975.532, 10.8
976.532, 10.8
977.532, 10.7
978.531, 10.7
979.532, 10.7
980.531, 10.7
981.531, 10.7
982.531, 10.7
983.531, 10.6
984.530, 10.6
985.531, 10.6
986.530, 10.6
987.530, 10.6
988.530, 10.6
989.529, 10.5
990.530, 10.5
991.529, 10.5
992.529, 10.5
993.529, 10.5
994.529, 10.5
995.529, 10.4
996.529, 10.4
997.529, 10.4
998.528, 10.4
999.528, 10.4
1000.528, 10.4
1001.528, 10.3
1002.527, 10.3
1003.528, 10.3
1004.528, 10.3
1005.528, 10.3
1006.527, 10.3
1007.527, 10.2
1008.527, 10.2
1009.526, 10.2
1010.527, 10.2
1011.527, 10.2
1012.527, 10.2
1013.526, 10.1
1014.527, 10.1
1015.526, 10.1
1016.526, 10.1
1017.526, 10.1
1018.525, 10.1
1019.523, 10
1020.522, 10
1021.521, 10
1022.519, 10
1023.518, 10
1024.517, 10
1025.516, 10
1026.515, 10
1027.514, 10
1028.513, 10.1
1029.512, 10.1
1030.511, 10.1
1031.510, 10.1
1032.509, 10.1
1033.507, 10.2
1034.506, 10.2
1035.505, 10.2
1036.504, 10.2
1037.503, 10.3
1038.502, 10.3
1039.501, 10.3
1040.500, 10.3
1041.498, 10.4
1042.496, 10.4
1043.495, 10.4
1044.494, 10.4
1045.492, 10.5
1046.491, 10.5
1047.489, 10.5
1048.488, 10.6
1049.487, 10.6
1050.485, 10.6
1051.483, 10.6
1052.482, 10.7
1053.480, 10.7
1054.478, 10.7
1055.477, 10.7
1056.475, 10.7
1057.474, 10.7
1058.472, 10.7
1059.471, 10.8
1060.469, 10.8
1061.467, 10.8
1062.466, 10.8
1063.464, 10.8
1064.462, 10.8
1065.461, 10.8
1066.460, 10.8
1067.457, 10.8
1068.456, 10.8
1069.454, 10.8
1070.452, 10.9
1071.452, 10.9
1072.450, 10.9
1073.449, 10.9
1074.446, 10.9
1075.445, 10.9
1076.443, 10.9
1077.442, 10.9
1078.441, 10.9
1079.439, 11
1080.437, 11
1081.436, 11
1082.433, 11
1083.432, 11
1084.431, 11
1085.430, 11.1
1086.428, 11.1
1087.426, 11.1
1088.425, 11.1
1089.424, 11.1
1090.423, 11.1
1091.421, 11.2
1092.420, 11.2
1093.419, 11.2
1094.418, 11.2
1095.417, 11.2
1096.416, 11.2
1097.415, 11.2
1098.414, 11.2
1099.414, 11.2
1100.413, 11.2
1101.413, 11.2
1102.413, 11.2
1103.412, 11.2
1104.412, 11.2
1105.412, 11.2
1106.412, 11.2
1107.412, 11.2
1108.413, 11.2
1109.414, 11.2
1110.415, 11.2
1111.416, 11.2
1112.416, 11.1
1113.418, 11.1
1114.419, 11.1
1115.420, 11.1
1116.422, 11.1
1117.424, 11.1
1118.426, 11.1
1119.428, 11.1
1120.430, 11.2
1121.432, 11.2
1122.434, 11.2
1123.436, 11.3
1124.439, 11.3
1125.441, 11.3
1126.443, 11.4
1127.446, 11.4
1128.448, 11.5
1129.451, 11.5
1130.453, 11.5
1131.456, 11.6
1132.458, 11.6
1133.461, 11.6
1134.462, 11.6
1135.465, 11.7
1136.468, 11.7
1137.470, 11.7
1138.472, 11.7
1139.475, 11.8
1140.477, 11.8
1141.480, 11.8
1142.482, 11.8
1143.484, 11.9
1144.487, 11.9
1145.489, 11.9
1146.491, 11.9
1147.493, 11.9
1148.495, 11.9
1149.498, 11.9
1150.500, 12
1151.502, 12
1152.504, 12
1153.506, 12
1154.508, 12
1155.510, 12
1156.512, 12
1157.513, 12
1158.516, 12
1159.517, 12
1160.518, 12
1161.521, 12
1162.522, 12
1163.524, 12
1164.525, 12
1165.527, 12
1166.529, 12
1167.530, 12
1168.532, 12
1169.533, 12.1
1170.535, 12.1
1171.536, 12.1
1172.537, 12.1
1173.538, 12.2
1174.540, 12.2
1175.541, 12.2
1176.542, 12.2
1177.543, 12.3
1178.544, 12.3
1179.545, 12.3
1180.546, 12.3
1181.547, 12.4
1182.549, 12.4
1183.549, 12.4
1184.550, 12.4
1185.551, 12.5
1186.553, 12.5
1187.553, 12.5
1188.553, 12.5
1189.555, 12.6
1190.556, 12.6
1191.556, 12.6
1192.557, 12.6
1193.558, 12.7
1194.558, 12.7
1195.559, 12.7
1196.559, 12.7
1197.560, 12.8
1198.560, 12.8
1199.560, 12.8
1200.561, 12.8
1201.562, 12.8
1202.562, 12.8
1203.562, 12.8
1204.563, 12.8
1205.563, 12.8
1206.564, 12.8
1207.564, 12.8
1208.564, 12.8
1209.564, 12.8
1210.566, 12.8
1211.565, 12.7
1212.566, 12.7
1213.566, 12.7
1214.566, 12.7
1215.567, 12.7
1216.567, 12.7
1217.567, 12.7
1218.567, 12.7
1219.568, 12.7
1220.568, 12.7
1221.569, 12.7
1222.569, 12.7
1223.569, 12.7
1224.569, 12.7
1225.569, 12.7
1226.570, 12.8
1227.570, 12.8
1228.570, 12.8
1229.571, 12.8
1230.571, 12.8
1231.570, 12.8
1232.571, 12.8
1233.571, 12.9
1234.571, 12.9
1235.572, 12.9
1236.572, 12.9
1237.571, 12.9
1238.572, 13
1239.572, 13
1240.572, 13
1241.572, 13
1242.573, 13
1243.572, 13
1244.572, 13
1245.572, 13
1246.572, 13
1247.572, 13
1248.573, 13
1249.572, 13
1250.572, 13
1251.573, 13
1252.572, 13
1253.572, 13
1254.572, 13
1255.572, 13
1256.572, 13
1257.572, 13
1258.572, 13
1259.572, 13
1260.571, 13
1261.571, 13
1262.571, 13
1263.570, 13
1264.570, 13
1265.571, 13
1266.570, 13
1267.570, 13
1268.570, 13
1269.570, 13
1270.569, 13
1271.569, 13
1272.569, 13
1273.569, 13
1274.568, 13
1275.568, 13
1276.568, 13
1277.567, 12.9
1278.567, 12.9
1279.566, 12.9
1280.566, 12.9
1281.566, 12.9
1282.566, 12.9
1283.566, 12.9
1284.565, 12.9
1285.565, 12.9
1286.564, 12.9
1287.564, 12.9
1288.563, 12.9
1289.564, 12.9
1290.562, 12.9
1291.562, 12.9
1292.562, 12.9
1293.561, 12.9
1294.561, 12.9
1295.560, 12.9
1296.560, 12.9
1297.559, 12.9
1298.558, 12.9
1299.559, 12.9
1300.558, 12.9
1301.558, 12.9
1302.557, 12.9
1303.556, 12.9
1304.556, 12.9
1305.555, 13
1306.555, 13
1307.554, 13
1308.554, 13
1309.553, 13
1310.553, 13
1311.552, 13
1312.551, 13.1
1313.551, 13.1
1314.550, 13.1
1315.549, 13.1
1316.549, 13.1
1317.548, 13.1
1318.547, 13.1
1319.547, 13.2
1320.546, 13.2
1321.546, 13.2
1322.544, 13.2
1323.544, 13.2
1324.543, 13.2
1325.542, 13.2
1326.541, 13.3
1327.541, 13.3
1328.540, 13.3
1329.539, 13.3
1330.539, 13.3
1331.538, 13.3
1332.536, 13.3
1333.535, 13.3
1334.535, 13.4
1335.534, 13.4
1336.533, 13.4
1337.532, 13.4
1338.531, 13.4
1339.531, 13.4
1340.530, 13.4
1341.529, 13.4
1342.528, 13.5
1343.527, 13.5
1344.525, 13.5
1345.524, 13.5
1346.524, 13.5
1347.522, 13.5
1348.522, 13.5
1349.521, 13.5
1350.519, 13.6
1351.518, 13.6
1352.517, 13.6
1353.517, 13.6
1354.515, 13.6
1355.514, 13.6
1356.513, 13.6
1357.512, 13.6
1358.511, 13.6
1359.510, 13.7
1360.509, 13.7
1361.507, 13.7
1362.506, 13.7
1363.505, 13.7
1364.504, 13.7
1365.503, 13.7
1366.501, 13.7
1367.500, 13.7
1368.498, 13.7
1369.497, 13.8
1370.496, 13.8
1371.495, 13.8
1372.493, 13.8
1373.492, 13.8
1374.490, 13.8
1375.490, 13.8
1376.488, 13.8
1377.487, 13.8
1378.485, 13.8
1379.484, 13.8
1380.483, 13.8
1381.481, 13.9
1382.480, 13.9
1383.479, 13.9
1384.477, 13.9
1385.475, 13.9
1386.474, 13.9
1387.473, 13.9
1388.471, 13.9
1389.470, 13.9
1390.469, 13.9
1391.467, 13.9
1392.466, 13.9
1393.464, 13.9
1394.463, 13.9
1395.461, 13.9
1396.459, 13.9
1397.457, 13.9
1398.457, 13.9
1399.455, 13.8
1400.454, 13.8
1401.452, 13.8
1402.450, 13.8
1403.449, 13.7
1404.447, 13.7
1405.446, 13.7
1406.444, 13.6
1407.443, 13.6
1408.441, 13.6
1409.439, 13.5
1410.438, 13.5
1411.436, 13.5
1412.435, 13.5
1413.434, 13.4
1414.431, 13.4
1415.430, 13.4
1416.429, 13.3
1417.427, 13.3
1418.425, 13.3
1419.424, 13.2
1420.422, 13.2
1421.421, 13.2
1422.419, 13.2
1423.417, 13.1
1424.415, 13.1
1425.414, 13.1
1426.413, 13.1
1427.411, 13.1
1428.409, 13.1
1429.407, 13.1
1430.406, 13.1
1431.404, 13.1
1432.403, 13.1
1433.401, 13.1
1434.399, 13.1
1435.398, 13.1
1436.396, 13.1
1437.394, 13.1
1438.392, 13.1
1439.391, 13.1
1440.389, 13.1
1441.388, 13.1
1442.386, 13.1
1443.385, 13.1
1444.383, 13.1
1445.381, 13
1446.379, 13
1447.377, 13
1448.376, 13
1449.375, 13
1450.373, 13
1451.371, 13
1452.369, 13
1453.367, 12.9
1454.366, 12.9
1455.364, 12.9
1456.363, 12.8
1457.361, 12.8
1458.359, 12.8
1459.358, 12.7
1460.355, 12.7
1461.354, 12.7
1462.352, 12.6
1463.351, 12.6
1464.349, 12.5
1465.348, 12.5
1466.346, 12.5
1467.344, 12.4
1468.343, 12.4
1469.341, 12.4
1470.339, 12.3
1471.337, 12.3
1472.335, 12.3
1473.334, 12.2
1474.332, 12.2
1475.331, 12.2
1476.329, 12.1
1477.327, 12.1
1478.326, 12
1479.324, 12
1480.322, 12
1481.321, 11.9
1482.319, 11.9
1483.317, 11.9
1484.316, 11.8
1485.314, 11.8
1486.312, 11.8
1487.311, 11.7
1488.309, 11.7
1489.307, 11.7
1490.306, 11.6
1491.304, 11.6
1492.302, 11.5
1493.300, 11.5
1494.299, 11.5
1495.297, 11.4
1496.296, 11.4
1497.294, 11.4
1498.292, 11.3
1499.290, 11.3
1500.289, 11.3
1501.287, 11.2
1502.285, 11.2
1503.283, 11.2
1504.281, 11.1
1505.280, 11.1
1506.279, 11.1
1507.277, 11
1508.275, 11
1509.274, 11
1510.272, 11
1511.270, 11
1512.268, 11
1513.266, 11
1514.265, 11
1515.263, 11
1516.262, 11
1517.260, 11
1518.258, 11
1519.257, 11
1520.255, 11
1521.253, 11
1522.252, 11
1523.249, 11
1524.248, 11
1525.247, 11
1526.245, 11
1527.243, 11
1528.241, 11
1529.239, 11
1530.238, 11
1531.237, 11
1532.234, 11
1533.233, 11
1534.231, 11
1535.229, 11
1536.228, 11
1537.226, 11
1538.225, 11
1539.223, 11
1540.221, 11
1541.219, 11
1542.217, 11
1543.216, 11
1544.214, 11
1545.213, 11
1546.211, 11
1547.210, 11
1548.208, 11
1549.206, 11
1550.204, 11
1551.202, 11
1552.201, 11
1553.199, 11
1554.197, 11
1555.195, 11
1556.194, 11
1557.192, 11
1558.190, 11
1559.188, 11
1560.187, 11
1561.185, 11
1562.183, 11
1563.181, 11
1564.180, 11
1565.178, 11
1566.176, 11
1567.175, 11.1
1568.173, 11.1
1569.172, 11.1
1570.170, 11.1
1571.168, 11.1
1572.167, 11.2
1573.164, 11.2
1574.163, 11.2
1575.161, 11.2
1576.159, 11.2
1577.158, 11.3
1578.156, 11.3
1579.154, 11.3
1580.153, 11.3
1581.151, 11.3
1582.149, 11.4
1583.147, 11.4
1584.146, 11.4
1585.144, 11.4
1586.142, 11.4
1587.141, 11.5
1588.139, 11.5
1589.138, 11.5
1590.135, 11.5
1591.134, 11.5
1592.132, 11.5
1593.131, 11.6
1594.128, 11.6
1595.127, 11.6
1596.125, 11.6
1597.124, 11.6
1598.121, 11.6
1599.120, 11.6
1600.118, 11.6
1601.117, 11.6
1602.114, 11.6
1603.113, 11.6
1604.111, 11.6
1605.110, 11.6
1606.108, 11.6
1607.106, 11.6
1608.105, 11.6
1609.103, 11.5
1610.101, 11.5
1611.099, 11.5
1612.097, 11.5
1613.095, 11.5
1614.094, 11.5
1615.092, 11.5
1616.091, 11.5
1617.089, 11.5
1618.087, 11.6
1619.086, 11.6
1620.083, 11.6
1621.082, 11.6
1622.080, 11.6
1623.078, 11.7
1624.077, 11.7
1625.075, 11.7
1626.073, 11.8
1627.072, 11.8
1628.070, 11.8
1629.069, 11.9
1630.066, 11.9
1631.064, 11.9
1632.063, 12
1633.061, 12
1634.060, 12
1635.058, 12.1
1636.057, 12.1
1637.055, 12.1
1638.053, 12.2
1639.051, 12.2
1640.050, 12.2
1641.048, 12.3
1642.046, 12.3
1643.045, 12.3
1644.043, 12.4
1645.042, 12.4
1646.039, 12.4
1647.038, 12.4
1648.036, 12.4
1649.035, 12.4
1650.033, 12.5
1651.031, 12.5
1652.029, 12.5
1653.028, 12.4
1654.027, 12.4
1655.024, 12.4
1656.023, 12.4
1657.021, 12.4
1658.020, 12.4
1659.018, 12.4
1660.017, 12.4
1661.015, 12.4
1662.013, 12.4
1663.011, 12.4
1664.010, 12.4
1665.008, 12.4
1666.007, 12.4
1667.005, 12.4
1668.003, 12.4
1669.001, 12.4
1670.000, 12.4
1670.998, 12.4
1671.997, 12.4
1672.995, 12.4
1673.994, 12.4
1674.992, 12.4
1675.990, 12.4
1676.988, 12.4
1677.987, 12.4
1678.985, 12.4
1679.983, 12.4
1680.981, 12.4
1681.980, 12.4
1682.978, 12.4
1683.977, 12.4
1684.975, 12.4
1685.973, 12.5
1686.972, 12.5
1687.970, 12.5
1688.969, 12.5
1689.966, 12.5
1690.965, 12.5
1691.964, 12.5
1692.962, 12.6
1693.961, 12.6
1694.959, 12.6
1695.958, 12.6
1696.956, 12.6
1697.953, 12.6
1698.952, 12.7
1699.951, 12.7
1700.949, 12.7
1701.947, 12.7
1702.946, 12.7
1703.944, 12.7
1704.943, 12.8
1705.941, 12.8
1706.939, 12.8
1707.937, 12.8
1708.936, 12.8
1709.934, 12.8
1710.932, 12.8
1711.931, 12.8
1712.929, 12.8
1713.927, 12.8
1714.926, 12.8
1715.925, 12.8
1716.923, 12.8
1717.921, 12.8
1718.919, 12.8
1719.918, 12.8
1720.917, 12.8
1721.914, 12.8
1722.913, 12.8
1723.911, 12.8
1724.910, 12.8
1725.908, 12.8
1726.907, 12.8
1727.905, 12.8
1728.903, 12.8
1729.902, 12.8
1730.900, 12.8
1731.898, 12.8
1732.897, 12.8
1733.895, 12.7
1734.893, 12.7
1735.892, 12.6
1736.890, 12.6
1737.888, 12.5
1738.887, 12.5
1739.885, 12.4
1740.883, 12.3
1741.882, 12.3
1742.880, 12.2
1743.879, 12.2
1744.877, 12.1
1745.875, 12
1746.874, 12
1747.873, 11.9
1748.871, 11.8
1749.869, 11.8
1750.868, 11.7
1751.866, 11.6
1752.864, 11.5
1753.862, 11.5
1754.861, 11.4
1755.859, 11.3
1756.857, 11.2
1757.856, 11.2
1758.855, 11.1
1759.852, 11.1
1760.851, 11
1761.849, 10.9
1762.847, 10.9
1763.846, 10.9
1764.845, 10.8
1765.843, 10.8
1766.841, 10.7
1767.839, 10.7
1768.838, 10.7
1769.836, 10.6
1770.834, 10.6
1771.833, 10.6
1772.831, 10.5
1773.830, 10.5
1774.828, 10.4
1775.826, 10.4
1776.825, 10.4
1777.823, 10.3
1778.822, 10.3
1779.820, 10.2
1780.818, 10.2
1781.817, 10.2
1782.815, 10.1
1783.813, 10.1
1784.812, 10
1785.810, 10
1786.808, 10
1787.807, 9.9
1788.805, 9.9
1789.803, 9.8
1790.802, 9.8
1791.800, 9.8
1792.799, 9.7
1793.796, 9.7
1794.795, 9.7
1795.793, 9.7
1796.792, 9.6
1797.790, 9.6
1798.789, 9.6
1799.787, 9.6
1800.786, 9.5
1801.783, 9.5
1802.782, 9.5
1803.781, 9.5
1804.779, 9.4
1805.777, 9.4
1806.776, 9.4
1807.774, 9.4
1808.772, 9.3
1809.771, 9.3
1810.768, 9.3
1811.767, 9.3
1812.765, 9.3
1813.764, 9.2
1814.762, 9.2
1815.761, 9.2
1816.759, 9.2
1817.757, 9.2
1818.756, 9.2
1819.753, 9.2
1820.752, 9.3
1821.750, 9.3
1822.748, 9.3
1823.747, 9.3
1824.745, 9.3
1825.743, 9.3
1826.742, 9.3
1827.740, 9.3
1828.738, 9.3
1829.736, 9.4
1830.735, 9.4
1831.734, 9.4
1832.732, 9.4
1833.730, 9.4
1834.728, 9.4
1835.726, 9.4
1836.725, 9.4
1837.723, 9.4
1838.722, 9.5
1839.719, 9.5
1840.717, 9.5
1841.716, 9.5
1842.715, 9.5
1843.712, 9.5
1844.710, 9.5
1845.708, 9.6
1846.707, 9.6
1847.705, 9.6
1848.704, 9.6
1849.702, 9.6
1850.700, 9.7
1851.699, 9.7
1852.697, 9.7
1853.695, 9.7
1854.693, 9.8
1855.691, 9.8
1856.690, 9.8
1857.688, 9.8
1858.687, 9.9
1859.685, 9.9
1860.684, 9.9
1861.682, 9.9
1862.681, 9.9
1863.679, 10
1864.677, 10
1865.676, 10
1866.674, 10
1867.673, 10
1868.671, 10.1
1869.669, 10.1
1870.668, 10.1
1871.667, 10.1
1872.665, 10.1
1873.664, 10.1
1874.663, 10.1
1875.661, 10.1
1876.660, 10.1
1877.659, 10.1
1878.657, 10.1
1879.657, 10.1
1880.655, 10
1881.654, 10
1882.654, 10
1883.652, 10
1884.651, 10
1885.650, 10
1886.649, 10
1887.649, 10
1888.648, 10
1889.647, 10
1890.647, 10
1891.646, 10
1892.646, 10
1893.645, 10
1894.644, 10
1895.644, 10
1896.643, 10
1897.643, 10
1898.643, 10
1899.643, 10
1900.643, 10
1901.643, 10
1902.643, 10
1903.643, 10
1904.643, 10
1905.643, 10
1906.643, 10
1907.644, 10.1
1908.644, 10.1
1909.645, 10.1
1910.645, 10.1
1911.645, 10.1
1912.647, 10.1
1913.647, 10.2
1914.647, 10.2
1915.649, 10.2
1916.649, 10.2
1917.651, 10.2
1918.651, 10.3
1919.652, 10.3
1920.654, 10.3
1921.654, 10.3
1922.656, 10.4
1923.657, 10.4
1924.659, 10.4
1925.659, 10.5
1926.661, 10.5
1927.663, 10.5
1928.664, 10.6
1929.666, 10.6
1930.667, 10.6
1931.669, 10.7
1932.671, 10.7
1933.672, 10.8
1934.674, 10.8
1935.676, 10.8
1936.678, 10.8
1937.679, 10.9
1938.681, 10.9
1939.683, 10.9
1940.685, 10.9
1941.687, 10.9
1942.689, 11
1943.691, 11
1944.693, 11
1945.696, 11
1946.698, 11
1947.700, 11
1948.703, 11
1949.704, 11
1950.707, 11.1
1951.709, 11.1
1952.711, 11.1
1953.714, 11.1
1954.716, 11.1
1955.718, 11.1
1956.720, 11.1
1957.723, 11.2
1958.725, 11.2
1959.728, 11.2
1960.730, 11.2
1961.732, 11.2
1962.735, 11.3
1963.737, 11.3
1964.740, 11.3
1965.741, 11.3
1966.744, 11.4
1967.747, 11.4
1968.749, 11.4
1969.751, 11.4
1970.753, 11.5
1971.756, 11.5
1972.758, 11.5
1973.760, 11.4
1974.764, 11.4
1975.765, 11.4
1976.768, 11.4
1977.771, 11.4
1978.774, 11.4
1979.776, 11.4
1980.778, 11.4
1981.780, 11.4
1982.782, 11.3
1983.785, 11.3
1984.788, 11.3
1985.790, 11.3
1986.793, 11.3
1987.795, 11.3
1988.797, 11.3
1989.799, 11.3
1990.802, 11.3
1991.804, 11.2
1992.807, 11.2
1993.809, 11.2
1994.812, 11.2
1995.814, 11.2
1996.817, 11.2
1997.820, 11.2
1998.822, 11.2
1999.824, 11.2
2000.827, 11.1
2001.830, 11.1
2002.832, 11.1
2003.835, 11.1
2004.837, 11.1
2005.840, 11.1
2006.843, 11
2007.844, 11
2008.847, 11
2009.850, 10.9
2010.853, 10.9
2011.855, 10.9
2012.859, 10.8
2013.861, 10.8
2014.863, 10.8
2015.866, 10.7
2016.869, 10.7
2017.871, 10.7
2018.874, 10.7
2019.876, 10.6
2020.879, 10.6
2021.881, 10.6
2022.884, 10.6
2023.887, 10.5
2024.889, 10.5
2025.892, 10.5
2026.895, 10.5
2027.897, 10.5
2028.900, 10.4
2029.902, 10.4
2030.905, 10.4
2031.908, 10.4
2032.911, 10.4
2033.913, 10.3
2034.916, 10.3
2035.919, 10.3
2036.922, 10.3
2037.925, 10.3
2038.927, 10.3
2039.930, 10.3
2040.933, 10.2
2041.935, 10.2
2042.938, 10.2
2043.942, 10.2
2044.944, 10.1
2045.947, 10.1
2046.950, 10.1
2047.953, 10
2048.956, 10
2049.959, 10
2050.962, 9.9
2051.965, 9.9
2052.968, 9.8
2053.972, 9.8
2054.975, 9.8
2055.978, 9.7
2056.981, 9.7
2057.985, 9.6
2058.988, 9.6
2059.992, 9.6
2060.994, 9.5
2061.998, 9.5
2063.001, 9.4
2064.005, 9.4
2065.008, 9.3
2066.012, 9.3
2067.015, 9.2
2068.019, 9.2
2069.022, 9.1
2070.026, 9.1
2071.030, 9
2072.033, 8.9
2073.037, 8.9
2074.040, 8.9
2075.045, 8.8
2076.048, 8.8
2077.051, 8.8
2078.056, 8.8
2079.060, 8.7
2080.062, 8.7
2081.066, 8.7
2082.070, 8.6
2083.073, 8.6
2084.077, 8.5
2085.080, 8.5
2086.084, 8.5
2087.088, 8.4
2088.092, 8.4
2089.095, 8.4
2090.098, 8.3
2091.102, 8.3
2092.105, 8.2
2093.108, 8.2
2094.112, 8.2
2095.115, 8.1
2096.118, 8.1
2097.122, 8
2098.124, 8
2099.128, 8
2100.131, 7.9
2101.134, 7.9
2102.137, 7.8
2103.141, 7.8
2104.142, 7.8
2105.145, 7.8
2106.149, 7.8
2107.151, 7.8
2108.154, 7.7
2109.157, 7.7
2110.159, 7.7
2111.161, 7.7
2112.164, 7.7
2113.167, 7.7
2114.169, 7.7
2115.171, 7.7
2116.174, 7.7
2117.176, 7.7
2118.178, 7.7
2119.181, 7.7
2120.183, 7.7
2121.185, 7.7
2122.188, 7.7
2123.190, 7.7
2124.192, 7.8
2125.195, 7.8
2126.197, 7.8
2127.199, 7.8
2128.200, 7.8
2129.203, 7.8
2130.205, 7.8
2131.207, 7.8
2132.209, 7.8
2133.212, 7.9
2134.214, 7.9
2135.216, 7.9
2136.218, 7.9
2137.220, 7.9
2138.222, 8
2139.224, 8
2140.226, 8
2141.228, 8.1
2142.230, 8.1
2143.232, 8.2
2144.235, 8.2
2145.236, 8.3
2146.238, 8.3
2147.241, 8.4
2148.243, 8.5
2149.245, 8.6
2150.247, 8.7
2151.249, 8.8
2152.251, 8.9
2153.253, 9
2154.255, 9.1
2155.257, 9.2
2156.260, 9.3
2157.261, 9.4
2158.264, 9.5
2159.265, 9.6
2160.267, 9.7
2161.269, 9.7
2162.272, 9.8
2163.273, 9.9
2164.276, 10
2165.278, 10.1
2166.280, 10.2
2167.282, 10.3
2168.284, 10.4
2169.287, 10.5
2170.288, 10.6
2171.290, 10.7
2172.292, 10.8
2173.294, 10.9
2174.297, 11
2175.299, 11.1
2176.301, 11.1
2177.303, 11.2
2178.305, 11.3
2179.307, 11.4
2180.309, 11.4
2181.311, 11.5
2182.313, 11.6
2183.316, 11.6
2184.318, 11.7
2185.320, 11.8
2186.322, 11.8
2187.324, 11.9
2188.326, 12
2189.328, 12
2190.330, 12.1
2191.333, 12.2
2192.334, 12.2
2193.337, 12.3
2194.339, 12.4
2195.341, 12.4
2196.344, 12.5
2197.346, 12.5
2198.347, 12.6
2199.349, 12.7
2200.352, 12.7
2201.354, 12.7
2202.356, 12.8
2203.358, 12.8
2204.361, 12.9
2205.363, 12.9
2206.365, 13
2207.367, 13
2208.369, 13.1
2209.372, 13.1
2210.374, 13.2
2211.375, 13.2
2212.378, 13.2
2213.380, 13.3
2214.382, 13.3
2215.385, 13.4
2216.386, 13.4
2217.389, 13.4
2218.390, 13.5
2219.393, 13.5
2220.395, 13.5
2221.397, 13.6
2222.400, 13.6
2223.402, 13.6
2224.404, 13.7
2225.406, 13.7
2226.408, 13.8
2227.410, 13.8
2228.412, 13.8
2229.414, 13.9
2230.416, 13.9
2231.419, 14
2232.420, 14
2233.422, 14.1
2234.425, 14.1
2235.427, 14.2
2236.428, 14.2
2237.430, 14.3
2238.433, 14.3
2239.434, 14.4
2240.436, 14.5
2241.439, 14.5
2242.440, 14.6
2243.443, 14.6
2244.444, 14.7
2245.446, 14.8
2246.448, 14.8
2247.450, 14.9
2248.452, 14.9
2249.453, 14.9
2250.456, 15
2251.457, 15
2252.459, 15
2253.460, 15.1
2254.462, 15.1
2255.464, 15.1
2256.465, 15.1
2257.467, 15.1
2258.468, 15.1
2259.469, 15.2
2260.471, 15.2
2261.472, 15.2
2262.474, 15.2
2263.474, 15.2
2264.475, 15.2
2265.476, 15.2
2266.477, 15.2
2267.478, 15.2
2268.479, 15.2
2269.480, 15.2
2270.481, 15.2
2271.481, 15.2
2272.482, 15.2
2273.483, 15.2
2274.483, 15.2
2275.484, 15.2
2276.484, 15.2
2277.484, 15.2
2278.483, 15.2
2279.483, 15.1
2280.483, 15.1
2281.483, 15.1
2282.483, 15.1
2283.483, 15.1
2284.483, 15.1
2285.482, 15
2286.481, 15
2287.481, 15
2288.480, 14.9
2289.479, 14.9
2290.479, 14.9
2291.477, 14.8
2292.476, 14.8
2293.475, 14.8
2294.473, 14.7
2295.473, 14.7
2296.471, 14.7
2297.470, 14.6
2298.468, 14.6
2299.467, 14.6
2300.465, 14.5
2301.463, 14.5
2302.461, 14.5
2303.460, 14.4
2304.459, 14.4
2305.457, 14.4
2306.455, 14.3
2307.453, 14.3
2308.451, 14.3
2309.450, 14.2
2310.447, 14.2
2311.446, 14.1
2312.444, 14.1
2313.442, 14.1
2314.441, 14
2315.439, 14
2316.437, 14
2317.435, 13.9
2318.434, 13.9
2319.431, 13.9
2320.429, 13.8
2321.428, 13.8
2322.426, 13.8
2323.424, 13.7
2324.423, 13.7
2325.421, 13.7
2326.419, 13.6
2327.418, 13.6
2328.416, 13.6
2329.415, 13.5
2330.413, 13.5
2331.412, 13.5
2332.410, 13.5
2333.408, 13.4
2334.407, 13.4
2335.405, 13.4
2336.403, 13.3
2337.402, 13.3
2338.400, 13.3
2339.399, 13.3
2340.398, 13.2
2341.396, 13.2
2342.394, 13.2
2343.393, 13.2
2344.391, 13.2
2345.390, 13.2
2346.388, 13.2
2347.387, 13.2
2348.385, 13.2
2349.384, 13.2
2350.382, 13.3
2351.381, 13.3
2352.379, 13.3
2353.377, 13.3
2354.376, 13.3
2355.374, 13.3
2356.373, 13.4
2357.372, 13.4
2358.370, 13.4
2359.368, 13.4
2360.367, 13.4
2361.365, 13.5
2362.364, 13.5
2363.363, 13.5
2364.361, 13.5
2365.360, 13.6
2366.358, 13.6
2367.356, 13.6
2368.355, 13.6
2369.354, 13.7
2370.352, 13.7
2371.351, 13.7
2372.349, 13.7
2373.348, 13.8
2374.346, 13.8
2375.345, 13.8
2376.343, 13.9
2377.342, 13.9
2378.340, 13.9
2379.339, 14
2380.338, 14
2381.336, 14
2382.334, 14.1
2383.333, 14.1
2384.332, 14.1
2385.330, 14.2
2386.329, 14.2
2387.327, 14.2
2388.326, 14.2
2389.324, 14.3
2390.323, 14.3
2391.321, 14.3
2392.319, 14.4
2393.318, 14.4
2394.316, 14.4
2395.315, 14.4
2396.313, 14.5
2397.312, 14.5
2398.311, 14.5
2399.309, 14.5
2400.307, 14.5
2401.306, 14.6
2402.304, 14.6
2403.303, 14.6
2404.301, 14.6
2405.300, 14.6
2406.299, 14.6
2407.298, 14.6
2408.296, 14.6
2409.294, 14.6
2410.293, 14.5
2411.291, 14.5
2412.290, 14.5
2413.289, 14.5
2414.287, 14.5
2415.285, 14.5
2416.284, 14.5
2417.282, 14.5
2418.281, 14.5
2419.279, 14.4
2420.278, 14.4
2421.277, 14.4
2422.275, 14.4
2423.273, 14.4
2424.272, 14.4
2425.271, 14.3
2426.269, 14.3
2427.268, 14.3
2428.266, 14.3
2429.265, 14.3
2430.263, 14.2
2431.261, 14.2
2432.260, 14.2
2433.258, 14.2
2434.257, 14.2
2435.255, 14.2
2436.254, 14.2
2437.252, 14.2
2438.251, 14.2
2439.249, 14.2
2440.248, 14.2
2441.247, 14.2
2442.245, 14.1
2443.243, 14.1
2444.242, 14.1
2445.240, 14.1
2446.239, 14.1
2447.237, 14.1
2448.236, 14.1
2449.234, 14.1
2450.233, 14.1
2451.231, 14.1
2452.230, 14.1
2453.228, 14.1
2454.226, 14.1
2455.225, 14.1
2456.224, 14.1
2457.222, 14
2458.220, 14
2459.219, 14
2460.217, 14
2461.216, 13.9
2462.214, 13.9
2463.212, 13.8
2464.211, 13.8
2465.209, 13.7
2466.208, 13.7
2467.206, 13.7
2468.205, 13.6
2469.203, 13.6
2470.202, 13.5
2471.200, 13.5
2472.199, 13.5
2473.197, 13.4
2474.195, 13.4
2475.194, 13.4
2476.193, 13.3
2477.191, 13.3
2478.190, 13.3
2479.188, 13.2
2480.186, 13.2
2481.185, 13.2
2482.184, 13.1
2483.183, 13.1
2484.180, 13.1
2485.179, 13
2486.178, 13
2487.176, 13
2488.174, 12.9
2489.173, 12.9
2490.171, 12.9
2491.170, 12.9
2492.168, 12.8
2493.167, 12.8
2494.165, 12.8
2495.164, 12.8
2496.162, 12.7
2497.161, 12.7
2498.159, 12.7
2499.158, 12.7
2500.156, 12.6
2501.154, 12.6
2502.154, 12.6
2503.151, 12.6
2504.150, 12.5
2505.149, 12.5
2506.147, 12.5
2507.146, 12.5
2508.144, 12.5
2509.143, 12.4
2510.141, 12.4
2511.140, 12.4
2512.138, 12.4
2513.136, 12.4
2514.135, 12.4
2515.133, 12.4
2516.132, 12.4
2517.131, 12.4
2518.129, 12.4
2519.127, 12.4
2520.126, 12.4
2521.125, 12.5
2522.123, 12.5
2523.121, 12.5
2524.120, 12.5
2525.118, 12.5
2526.116, 12.6
2527.115, 12.6
2528.114, 12.6
2529.112, 12.6
2530.111, 12.7
2531.109, 12.7
2532.108, 12.7
2533.106, 12.7
2534.105, 12.8
2535.103, 12.8
2536.102, 12.8
2537.100, 12.9
2538.098, 12.9
2539.097, 12.9
2540.096, 12.9
2541.093, 13
2542.093, 13
2543.090, 13
2544.089, 13
2545.088, 13
2546.086, 13
2547.084, 13
2548.083, 13
2549.082, 13
2550.080, 13
2551.078, 13
2552.077, 13
2553.075, 12.9
2554.074, 12.9
2555.072, 12.9
2556.071, 12.9
2557.069, 12.9
2558.067, 12.9
2559.066, 12.9
2560.064, 12.9
2561.062, 12.8
2562.061, 12.8
2563.059, 12.8
2564.057, 12.8
2565.056, 12.8
2566.054, 12.8
2567.052, 12.7
2568.051, 12.7
2569.049, 12.7
2570.047, 12.7
2571.046, 12.7
2572.043, 12.6
2573.042, 12.6
2574.040, 12.6
2575.038, 12.5
2576.037, 12.5
2577.035, 12.5
2578.033, 12.4
2579.031, 12.4
2580.029, 12.4
2581.027, 12.3
2582.026, 12.3
2583.024, 12.3
2584.022, 12.2
2585.020, 12.2
2586.018, 12.1
2587.017, 12.1
2588.015, 12.1
2589.014, 12
2590.012, 12
2591.010, 11.9
2592.008, 11.9
2593.007, 11.9
2594.005, 11.8
2595.004, 11.8
2596.001, 11.7
2597.000, 11.7
2597.998, 11.7
2598.997, 11.6
2599.996, 11.6
2600.994, 11.5
2601.993, 11.5
2602.991, 11.5
2603.990, 11.5
2604.989, 11.4
2605.988, 11.4
2606.987, 11.4
2607.986, 11.4
2608.985, 11.3
2609.984, 11.3
2610.983, 11.3
2611.983, 11.3
2612.982, 11.2
2613.982, 11.2
2614.981, 11.2
2615.981, 11.2
2616.982, 11.2
2617.980, 11.1
2618.981, 11.1
2619.981, 11.1
2620.981, 11.1
2621.981, 11.1
2622.981, 11.1
2623.981, 11.1
2624.982, 11
2625.982, 11
2626.983, 11
2627.983, 11
2628.985, 11
2629.985, 11
2630.986, 11
2631.987, 11
2632.989, 11
2633.989, 11
2634.991, 11
2635.992, 11
2636.993, 11.1
2637.994, 11.1
2638.996, 11.1
2639.998, 11.1
2641.000, 11.2
2642.001, 11.2
2643.003, 11.2
2644.005, 11.3
2645.006, 11.3
2646.009, 11.3
2647.011, 11.3
2648.013, 11.4
2649.015, 11.4
2650.017, 11.4
2651.019, 11.4
2652.022, 11.5
2653.024, 11.5
2654.027, 11.5
2655.030, 11.6
2656.032, 11.6
2657.034, 11.6
2658.036, 11.6
2659.039, 11.7
2660.042, 11.7
2661.044, 11.7
2662.046, 11.8
2663.048, 11.8
2664.051, 11.8
2665.053, 11.8
2666.056, 11.9
2667.059, 11.9
2668.061, 11.9
2669.064, 12
2670.067, 12
2671.069, 12.1
2672.072, 12.1
2673.075, 12.1
2674.078, 12.2
2675.080, 12.3
2676.083, 12.3
2677.085, 12.4
2678.088, 12.4
2679.090, 12.5
2680.092, 12.6
2681.095, 12.6
2682.098, 12.7
2683.100, 12.7
2684.103, 12.8
2685.106, 12.8
2686.109, 12.9
2687.111, 13
2688.114, 13
2689.116, 13.1
2690.119, 13.1
2691.122, 13.1
2692.124, 13.2
2693.127, 13.2
2694.130, 13.3
2695.132, 13.3
2696.135, 13.3
2697.137, 13.4
2698.139, 13.4
2699.143, 13.5
2700.145, 13.5
2701.148, 13.6
2702.150, 13.6
2703.153, 13.6
2704.155, 13.7
2705.159, 13.7
2706.161, 13.7
2707.164, 13.7
2708.166, 13.7
2709.169, 13.7
2710.171, 13.6
2711.174, 13.6
2712.177, 13.6
2713.180, 13.6
2714.182, 13.6
2715.185, 13.6
2716.187, 13.5
2717.190, 13.5
2718.193, 13.5
2719.196, 13.5
2720.198, 13.5
2721.200, 13.5
2722.203, 13.4
2723.206, 13.4
2724.209, 13.4
2725.211, 13.4
2726.214, 13.4
2727.216, 13.4
2728.219, 13.4
2729.222, 13.3
2730.224, 13.3
2731.226, 13.3
2732.229, 13.3
2733.233, 13.3
2734.235, 13.3
2735.237, 13.2
2736.240, 13.2
2737.243, 13.2
2738.246, 13.2
2739.247, 13.2
2740.251, 13.2
2741.253, 13.2
2742.256, 13.2
2743.259, 13.2
2744.261, 13.2
2745.264, 13.2
2746.266, 13.2
2747.269, 13.3
2748.271, 13.3
2749.274, 13.3
2750.277, 13.3
2751.279, 13.3
2752.282, 13.3
2753.284, 13.3
2754.287, 13.3
2755.289, 13.3
2756.292, 13.3
2757.295, 13.3
2758.298, 13.3
2759.300, 13.3
2760.303, 13.3
2761.306, 13.3
2762.308, 13.2
2763.310, 13.2
2764.313, 13.2
2765.315, 13.2
2766.317, 13.2
2767.321, 13.2
2768.323, 13.2
2769.326, 13.2
2770.328, 13.2
2771.331, 13.2
2772.333, 13.2
2773.336, 13.2
2774.339, 13.2
2775.342, 13.2
2776.344, 13.2
2777.347, 13.2
2778.349, 13.2
2779.351, 13.2
2780.354, 13.2
2781.358, 13.2
2782.359, 13.2
2783.362, 13.2
2784.365, 13.2
2785.367, 13.2
2786.370, 13.2
2787.372, 13.1
2788.375, 13.1
2789.377, 13.1
2790.380, 13.1
2791.383, 13.1
2792.385, 13.1
2793.388, 13.1
2794.390, 13.1
2795.393, 13.1
2796.396, 13.1
2797.399, 13.1
2798.401, 13.1
2799.403, 13.1
2800.406, 13.1
2801.409, 13.1
2802.411, 13.1
2803.414, 13.1
2804.416, 13.1
2805.419, 13.1
2806.422, 13.1
2807.424, 13.1
2808.426, 13
2809.430, 13
2810.432, 13
2811.434, 13
2812.437, 13
2813.440, 13
2814.442, 13
2815.445, 13
2816.447, 13
2817.450, 13
2818.452, 13
2819.455, 13
2820.458, 13
2821.461, 13
2822.463, 13
2823.466, 13
2824.468, 13
2825.471, 13
2826.474, 13
2827.477, 13
2828.479, 13
2829.482, 13
2830.484, 13
2831.487, 13
2832.489, 13
2833.492, 13
2834.494, 13
2835.497, 13
2836.500, 13
2837.502, 13
2838.505, 13
2839.508, 13
2840.510, 13
2841.512, 13
2842.516, 13
2843.518, 13
2844.521, 13
2845.523, 13
2846.526, 13
2847.528, 13
2848.531, 13
2849.534, 13
2850.536, 13.1
2851.539, 13.1
2852.542, 13.1
2853.545, 13.1
2854.547, 13.1
2855.550, 13.2
2856.553, 13.2
2857.554, 13.2
2858.558, 13.2
2859.560, 13.3
2860.563, 13.3
2861.566, 13.3
2862.568, 13.4
2863.571, 13.4
2864.573, 13.4
2865.576, 13.5
2866.579, 13.5
2867.582, 13.6
2868.584, 13.6
2869.587, 13.7
2870.589, 13.7
2871.592, 13.8
2872.594, 13.8
2873.597, 13.9
2874.599, 13.9
2875.603, 14
2876.605, 14.1
2877.608, 14.1
2878.611, 14.1
2879.613, 14.2
2880.616, 14.2
2881.618, 14.3
2882.620, 14.3
2883.623, 14.3
2884.627, 14.3
2885.629, 14.4
2886.631, 14.4
2887.634, 14.4
2888.637, 14.4
2889.639, 14.4
2890.642, 14.5
2891.644, 14.5
2892.648, 14.5
2893.650, 14.5
2894.653, 14.5
2895.655, 14.5
2896.658, 14.6
2897.660, 14.6
2898.663, 14.6
2899.666, 14.6
2900.668, 14.6
2901.671, 14.6
2902.674, 14.6
2903.676, 14.6
2904.679, 14.6
2905.682, 14.6
2906.684, 14.6
2907.686, 14.6
2908.689, 14.6
2909.691, 14.6
2910.694, 14.6
2911.697, 14.6
2912.700, 14.6
2913.702, 14.6
2914.705, 14.6
2915.707, 14.6
2916.710, 14.6
2917.713, 14.6
2918.715, 14.6
2919.718, 14.6
2920.721, 14.6
2921.723, 14.6
2922.726, 14.6
2923.728, 14.6
2924.732, 14.5
2925.734, 14.5
2926.736, 14.5
2927.739, 14.5
2928.741, 14.5
2929.744, 14.5
2930.746, 14.4
2931.749, 14.4
2932.752, 14.4
2933.755, 14.4
2934.757, 14.4
2935.760, 14.3
2936.762, 14.3
2937.766, 14.3
2938.768, 14.2
2939.771, 14.2
2940.773, 14.2
2941.776, 14.2
2942.779, 14.1
2943.781, 14.1
2944.783, 14.1
2945.786, 14
2946.789, 14
2947.791, 14
2948.793, 13.9
2949.796, 13.9
2950.799, 13.9
2951.801, 13.8
2952.804, 13.8
2953.807, 13.8
2954.810, 13.7
2955.812, 13.7
2956.814, 13.6
2957.817, 13.6
2958.820, 13.5
2959.823, 13.5
2960.825, 13.5
2961.827, 13.4
2962.830, 13.4
2963.832, 13.3
2964.835, 13.3
2965.838, 13.2
2966.841, 13.1
2967.843, 13.1
2968.846, 13
2969.848, 13
2970.851, 12.9
2971.853, 12.9
2972.856, 12.8
2973.858, 12.8
2974.861, 12.7
2975.863, 12.6
2976.866, 12.6
2977.869, 12.5
2978.871, 12.4
2979.873, 12.4
2980.876, 12.3
2981.879, 12.2
2982.881, 12.2
2983.884, 12.1
2984.886, 12
2985.889, 12
2986.891, 11.9
2987.893, 11.8
2988.896, 11.7
2989.899, 11.7
2990.901, 11.6
2991.903, 11.5
2992.906, 11.4
2993.908, 11.4
2994.911, 11.3
2995.913, 11.2
2996.916, 11.1
2997.919, 11.1
2998.921, 11
2999.922, 10.9
3000.926, 10.8
3001.928, 10.8
3002.930, 10.7
3003.932, 10.6
3004.935, 10.5
3005.937, 10.5
3006.939, 10.4
3007.941, 10.3
3008.943, 10.2
3009.946, 10.2
3010.948, 10.1
3011.950, 10
3012.952, 10
3013.955, 9.9
3014.956, 9.8
3015.958, 9.7
3016.960, 9.7
3017.962, 9.6
3018.964, 9.5
3019.966, 9.5
3020.967, 9.4
3021.969, 9.4
3022.971, 9.4
3023.972, 9.3
3024.975, 9.3
3025.975, 9.2
3026.977, 9.2
3027.978, 9.2
3028.979, 9.2
3029.980, 9.1
3030.981, 9.1
3031.982, 9.1
3032.984, 9.1
3033.984, 9
3034.984, 9
3035.986, 9
3036.986, 9
3037.986, 9
3038.987, 9
3039.987, 9
3040.987, 9
3041.988, 9
3042.988, 9.1
3043.988, 9.1
3044.987, 9.1
3045.988, 9.2
3046.987, 9.2
3047.987, 9.3
3048.987, 9.3
3049.986, 9.3
3050.985, 9.4
3051.985, 9.4
3052.983, 9.4
3053.983, 9.5
3054.982, 9.5
3055.981, 9.5
3056.979, 9.6
3057.979, 9.6
3058.977, 9.6
3059.976, 9.7
3060.975, 9.7
3061.974, 9.7
3062.972, 9.8
3063.971, 9.8
3064.969, 9.8
3065.968, 9.9
3066.967, 9.9
3067.965, 9.9
3068.963, 10
3069.962, 10
3070.960, 10
3071.958, 10.1
3072.957, 10.2
3073.955, 10.2
3074.952, 10.3
3075.951, 10.3
3076.949, 10.4
3077.948, 10.5
3078.945, 10.5
3079.943, 10.6
3080.942, 10.7
3081.940, 10.8
3082.938, 10.8
3083.937, 10.9
3084.935, 11
3085.933, 11
3086.932, 11.1
3087.929, 11.2
3088.928, 11.2
3089.926, 11.3
3090.924, 11.4
3091.923, 11.5
3092.921, 11.5
3093.920, 11.6
3094.918, 11.7
3095.917, 11.7
3096.915, 11.8
3097.914, 11.8
3098.913, 11.9
3099.912, 12
3100.911, 12
3101.910, 12
3102.909, 12
3103.908, 12
3104.907, 12
3105.906, 12
3106.905, 12.1
3107.905, 12.1
3108.904, 12.1
3109.904, 12.1
3110.903, 12.1
3111.903, 12.1
3112.903, 12.1
3113.903, 12.2
3114.903, 12.2
3115.903, 12.2
3116.902, 12.2
3117.903, 12.3
3118.903, 12.3
3119.903, 12.3
3120.904, 12.3
3121.904, 12.4
3122.905, 12.4
3123.906, 12.4
3124.907, 12.5
3125.907, 12.5
3126.908, 12.5
3127.910, 12.6
3128.910, 12.6
3129.912, 12.6
3130.912, 12.7
3131.914, 12.7
3132.915, 12.7
3133.917, 12.8
3134.918, 12.8
3135.920, 12.8
3136.921, 12.9
3137.922, 12.9
3138.924, 12.9
3139.926, 12.9
3140.927, 12.9
3141.930, 12.9
3142.932, 12.8
3143.933, 12.8
3144.935, 12.8
3145.938, 12.8
3146.939, 12.8
3147.941, 12.8
3148.943, 12.8
3149.946, 12.8
3150.948, 12.8
3151.950, 12.8
3152.952, 12.8
3153.955, 12.8
3154.957, 12.8
3155.960, 12.8
3156.961, 12.8
3157.964, 12.8
3158.966, 12.8
3159.969, 12.8
3160.972, 12.8
3161.973, 12.8
3162.976, 12.8
3163.979, 12.8
3164.981, 12.8
3165.983, 12.8
3166.986, 12.8
3167.989, 12.8
3168.991, 12.9
3169.993, 12.9
3170.995, 12.9
3171.998, 12.9
3173.000, 12.9
3174.003, 12.9
3175.006, 13
3176.008, 13
3177.011, 13
3178.013, 13
3179.015, 13
3180.017, 13
3181.020, 13
3182.022, 13
3183.025, 13
3184.027, 13
3185.029, 13
3186.032, 13
3187.035, 13
3188.037, 13
3189.039, 13
3190.042, 13
3191.045, 13
3192.047, 12.9
3193.049, 12.9
3194.051, 12.9
3195.054, 12.9
3196.057, 12.8
3197.059, 12.8
3198.062, 12.8
3199.064, 12.7
3200.067, 12.7
3201.069, 12.7
3202.072, 12.6
3203.074, 12.6
3204.077, 12.6
3205.079, 12.5
3206.081, 12.5
3207.084, 12.5
3208.087, 12.4
3209.088, 12.4
3210.092, 12.3
3211.094, 12.3
3212.097, 12.2
3213.098, 12.2
3214.101, 12.2
3215.103, 12.1
3216.106, 12.1
3217.108, 12.1
3218.111, 12
3219.114, 12
3220.116, 12
3221.118, 11.9
3222.120, 11.9
3223.124, 11.9
3224.126, 11.8
3225.128, 11.8
3226.131, 11.8
3227.133, 11.7
3228.136, 11.7
3229.138, 11.7
3230.141, 11.6
3231.143, 11.6
3232.146, 11.5
3233.148, 11.5
3234.150, 11.5
3235.153, 11.4
3236.155, 11.4
3237.158, 11.4
3238.160, 11.3
3239.163, 11.3
3240.166, 11.3
3241.168, 11.2
3242.170, 11.2
3243.172, 11.2
3244.175, 11.1
3245.177, 11.1
3246.180, 11.1
3247.183, 11
3248.185, 11
3249.187, 11
3250.190, 11
3251.193, 11
3252.195, 11.1
3253.198, 11.1
3254.200, 11.1
3255.203, 11.1
3256.205, 11.1
3257.207, 11.1
3258.210, 11.1
3259.212, 11.1
3260.215, 11.1
3261.217, 11.1
3262.220, 11.1
3263.223, 11.1
3264.225, 11.1
3265.227, 11.1
3266.229, 11.1
3267.232, 11.1
3268.235, 11.1
3269.237, 11.1
3270.239, 11.1
3271.242, 11.1
3272.245, 11.1
3273.247, 11.1
3274.249, 11.1
3275.252, 11.1
3276.255, 11.1
3277.257, 11.1
3278.259, 11.1
3279.262, 11
3280.264, 11
3281.267, 11
3282.269, 11
3283.272, 11
3284.275, 11
3285.276, 11
3286.279, 11
3287.281, 11
3288.285, 10.9
3289.286, 10.9
3290.289, 10.9
3291.292, 10.9
3292.293, 10.9
3293.296, 10.9
3294.299, 10.9
3295.301, 10.9
3296.304, 10.9
3297.306, 10.9
3298.308, 10.9
3299.311, 10.9
3300.313, 10.9
3301.315, 11
3302.318, 11
3303.321, 11
3304.323, 11
3305.326, 11
3306.328, 11
3307.330, 11.1
3308.333, 11.1
3309.335, 11.1
3310.338, 11.1
3311.340, 11.2
3312.343, 11.2
3313.345, 11.2
3314.348, 11.3
3315.350, 11.3
3316.353, 11.4
3317.355, 11.4
3318.357, 11.5
3319.359, 11.5
3320.363, 11.6
3321.364, 11.7
3322.367, 11.8
3323.369, 11.8
3324.372, 11.9
3325.375, 12
3326.377, 12
3327.380, 12.1
3328.382, 12.1
3329.384, 12.2
3330.386, 12.3
3331.390, 12.3
3332.391, 12.4
3333.394, 12.4
3334.396, 12.5
3335.400, 12.5
3336.401, 12.5
3337.403, 12.6
3338.406, 12.6
3339.409, 12.7
3340.411, 12.7
3341.414, 12.7
3342.416, 12.8
3343.419, 12.8
3344.421, 12.8
3345.424, 12.9
3346.426, 12.9
3347.429, 12.9
3348.431, 12.9
3349.434, 12.9
3350.436, 13
3351.439, 13
3352.441, 13
3353.444, 13
3354.446, 13
3355.449, 13.1
3356.451, 13.1
3357.453, 13.1
3358.456, 13.2
3359.458, 13.2
3360.460, 13.2
3361.464, 13.2
3362.466, 13.3
3363.468, 13.3
3364.471, 13.4
3365.473, 13.4
3366.476, 13.4
3367.479, 13.5
3368.481, 13.5
3369.483, 13.6
3370.485, 13.6
3371.488, 13.6
3372.490, 13.7
3373.494, 13.7
3374.496, 13.7
3375.498, 13.8
3376.500, 13.8
3377.503, 13.8
3378.505, 13.9
3379.508, 13.9
3380.511, 13.9
3381.513, 13.9
3382.516, 13.9
3383.519, 14
3384.521, 14
3385.523, 14
3386.526, 14
3387.528, 14
3388.530, 14
3389.533, 13.9
3390.536, 13.9
3391.538, 13.9
3392.541, 13.8
3393.543, 13.8
3394.546, 13.7
3395.548, 13.7
3396.550, 13.7
3397.553, 13.6
3398.555, 13.6
3399.558, 13.5
3400.560, 13.5
3401.563, 13.5
3402.565, 13.4
3403.568, 13.4
3404.571, 13.4
3405.573, 13.4
3406.575, 13.3
3407.578, 13.3
3408.581, 13.3
3409.583, 13.3
3410.586, 13.2
3411.588, 13.2
3412.591, 13.2
3413.593, 13.2
3414.595, 13.1
3415.597, 13.1
3416.600, 13.1
3417.602, 13.1
3418.604, 13.1
3419.608, 13.1
3420.610, 13
3421.613, 13
3422.614, 13
3423.617, 13
3424.620, 13
3425.623, 13
3426.625, 13
3427.628, 13
3428.630, 13
3429.632, 12.9
3430.634, 12.9
3431.637, 12.9
3432.639, 12.9
3433.643, 12.9
3434.645, 12.9
3435.647, 12.9
3436.650, 12.9
3437.652, 12.8
3438.655, 12.8
3439.657, 12.8
3440.659, 12.8
3441.662, 12.8
3442.664, 12.8
3443.666, 12.8
3444.669, 12.8
3445.672, 12.8
3446.674, 12.7
3447.677, 12.7
3448.679, 12.7
3449.682, 12.7
3450.685, 12.7
3451.687, 12.7
3452.689, 12.7
3453.691, 12.7
3454.694, 12.7
3455.696, 12.7
3456.699, 12.6
3457.702, 12.6
3458.704, 12.6
3459.707, 12.6
3460.709, 12.7
3461.712, 12.7
3462.713, 12.7
3463.716, 12.7
3464.719, 12.7
3465.722, 12.7
3466.724, 12.8
3467.727, 12.8
3468.728, 12.8
3469.731, 12.8
3470.734, 12.8
3471.736, 12.8
3472.739, 12.9
3473.741, 12.9
3474.744, 12.9
3475.746, 12.9
3476.749, 12.9
3477.751, 12.9
3478.754, 13
3479.756, 13
3480.758, 13
3481.762, 13
3482.764, 13
3483.767, 13.1
3484.769, 13.1
3485.771, 13.1
3486.774, 13.1
3487.776, 13.1
3488.779, 13.2
3489.782, 13.2
3490.784, 13.2
3491.786, 13.2
3492.789, 13.2
3493.791, 13.2
3494.794, 13.1
3495.796, 13.1
3496.799, 13.1
3497.801, 13
3498.804, 13
3499.806, 13
3500.808, 12.9
3501.811, 12.9
3502.814, 12.8
3503.817, 12.8
3504.819, 12.8
3505.821, 12.7
3506.823, 12.7
3507.826, 12.6
3508.828, 12.6
3509.831, 12.6
3510.833, 12.5
3511.836, 12.5
3512.838, 12.4
3513.841, 12.4
3514.844, 12.4
3515.846, 12.3
3516.848, 12.3
3517.850, 12.3
3518.853, 12.2
3519.856, 12.2
3520.858, 12.1
3521.860, 12.1
3522.863, 12.1
3523.866, 12
3524.868, 12
3525.871, 11.9
3526.873, 11.9
3527.875, 11.9
3528.878, 11.8
3529.881, 11.8
3530.883, 11.7
3531.886, 11.7
3532.888, 11.7
3533.891, 11.6
3534.894, 11.6
3535.895, 11.5
3536.897, 11.5
3537.900, 11.4
3538.903, 11.4
3539.905, 11.4
3540.908, 11.3
3541.910, 11.3
3542.913, 11.2
3543.915, 11.1
3544.917, 11.1
3545.920, 11
3546.922, 11
3547.925, 10.9
3548.927, 10.9
3549.930, 10.8
3550.932, 10.7
3551.934, 10.7
3552.937, 10.6
3553.940, 10.6
3554.943, 10.5
3555.945, 10.5
3556.947, 10.4
3557.950, 10.3
3558.952, 10.3
3559.955, 10.2
3560.957, 10.2
3561.960, 10.1
3562.962, 10.1
3563.965, 10
3564.967, 10
3565.969, 10
3566.972, 10
3567.975, 9.9
3568.978, 9.9
3569.980, 9.9
3570.982, 9.9
3571.984, 9.9
3572.987, 9.9
3573.989, 9.9
3574.991, 9.9
3575.995, 9.9
3576.997, 9.9
3577.999, 9.9
3579.002, 9.9
3580.005, 9.9
3581.007, 9.9
3582.009, 9.9
3583.011, 9.9
3584.015, 9.9
3585.017, 9.9
3586.019, 9.9
3587.022, 9.9
3588.024, 9.9
3589.027, 9.9
3590.029, 9.9
3591.031, 9.9
3592.034, 9.9
3593.037, 9.9
3594.039, 9.9
3595.042, 10
3596.044, 10
3597.046, 10
3598.050, 10
3599.051, 10
3600.054, 10
3601.057, 10.1
3602.059, 10.1
3603.062, 10.1
3604.064, 10.1
3605.067, 10.1
3606.070, 10.1
3607.072, 10.2
3608.074, 10.2
3609.076, 10.2
3610.079, 10.2
3611.081, 10.2
3612.084, 10.2
3613.086, 10.3
3614.089, 10.3
3615.091, 10.3
3616.094, 10.3
3617.096, 10.3
3618.099, 10.4
3619.101, 10.4
3620.104, 10.4
3621.107, 10.4
3622.109, 10.4
3623.111, 10.4
3624.113, 10.5
3625.116, 10.5
3626.119, 10.5
3627.122, 10.5
3628.124, 10.5
3629.127, 10.5
3630.129, 10.6
3631.132, 10.6
3632.135, 10.6
3633.137, 10.6
3634.139, 10.6
3635.141, 10.7
3636.144, 10.7
3637.147, 10.7
3638.150, 10.7
3639.152, 10.7
3640.154, 10.8
3641.156, 10.8
3642.159, 10.8
3643.161, 10.8
3644.164, 10.9
3645.167, 10.9
3646.169, 10.9
3647.171, 10.9
3648.174, 10.9
3649.176, 10.9
3650.179, 10.9
3651.182, 11
3652.184, 11
3653.187, 11
3654.189, 11
3655.191, 11
3656.194, 11
3657.196, 11
3658.199, 11.1
3659.202, 11.1
3660.204, 11.1
3661.207, 11.2
3662.210, 11.2
3663.212, 11.2
3664.214, 11.3
3665.217, 11.3
3666.219, 11.3
3667.222, 11.4
3668.224, 11.4
3669.227, 11.4
3670.229, 11.5
3671.232, 11.5
3672.234, 11.5
3673.236, 11.5
3674.239, 11.6
3675.241, 11.6
3676.244, 11.6
3677.247, 11.6
3678.249, 11.6
3679.150, 11.7
ENDTABLE

LOG_ENTRY Used Dataset: Road: X-Y-Z Coordinates of Reference Line; Lusail
#Library : Road: X-Y-Z Coordinates of Reference Line
#DataSet : Lusail
#Category: 
#FileID  : RoadXYZ_8e4787f4-83b8-4e1d-b1ec-bd52d99d9bbc
#Product : CarSim 2017.1
#VehCode X-Y-Z Coords of Ref. Line

END
