Time,Alpha_L1,Alpha_L2,Alpha_R1,Alpha_R2,AVz     ,AV_Eng  ,Ay      ,Bk_Stat ,Fx_L1   ,Fx_L2   ,Fx_R1   ,Fx_R2   ,Fy_L1   ,Fy_L2   ,Fy_R1   ,Fy_R2   ,Fz_L1   ,Fz_L2   ,Fz_R1   ,Fz_R2   ,HeadO_1 ,HeadO_10,HeadO_2 ,HeadO_3 ,HeadO_4 ,HeadO_5 ,HeadO_6 ,HeadO_7 ,HeadO_8 ,HeadO_9 ,LatO_1  ,LatO_10 ,LatO_2  ,LatO_3  ,LatO_4  ,LatO_5  ,LatO_6  ,LatO_7  ,LatO_8  ,LatO_9  ,Lat_Targ,Lat_Veh ,Pitch   ,PitchGL1,PitchGL2,PitchGR1,PitchGR2,PitchO1 ,PitchO10,PitchO2 ,PitchO3 ,PitchO4 ,PitchO5 ,PitchO6 ,PitchO7 ,PitchO8 ,PitchO9 ,Roll    ,RollGL1 ,RollGL2 ,RollGR1 ,RollGR2 ,RollO_1 ,RollO_10,RollO_2 ,RollO_3 ,RollO_4 ,RollO_5 ,RollO_6 ,RollO_7 ,RollO_8 ,RollO_9 ,Roll_E  ,Roll_L1 ,Roll_L2 ,Roll_R1 ,Roll_R2 ,Rot_L1  ,Rot_L2  ,Rot_R1  ,Rot_R2  ,Station ,Steer_L1,Steer_R1,Steer_SW,S_Obj_1 ,S_Obj_10,S_Obj_2 ,S_Obj_3 ,S_Obj_4 ,S_Obj_5 ,S_Obj_6 ,S_Obj_7 ,S_Obj_8 ,S_Obj_9 ,S_RdO_1 ,S_RdO_10,S_RdO_2 ,S_RdO_3 ,S_RdO_4 ,S_RdO_5 ,S_RdO_6 ,S_RdO_7 ,S_RdO_8 ,S_RdO_9 ,VisO_1  ,VisO_10 ,VisO_2  ,VisO_3  ,VisO_4  ,VisO_5  ,VisO_6  ,VisO_7  ,VisO_8  ,VisO_9  ,Vx      ,VxTarget,v_mod1  ,v_mod2  ,v_mod3  ,v_mod4  ,Xctc_L1 ,Xctc_L2 ,Xctc_R1 ,Xctc_R2 ,Xo      ,X_DM_1  ,X_DM_10 ,X_DM_2  ,X_DM_3  ,X_DM_4  ,X_DM_5  ,X_DM_6  ,X_DM_7  ,X_DM_8  ,X_DM_9  ,X_L1    ,X_L2    ,X_Obj_1 ,X_Obj_10,X_Obj_2 ,X_Obj_3 ,X_Obj_4 ,X_Obj_5 ,X_Obj_6 ,X_Obj_7 ,X_Obj_8 ,X_Obj_9 ,X_R1    ,X_R2    ,Yaw     ,YawO_1  ,YawO_10 ,YawO_2  ,YawO_3  ,YawO_4  ,YawO_5  ,YawO_6  ,YawO_7  ,YawO_8  ,YawO_9  ,Yaw_L1  ,Yaw_L2  ,Yaw_R1  ,Yaw_R2  ,Yctc_L1 ,Yctc_L2 ,Yctc_R1 ,Yctc_R2 ,Yo      ,Y_DM_1  ,Y_DM_10 ,Y_DM_2  ,Y_DM_3  ,Y_DM_4  ,Y_DM_5  ,Y_DM_6  ,Y_DM_7  ,Y_DM_8  ,Y_DM_9  ,Y_L1    ,Y_L2    ,Y_Obj_1 ,Y_Obj_10,Y_Obj_2 ,Y_Obj_3 ,Y_Obj_4 ,Y_Obj_5 ,Y_Obj_6 ,Y_Obj_7 ,Y_Obj_8 ,Y_Obj_9 ,Y_R1    ,Y_R2    ,Zgnd_L1 ,Zgnd_L2 ,Zgnd_R1 ,Zgnd_R2 ,Zo      ,Z_DM_1  ,Z_DM_10 ,Z_DM_2  ,Z_DM_3  ,Z_DM_4  ,Z_DM_5  ,Z_DM_6  ,Z_DM_7  ,Z_DM_8  ,Z_DM_9  ,Z_L1    ,Z_L2    ,Z_Obj_1 ,Z_Obj_10,Z_Obj_2 ,Z_Obj_3 ,Z_Obj_4 ,Z_Obj_5 ,Z_Obj_6 ,Z_Obj_7 ,Z_Obj_8 ,Z_Obj_9 ,Z_R1    ,Z_R2    
            0, 7.67994102646e-18,             0, -7.67994102646e-18,             0,             0, 2337.08007812, -8.72339746458e-21,             0, -4.93432725235e-11, -1.44153838172e-11, -4.93432725235e-11, -1.44153838172e-11, -3.0784640605e-19,             0, 3.0784640605e-19,             0, 4403.56884766, 2520.42797852, 4403.56884766, 2520.42797852,             0,             0,             0,             0,             0,             0,             0,             0,             0,             0,             0,             0,             0,             0,             0,             0,             0,             0,             0,             0,             0,             0, 0.13834965229,             0,             0,             0,             0,             0,             0,             0,             0,             0,             0,             0,             0,             0,             0,             0,             0,             0,             0,             0,             0,             0,             0,             0,             0,             0,             0,             0,             0,             0,             0, 1.59027735929e-15,             0, -1.59027735929e-15,             0, 0.000384304614272, 0.000384304614272, 0.000384304614272, 0.000384304614272,             0,             0,             0,             0,             0,             0,             0,             0,             0,             0,             0,             0,             0,             0, 3.33333325386, 33.3333320618, 6.66666650772,            10, 13.3333330154, 16.6666660309,            20, 23.3333339691, 26.6666660309,            30,             1,             1,             1,             1,             1,             1,             1,             1,             1,             1,           120,           120, 2.67060409962e-18,             0, 13.8240003586, 1.54919338226, 0.00078476278577, -2.90920686722, 0.00078476278577, -2.90920686722,             0, 3.33333325386, 33.3333320618, 6.66666650772,            10, 13.3333330154, 16.6666660309,            20, 23.3333339691, 26.6666660309,            30, 0.00078476278577, -2.90920686722, 3.33333325386, 33.3333320618, 6.66666650772,            10, 13.3333330154, 16.6666660309,            20, 23.3333339691, 26.6666660309,            30, 0.00078476278577, -2.90920686722,             0,             0,             0,             0,             0,             0,             0,             0,             0,             0,             0, -1.01504288525e-15,             0, 1.61869743226e-15,             0, 0.837499976158, 0.837499976158, -0.837499976158, -0.837499976158,             0,             0,             0,             0,             0,             0,             0,             0,             0,             0,             0, 0.837499976158, 0.837499976158,             0,             0,             0,             0,             0,             0,             0,             0,             0,             0, -0.837499976158, -0.837499976158,             0,             0,             0,             0, -0.00743027916178,             0,             0,             0,             0,             0,             0,             0,             0,             0,             0, 0.317568778992, 0.324595421553,             0,             0,             0,             0,             0,             0,             0,             0,             0,             0, 0.317568778992, 0.324595421553
        0.025, -0.000556111161131, -0.00028775841929, 0.000556111161131, 0.00028775841929, 7.33952142972e-16, 2314.03735352, -3.45178333715e-17,             0, -27.9780349731, -14.5006599426, -27.9780349731, -14.5006599426, 0.443130850792, 0.231993451715, -0.443130850792, -0.231993451715, 4388.56396484, 2529.40576172, 4388.56396484, 2529.40576172,             0,             0,             0,             0,             0,             0,             0,             0,             0,             0,             0,             0,             0,             0,             0,             0,             0,             0,             0,             0,             0, 1.07256123711e-20, 0.135900646448,             0,             0,             0,             0,             0,             0,             0,             0,             0,             0,             0,             0,             0,             0, -9.29912143293e-18,             0,             0,             0,             0,             0,             0,             0,             0,             0,             0,             0,             0,             0,             0, -9.29914790271e-18, -0.000640836893581, -0.000447196274763, 0.000640836893581, 0.000447196274763, 0.408341884613, 0.408349841833, 0.408341884613, 0.408349841833, 0.83324432373, 0.000346526387148, -0.000346526387148, 1.65180731489e-15,             0,             0,             0,             0,             0,             0,             0,             0,             0,             0, 4.14902067184, 34.1409759521, 7.48146009445, 10.8138990402, 14.1463384628, 17.4787788391, 20.8112163544,  24.143655777, 27.4760951996, 30.8085346222,             1,             1,             1,             1,             1,             1,             1,             1,             1,             1, 119.967384338,           120,             0, 0.182802677155, 13.8127336502, 1.54898285866, 0.834012567997, -2.07597875595, 0.834012567997, -2.07597875595, 0.83324432373, 4.16566467285, 34.1574516296, 7.49808549881, 10.8305063248, 14.1629266739, 17.4953479767, 20.8277683258, 24.1601886749,  27.492609024, 30.8250293732, 0.834012567997, -2.07597875595, 4.16566467285, 34.1574516296, 7.49808549881, 10.8305063248, 14.1629266739, 17.4953479767, 20.8277683258, 24.1601886749,  27.492609024, 30.8250293732, 0.834012567997, -2.07597875595, 8.8248284774e-18,             0,             0,             0,             0,             0,             0,             0,             0,             0,             0, 0.000348047382431, 0.000193682004465, -0.000348047382431, -0.000193682004465, 0.837497889996, 0.837497651577, -0.837497889996, -0.837497651577, 1.07256123711e-20,             0,             0,             0,             0,             0,             0,             0,             0,             0,             0, 0.837501466274, 0.837500214577,             0,             0,             0,             0,             0,             0,             0,             0,             0,             0, -0.837501466274, -0.837500214577,             0,             0,             0,             0, -0.00732205156237,             0,             0,             0,             0,             0,             0,             0,             0,             0,             0, 0.317624747753, 0.324561923742,             0,             0,             0,             0,             0,             0,             0,             0,             0,             0, 0.317624747753, 0.324561923742
         0.05, -0.00154570490122, -0.00011973882647, 0.00154570490122, 0.00011973882647, 2.66923290383e-15,    2297.78125, 5.77784003507e-17,             0, -37.1634635925, -14.3638248444, -37.1634635925, -14.3638248444, 1.45160055161,  0.1507024616, -1.45160055161, -0.1507024616, 4341.09814453,  2535.9777832, 4341.09814453,  2535.9777832,             0,             0,             0,             0,             0,             0,             0,             0,             0,             0,             0,             0,             0,             0,             0,             0,             0,             0,             0,             0,             0, -1.66174549228e-19, 0.129696413875,             0,             0,             0,             0,             0,             0,             0,             0,             0,             0,             0,             0,             0,             0, -3.07301865815e-17,             0,             0,             0,             0,             0,             0,             0,             0,             0,             0,             0,             0,             0,             0, -3.07302659909e-17, -0.00202580098994, -0.000433397246525, 0.00202580098994, 0.000433397246525, 0.816157460213, 0.816194176674, 0.816157460213, 0.816194176674, 1.66628992558, 0.00109636166599, -0.00109636166599, -2.76886600128e-15,             0,             0,             0,             0,             0,             0,             0,             0,             0,             0,  4.9811205864, 34.9645233154, 8.31260967255, 11.6440992355, 14.9755887985, 18.3070774078, 21.6385669708, 24.9700565338, 28.3015460968, 31.6330356598,             1,             1,             1,             1,             1,             1,             1,             1,             1,             1, 119.933303833,           120,             0, 0.290426433086, 13.8009662628, 1.54876279831, 1.66702091694, -1.24296891689, 1.66702091694, -1.24296891689, 1.66628992558, 4.99775981903, 34.9809913635, 8.32923030853, 11.6606998444, 14.9921703339, 18.3236408234, 21.6551113129,  24.986579895, 28.3180503845,  31.649520874, 1.66702091694, -1.24296891689, 4.99775981903, 34.9809913635, 8.32923030853, 11.6606998444, 14.9921703339, 18.3236408234, 21.6551113129,  24.986579895, 28.3180503845,  31.649520874, 1.66702091694, -1.24296891689, 2.8982797316e-17,             0,             0,             0,             0,             0,             0,             0,             0,             0,             0, 0.0011009501759, 0.000186776844203, -0.0011009501759, -0.000186776844203, 0.837493300438, 0.837497711182, -0.837493300438, -0.837497711182, -1.66174549228e-19,             0,             0,             0,             0,             0,             0,             0,             0,             0,             0, 0.837504565716, 0.837500154972,             0,             0,             0,             0,             0,             0,             0,             0,             0,             0, -0.837504565716, -0.837500154972,             0,             0,             0,             0, -0.00703216483817,             0,             0,             0,             0,             0,             0,             0,             0,             0,             0, 0.317801862955, 0.324537396431,             0,             0,             0,             0,             0,             0,             0,             0,             0,             0, 0.317801862955, 0.324537396431
        0.075, -0.00317570194602, -0.000196167864488, 0.00317570194602, 0.000196167864488, 3.68587699899e-15, 2288.44604492, -4.37727560628e-18,             0, -46.3365211487, -14.1100692749, -46.3365211487, -14.1100692749, 3.29968976974, 0.124060414732, -3.29968976974, -0.124060414732, 4289.97509766, 2531.87084961, 4289.97509766, 2531.87084961,             0,             0,             0,             0,             0,             0,             0,             0,             0,             0,             0,             0,             0,             0,             0,             0,             0,             0,             0,             0,             0, 6.3345760143e-19, 0.122158803046,             0,             0,             0,             0,             0,             0,             0,             0,             0,             0,             0,             0,             0,             0, -4.96988343083e-17,             0,             0,             0,             0,             0,             0,             0,             0,             0,             0,             0,             0,             0,             0, -4.96989468048e-17, -0.00453322660178, -0.000343095423887, 0.00453322660178, 0.000343095423887, 1.22382044792,    1.22392416, 1.22382044792,    1.22392416,   2.499106884, 0.00245721358806, -0.00245721358806, -4.29327119645e-15,             0,             0,             0,             0,             0,             0,             0,             0,             0,             0, 5.81296300888, 35.7875556946, 9.14347362518, 12.4739837646, 15.8044939041, 19.1350040436, 22.4655151367, 25.7960243225, 29.1265354156, 32.4570465088,             1,             1,             1,             1,             1,             1,             1,             1,             1,             1, 119.898025513,           120,             0, 0.350944131613, 13.7887954712, 1.54853510857, 2.49979186058, -0.410195380449, 2.49979186058, -0.410195380449,   2.499106884, 5.82959747314, 35.8040122986, 9.16008758545, 12.4905776978, 15.8210687637, 19.1515598297,  22.482049942, 25.8125400543, 29.1430301666, 32.4735221863, 2.49979186058, -0.410195380449, 5.82959747314, 35.8040122986, 9.16008758545, 12.4905776978, 15.8210687637, 19.1515598297,  22.482049942, 25.8125400543, 29.1430301666, 32.4735221863, 2.49979186058, -0.410195380449, 1.01449380938e-16,             0,             0,             0,             0,             0,             0,             0,             0,             0,             0, 0.00246688444167, 0.000147812039359, -0.00246688444167, -0.000147812039359, 0.837484955788, 0.837498188019, -0.837484955788, -0.837498188019, 6.3345760143e-19,             0,             0,             0,             0,             0,             0,             0,             0,             0,             0, 0.837510108948, 0.837500154972,             0,             0,             0,             0,             0,             0,             0,             0,             0,             0, -0.837510108948, -0.837500154972, 5.55111512313e-17,             0, 5.55111512313e-17,             0, -0.00663760025054,             0,             0,             0,             0,             0,             0,             0,             0,             0,             0, 0.317992627621, 0.324552714825,             0,             0,             0,             0,             0,             0,             0,             0,             0,             0, 0.317992627621, 0.324552714825
          0.1, -0.0052419831045, -0.000759734539315, 0.0052419831045, 0.000759734539315, 4.73651083226e-15, 2285.01049805, 2.29825664645e-17,             0, -51.7005500793, -13.8981571198, -51.7005500793, -13.8981571198,  5.8877658844, 0.44417911768, -5.8877658844, -0.44417911768,  4253.7890625, 2519.22753906,  4253.7890625, 2519.22753906,             0,             0,             0,             0,             0,             0,             0,             0,             0,             0,             0,             0,             0,             0,             0,             0,             0,             0,             0,             0,             0, 2.36849375168e-18, 0.11534627527,             0,             0,             0,             0,             0,             0,             0,             0,             0,             0,             0,             0,             0,             0, -7.75759889303e-17,             0,             0,             0,             0,             0,             0,             0,             0,             0,             0,             0,             0,             0,             0, -7.7576147749e-17, -0.00798039510846, -0.000890348397661, 0.00798039510846, 0.000890348397661, 1.63133180141, 1.63153219223, 1.63133180141, 1.63153219223, 3.33166885376, 0.00433510541916, -0.00433510541916, -7.52940715825e-15,             0,             0,             0,             0,             0,             0,             0,             0,             0,             0, 6.64452838898, 36.6101036072, 9.97403621674, 13.3035449982, 16.6330528259, 19.9625606537, 23.2920684814, 26.6215782166, 29.9510860443, 33.2805938721,             1,             1,             1,             1,             1,             1,             1,             1,             1,             1, 119.861846924,           120,             0, 0.377502411604, 13.7763233185, 1.54830157757, 3.33231115341, 0.422326624393, 3.33231115341, 0.422326624393, 3.33166885376, 6.66115665436, 36.6265487671, 9.99064445496, 13.3201332092, 16.6496200562, 19.9791088104, 23.3085975647, 26.6380844116, 29.9675731659, 33.2970619202, 3.33231115341, 0.422326624393, 6.66115665436, 36.6265487671, 9.99064445496, 13.3201332092, 16.6496200562, 19.9791088104, 23.3085975647, 26.6380844116, 29.9675731659, 33.2970619202, 3.33231115341, 0.422326624393, 2.29082469335e-16,             0,             0,             0,             0,             0,             0,             0,             0,             0,             0, 0.0043511800468, 0.000384932529414, -0.0043511800468, -0.000384932529414, 0.837473273277, 0.837495326996, -0.837473273277, -0.837495326996, 2.36849375168e-18,             0,             0,             0,             0,             0,             0,             0,             0,             0,             0, 0.837517559528, 0.837500393391,             0,             0,             0,             0,             0,             0,             0,             0,             0,             0, -0.837517559528, -0.837500393391,             0, 5.55111512313e-17,             0, 5.55111512313e-17, -0.00622320175171,             0,             0,             0,             0,             0,             0,             0,             0,             0,             0, 0.318127661943, 0.324599891901,             0,             0,             0,             0,             0,             0,             0,             0,             0,             0, 0.318127661943, 0.324599891901
        0.125, -0.00745174149051, -0.00173607922625, 0.00745174149051, 0.00173607922625, 1.96839339634e-15, 2286.09521484, 4.11290620097e-18,             0, -52.6164398193, -13.7909126282, -52.6164398193, -13.7909126282, 8.87810611725, 1.14642751217, -8.87810611725, -1.14642751217, 4237.87890625, 2505.66210938, 4237.87890625, 2505.66210938,             0,             0,             0,             0,             0,             0,             0,             0,             0,             0,             0,             0,             0,             0,             0,             0,             0,             0,             0,             0,             0, 2.94956910684e-18, 0.110099054873,             0,             0,             0,             0,             0,             0,             0,             0,             0,             0,             0,             0,             0,             0, -1.43614422972e-16,             0,             0,             0,             0,             0,             0,             0,             0,             0,             0,             0,             0,             0,             0, -1.4361468767e-16, -0.0118887322024, -0.00238242698833, 0.0118887322024, 0.00238242698833, 2.03870391846, 2.03901386261, 2.03870391846, 2.03901386261, 4.16396427155, 0.00647405395284, -0.00647405395284, -5.49150433243e-15,             0,             0,             0,             0,             0,             0,             0,             0,             0,             0, 7.47581672668, 37.4322814941,  10.804312706, 14.1328086853, 17.4613037109, 20.7898006439, 24.1182956696, 27.4467926025, 30.7752876282, 34.1037826538,             1,             1,             1,             1,             1,             1,             1,             1,             1,             1, 119.825317383,           120,             0, 0.376343429089, 13.7637319565, 1.54806566238, 4.16457223892, 1.25458955765, 4.16457223892, 1.25458955765, 4.16396427155, 7.49243974686, 37.4487190247, 10.8209152222, 14.1493911743, 17.4778671265, 20.8063430786, 24.1348171234, 27.4632930756, 30.7917690277, 34.1202430725, 4.16457223892, 1.25458955765, 7.49243974686, 37.4487190247, 10.8209152222, 14.1493911743, 17.4778671265, 20.8063430786, 24.1348171234, 27.4632930756, 30.7917690277, 34.1202430725, 4.16457223892, 1.25458955765, 3.14518924016e-16,             0,             0,             0,             0,             0,             0,             0,             0,             0,             0, 0.00649691140279, 0.00102960178629, -0.00649691140279, -0.00102960178629, 0.837459862232, 0.837487518787, -0.837459862232, -0.837487518787, 2.94956910684e-18,             0,             0,             0,             0,             0,             0,             0,             0,             0,             0, 0.837525844574, 0.837500989437,             0,             0,             0,             0,             0,             0,             0,             0,             0,             0, -0.837525844574, -0.837500989437,             0,             0,             0,             0, -0.00584823172539,             0,             0,             0,             0,             0,             0,             0,             0,             0,             0, 0.318186998367, 0.324650526047,             0,             0,             0,             0,             0,             0,             0,             0,             0,             0, 0.318186998367, 0.324650526047
         0.15, -0.00955855101347, -0.00284101441503, 0.00955855101347, 0.00284101441503, 1.32320003597e-15, 2290.35351562, 1.18375686645e-16,             0, -49.7953681946, -13.7976579666, -49.7953681946, -13.7976579666, 11.8997097015, 2.04827952385, -11.8997097015, -2.04827952385, 4238.39892578, 2497.90478516, 4238.39892578, 2497.90478516,             0,             0,             0,             0,             0,             0,             0,             0,             0,             0,             0,             0,             0,             0,             0,             0,             0,             0,             0,             0,             0, 3.85729374321e-18, 0.106219299138,             0,             0,             0,             0,             0,             0,             0,             0,             0,             0,             0,             0,             0,             0, -1.29227409544e-16,             0,             0,             0,             0,             0,             0,             0,             0,             0,             0,             0,             0,             0,             0, -1.29227634537e-16, -0.0157760418952, -0.00457039568573, 0.0157760418952, 0.00457039568573,  2.4459528923, 2.44636869431,  2.4459528923, 2.44636869431, 4.99599313736, 0.00861179176718, -0.00861179176718, -4.51503162182e-15,             0,             0,             0,             0,             0,             0,             0,             0,             0,             0, 8.30684185028, 38.2542228699, 11.6343288422,  14.961815834, 18.2893028259, 21.6167888641, 24.9442749023, 28.2717628479, 31.5992488861, 34.9267349243,             1,             1,             1,             1,             1,             1,             1,             1,             1,             1,   119.7889328,           120,             0, 0.352377146482, 13.7511997223, 1.54783058167, 4.99657487869, 2.08659362793, 4.99657487869, 2.08659362793, 4.99599313736, 8.32345962524, 38.2706604004,   11.65092659, 14.9783935547, 18.3058605194, 21.6333274841, 24.9607925415, 28.2882595062, 31.6157264709, 34.9431915283, 4.99657487869, 2.08659362793, 8.32345962524, 38.2706604004,   11.65092659, 14.9783935547, 18.3058605194, 21.6333274841, 24.9607925415, 28.2882595062, 31.6157264709, 34.9431915283, 4.99657487869, 2.08659362793, 3.69283071597e-16,             0,             0,             0,             0,             0,             0,             0,             0,             0,             0, 0.00864105299115, 0.00197374168783, -0.00864105299115, -0.00197374168783, 0.837446272373, 0.837475955486, -0.837446272373, -0.837475955486, 3.85729374321e-18,             0,             0,             0,             0,             0,             0,             0,             0,             0,             0, 0.837533891201, 0.837501883507,             0,             0,             0,             0,             0,             0,             0,             0,             0,             0, -0.837533891201, -0.837501883507, 5.55111512313e-17, 5.55111512313e-17, 5.55111512313e-17, 5.55111512313e-17, -0.00553747406229,             0,             0,             0,             0,             0,             0,             0,             0,             0,             0, 0.318185061216, 0.324679464102,             0,             0,             0,             0,             0,             0,             0,             0,             0,             0, 0.318185061216, 0.324679464102
        0.175, -0.0114247286692, -0.00378386047669, 0.0114247286692, 0.00378386047669, -1.7773607852e-15, 2296.71777344, 4.36710533793e-17,             0, -44.4524421692, -13.8896331787, -44.4524421692, -13.8896331787, 14.6692094803, 2.90500831604, -14.6692094803, -2.90500831604,   4247.828125, 2497.98461914,   4247.828125, 2497.98461914,             0,             0,             0,             0,             0,             0,             0,             0,             0,             0,             0,             0,             0,             0,             0,             0,             0,             0,             0,             0,             0, 6.05363404541e-18, 0.103085786104,             0,             0,             0,             0,             0,             0,             0,             0,             0,             0,             0,             0,             0,             0, -4.6479423376e-18,             0,             0,             0,             0,             0,             0,             0,             0,             0,             0,             0,             0,             0,             0, -4.64794978222e-18, -0.0193181820214, -0.00689159054309, 0.0193181820214, 0.00689159054309, 2.85309290886, 2.85359883308, 2.85309290886, 2.85359883308, 5.82776498795, 0.0105685479939, -0.0105685479939, -1.41820187491e-15,             0,             0,             0,             0,             0,             0,             0,             0,             0,             0, 9.13762283325,   39.07604599, 12.4641141891,  15.790605545, 19.1170978546, 22.4435882568, 25.7700805664, 29.0965709686, 32.4230613708, 35.7495536804,             1,             1,             1,             1,             1,             1,             1,             1,             1,             1, 119.753089905,           120,             0, 0.309485048056, 13.7388591766, 1.54759895802, 5.82832527161, 2.91834425926, 5.82832527161, 2.91834425926, 5.82776498795, 9.15423679352, 39.0924797058, 12.4807081223,  15.807179451, 19.1336517334, 22.4601230621, 25.7865943909, 29.1130657196, 32.4395370483, 35.7660102844, 5.82832527161, 2.91834425926, 9.15423679352, 39.0924797058, 12.4807081223,  15.807179451, 19.1336517334, 22.4601230621, 25.7865943909, 29.1130657196, 32.4395370483, 35.7660102844, 5.82832527161, 2.91834425926, 4.00483503739e-16,             0,             0,             0,             0,             0,             0,             0,             0,             0,             0, 0.0106033226475, 0.00297461031005, -0.0106033226475, -0.00297461031005, 0.837433695793, 0.837463736534, -0.837433695793, -0.837463736534, 6.05363404541e-18,             0,             0,             0,             0,             0,             0,             0,             0,             0,             0, 0.837540984154, 0.837502777576,             0,             0,             0,             0,             0,             0,             0,             0,             0,             0, -0.837540984154, -0.837502777576,             0,             0,             0,             0, -0.00528876949102,             0,             0,             0,             0,             0,             0,             0,             0,             0,             0, 0.318149864674, 0.324679166079,             0,             0,             0,             0,             0,             0,             0,             0,             0,             0, 0.318149864674, 0.324679166079
          0.2, -0.0130200842395, -0.00441171275452, 0.0130200842395, 0.00441171275452, -2.5487829129e-15, 2304.49853516, 4.13948045348e-17,             0, -37.8817481995, -14.0210886002, -37.8817481995, -14.0210886002,  17.038110733, 3.54635381699, -17.038110733, -3.54635381699, 4259.21630859, 2503.51049805, 4259.21630859, 2503.51049805,             0,             0,             0,             0,             0,             0,             0,             0,             0,             0,             0,             0,             0,             0,             0,             0,             0,             0,             0,             0,             0, 8.04287065612e-18, 0.100164785981,             0,             0,             0,             0,             0,             0,             0,             0,             0,             0,             0,             0,             0,             0, 1.81232956105e-16,             0,             0,             0,             0,             0,             0,             0,             0,             0,             0,             0,             0,             0,             0, 1.81233234037e-16, -0.0223867595196, -0.00882796756923, 0.0223867595196, 0.00882796756923,  3.2601339817, 3.26070761681,  3.2601339817, 3.26070761681, 6.65928792953, 0.0122704003006, -0.0122704003006, -8.0141837016e-16,             0,             0,             0,             0,             0,             0,             0,             0,             0,             0, 9.96817684174, 39.8978271484, 13.2936935425, 16.6192092896,  19.944726944,  23.270242691, 26.5957603455, 29.9212760925, 33.2467918396, 36.5723114014,             1,             1,             1,             1,             1,             1,             1,             1,             1,             1, 119.718025208,           120,             0, 0.250076889992, 13.7267904282, 1.54737234116, 6.65982866287, 3.74984812737, 6.65982866287, 3.74984812737, 6.65928792953, 9.98478507996, 39.9142608643, 13.3102827072, 16.6357803345, 19.9612770081,  23.286775589, 26.6122722626, 29.9377689362, 33.2632675171, 36.5887641907, 6.65982866287, 3.74984812737, 9.98478507996, 39.9142608643, 13.3102827072, 16.6357803345, 19.9612770081,  23.286775589, 26.6122722626, 29.9377689362, 33.2632675171, 36.5887641907, 6.65982866287, 3.74984812737, 3.78778019768e-16,             0,             0,             0,             0,             0,             0,             0,             0,             0,             0, 0.0123095549643, 0.00380891282111, -0.0123095549643, -0.00380891282111, 0.837422728539, 0.83745354414, -0.837422728539, -0.83745354414, 8.04287065612e-18,             0,             0,             0,             0,             0,             0,             0,             0,             0,             0, 0.837547004223, 0.837503552437,             0,             0,             0,             0,             0,             0,             0,             0,             0,             0, -0.837547004223, -0.837503552437,             0,             0,             0,             0, -0.00508613744751,             0,             0,             0,             0,             0,             0,             0,             0,             0,             0, 0.318107366562, 0.324658542871,             0,             0,             0,             0,             0,             0,             0,             0,             0,             0, 0.318107366562, 0.324658542871
        0.225, -0.0143858129159, -0.0047331796959, 0.0143858129159, 0.0047331796959, -3.25911765972e-15, 2321.87670898, 4.00591229125e-17,             0, -29.908744812, -14.161564827, -29.908744812, -14.161564827, 18.9650974274, 3.92751431465, -18.9650974274, -3.92751431465, 4268.18652344, 2510.42626953, 4268.18652344, 2510.42626953,             0,             0,             0,             0,             0,             0,             0,             0,             0,             0,             0,             0,             0,             0,             0,             0,             0,             0,             0,             0,             0, 9.3153358273e-18, 0.0972006395459,             0,             0,             0,             0,             0,             0,             0,             0,             0,             0,             0,             0,             0,             0, 3.9007553346e-16,             0,             0,             0,             0,             0,             0,             0,             0,             0,             0,             0,             0,             0,             0, 3.90076089326e-16, -0.0250062476844, -0.0101335393265, 0.0250062476844, 0.0101335393265, 3.66708254814, 3.66769838333, 3.66708254814, 3.66769838333, 7.49057102203, 0.0137280123308, -0.0137280123308, 1.36446345775e-15,             0,             0,             0,             0,             0,             0,             0,             0,             0,             0, 10.7985143661, 40.7196121216, 14.1230802536, 17.4476470947, 20.7722129822, 24.0967788696, 27.4213466644, 30.7459125519,  34.070476532, 37.3950462341,             1,             1,             1,             1,             1,             1,             1,             1,             1,             1, 119.683853149,           120,             0, 0.107155561447, 13.7150354385, 1.54715144634, 7.49109268188,  4.5811123848, 7.49109268188,  4.5811123848, 7.49057102203, 10.8151187897, 40.7360458374, 14.1396665573,  17.464214325, 20.7887611389, 24.1133098602, 27.4378566742, 30.7624053955, 34.0869522095, 37.4114990234, 7.49109220505,  4.5811123848, 10.8151187897, 40.7360458374, 14.1396665573,  17.464214325, 20.7887611389, 24.1133098602, 27.4378566742, 30.7624053955, 34.0869522095, 37.4114990234, 7.49109220505,  4.5811123848, 3.03136495271e-16,             0,             0,             0,             0,             0,             0,             0,             0,             0,             0, 0.0137704536319, 0.00437074014917, -0.0137704536319, -0.00437074014917,  0.8374132514, 0.837446630001, -0.8374132514, -0.837446630001, 9.3153358273e-18,             0,             0,             0,             0,             0,             0,             0,             0,             0,             0, 0.837552070618, 0.837504029274,             0,             0,             0,             0,             0,             0,             0,             0,             0,             0, -0.837552070618, -0.837504029274,             0,             0,             0,             0, -0.00491095567122,             0,             0,             0,             0,             0,             0,             0,             0,             0,             0, 0.318073898554, 0.32463273406,             0,             0,             0,             0,             0,             0,             0,             0,             0,             0, 0.318073898554, 0.32463273406
         0.25, -0.0155929327011, -0.00484779058024, 0.0155929327011, 0.00484779058024, -3.46932370866e-15, 2359.67456055, -1.81213385011e-17,             0, -21.0342750549, -14.3023605347, -21.0342750549, -14.3023605347, 20.4987297058, 4.10007238388, -20.4987297058, -4.10007238388,  4272.9765625, 2515.85083008,  4272.9765625, 2515.85083008,             0,             0,             0,             0,             0,             0,             0,             0,             0,             0,             0,             0,             0,             0,             0,             0,             0,             0,             0,             0,             0, 1.17814854881e-17, 0.0941301584244,             0,             0,             0,             0,             0,             0,             0,             0,             0,             0,             0,             0,             0,             0, 6.91160514932e-16,             0,             0,             0,             0,             0,             0,             0,             0,             0,             0,             0,             0,             0,             0, 6.91161467845e-16, -0.0272832643241, -0.0108426716179, 0.0272832643241, 0.0108426716179, 4.07394933701, 4.07457447052, 4.07394933701, 4.07457447052, 8.32162189484, 0.0149986064062, -0.0149986064062, 1.74389790159e-15,             0,             0,             0,             0,             0,             0,             0,             0,             0,             0, 11.6286506653, 41.5414772034, 14.9522981644, 18.2759456635, 21.5995922089, 24.9232406616,  28.246887207, 31.5705356598, 34.8941841125,  38.217830658,             1,             1,             1,             1,             1,             1,             1,             1,             1,             1, 119.650810242,           120, 0.0956693217158,             0, 13.7036762238,  1.5469378233, 8.32212352753, 5.41214466095, 8.32212352753, 5.41214466095, 8.32162189484, 11.6452512741, 41.5579147339, 14.9688806534,  18.292509079, 21.6161384583, 24.9397678375, 28.2633972168, 31.5870265961, 34.9106559753,  38.234287262, 8.32212352753, 5.41214466095, 11.6452512741, 41.5579147339, 14.9688806534,  18.292509079, 21.6161384583, 24.9397678375, 28.2633972168, 31.5870265961, 34.9106559753,  38.234287262, 8.32212352753, 5.41214466095, 2.41477234801e-16,             0,             0,             0,             0,             0,             0,             0,             0,             0,             0, 0.0150434495881, 0.00467518018559, -0.0150434495881, -0.00467518018559, 0.83740490675, 0.837442874908, -0.83740490675, -0.837442874908, 1.17814854881e-17,             0,             0,             0,             0,             0,             0,             0,             0,             0,             0, 0.837556362152, 0.837504267693,             0,             0,             0,             0,             0,             0,             0,             0,             0,             0, -0.837556362152, -0.837504267693,             0, -5.55111512313e-17,             0, -5.55111512313e-17, -0.00474790483713,             0,             0,             0,             0,             0,             0,             0,             0,             0,             0, 0.31805601716, 0.324612498283,             0,             0,             0,             0,             0,             0,             0,             0,             0,             0, 0.31805601716, 0.324612498283
        0.275, -0.016714155674, -0.00483240699396, 0.016714155674, 0.00483240699396, -1.13708730982e-15, 2405.97216797, -1.26673194927e-16,             0,  5.6253786087, -14.6010293961,  5.6253786087, -14.6010293961,  21.644487381, 4.14008569717, -21.644487381, -4.14008569717,   4273.578125, 2519.19946289,   4273.578125, 2519.19946289,             0,             0,             0,             0,             0,             0,             0,             0,             0,             0,             0,             0,             0,             0,             0,             0,             0,             0,             0,             0,             0, 1.46098310694e-17, 0.090919546783,             0,             0,             0,             0,             0,             0,             0,             0,             0,             0,             0,             0,             0,             0, 1.06052516639e-15,             0,             0,             0,             0,             0,             0,             0,             0,             0,             0,             0,             0,             0,             0, 1.06052643694e-15, -0.0293463505805, -0.0111228795722, 0.0293463505805, 0.0111228795722, 4.48076248169, 4.48134040833, 4.48076248169, 4.48134040833, 9.15244960785, 0.0161526352167, -0.0161526352167, -1.07124045081e-15,             0,             0,             0,             0,             0,             0,             0,             0,             0,             0,  12.458615303, 42.3636398315, 15.7813949585, 19.1041755676, 22.4269561768, 25.7497367859,  29.072517395, 32.3952980042, 35.7180786133, 39.0408592224,             1,             1,             1,             1,             1,             1,             1,             1,             1,             1, 119.619674683,           120, 0.227105721831,             0, 13.6929807663, 1.54673647881, 9.15293216705, 6.24295330048, 9.15293216705, 6.24295330048, 9.15244960785, 12.4752130508, 42.3800888062, 15.7979774475, 19.1207408905, 22.4435062408, 25.7662696838, 29.0890331268, 32.4117965698, 35.7345619202, 39.0573272705, 9.15293216705, 6.24295330048, 12.4752130508, 42.3800888062, 15.7979774475, 19.1207408905, 22.4435062408, 25.7662696838, 29.0890331268, 32.4117965698, 35.7345619202, 39.0573272705, 9.15293216705, 6.24295330048, 1.8301339289e-16,             0,             0,             0,             0,             0,             0,             0,             0,             0,             0, 0.0161992236972, 0.00479467399418, -0.0161992236972, -0.00479467399418, 0.837397217751, 0.837441384792, -0.837397217751, -0.837441384792, 1.46098310694e-17,             0,             0,             0,             0,             0,             0,             0,             0,             0,             0, 0.837560176849, 0.837504386902,             0,             0,             0,             0,             0,             0,             0,             0,             0,             0, -0.837560176849, -0.837504386902, 5.55111512313e-17, 5.55111512313e-17, 5.55111512313e-17, 5.55111512313e-17, -0.00458658486605,             0,             0,             0,             0,             0,             0,             0,             0,             0,             0, 0.318053781986, 0.324599981308,             0,             0,             0,             0,             0,             0,             0,             0,             0,             0, 0.318053781986, 0.324599981308
          0.3, -0.0178177077323, -0.00464710732922, 0.0178177077323, 0.00464710732922, -4.32456736979e-15, 2448.67749023, -2.23607053149e-17,             0,  55.441619873, -15.2193222046,  55.441619873, -15.2193222046, 24.2238483429,  4.0549082756, -24.2238483429, -4.0549082756, 4269.69140625, 2523.18676758, 4269.69140625, 2523.18676758,             0,             0,             0,             0,             0,             0,             0,             0,             0,             0,             0,             0,             0,             0,             0,             0,             0,             0,             0,             0,             0, 1.64735682512e-17, 0.0872018933296,             0,             0,             0,             0,             0,             0,             0,             0,             0,             0,             0,             0,             0,             0, 1.41799742233e-15,             0,             0,             0,             0,             0,             0,             0,             0,             0,             0,             0,             0,             0,             0, 1.41799911639e-15, -0.0313194207847, -0.0110394787043, 0.0313194207847, 0.0110394787043, 4.88762760162, 4.88800668716, 4.88762760162, 4.88800668716, 9.98308086395, 0.0172587390989, -0.0172587390989, 4.71304463149e-15,             0,             0,             0,             0,             0,             0,             0,             0,             0,             0, 13.2885198593, 43.1869697571, 16.6105709076, 19.9326210022, 23.2546691895, 26.5767192841, 29.8987693787, 33.2208213806, 36.5428695679, 39.8649215698,             1,             1,             1,             1,             1,             1,             1,             1,             1,             1, 119.593559265,           120, 0.32457152009,             0,  13.684012413, 1.54656755924,   9.983543396, 7.07356357574,   9.983543396, 7.07356357574, 9.98308086395, 13.3051185608,  43.203453064,  16.627155304, 19.9491920471, 23.2712306976, 26.5932674408,  29.915304184, 33.2373428345, 36.5593795776, 39.8814163208, 9.98354244232, 7.07356357574, 13.3051185608,  43.203453064,  16.627155304, 19.9491920471, 23.2712306976, 26.5932674408,  29.915304184, 33.2373428345, 36.5593795776, 39.8814163208, 9.98354244232, 7.07356357574, 9.93096102772e-17,             0,             0,             0,             0,             0,             0,             0,             0,             0,             0, 0.01730642654, 0.00475718546659, -0.01730642654, -0.00475718546659, 0.837389945984, 0.837441802025, -0.837389945984, -0.837441802025, 1.64735682512e-17,             0,             0,             0,             0,             0,             0,             0,             0,             0,             0, 0.837563812733, 0.837504386902,             0,             0,             0,             0,             0,             0,             0,             0,             0,             0, -0.837563812733, -0.837504386902,             0, 5.55111512313e-17,             0, 5.55111512313e-17, -0.00441597960889,             0,             0,             0,             0,             0,             0,             0,             0,             0,             0, 0.318068265915, 0.324585109949,             0,             0,             0,             0,             0,             0,             0,             0,             0,             0, 0.318068265915, 0.324585109949
        0.325, -0.0189159940928, -0.00416115205735, 0.0189159940928, 0.00416115205735, -2.57366154111e-15, 2482.70556641, -3.46114735256e-17,             0, 110.446166992, -15.9473419189, 110.446166992, -15.9473419189, 26.0331497192, 3.76363325119, -26.0331497192, -3.76363325119, 4260.98876953, 2531.18701172, 4260.98876953, 2531.18701172,             0,             0,             0,             0,             0,             0,             0,             0,             0,             0,             0,             0,             0,             0,             0,             0,             0,             0,             0,             0,             0, 1.82489757784e-17, 0.0824053958058,             0,             0,             0,             0,             0,             0,             0,             0,             0,             0,             0,             0,             0,             0, 1.84048040988e-15,             0,             0,             0,             0,             0,             0,             0,             0,             0,             0,             0,             0,             0,             0, 1.84048231571e-15, -0.0333238244057, -0.010453986004, 0.0333238244057, 0.010453986004, 5.29461050034,  5.2945933342, 5.29461050034,  5.2945933342, 10.8135643005, 0.0183282401413, -0.0183282401413, 2.4262858551e-15,             0,             0,             0,             0,             0,             0,             0,             0,             0,             0, 14.1184616089, 44.0120162964, 17.4399681091,  20.761472702, 24.0829792023, 27.4044857025, 30.7259922028, 34.0474967957, 37.3690032959, 40.6905097961,             1,             1,             1,             1,             1,             1,             1,             1,             1,             1, 119.574180603,           120, 0.398821145296,             0, 13.6773614883, 1.54644227028,  10.813999176, 7.90401983261,  10.813999176, 7.90401983261, 10.8135643005,  14.135061264, 44.0285339355, 17.4565582275,  20.778055191, 24.0995521545,  27.421049118, 30.7425460815, 34.0640449524, 37.3855400085, 40.7070388794,  10.813999176, 7.90401983261,  14.135061264, 44.0285339355, 17.4565582275,  20.778055191, 24.0995521545,  27.421049118, 30.7425460815, 34.0640449524, 37.3855400085, 40.7070388794,  10.813999176, 7.90401983261, 1.45419427022e-17,             0,             0,             0,             0,             0,             0,             0,             0,             0,             0, 0.0183761864901, 0.00450258608907, -0.0183761864901, -0.00450258608907, 0.837382435799, 0.837444901466, -0.837382435799, -0.837444901466, 1.82489757784e-17,             0,             0,             0,             0,             0,             0,             0,             0,             0,             0, 0.837567448616, 0.837504148483,             0,             0,             0,             0,             0,             0,             0,             0,             0,             0, -0.837567448616, -0.837504148483,             0,             0,             0,             0, -0.00422503985465,             0,             0,             0,             0,             0,             0,             0,             0,             0,             0, 0.318100720644, 0.324555277824,             0,             0,             0,             0,             0,             0,             0,             0,             0,             0, 0.318100720644, 0.324555277824
         0.35, -0.0201775785536, -0.00327946268953, 0.0201775785536, 0.00327946268953, -2.44455635578e-15, 2507.14453125, 1.28494183414e-16,             0, 161.471466064, -16.6430511475, 161.471466064, -16.6430511475, 27.7761039734, 3.16175818443, -27.7761039734, -3.16175818443, 4248.74804688, 2542.94799805, 4248.74804688, 2542.94799805,             0,             0,             0,             0,             0,             0,             0,             0,             0,             0,             0,             0,             0,             0,             0,             0,             0,             0,             0,             0,             0, 1.50794463186e-17, 0.0762927010655,             0,             0,             0,             0,             0,             0,             0,             0,             0,             0,             0,             0,             0,             0, 1.65907782219e-15,             0,             0,             0,             0,             0,             0,             0,             0,             0,             0,             0,             0,             0,             0, 1.6590793045e-15, -0.0354737602174, -0.00912794843316, 0.0354737602174, 0.00912794843316, 5.70173597336, 5.70112466812, 5.70173597336, 5.70112466812,  11.643948555, 0.0195385757834, -0.0195385757834, 2.54513622431e-15,             0,             0,             0,             0,             0,             0,             0,             0,             0,             0, 14.9484910965, 44.8388366699, 18.2696399689, 21.5907897949,  24.911939621,  28.233089447, 31.5542373657, 34.8753890991, 38.1965370178, 41.5176849365,             1,             1,             1,             1,             1,             1,             1,             1,             1,             1, 119.561553955,           120, 0.453864395618,             0, 13.6730251312, 1.54636061192, 11.6443490982,  8.7343711853, 11.6443490982,  8.7343711853,  11.643948555,  14.965092659, 44.8553886414, 18.2862358093, 21.6073799133, 24.9285240173, 28.2496681213, 31.5708122253, 34.8919563293, 38.2131004333, 41.5342445374, 11.6443490982,  8.7343711853,  14.965092659, 44.8553886414, 18.2862358093, 21.6073799133, 24.9285240173, 28.2496681213, 31.5708122253, 34.8919563293, 38.2131004333, 41.5342445374, 11.6443490982,  8.7343711853, -2.23383499317e-17,             0,             0,             0,             0,             0,             0,             0,             0,             0,             0, 0.0195858273655, 0.00392810115591, -0.0195858273655, -0.00392810115591, 0.837374269962, 0.837451934814, -0.837374269962, -0.837451934814, 1.50794463186e-17,             0,             0,             0,             0,             0,             0,             0,             0,             0,             0, 0.837571263313, 0.837503612041,             0,             0,             0,             0,             0,             0,             0,             0,             0,             0, -0.837571263313, -0.837503612041,             0,             0,             0,             0, -0.00401001889259,             0,             0,             0,             0,             0,             0,             0,             0,             0,             0, 0.318146407604, 0.324511379004,             0,             0,             0,             0,             0,             0,             0,             0,             0,             0, 0.318146407604, 0.324511379004
        0.375, -0.0215012338012, -0.00204486143775, 0.0215012338012, 0.00204486143775, -1.03139665625e-15, 2523.59643555, 1.38905369772e-16,             0, 202.911499023, -17.2150249481, 202.911499023, -17.2150249481, 29.5751228333, 2.22661781311, -29.5751228333, -2.22661781311, 4235.56005859, 2555.24023438, 4235.56005859, 2555.24023438,             0,             0,             0,             0,             0,             0,             0,             0,             0,             0,             0,             0,             0,             0,             0,             0,             0,             0,             0,             0,             0, 1.0186497633e-17, 0.0691314414144,             0,             0,             0,             0,             0,             0,             0,             0,             0,             0,             0,             0,             0,             0, 1.25719414652e-15,             0,             0,             0,             0,             0,             0,             0,             0,             0,             0,             0,             0,             0,             0, 1.25719509944e-15, -0.0378178693354, -0.00695943273604, 0.0378178693354, 0.00695943273604, 6.10900068283, 6.10762214661, 6.10900068283, 6.10762214661,  12.474275589, 0.020805446431, -0.020805446431, 2.00247143764e-15,             0,             0,             0,             0,             0,             0,             0,             0,             0,             0, 15.7786254883, 45.6672401428, 19.0995826721,  22.420539856, 25.7414970398, 29.0624542236, 32.3834114075, 35.7043685913, 39.0253257751,  42.346282959,             1,             1,             1,             1,             1,             1,             1,             1,             1,             1, 119.554779053,           120, 0.494991183281,             0, 13.6706991196,  1.5463167429, 12.4746360779, 9.56465911865, 12.4746360779, 9.56465911865,  12.474275589, 15.7952299118, 45.6838226318, 19.1161842346, 22.4371395111, 25.7580928802, 29.0790481567, 32.4000015259, 35.7209587097, 39.0419120789,  42.362865448, 12.4746360779, 9.56465911865, 15.7952299118, 45.6838226318, 19.1161842346, 22.4371395111, 25.7580928802, 29.0790481567, 32.4000015259, 35.7209587097, 39.0419120789,  42.362865448, 12.4746360779, 9.56465911865, -7.50513542915e-17,             0,             0,             0,             0,             0,             0,             0,             0,             0,             0, 0.0208510905504, 0.00299078086391, -0.0208510905504, -0.00299078086391, 0.837365329266, 0.837463378906, -0.837365329266, -0.837463378906, 1.0186497633e-17,             0,             0,             0,             0,             0,             0,             0,             0,             0,             0, 0.837575376034, 0.837502777576,             0,             0,             0,             0,             0,             0,             0,             0,             0,             0, -0.837575376034, -0.837502777576, 5.55111512313e-17,             0, 5.55111512313e-17,             0, -0.00377636635676,             0,             0,             0,             0,             0,             0,             0,             0,             0,             0, 0.318195611238, 0.324465513229,             0,             0,             0,             0,             0,             0,             0,             0,             0,             0, 0.318195611238, 0.324465513229
          0.4, -0.0229763276875, -0.000611531489994, 0.0229763276875, 0.000611531489994, 1.30275890749e-16, 2534.28808594, 1.39930835503e-16,             0, 233.471389771, -17.631023407, 233.471389771, -17.631023407, 31.5338764191, 1.04813718796, -31.5338764191, -1.04813718796, 4224.14892578, 2564.74462891, 4224.14892578, 2564.74462891,             0,             0,             0,             0,             0,             0,             0,             0,             0,             0,             0,             0,             0,             0,             0,             0,             0,             0,             0,             0,             0, 1.24324145917e-17, 0.0615066550672,             0,             0,             0,             0,             0,             0,             0,             0,             0,             0,             0,             0,             0,             0, 1.47105270741e-15,             0,             0,             0,             0,             0,             0,             0,             0,             0,             0,             0,             0,             0,             0, 1.47105355444e-15, -0.04034659639, -0.00409816857427, 0.04034659639, 0.00409816857427, 6.51638412476, 6.51410341263, 6.51638412476, 6.51410341263, 13.3045759201, 0.0222361348569, -0.0222361348569, 7.07391360268e-16,             0,             0,             0,             0,             0,             0,             0,             0,             0,             0, 16.6088619232,  46.496887207, 19.9297542572, 23.2506446838, 26.5715370178, 29.8924293518, 33.2133216858, 36.5342140198, 39.8551063538,  43.175994873,             1,             1,             1,             1,             1,             1,             1,             1,             1,             1, 119.552520752,           120, 0.525453269482,             0, 13.6699237823, 1.54630208015,   13.30489254, 10.3949193954,   13.30489254, 10.3949193954, 13.3045759201, 16.6254673004, 46.5134925842, 19.9463596344,  23.267250061,  26.588142395, 29.9090328217,  33.229927063, 36.5508155823, 39.8717079163, 43.1926002502,   13.30489254, 10.3949193954, 16.6254673004, 46.5134925842, 19.9463596344,  23.267250061,  26.588142395, 29.9090328217,  33.229927063, 36.5508155823, 39.8717079163, 43.1926002502,   13.30489254, 10.3949193954, -8.87927764122e-17,             0,             0,             0,             0,             0,             0,             0,             0,             0,             0, 0.0222794599831, 0.0017566998722, -0.0222794599831, -0.0017566998722, 0.837355554104, 0.837478458881, -0.837355554104, -0.837478458881, 1.24324145917e-17,             0,             0,             0,             0,             0,             0,             0,             0,             0,             0, 0.837579667568, 0.837501645088,             0,             0,             0,             0,             0,             0,             0,             0,             0,             0, -0.837579667568, -0.837501645088,             0,             0,             0,             0, -0.00353553704917,             0,             0,             0,             0,             0,             0,             0,             0,             0,             0, 0.318238168955, 0.324430048466,             0,             0,             0,             0,             0,             0,             0,             0,             0,             0, 0.318238168955, 0.324430048466
        0.425, -0.0244934856892, 0.000848951865919, 0.0244934856892, -0.000848951865919, 4.63765615808e-15, 2541.17700195, 2.2220617646e-16,             0, 254.777770996, -17.9121189117, 254.777770996, -17.9121189117, 33.6141052246, -0.224767506123, -33.6141052246, 0.224767506123, 4216.21679688, 2570.13989258, 4216.21679688, 2570.13989258,             0,             0,             0,             0,             0,             0,             0,             0,             0,             0,             0,             0,             0,             0,             0,             0,             0,             0,             0,             0,             0, 2.09009548725e-17, 0.0539994388819,             0,             0,             0,             0,             0,             0,             0,             0,             0,             0,             0,             0,             0,             0, 2.05324047491e-15,             0,             0,             0,             0,             0,             0,             0,             0,             0,             0,             0,             0,             0,             0, 2.05324132195e-15, -0.0429846905172, -0.000865291804075, 0.0429846905172, 0.000865291804075,  6.9238615036, 6.92058134079,  6.9238615036, 6.92058134079, 14.1348714828, 0.0237328968942, -0.0237328968942, -6.81276307476e-15,             0,             0,             0,             0,             0,             0,             0,             0,             0,             0, 17.4391841888, 47.3274459839, 20.7601013184, 24.0810184479, 27.4019374847, 30.7228546143, 34.0437736511,  37.364692688, 40.6856079102,  44.006526947,             1,             1,             1,             1,             1,             1,             1,             1,             1,             1, 119.553504944,           120, 0.547497034073,             0,  13.670258522, 1.54630839825, 14.1351442337, 11.2251768112, 14.1351442337, 11.2251768112, 14.1348714828, 17.4557914734, 47.3440628052, 20.7767105103, 24.0976295471,  27.418548584, 30.7394676208, 34.0603866577, 37.3813056946, 40.7022247314, 44.0231437683,   14.13514328, 11.2251768112, 17.4557914734, 47.3440628052, 20.7767105103, 24.0976295471,  27.418548584, 30.7394676208, 34.0603866577, 37.3813056946, 40.7022247314, 44.0231437683,   14.13514328, 11.2251768112, 2.88859162683e-18,             0,             0,             0,             0,             0,             0,             0,             0,             0,             0, 0.0237734187394, 0.000365364132449, -0.0237734187394, -0.000365364132449, 0.837345302105, 0.837495446205, -0.837345302105, -0.837495446205, 2.09009548725e-17,             0,             0,             0,             0,             0,             0,             0,             0,             0,             0, 0.837584078312, 0.837500333786,             0,             0,             0,             0,             0,             0,             0,             0,             0,             0, -0.837584078312, -0.837500333786, -5.55111512313e-17,             0, -5.55111512313e-17,             0, -0.00329961651005,             0,             0,             0,             0,             0,             0,             0,             0,             0,             0, 0.318267762661, 0.324409931898,             0,             0,             0,             0,             0,             0,             0,             0,             0,             0, 0.318267762661, 0.324409931898
         0.45, -0.0259966161102, 0.00222750706598, 0.0259966161102, -0.00222750706598, 6.71640672427e-15, 2545.87915039, 4.48035906928e-16,             0,  269.86831665, -18.1055583954,  269.86831665, -18.1055583954, 35.7343826294, -1.46552860737, -35.7343826294, 1.46552860737, 4211.99853516, 2572.26831055, 4211.99853516, 2572.26831055,             0,             0,             0,             0,             0,             0,             0,             0,             0,             0,             0,             0,             0,             0,             0,             0,             0,             0,             0,             0,             0, 2.31814488079e-17, 0.0469594784081,             0,             0,             0,             0,             0,             0,             0,             0,             0,             0,             0,             0,             0,             0, 1.71111243257e-15,             0,             0,             0,             0,             0,             0,             0,             0,             0,             0,             0,             0,             0,             0, 1.71111296197e-15, -0.0456363894045, 0.0024166572839, 0.0456363894045, -0.0024166572839, 7.33141231537,   7.327064991, 7.33141231537,   7.327064991,  14.965177536, 0.0252416934818, -0.0252416934818, -1.00800596846e-14,             0,             0,             0,             0,             0,             0,             0,             0,             0,             0, 18.2695789337, 48.1586456299, 21.5905857086, 24.9115943909, 28.2326011658, 31.5536079407, 34.8746147156, 38.1956253052, 41.5166320801,  44.837638855,             1,             1,             1,             1,             1,             1,             1,             1,             1,             1, 119.556732178,           120, 0.563106000423,             0, 13.6713666916, 1.54632925987, 14.9654083252, 12.0554466248, 14.9654083252, 12.0554466248,  14.965177536, 18.2861881256, 48.1752738953, 21.6071968079, 24.9282073975, 28.2492160797, 31.5702266693, 34.8912353516, 38.2122459412, 41.5332565308, 44.8542671204, 14.9654083252, 12.0554466248, 18.2861881256, 48.1752738953, 21.6071968079, 24.9282073975, 28.2492160797, 31.5702266693, 34.8912353516, 38.2122459412, 41.5332565308, 44.8542671204, 14.9654083252, 12.0554466248, 1.35573473029e-16,             0,             0,             0,             0,             0,             0,             0,             0,             0,             0, 0.0252791047096, -0.0010441460181, -0.0252791047096, 0.0010441460181, 0.837334930897, 0.837512671947, -0.837334930897, -0.837512671947, 2.31814488079e-17,             0,             0,             0,             0,             0,             0,             0,             0,             0,             0, 0.837588429451, 0.837498962879,             0,             0,             0,             0,             0,             0,             0,             0,             0,             0, -0.837588429451, -0.837498962879, 5.55111512313e-17,             0, 5.55111512313e-17,             0, -0.00307700340636,             0,             0,             0,             0,             0,             0,             0,             0,             0,             0, 0.318283498287, 0.324401974678,             0,             0,             0,             0,             0,             0,             0,             0,             0,             0, 0.318283498287, 0.324401974678
        0.475, -0.0273859146982, 0.00349791324697, 0.0273859146982, -0.00349791324697, 7.54920401229e-15, 2549.49438477, 1.78793805619e-16,             0, 281.349090576, -18.2541275024, 281.349090576, -18.2541275024,  37.817565918, -2.61736369133, -37.817565918, 2.61736369133, 4210.57226562, 2572.97241211, 4210.57226562, 2572.97241211,             0,             0,             0,             0,             0,             0,             0,             0,             0,             0,             0,             0,             0,             0,             0,             0,             0,             0,             0,             0,             0, 3.2277288951e-17, 0.0404624454677,             0,             0,             0,             0,             0,             0,             0,             0,             0,             0,             0,             0,             0,             0, 1.78823986462e-15,             0,             0,             0,             0,             0,             0,             0,             0,             0,             0,             0,             0,             0,             0, 1.78824028813e-15, -0.048214096576, 0.0055513610132, 0.048214096576, -0.0055513610132,  7.7390255928,  7.7335600853,  7.7390255928,  7.7335600853,  15.795507431, 0.0266567543149, -0.0266567543149, -1.30443531275e-14,             0,             0,             0,             0,             0,             0,             0,             0,             0,             0, 19.1000442505, 48.9903297424, 22.4211864471, 25.7423305511, 29.0634727478, 32.3846168518, 35.7057571411, 39.0269012451, 42.3480453491, 45.6691856384,             1,             1,             1,             1,             1,             1,             1,             1,             1,             1, 119.561607361,           120, 0.574342310429,             0,   13.67304039, 1.54636085033, 15.7957000732, 12.8857431412, 15.7957000732, 12.8857431412,  15.795507431, 19.1166534424, 49.0069694519, 22.4377994537, 25.7589454651, 29.0800914764, 32.4012374878, 35.7223854065, 39.0435295105, 42.3646774292, 45.6858215332, 15.7957000732, 12.8857431412, 19.1166534424, 49.0069694519, 22.4377994537, 25.7589454651, 29.0800914764, 32.4012374878, 35.7223854065, 39.0435295105, 42.3646774292, 45.6858215332, 15.7957000732, 12.8857431412, 3.18398652551e-16,             0,             0,             0,             0,             0,             0,             0,             0,             0,             0, 0.0266908090562, -0.00238789664581, -0.0266908090562, 0.00238789664581, 0.837324798107, 0.837529063225, -0.837324798107, -0.837529063225, 3.2277288951e-17,             0,             0,             0,             0,             0,             0,             0,             0,             0,             0, 0.837592601776, 0.837497591972,             0,             0,             0,             0,             0,             0,             0,             0,             0,             0, -0.837592601776, -0.837497591972,             0, 5.55111512313e-17,             0, 5.55111512313e-17, -0.00287084560841,             0,             0,             0,             0,             0,             0,             0,             0,             0,             0, 0.318288803101, 0.324399352074,             0,             0,             0,             0,             0,             0,             0,             0,             0,             0, 0.318288803101, 0.324399352074
          0.5, -0.0287553463131, 0.00468696746975, 0.0287553463131, -0.00468696746975, 8.44982111082e-15, 2552.55249023, 2.66934598272e-16,             0, 290.607055664, -18.3795375824, 290.607055664, -18.3795375824, 39.7628173828, -3.68560361862, -39.7628173828, 3.68560361862, 4210.58105469, 2573.78173828, 4210.58105469, 2573.78173828,             0,             0,             0,             0,             0,             0,             0,             0,             0,             0,             0,             0,             0,             0,             0,             0,             0,             0,             0,             0,             0, 4.46411608755e-17, 0.0344112701714,             0,             0,             0,             0,             0,             0,             0,             0,             0,             0,             0,             0,             0,             0, 2.11625972619e-15,             0,             0,             0,             0,             0,             0,             0,             0,             0,             0,             0,             0,             0,             0, 2.11626014971e-15, -0.0506712831557, 0.00849081389606, 0.0506712831557, -0.00849081389606, 8.14669513702, 8.14007282257, 8.14669513702, 8.14007282257, 16.6258716583, 0.0280624944717, -0.0280624944717, -1.68621660959e-14,             0,             0,             0,             0,             0,             0,             0,             0,             0,             0, 19.9305782318, 49.8224067688, 23.2518920898, 26.5732078552, 29.8945217133, 33.2158355713, 36.5371513367, 39.8584632874, 43.1797790527, 46.5010910034,             1,             1,             1,             1,             1,             1,             1,             1,             1,             1, 119.567779541,           120, 0.582854986191,             0, 13.6751565933, 1.54640078545, 16.6260280609, 13.7160768509, 16.6260280609, 13.7160768509, 16.6258716583, 19.9471893311,  49.839050293, 23.2685089111, 26.5898265839, 29.9111442566,  33.232460022, 36.5537796021, 39.8750991821, 43.1964149475, 46.5177345276, 16.6260280609, 13.7160768509, 19.9471893311,  49.839050293, 23.2685089111, 26.5898265839, 29.9111442566,  33.232460022, 36.5537796021, 39.8750991821, 43.1964149475, 46.5177345276, 16.6260280609, 13.7160768509, 5.04903369666e-16,             0,             0,             0,             0,             0,             0,             0,             0,             0,             0, 0.0280929319561, -0.00364593416452, -0.0280929319561, 0.00364593416452, 0.837314963341, 0.837544381618, -0.837314963341, -0.837544381618, 4.46411608755e-17,             0,             0,             0,             0,             0,             0,             0,             0,             0,             0, 0.837596476078, 0.837496340275,             0,             0,             0,             0,             0,             0,             0,             0,             0,             0, -0.837596476078, -0.837496340275,             0,             0,             0,             0, -0.00268010050058,             0,             0,             0,             0,             0,             0,             0,             0,             0,             0, 0.318288743496, 0.324396342039,             0,             0,             0,             0,             0,             0,             0,             0,             0,             0, 0.318288743496, 0.324396342039
        0.525, -0.0300450865179, 0.00583038199693, 0.0300450865179, -0.00583038199693, 9.94277766673e-15, 2555.20239258, 3.05198094055e-16,             0, 298.264984131, -18.4879302979, 298.264984131, -18.4879302979, 41.6486701965, -4.70001220703, -41.6486701965, 4.70001220703, 4210.88671875, 2575.24926758, 4210.88671875, 2575.24926758,             0,             0,             0,             0,             0,             0,             0,             0,             0,             0,             0,             0,             0,             0,             0,             0,             0,             0,             0,             0,             0, 5.0994526711e-17, 0.0286756362766,             0,             0,             0,             0,             0,             0,             0,             0,             0,             0,             0,             0,             0,             0, 1.56191022589e-15,             0,             0,             0,             0,             0,             0,             0,             0,             0,             0,             0,             0,             0,             0, 1.56191043765e-15, -0.052987255156, 0.0112763671204, 0.052987255156, -0.0112763671204, 8.55441761017, 8.54660606384, 8.55441761017, 8.54660606384, 17.4562797546, 0.0293906871229, -0.0293906871229, -2.16239278274e-14,             0,             0,             0,             0,             0,             0,             0,             0,             0,             0, 20.7611865997, 50.6548194885, 24.0827007294,  27.404214859,  30.725730896, 34.0472450256, 37.3687591553, 40.6902732849, 44.0117874146, 47.3333053589,             1,             1,             1,             1,             1,             1,             1,             1,             1,             1, 119.574996948,           120, 0.589558839798,             0, 13.6776342392, 1.54644739628,  17.456401825,  14.546456337,  17.456401825,  14.546456337, 17.4562797546, 20.7777996063, 50.6714706421, 24.0993175507, 27.4208374023, 30.7423553467,  34.063873291,   37.38539505, 40.7069129944, 44.0284309387, 47.3499488831,  17.456401825,  14.546456337, 20.7777996063, 50.6714706421, 24.0993175507, 27.4208374023, 30.7423553467,  34.063873291,   37.38539505, 40.7069129944, 44.0284309387, 47.3499488831,  17.456401825,  14.546456337, 7.18021411998e-16,             0,             0,             0,             0,             0,             0,             0,             0,             0,             0, 0.0294172111899, -0.0048364601098, -0.0294172111899, 0.0048364601098, 0.837305724621, 0.837558925152, -0.837305724621, -0.837558925152, 5.0994526711e-17,             0,             0,             0,             0,             0,             0,             0,             0,             0,             0, 0.837600052357, 0.837495088577,             0,             0,             0,             0,             0,             0,             0,             0,             0,             0, -0.837600052357, -0.837495088577,             0,             0,             0,             0, -0.00250183814205,             0,             0,             0,             0,             0,             0,             0,             0,             0,             0, 0.318287611008, 0.324390858412,             0,             0,             0,             0,             0,             0,             0,             0,             0,             0, 0.318287611008, 0.324390858412
         0.55, -0.0312632583082, 0.00694441469386, 0.0312632583082, -0.00694441469386, 9.02941441641e-15, 2557.44677734, 7.54058508148e-17,             0, 304.609771729, -18.5793933868, 304.609771729, -18.5793933868, 43.4318161011, -5.68169975281, -43.4318161011, 5.68169975281, 4210.88623047, 2577.09960938, 4210.88623047, 2577.09960938,             0,             0,             0,             0,             0,             0,             0,             0,             0,             0,             0,             0,             0,             0,             0,             0,             0,             0,             0,             0,             0, 6.9868207486e-17, 0.0231789518148,             0,             0,             0,             0,             0,             0,             0,             0,             0,             0,             0,             0,             0,             0, 2.1533256762e-15,             0,             0,             0,             0,             0,             0,             0,             0,             0,             0,             0,             0,             0,             0, 2.15332588796e-15, -0.0551686137915, 0.0139616392553, 0.0551686137915, -0.0139616392553, 8.96219158173, 8.95316505432, 8.96219158173, 8.95316505432, 18.2867393494, 0.0306445229799, -0.0306445229799, -2.48555635031e-14,             0,             0,             0,             0,             0,             0,             0,             0,             0,             0, 21.5918693542, 51.4875221252,  24.913608551, 28.2353477478, 31.5570869446, 34.8788261414, 38.2005653381, 41.5223045349, 44.8440437317, 48.1657829285,             1,             1,             1,             1,             1,             1,             1,             1,             1,             1, 119.583091736,           120, 0.594905555248,             0, 13.6804122925, 1.54649972916, 18.2868289948, 15.3768873215, 18.2868289948, 15.3768873215, 18.2867393494, 21.6084842682, 51.5041809082, 24.9302272797, 28.2519721985,   31.57371521, 34.8954582214, 38.2172050476, 41.5389480591, 44.8606910706, 48.1824378967, 18.2868289948, 15.3768873215, 21.6084842682, 51.5041809082, 24.9302272797, 28.2519721985,   31.57371521, 34.8954582214, 38.2172050476, 41.5389480591, 44.8606910706, 48.1824378967, 18.2868289948, 15.3768873215, 9.60728803336e-16,             0,             0,             0,             0,             0,             0,             0,             0,             0,             0, 0.0306668430567, -0.00598265044391, -0.0306668430567, 0.00598265044391, 0.837296903133, 0.837572872639, -0.837296903133, -0.837572872639, 6.9868207486e-17,             0,             0,             0,             0,             0,             0,             0,             0,             0,             0, 0.837603390217, 0.83749383688,             0,             0,             0,             0,             0,             0,             0,             0,             0,             0, -0.837603390217, -0.83749383688,             0,             0,             0,             0, -0.0023332212586,             0,             0,             0,             0,             0,             0,             0,             0,             0,             0, 0.318287581205, 0.324383944273,             0,             0,             0,             0,             0,             0,             0,             0,             0,             0, 0.318287581205, 0.324383944273
        0.575, -0.0324203297496, 0.00802230276167, 0.0324203297496, -0.00802230276167, 6.99535881424e-15, 2559.26171875, 3.73384219839e-16,             0, 309.765991211, -18.6530857086, 309.765991211, -18.6530857086, 45.1163635254, -6.63155555725, -45.1163635254, 6.63155555725, 4210.46044922, 2578.78369141, 4210.46044922, 2578.78369141,             0,             0,             0,             0,             0,             0,             0,             0,             0,             0,             0,             0,             0,             0,             0,             0,             0,             0,             0,             0,             0, 8.23859581655e-17, 0.0179111044854,             0,             0,             0,             0,             0,             0,             0,             0,             0,             0,             0,             0,             0,             0, 2.04059427301e-15,             0,             0,             0,             0,             0,             0,             0,             0,             0,             0,             0,             0,             0,             0, 2.04059427301e-15, -0.05723214522, 0.0165664125234, 0.05723214522, -0.0165664125234, 9.37001609802, 9.35975170135, 9.37001609802, 9.35975170135, 19.1172561646, 0.0318331494927, -0.0318331494927, -2.60822196767e-14,             0,             0,             0,             0,             0,             0,             0,             0,             0,             0, 22.4226284027, 52.3204841614, 25.7446136475, 29.0665969849, 32.3885803223, 35.7105636597, 39.0325508118, 42.3545341492, 45.6765174866,  48.998500824,             1,             1,             1,             1,             1,             1,             1,             1,             1,             1, 119.591903687,           120, 0.599131762981,             0, 13.6834354401,  1.5465567112,  19.117313385, 16.2073764801,  19.117313385, 16.2073764801, 19.1172561646,  22.439245224,  52.337146759, 25.7612342834, 29.0832233429, 32.4052124023, 35.7271995544, 39.0491905212,  42.371181488, 45.6931686401, 49.0151596069,  19.117313385, 16.2073764801,  22.439245224,  52.337146759, 25.7612342834, 29.0832233429, 32.4052124023, 35.7271995544, 39.0491905212,  42.371181488, 45.6931686401, 49.0151596069,  19.117313385, 16.2073764801, 1.16248336928e-15,             0,             0,             0,             0,             0,             0,             0,             0,             0,             0, 0.031851042062, -0.00709304586053, -0.031851042062, 0.00709304586053, 0.837288498878, 0.837586402893, -0.837288498878, -0.837586402893, 8.23859581655e-17,             0,             0,             0,             0,             0,             0,             0,             0,             0,             0, 0.837606430054, 0.837492585182,             0,             0,             0,             0,             0,             0,             0,             0,             0,             0, -0.837606430054, -0.837492585182,             0,             0,             0,             0, -0.00217244843952,             0,             0,             0,             0,             0,             0,             0,             0,             0,             0, 0.318289160728, 0.324377655983,             0,             0,             0,             0,             0,             0,             0,             0,             0,             0, 0.318289160728, 0.324377655983
          0.6, -0.0335243009031, 0.00904639810324, 0.0335243009031, -0.00904639810324, 6.54603155264e-15, 2560.64257812, 3.65008413949e-16,             0, 313.805908203, -18.7094783783, 313.805908203, -18.7094783783, 46.7149734497, -7.53689241409, -46.7149734497, 7.53689241409, 4209.76464844, 2579.93969727, 4209.76464844, 2579.93969727,             0,             0,             0,             0,             0,             0,             0,             0,             0,             0,             0,             0,             0,             0,             0,             0,             0,             0,             0,             0,             0, 9.44558004695e-17, 0.0128977335989,             0,             0,             0,             0,             0,             0,             0,             0,             0,             0,             0,             0,             0,             0, 1.69171156643e-15,             0,             0,             0,             0,             0,             0,             0,             0,             0,             0,             0,             0,             0,             0, 1.69171156643e-15, -0.059193983674, 0.0190732050687, 0.059193983674, -0.0190732050687, 9.77788829803, 9.76636791229, 9.77788829803, 9.76636791229, 19.9478321075, 0.0329654701054, -0.0329654701054, -2.61046575795e-14,             0,             0,             0,             0,             0,             0,             0,             0,             0,             0, 23.2534656525,   53.15366745, 26.5757102966, 29.8979549408,  33.220199585, 36.5424461365, 39.8646888733, 43.1869354248, 46.5091781616, 49.8314247131,             1,             1,             1,             1,             1,             1,             1,             1,             1,             1, 119.601280212,           120, 0.602382779121,             0, 13.6866559982, 1.54661738873, 19.9478607178, 17.0379276276, 19.9478607178, 17.0379276276, 19.9478321075, 23.2700824738, 53.1703338623,   26.59233284, 29.9145832062,  33.236831665, 36.5590820312, 39.8813323975, 43.2035827637, 46.5258331299, 49.8480834961, 19.9478607178, 17.0379276276, 23.2700824738, 53.1703338623,   26.59233284, 29.9145832062,  33.236831665, 36.5590820312, 39.8813323975, 43.2035827637, 46.5258331299, 49.8480834961, 19.9478607178, 17.0379276276, 1.33646446605e-15,             0,             0,             0,             0,             0,             0,             0,             0,             0,             0, 0.0329787991941, -0.00816027168185, -0.0329787991941, 0.00816027168185, 0.837280452251, 0.837599396706, -0.837280452251, -0.837599396706, 9.44558004695e-17,             0,             0,             0,             0,             0,             0,             0,             0,             0,             0, 0.837609291077, 0.837491393089,             0,             0,             0,             0,             0,             0,             0,             0,             0,             0, -0.837609291077, -0.837491393089,             0, -5.55111512313e-17,             0, -5.55111512313e-17, -0.00201879651286,             0,             0,             0,             0,             0,             0,             0,             0,             0,             0, 0.318291753531, 0.324373334646,             0,             0,             0,             0,             0,             0,             0,             0,             0,             0, 0.318291753531, 0.324373334646
        0.625, -0.0345793254673, 0.0100017590448, 0.0345793254673, -0.0100017590448, 8.37512466334e-15, 2561.61450195, 2.37997676393e-16,             0, 316.807739258, -18.7504825592, 316.807739258, -18.7504825592, 48.2380752563, -8.3837890625, -48.2380752563,  8.3837890625, 4209.01904297, 2580.53393555, 4209.01904297, 2580.53393555,             0,             0,             0,             0,             0,             0,             0,             0,             0,             0,             0,             0,             0,             0,             0,             0,             0,             0,             0,             0,             0, 1.17611080592e-16, 0.00816580932587,             0,             0,             0,             0,             0,             0,             0,             0,             0,             0,             0,             0,             0,             0, 2.32646662216e-15,             0,             0,             0,             0,             0,             0,             0,             0,             0,             0,             0,             0,             0,             0, 2.32646662216e-15, -0.0610646754503, 0.0214488338679, 0.0610646754503, -0.0214488338679, 10.1858053207, 10.1730155945, 10.1858053207, 10.1730155945, 20.7784729004, 0.0340472608805, -0.0340472608805, -3.10041333156e-14,             0,             0,             0,             0,             0,             0,             0,             0,             0,             0, 24.0843772888, 53.9870376587, 27.4068946838, 30.7294139862, 34.0519294739, 37.3744468689, 40.6969680786, 44.0194854736, 47.3420028687, 50.6645202637,             1,             1,             1,             1,             1,             1,             1,             1,             1,             1, 119.611099243,           120, 0.604772567749,             0, 13.6900272369, 1.54668092728, 20.7784729004, 17.8685455322, 20.7784729004, 17.8685455322, 20.7784729004, 24.1009960175, 54.0037078857, 27.4235210419, 30.7460441589, 34.0685653687, 37.3910903931, 40.7136116028, 44.0361366272, 47.3586616516, 50.6811828613, 20.7784729004, 17.8685455322, 24.1009960175, 54.0037078857, 27.4235210419, 30.7460441589, 34.0685653687, 37.3910903931, 40.7136116028, 44.0361366272, 47.3586616516, 50.6811828613, 20.7784729004, 17.8685455322, 1.51722923792e-15,             0,             0,             0,             0,             0,             0,             0,             0,             0,             0, 0.0340559631586, -0.00917034596205, -0.0340559631586, 0.00917034596205, 0.837272763252, 0.837611675262, -0.837272763252, -0.837611675262, 1.17611080592e-16,             0,             0,             0,             0,             0,             0,             0,             0,             0,             0, 0.83761203289, 0.837490260601,             0,             0,             0,             0,             0,             0,             0,             0,             0,             0, -0.83761203289, -0.837490260601,             0,             0,             0,             0, -0.00187223451212,             0,             0,             0,             0,             0,             0,             0,             0,             0,             0, 0.318294525146, 0.324371129274,             0,             0,             0,             0,             0,             0,             0,             0,             0,             0, 0.318294525146, 0.324371129274
         0.65, -0.035586450249, 0.0108825871721, 0.035586450249, -0.0108825871721, 8.86406342071e-15, 2562.22509766, 5.22735054332e-16,             0, 318.874298096, -18.7786331177, 318.874298096, -18.7786331177, 49.6913261414, -9.16507530212, -49.6913261414, 9.16507530212, 4208.39697266, 2580.74633789, 4208.39697266, 2580.74633789,             0,             0,             0,             0,             0,             0,             0,             0,             0,             0,             0,             0,             0,             0,             0,             0,             0,             0,             0,             0,             0, 1.33545371751e-16, 0.00372685235925,             0,             0,             0,             0,             0,             0,             0,             0,             0,             0,             0,             0,             0,             0, 1.9926613138e-15,             0,             0,             0,             0,             0,             0,             0,             0,             0,             0,             0,             0,             0,             0, 1.9926613138e-15, -0.0628488734365, 0.0236668922007, 0.0628488734365, -0.0236668922007, 10.5937662125, 10.5796966553, 10.5937662125, 10.5796966553, 21.6091804504, 0.0350809171796, -0.0350809171796, -3.32727890921e-14,             0,             0,             0,             0,             0,             0,             0,             0,             0,             0, 24.9153652191, 54.8205604553, 28.2381649017, 31.5609645844, 34.8837623596, 38.2065620422, 41.5293617249, 44.8521614075, 48.1749610901, 51.4977607727,             1,             1,             1,             1,             1,             1,             1,             1,             1,             1,  119.62122345,           120, 0.606408715248,             0, 13.6935043335, 1.54674637318, 21.6091537476, 18.6992301941, 21.6091537476, 18.6992301941, 21.6091804504, 24.9319858551, 54.8372306824, 28.2547912598, 31.5775966644, 34.9004020691, 38.2232055664, 41.5460128784, 44.8688163757, 48.1916236877, 51.5144271851, 21.6091537476, 18.6992301941, 24.9319858551, 54.8372306824, 28.2547912598, 31.5775966644, 34.9004020691, 38.2232055664, 41.5460128784, 44.8688163757, 48.1916236877, 51.5144271851, 21.6091537476, 18.6992301941, 1.69462281867e-15,             0,             0,             0,             0,             0,             0,             0,             0,             0,             0, 0.0350850075483, -0.0101122623309, -0.0350850075483, 0.0101122623309, 0.837265372276, 0.837623178959, -0.837265372276, -0.837623178959, 1.33545371751e-16,             0,             0,             0,             0,             0,             0,             0,             0,             0,             0, 0.837614536285, 0.837489187717,             0,             0,             0,             0,             0,             0,             0,             0,             0,             0, -0.837614536285, -0.837489187717, -5.55111512313e-17,             0, -5.55111512313e-17,             0, -0.00173300912138,             0,             0,             0,             0,             0,             0,             0,             0,             0,             0, 0.318296849728, 0.324370324612,             0,             0,             0,             0,             0,             0,             0,             0,             0,             0, 0.318296849728, 0.324370324612
        0.675, -0.0365450158715, 0.0116910971701, 0.0365450158715, -0.0116910971701, 1.0423564579e-14, 2562.53149414, 3.31149733015e-14,             0, 320.128356934, -18.7963085175, 320.128356934, -18.7963085175, 51.0763969421, -9.88122749329, -51.0763969421, 9.88122749329, 4207.98828125, 2580.78588867, 4207.98828125, 2580.78588867,             0,             0,             0,             0,             0,             0,             0,             0,             0,             0,             0,             0,             0,             0,             0,             0,             0,             0,             0,             0,             0, 1.53449918093e-16, -0.000422281213105,             0,             0,             0,             0,             0,             0,             0,             0,             0,             0,             0,             0,             0,             0, 1.41606502254e-15,             0,             0,             0,             0,             0,             0,             0,             0,             0,             0,             0,             0,             0,             0, 1.41606502254e-15, -0.0645472034812, 0.0257176142186, 0.0645472034812, -0.0257176142186, 11.0017681122, 10.9864120483, 11.0017681122, 10.9864120483,  22.439956665, 0.0360665358603, -0.0360665358603, -3.77717978152e-14,             0,             0,             0,             0,             0,             0,             0,             0,             0,             0,  25.746427536,  55.654209137, 29.0695152283, 32.3926010132, 35.7156867981, 39.0387763977, 42.3618621826, 45.6849479675, 49.0080337524, 52.3311195374,             1,             1,             1,             1,             1,             1,             1,             1,             1,             1,  119.63155365,           120, 0.607397854328,             0,  13.697052002, 1.54681313038, 22.4399051666, 19.5299854279, 22.4399051666, 19.5299854279,  22.439956665, 25.7630500793, 55.6708831787, 29.0861415863, 32.4092330933, 35.7323265076, 39.0554199219, 42.3785133362, 45.7016029358, 49.0246963501, 52.3477897644, 22.4399051666, 19.5299854279, 25.7630500793, 55.6708831787, 29.0861415863, 32.4092330933, 35.7323265076, 39.0554199219, 42.3785133362, 45.7016029358, 49.0246963501, 52.3477897644, 22.4399051666, 19.5299854279, 1.87069132225e-15,             0,             0,             0,             0,             0,             0,             0,             0,             0,             0, 0.0360660590231, -0.0109821250662, -0.0360660590231, 0.0109821250662, 0.837258338928, 0.837633728981, -0.837258338928, -0.837633728981, 1.53449918093e-16,             0,             0,             0,             0,             0,             0,             0,             0,             0,             0, 0.837616920471, 0.837488114834,             0,             0,             0,             0,             0,             0,             0,             0,             0,             0, -0.837616920471, -0.837488114834,             0,             0,             0,             0, -0.00160137587227,             0,             0,             0,             0,             0,             0,             0,             0,             0,             0, 0.318298339844,  0.3243701756,             0,             0,             0,             0,             0,             0,             0,             0,             0,             0, 0.318298339844,  0.3243701756
          0.7, -0.0374538935721, 0.0124329952523, 0.0374538935721, -0.0124329952523, 6.69211170176e-15, 2562.59155273, 2.76931984153e-14,             0, 320.698944092, -18.8054027557, 320.698944092, -18.8054027557, 52.3927612305, -10.5369768143, -52.3927612305, 10.5369768143, 4207.81494141, 2580.77734375, 4207.81494141, 2580.77734375,             0,             0,             0,             0,             0,             0,             0,             0,             0,             0,             0,             0,             0,             0,             0,             0,             0,             0,             0,             0,             0, 1.86588110155e-16, -0.00429141800851,             0,             0,             0,             0,             0,             0,             0,             0,             0,             0,             0,             0,             0,             0, 1.79638853333e-15,             0,             0,             0,             0,             0,             0,             0,             0,             0,             0,             0,             0,             0,             0, 1.79638853333e-15, -0.0661584958434, 0.0276052448899, 0.0661584958434, -0.0276052448899, 11.4098091125,   11.39316082, 11.4098091125,   11.39316082, 23.2708034515, 0.0370031781495, -0.0370031781495, -3.86492832909e-14,             0,             0,             0,             0,             0,             0,             0,             0,             0,             0, 26.5775623322,  56.487953186, 29.9009399414, 33.2243156433, 36.5476951599, 39.8710708618, 43.1944465637, 46.5178222656, 49.8412017822, 53.1645774841,             1,             1,             1,             1,             1,             1,             1,             1,             1,             1, 119.641990662,           120, 0.607843339443,             0, 13.7006378174, 1.54688060284, 23.2707271576, 20.3608131409, 23.2707271576, 20.3608131409, 23.2708034515, 26.5941867828, 56.5046310425, 29.9175682068, 33.2409515381, 36.5643348694, 39.8877182007,  43.211101532, 46.5344810486, 49.8578643799, 53.1812477112, 23.2707271576, 20.3608131409, 26.5941867828, 56.5046310425, 29.9175682068, 33.2409515381, 36.5643348694, 39.8877182007,  43.211101532, 46.5344810486, 49.8578643799, 53.1812477112, 23.2707271576, 20.3608131409, 1.95230188793e-15,             0,             0,             0,             0,             0,             0,             0,             0,             0,             0, 0.0369982235134, -0.0117819784209, -0.0369982235134, 0.0117819784209, 0.837251603603, 0.837643444538, -0.837251603603, -0.837643444538, 1.86588110155e-16,             0,             0,             0,             0,             0,             0,             0,             0,             0,             0, 0.837619125843, 0.83748716116,             0,             0,             0,             0,             0,             0,             0,             0,             0,             0, -0.837619125843, -0.83748716116,             0,             0,             0,             0, -0.00147747562733,             0,             0,             0,             0,             0,             0,             0,             0,             0,             0, 0.318298995495, 0.324370205402,             0,             0,             0,             0,             0,             0,             0,             0,             0,             0, 0.318298995495, 0.324370205402
        0.725, -0.0383122824132, 0.0131136691198, 0.0383122824132, -0.0131136691198, -1.50508659711e-15, 2562.45654297, 2.19424639375e-16,             0, 320.708374023, -18.8073654175, 320.708374023, -18.8073654175, 53.6392364502, -11.1375703812, -53.6392364502, 11.1375703812, 4207.85644531,  2580.7487793, 4207.85644531,  2580.7487793,             0,             0,             0,             0,             0,             0,             0,             0,             0,             0,             0,             0,             0,             0,             0,             0,             0,             0,             0,             0,             0, 2.1678000399e-16, -0.00789090525359,             0,             0,             0,             0,             0,             0,             0,             0,             0,             0,             0,             0,             0,             0, 1.82791128798e-15,             0,             0,             0,             0,             0,             0,             0,             0,             0,             0,             0,             0,             0,             0, 1.82791128798e-15, -0.0676814764738, 0.0293401684612, 0.0676814764738, -0.0293401684612, 11.8178853989, 11.7999458313, 11.8178853989, 11.7999458313, 24.1017189026, 0.0378898531199, -0.0378898531199, -2.82851101211e-14,             0,             0,             0,             0,             0,             0,             0,             0,             0,             0, 27.4087677002, 57.3217811584, 30.7324371338, 34.0561027527, 37.3797721863, 40.7034416199, 44.0271072388, 47.3507766724,  50.674446106, 53.9981117249,             1,             1,             1,             1,             1,             1,             1,             1,             1,             1, 119.652450562,           120, 0.60784047842,             0, 13.7042331696, 1.54694831371, 24.1016216278, 21.1917095184, 24.1016216278, 21.1917095184, 24.1017189026, 27.4253940582, 57.3384590149, 30.7490673065, 34.0727424622, 37.3964157104, 40.7200889587,  44.043762207, 47.3674354553, 50.6911087036, 54.0147819519, 24.1016216278, 21.1917095184, 27.4253940582, 57.3384590149, 30.7490673065, 34.0727424622, 37.3964157104, 40.7200889587,  44.043762207, 47.3674354553, 50.6911087036, 54.0147819519, 24.1016216278, 21.1917095184, 1.92523092669e-15,             0,             0,             0,             0,             0,             0,             0,             0,             0,             0, 0.0378805324435, -0.0125164268538, -0.0378805324435, 0.0125164268538, 0.837245166302, 0.837652385235, -0.837245166302, -0.837652385235, 2.1678000399e-16,             0,             0,             0,             0,             0,             0,             0,             0,             0,             0, 0.837621212006, 0.83748626709,             0,             0,             0,             0,             0,             0,             0,             0,             0,             0, -0.837621212006, -0.83748626709,             0, -5.55111512313e-17,             0, -5.55111512313e-17, -0.00136129476596,             0,             0,             0,             0,             0,             0,             0,             0,             0,             0, 0.318298816681, 0.324370294809,             0,             0,             0,             0,             0,             0,             0,             0,             0,             0, 0.318298816681, 0.324370294809
         0.75, -0.0391201116145, 0.013736766763, 0.0391201116145, -0.013736766763, -3.31510484347e-15, 2562.16796875, 5.37121789827e-18,             0, 320.264587402, -18.8033733368, 320.264587402, -18.8033733368,  54.815032959, -11.6868934631, -54.815032959, 11.6868934631, 4208.06640625, 2580.67724609, 4208.06640625, 2580.67724609,             0,             0,             0,             0,             0,             0,             0,             0,             0,             0,             0,             0,             0,             0,             0,             0,             0,             0,             0,             0,             0, 2.43253912878e-16, -0.0112301455811,             0,             0,             0,             0,             0,             0,             0,             0,             0,             0,             0,             0,             0,             0, 1.33309687481e-15,             0,             0,             0,             0,             0,             0,             0,             0,             0,             0,             0,             0,             0,             0, 1.33309687481e-15, -0.0691157504916, 0.0309325028211, 0.0691157504916, -0.0309325028211, 12.2259969711, 12.2067642212, 12.2259969711, 12.2067642212, 24.9327049255, 0.0387260951102, -0.0387260951102, -2.8353777388e-14,             0,             0,             0,             0,             0,             0,             0,             0,             0,             0, 28.2400436401, 58.1556663513, 31.5640010834, 34.8879585266, 38.2119178772, 41.5358772278, 44.8598327637, 48.1837921143, 51.5077514648, 54.8317070007,             1,             1,             1,             1,             1,             1,             1,             1,             1,             1, 119.662879944,           120, 0.607473254204,             0, 13.7078170776, 1.54701566696, 24.9325885773, 22.0226802826, 24.9325885773, 22.0226802826, 24.9327049255, 28.2566699982, 58.1723442078, 31.5806331635, 34.9045982361, 38.2285614014, 41.5525245667, 44.8764877319, 48.2004547119, 51.5244178772, 54.8483810425, 24.9325885773, 22.0226802826, 28.2566699982, 58.1723442078, 31.5806331635, 34.9045982361, 38.2285614014, 41.5525245667, 44.8764877319, 48.2004547119, 51.5244178772, 54.8483810425, 24.9325885773, 22.0226802826, 1.8528415852e-15,             0,             0,             0,             0,             0,             0,             0,             0,             0,             0, 0.0387125499547, -0.0131899211556, -0.0387125499547, 0.0131899211556, 0.837239146233, 0.837660551071, -0.837239146233, -0.837660551071, 2.43253912878e-16,             0,             0,             0,             0,             0,             0,             0,             0,             0,             0, 0.837623119354, 0.837485432625,             0,             0,             0,             0,             0,             0,             0,             0,             0,             0, -0.837623119354, -0.837485432625,             0,             0,             0,             0, -0.00125266553368,             0,             0,             0,             0,             0,             0,             0,             0,             0,             0, 0.318298041821, 0.32437056303,             0,             0,             0,             0,             0,             0,             0,             0,             0,             0, 0.318298041821, 0.32437056303
        0.775, -0.039878167212, 0.0143046621233, 0.039878167212, -0.0143046621233, 5.81977491575e-16, 2561.75976562, -8.91801682541e-17,             0, 319.458435059, -18.7944641113, 319.458435059, -18.7944641113, 55.9202804565, -12.1874809265, -55.9202804565, 12.1874809265, 4208.39160156, 2580.53833008, 4208.39160156, 2580.53833008,             0,             0,             0,             0,             0,             0,             0,             0,             0,             0,             0,             0,             0,             0,             0,             0,             0,             0,             0,             0,             0, 2.79273830141e-16, -0.0143189951777,             0,             0,             0,             0,             0,             0,             0,             0,             0,             0,             0,             0,             0,             0, 1.80323488888e-15,             0,             0,             0,             0,             0,             0,             0,             0,             0,             0,             0,             0,             0,             0, 1.80323488888e-15, -0.07046225667, 0.032389767468, 0.07046225667, -0.032389767468, 12.6341409683, 12.6136188507, 12.6341409683, 12.6136188507, 25.7637615204, 0.039512231946, -0.039512231946, -3.23865520719e-14,             0,             0,             0,             0,             0,             0,             0,             0,             0,             0, 29.0713863373, 58.9895973206, 32.3956298828, 35.7198791504, 39.0441246033, 42.3683700562,  45.692615509, 49.0168609619, 52.3411064148, 55.6653518677,             1,             1,             1,             1,             1,             1,             1,             1,             1,             1, 119.673225403,           120, 0.606812953949,             0, 13.7113723755, 1.54708254337, 25.7636260986, 22.8537197113, 25.7636260986, 22.8537197113, 25.7637615204, 29.0880126953, 59.0062789917, 32.4122657776, 35.7365150452, 39.0607681274, 42.3850212097, 45.7092704773, 49.0335235596, 52.3577766418, 55.6820259094, 25.7636260986, 22.8537197113, 29.0880126953, 59.0062789917, 32.4122657776, 35.7365150452, 39.0607681274, 42.3850212097, 45.7092704773, 49.0335235596, 52.3577766418, 55.6820259094, 25.7636260986, 22.8537197113, 1.81267845921e-15,             0,             0,             0,             0,             0,             0,             0,             0,             0,             0, 0.0394946224988, -0.0138057805598, -0.0394946224988, 0.0138057805598, 0.837233424187, 0.837668061256, -0.837233424187, -0.837668061256, 2.79273830141e-16,             0,             0,             0,             0,             0,             0,             0,             0,             0,             0, 0.837624907494, 0.837484717369,             0,             0,             0,             0,             0,             0,             0,             0,             0,             0, -0.837624907494, -0.837484717369,             0, -5.55111512313e-17,             0, -5.55111512313e-17, -0.00115129048936,             0,             0,             0,             0,             0,             0,             0,             0,             0,             0, 0.318296819925, 0.32437106967,             0,             0,             0,             0,             0,             0,             0,             0,             0,             0, 0.318296819925, 0.32437106967
          0.8, -0.0405880063772, 0.0148194758222, 0.0405880063772, -0.0148194758222, 5.89635185579e-17,  2561.2578125, 9.01448329019e-17,             0, 318.364257812, -18.7815666199, 318.364257812, -18.7815666199, 56.9562110901, -12.6413574219, -56.9562110901, 12.6413574219, 4208.78222656, 2580.32885742, 4208.78222656, 2580.32885742,             0,             0,             0,             0,             0,             0,             0,             0,             0,             0,             0,             0,             0,             0,             0,             0,             0,             0,             0,             0,             0, 3.1374973869e-16, -0.0171691514552,             0,             0,             0,             0,             0,             0,             0,             0,             0,             0,             0,             0,             0,             0, 2.10220427322e-15,             0,             0,             0,             0,             0,             0,             0,             0,             0,             0,             0,             0,             0,             0, 2.10220427322e-15, -0.0717232748866, 0.0337176285684, 0.0717232748866, -0.0337176285684, 13.0423173904, 13.0205068588, 13.0423173904, 13.0205068588, 26.5948867798, 0.0402493961155, -0.0402493961155, -3.26015459746e-14,             0,             0,             0,             0,             0,             0,             0,             0,             0,             0, 29.9027938843, 59.8235664368, 33.2273254395, 36.5518531799, 39.8763847351, 43.2009162903, 46.5254440308, 49.8499755859, 53.1745071411, 56.4990348816,             1,             1,             1,             1,             1,             1,             1,             1,             1,             1, 119.683441162,           120, 0.605918467045,             0,  13.714884758, 1.54714858532, 26.5947341919, 23.6848316193, 26.5947341919, 23.6848316193, 26.5948867798, 29.9194221497, 59.8402442932, 33.2439575195, 36.5684928894,  39.893032074, 43.2175674438, 46.5421028137, 49.8666381836, 53.1911735535, 56.5157089233, 26.5947341919, 23.6848316193, 29.9194221497, 59.8402442932, 33.2439575195, 36.5684928894,  39.893032074, 43.2175674438, 46.5421028137, 49.8666381836, 53.1911735535, 56.5157089233, 26.5947341919, 23.6848316193, 1.79994331885e-15,             0,             0,             0,             0,             0,             0,             0,             0,             0,             0, 0.0402279049158, -0.0143665159121, -0.0402279049158, 0.0143665159121, 0.837228059769, 0.837674856186, -0.837228059769, -0.837674856186, 3.1374973869e-16,             0,             0,             0,             0,             0,             0,             0,             0,             0,             0, 0.837626516819, 0.837484002113,             0,             0,             0,             0,             0,             0,             0,             0,             0,             0, -0.837626516819, -0.837484002113,             0,             0,             0,             0, -0.00105678383261,             0,             0,             0,             0,             0,             0,             0,             0,             0,             0, 0.318295329809, 0.32437184453,             0,             0,             0,             0,             0,             0,             0,             0,             0,             0, 0.318295329809, 0.32437184453
        0.825, -0.0412517227232, 0.0152837159112, 0.0412517227232, -0.0152837159112, 1.13696110191e-15, 2560.68261719, 9.88334917341e-17,             0, 317.042358398, -18.7654895782, 317.042358398, -18.7654895782, 57.9250640869, -13.0507278442, -57.9250640869, 13.0507278442, 4209.20019531,     2580.0625, 4209.20019531,     2580.0625,             0,             0,             0,             0,             0,             0,             0,             0,             0,             0,             0,             0,             0,             0,             0,             0,             0,             0,             0,             0,             0, 3.39801666351e-16, -0.0197941102087,             0,             0,             0,             0,             0,             0,             0,             0,             0,             0,             0,             0,             0,             0, 1.35854777965e-15,             0,             0,             0,             0,             0,             0,             0,             0,             0,             0,             0,             0,             0,             0, 1.35854777965e-15, -0.0729021951556, 0.034921489656, 0.0729021951556, -0.034921489656, 13.4505224228, 13.4274291992, 13.4505224228, 13.4274291992, 27.4260807037, 0.0409393832088, -0.0409393832088, -3.50645992006e-14,             0,             0,             0,             0,             0,             0,             0,             0,             0,             0, 30.7342662811, 60.6575584412, 34.0590782166, 37.3838882446, 40.7086982727, 44.0335083008, 47.3583183289, 50.6831283569,  54.007938385, 57.3327484131,             1,             1,             1,             1,             1,             1,             1,             1,             1,             1, 119.693504333,           120, 0.604838132858,             0, 13.7183437347, 1.54721367359, 27.4259109497, 24.5160121918, 27.4259109497, 24.5160121918, 27.4260807037, 30.7508964539, 60.6742362976, 34.0757102966, 37.4005279541, 40.7253417969, 44.0501594543, 47.3749732971, 50.6997909546, 54.0246047974, 57.3494224548, 27.4259109497, 24.5160102844, 30.7508964539, 60.6742362976, 34.0757102966, 37.4005279541, 40.7253417969, 44.0501594543, 47.3749732971, 50.6997909546, 54.0246047974, 57.3494224548, 27.4259109497, 24.5160102844, 1.81887281115e-15,             0,             0,             0,             0,             0,             0,             0,             0,             0,             0, 0.0409142002463, -0.014874516055, -0.0409142002463, 0.014874516055, 0.837223052979, 0.837681055069, -0.837223052979, -0.837681055069, 3.39801666351e-16,             0,             0,             0,             0,             0,             0,             0,             0,             0,             0, 0.83762806654, 0.837483346462,             0,             0,             0,             0,             0,             0,             0,             0,             0,             0, -0.83762806654, -0.837483346462,             0,             0,             0,             0, -0.000968724139966,             0,             0,             0,             0,             0,             0,             0,             0,             0,             0, 0.318293780088, 0.324372828007,             0,             0,             0,             0,             0,             0,             0,             0,             0,             0, 0.318293780088, 0.324372828007
         0.85, -0.0418716967106, 0.0157003328204, 0.0418716967106, -0.0157003328204, -6.22732958289e-16, 2560.05053711, -1.07406444542e-16,             0, 315.541687012, -18.7469005585, 315.541687012, -18.7469005585, 58.8298301697, -13.4181585312, -58.8298301697, 13.4181585312, 4209.62304688, 2579.75805664, 4209.62304688, 2579.75805664,             0,             0,             0,             0,             0,             0,             0,             0,             0,             0,             0,             0,             0,             0,             0,             0,             0,             0,             0,             0,             0, 3.74023756184e-16, -0.0222079902887,             0,             0,             0,             0,             0,             0,             0,             0,             0,             0,             0,             0,             0,             0, 1.51617743476e-15,             0,             0,             0,             0,             0,             0,             0,             0,             0,             0,             0,             0,             0,             0, 1.51617754064e-15, -0.0740030631423, 0.0360074527562, 0.0740030631423, -0.0360074527562,  13.858757019, 13.8343858719,  13.858757019, 13.8343858719, 28.2573413849, 0.0415843985975, -0.0415843985975, -3.42271749951e-14,             0,             0,             0,             0,             0,             0,             0,             0,             0,             0, 31.5658016205, 61.4915657043, 34.8908843994, 38.2159690857,  41.541053772, 44.8661384583, 48.1912231445, 51.5163078308, 54.8413925171, 58.1664810181,             1,             1,             1,             1,             1,             1,             1,             1,             1,             1,  119.70337677,           120, 0.60361135006,             0,  13.721739769, 1.54727745056, 28.2571582794, 25.3472595215, 28.2571582794, 25.3472595215, 28.2573413849, 31.5824317932, 61.5082435608, 34.9075241089, 38.2326126099, 41.5577011108, 44.8827934265, 48.2078819275, 51.5329742432, 54.8580627441, 58.1831550598, 28.2571582794, 25.3472595215, 31.5824317932, 61.5082435608, 34.9075241089, 38.2326126099, 41.5577011108, 44.8827934265, 48.2078819275, 51.5329742432, 54.8580627441, 58.1831550598, 28.2571582794, 25.3472595215, 1.80749800571e-15,             0,             0,             0,             0,             0,             0,             0,             0,             0,             0, 0.0415557175875, -0.0153324473649, -0.0415557175875, 0.0153324473649, 0.837218344212, 0.837686598301, -0.837218344212, -0.837686598301, 3.74023756184e-16,             0,             0,             0,             0,             0,             0,             0,             0,             0,             0, 0.837629437447, 0.837482750416,             0,             0,             0,             0,             0,             0,             0,             0,             0,             0, -0.837629437447, -0.837482750416,             0,             0,             0,             0, -0.000886701280251,             0,             0,             0,             0,             0,             0,             0,             0,             0,             0, 0.318292170763, 0.324373960495,             0,             0,             0,             0,             0,             0,             0,             0,             0,             0, 0.318292170763, 0.324373960495
        0.875, -0.042450312525, 0.0160724464804, 0.042450312525, -0.0160724464804, 4.27610554438e-16,      2559.375, -1.38964053273e-16,             0, 313.902252197, -18.7263450623, 313.902252197, -18.7263450623,  59.673866272, -13.7464084625, -59.673866272, 13.7464084625, 4210.04345703, 2579.42895508, 4210.04345703, 2579.42895508,             0,             0,             0,             0,             0,             0,             0,             0,             0,             0,             0,             0,             0,             0,             0,             0,             0,             0,             0,             0,             0, 4.10930993399e-16, -0.0244242697954,             0,             0,             0,             0,             0,             0,             0,             0,             0,             0,             0,             0,             0,             0, 2.04485929566e-15,             0,             0,             0,             0,             0,             0,             0,             0,             0,             0,             0,             0,             0,             0, 2.04485950742e-15, -0.0750301256776, 0.0369823276997, 0.0750301256776, -0.0369823276997, 14.2670183182, 14.2413740158, 14.2670183182, 14.2413740158, 29.0886688232, 0.0421867966652, -0.0421867966652, -3.71955782418e-14,             0,             0,             0,             0,             0,             0,             0,             0,             0,             0, 32.3973960876, 62.3255805969, 35.7227478027, 39.0481033325, 42.3734588623, 45.6988105774, 49.0241661072, 52.3495178223, 55.6748733521, 59.0002250671,             1,             1,             1,             1,             1,             1,             1,             1,             1,             1, 119.713050842,           120, 0.602270424366,             0,  13.725066185, 1.54733991623,  29.088470459, 26.1785755157,  29.088470459, 26.1785755157, 29.0886688232, 32.4140281677, 62.3422622681, 35.7393875122, 39.0647468567, 42.3901062012, 45.7154655457, 49.0408248901, 52.3661842346, 55.6915435791, 59.0169029236,  29.088470459, 26.1785755157, 32.4140281677, 62.3422622681, 35.7393875122, 39.0647468567, 42.3901062012, 45.7154655457, 49.0408248901, 52.3661842346, 55.6915435791, 59.0169029236,  29.088470459, 26.1785755157, 1.79991875489e-15,             0,             0,             0,             0,             0,             0,             0,             0,             0,             0, 0.042154815048, -0.0157432686538, -0.042154815048, 0.0157432686538, 0.837213933468, 0.837691605091, -0.837213933468, -0.837691605091, 4.10930993399e-16,             0,             0,             0,             0,             0,             0,             0,             0,             0,             0, 0.837630748749, 0.837482213974,             0,             0,             0,             0,             0,             0,             0,             0,             0,             0, -0.837630748749, -0.837482213974,             0,             0,             0,             0, -0.000810346158687,             0,             0,             0,             0,             0,             0,             0,             0,             0,             0, 0.318290621042, 0.324375212193,             0,             0,             0,             0,             0,             0,             0,             0,             0,             0, 0.318290621042, 0.324375212193
          0.9, -0.0429898202419, 0.0164030976593, 0.0429898202419, -0.0164030976593, -2.0977920786e-15, 2558.66699219, 7.6973245579e-17,             0, 312.157104492, -18.7042732239, 312.157104492, -18.7042732239, 60.4605712891,  -14.03819561, -60.4605712891,   14.03819561, 4210.46289062, 2579.08203125, 4210.46289062, 2579.08203125,             0,             0,             0,             0,             0,             0,             0,             0,             0,             0,             0,             0,             0,             0,             0,             0,             0,             0,             0,             0,             0, 4.36848507519e-16, -0.0264551825821,             0,             0,             0,             0,             0,             0,             0,             0,             0,             0,             0,             0,             0,             0, 1.48919572962e-15,             0,             0,             0,             0,             0,             0,             0,             0,             0,             0,             0,             0,             0,             0, 1.4891958355e-15, -0.0759875103831, 0.0378531962633, 0.0759875103831, -0.0378531962633, 14.6753053665, 14.6483955383, 14.6753053665, 14.6483955383, 29.9200611115, 0.0427488684654, -0.0427488684654, -3.37899941859e-14,             0,             0,             0,             0,             0,             0,             0,             0,             0,             0, 33.2290496826, 63.1596031189, 36.5546646118, 39.8802833557, 43.2058982849, 46.5315170288,  49.857131958, 53.1827507019, 56.5083656311,  59.833984375,             1,             1,             1,             1,             1,             1,             1,             1,             1,             1, 119.722503662,           120, 0.600841939449,             0, 13.7283172607, 1.54740107059, 29.9198513031, 27.0099582672, 29.9198513031, 27.0099582672, 29.9200611115, 33.2456817627, 63.1762809753, 36.5713043213, 39.8969268799, 43.2225494385, 46.5481719971, 49.8737945557, 53.1994171143, 56.5250358582, 59.8506584167, 29.9198513031, 27.0099582672, 33.2456817627, 63.1762809753, 36.5713043213, 39.8969268799, 43.2225494385, 46.5481719971, 49.8737945557, 53.1994171143, 56.5250358582, 59.8506584167, 29.9198513031, 27.0099582672, 1.76905107435e-15,             0,             0,             0,             0,             0,             0,             0,             0,             0,             0, 0.0427137874067, -0.0161100309342, -0.0427137874067, 0.0161100309342, 0.837209820747, 0.837696075439, -0.837209820747, -0.837696075439, 4.36848507519e-16,             0,             0,             0,             0,             0,             0,             0,             0,             0,             0, 0.837631940842, 0.837481737137,             0,             0,             0,             0,             0,             0,             0,             0,             0,             0, -0.837631940842, -0.837481737137,             0,             0,             0,             0, -0.000739337410778,             0,             0,             0,             0,             0,             0,             0,             0,             0,             0, 0.318289041519, 0.324376493692,             0,             0,             0,             0,             0,             0,             0,             0,             0,             0, 0.318289041519, 0.324376493692
        0.925, -0.0434922724962, 0.0166951604187, 0.0434922724962, -0.0166951604187, 5.6752287433e-15, 2557.93603516, 1.01518275157e-16,             0, 310.334014893, -18.6810684204, 310.334014893, -18.6810684204,  61.193145752, -14.2960853577, -61.193145752, 14.2960853577, 4210.88671875, 2578.72070312, 4210.88671875, 2578.72070312,             0,             0,             0,             0,             0,             0,             0,             0,             0,             0,             0,             0,             0,             0,             0,             0,             0,             0,             0,             0,             0, 4.67830696329e-16, -0.0283118411899,             0,             0,             0,             0,             0,             0,             0,             0,             0,             0,             0,             0,             0,             0, 1.34252106926e-15,             0,             0,             0,             0,             0,             0,             0,             0,             0,             0,             0,             0,             0,             0, 1.34252128101e-15, -0.0768790394068, 0.0386269837618, 0.0768790394068, -0.0386269837618, 15.0836181641, 15.0554475784, 15.0836181641, 15.0554475784, 30.7515163422, 0.0432727485895, -0.0432727485895, -4.37040032256e-14,             0,             0,             0,             0,             0,             0,             0,             0,             0,             0,  34.060760498, 63.9936218262, 37.3866348267, 40.7125053406, 44.0383796692, 47.3642539978, 50.6901283264, 54.0159988403, 57.3418731689, 60.6677474976,             1,             1,             1,             1,             1,             1,             1,             1,             1,             1,   119.7317276,           120, 0.599348127842,             0, 13.7314910889, 1.54746067524, 30.7512950897, 27.8414039612, 30.7512950897, 27.8414039612, 30.7515163422, 34.0773963928, 64.0102996826, 37.4032745361, 40.7291526794, 44.0550308228, 47.3809089661, 50.7067871094, 54.0326652527,  57.358543396, 60.6844215393, 30.7512950897, 27.8414039612, 34.0773963928, 64.0102996826, 37.4032745361, 40.7291526794, 44.0550308228, 47.3809089661, 50.7067871094, 54.0326652527,  57.358543396, 60.6844215393, 30.7512950897, 27.8414039612, 1.78928912668e-15,             0,             0,             0,             0,             0,             0,             0,             0,             0,             0, 0.0432347655296, -0.0164357144386, -0.0432347655296, 0.0164357144386, 0.83720600605, 0.837700009346, -0.83720600605, -0.837700009346, 4.67830696329e-16,             0,             0,             0,             0,             0,             0,             0,             0,             0,             0, 0.83763307333, 0.837481319904,             0,             0,             0,             0,             0,             0,             0,             0,             0,             0, -0.83763307333, -0.837481319904,             0,             0,             0,             0, -0.000673391507007,             0,             0,             0,             0,             0,             0,             0,             0,             0,             0, 0.318287461996, 0.324377834797,             0,             0,             0,             0,             0,             0,             0,             0,             0,             0, 0.318287461996, 0.324377834797
         0.95, -0.0439595542848, 0.016951367259, 0.0439595542848, -0.016951367259, 4.9003693559e-15, 2557.19042969, -1.05800251698e-16,             0, 308.456512451, -18.6570644379, 308.456512451, -18.6570644379, 61.8745193481, -14.5225028992, -61.8745193481, 14.5225028992, 4211.31884766, 2578.34838867, 4211.31884766, 2578.34838867,             0,             0,             0,             0,             0,             0,             0,             0,             0,             0,             0,             0,             0,             0,             0,             0,             0,             0,             0,             0,             0, 5.05775178327e-16, -0.0300047006458,             0,             0,             0,             0,             0,             0,             0,             0,             0,             0,             0,             0,             0,             0, 1.71034862061e-15,             0,             0,             0,             0,             0,             0,             0,             0,             0,             0,             0,             0,             0,             0, 1.71034893825e-15, -0.0777082070708, 0.0393103286624, 0.0777082070708, -0.0393103286624, 15.4919548035, 15.4625310898, 15.4919548035, 15.4625310898,  31.583032608, 0.0437603890896, -0.0437603890896, -4.5148638246e-14,             0,             0,             0,             0,             0,             0,             0,             0,             0,             0, 34.8925247192, 64.8276367188, 38.2186508179, 41.5447731018, 44.8708953857, 48.1970176697, 51.5231437683, 54.8492660522, 58.1753883362, 61.5015144348,             1,             1,             1,             1,             1,             1,             1,             1,             1,             1, 119.740707397,           120, 0.597807645798,             0,  13.734582901, 1.54751873016, 31.5828018188, 28.6729106903, 31.5828018188, 28.6729106903,  31.583032608,  34.909160614, 64.8443145752, 38.2352905273,  41.561416626, 44.8875465393, 48.2136764526, 51.5398025513, 54.8659324646, 58.1920585632, 61.5181884766, 31.5828018188, 28.6729106903,  34.909160614, 64.8443145752, 38.2352905273,  41.561416626, 44.8875465393, 48.2136764526, 51.5398025513, 54.8659324646, 58.1920585632, 61.5181884766, 31.5828018188, 28.6729106903, 1.92264366456e-15,             0,             0,             0,             0,             0,             0,             0,             0,             0,             0, 0.0437197014689, -0.0167231634259, -0.0437197014689, 0.0167231634259, 0.837202370167, 0.83770352602, -0.837202370167, -0.83770352602, 5.05775178327e-16,             0,             0,             0,             0,             0,             0,             0,             0,             0,             0, 0.837634086609, 0.837480962276,             0,             0,             0,             0,             0,             0,             0,             0,             0,             0, -0.837634086609, -0.837480962276,             0,             0,             0,             0, -0.000612246687524,             0,             0,             0,             0,             0,             0,             0,             0,             0,             0, 0.318285822868, 0.324379235506,             0,             0,             0,             0,             0,             0,             0,             0,             0,             0, 0.318285822868, 0.324379235506
        0.975, -0.0444093830884, 0.0171744525433, 0.0443774908781, -0.0171743128449, 1.78522554961e-06, 2556.43676758, 8.88252259301e-07,             0, 306.544555664, -18.6325206757,  306.54473877, -18.6325798035, 62.5134620667, -14.7198133469, -62.5012817383, 14.7197732925, 4211.75927734, 2577.96948242, 4211.75927734, 2577.96972656,             0,             0,             0,             0,             0,             0,             0,             0,             0,             0,             0,             0,             0,             0,             0,             0,             0,             0,             0,             0,             0, 5.99854277361e-10, -0.031543970108,             0,             0,             0,             0,             0,             0,             0,             0,             0,             0,             0,             0,             0,             0, 3.82454174996e-08,             0,             0,             0,             0,             0,             0,             0,             0,             0,             0,             0,             0,             0,             0, 3.82454246051e-08, -0.0784789919853, 0.0399096757174, 0.078477486968, -0.0399096161127, 15.9003143311,  15.869644165, 15.9003143311,  15.869644165, 32.4146118164, 0.044228695333, -0.0441985204816, 0.000666970037855,             0,             0,             0,             0,             0,             0,             0,             0,             0,             0, 35.7243461609, 65.6616439819, 39.0507125854,   42.37707901, 45.7034454346, 49.0298118591, 52.3561782837, 55.6825447083, 59.0089111328, 62.3352775574,             1,             1,             1,             1,             1,             1,             1,             1,             1,             1, 119.749450684,           120, 0.596236109734,             0, 13.7375907898, 1.54757523537, 32.4143676758, 29.5044803619, 32.4143676758, 29.5044803619, 32.4146118164, 35.7409820557, 65.6783218384, 39.0673522949, 42.3937263489, 45.7200965881, 49.0464668274, 52.3728370667, 55.6992111206, 59.0255813599, 62.3519515991, 32.4143676758, 29.5044803619, 35.7409820557, 65.6783218384, 39.0673522949, 42.3937263489, 45.7200965881, 49.0464668274, 52.3728370667, 55.6992111206, 59.0255813599, 62.3519515991, 32.4143676758, 29.5044803619, 6.54021281576e-09,             0,             0,             0,             0,             0,             0,             0,             0,             0,             0, 0.044185500592, -0.0169751103967, -0.0441553145647, 0.0169751308858, 0.837199032307, 0.837706565857, -0.837199091911, -0.837706565857, 5.99854277361e-10,             0, 0.000316913414281,             0,             0,             0,             0,             0,             0,             0,             0, 0.837635040283, 0.837480604649,             0, 0.000316913414281,             0,             0,             0,             0,             0,             0,             0,             0, -0.837635040283, -0.837480604649,             0,             0,             0,             0, -0.000555648875888,             0,             0,             0,             0,             0,             0,             0,             0,             0,             0, 0.318284183741, 0.324380636215,             0,             0,             0,             0,             0,             0,             0,             0,             0,             0, 0.318284183741, 0.324380636215
            1, -0.0448982715607, 0.0173672940582, 0.044635694474, -0.0173663403839, 6.41300357529e-05, 2555.68066406, 1.35939926622e-05,             0, 304.615631104, -18.6071567535, 304.615966797, -18.6083774567, 63.1783752441, -14.8905115128, -62.9909820557, 14.8899793625, 4212.20117188,  2577.5859375, 4212.20947266,  2577.5925293,             0,             0,             0,             0,             0,             0,             0,             0,             0,             0,             0,             0,             0,             0,             0,             0,             0,             0,             0,             0,             0, 3.56620937225e-08, -0.0329397507012,             0,             0,             0,             0,             0,             0,             0,             0,             0,             0,             0,             0,             0,             0, 1.49381889969e-06,             0,             0,             0,             0,             0,             0,             0,             0,             0,             0,             0,             0,             0,             0, 1.49381912706e-06, -0.0791961699724, 0.0404324308038, 0.0791852772236, -0.0404299423099, 16.3086967468, 16.2767868042, 16.3086967468, 16.2767868042, 33.2462463379, 0.0447378195822, -0.0444731302559, 0.00656696362421,             0,             0,             0,             0,             0,             0,             0,             0,             0,             0, 36.5562171936, 66.4956436157, 39.8828201294, 43.2094230652,  46.536026001, 49.8626289368, 53.1892318726, 56.5158348083, 59.8424377441, 63.1690406799,             1,             1,             1,             1,             1,             1,             1,             1,             1,             1, 119.757949829,           120, 0.594646811485,             0, 13.7405147552, 1.54763007164, 33.2459945679, 30.3361091614, 33.2459945679, 30.3361091614, 33.2462463379, 36.5728530884, 66.5123214722, 39.8994598389, 43.2260704041, 46.5526771545,  49.879283905, 53.2058906555,  56.532497406, 59.8591079712, 63.1857147217, 33.2459945679, 30.3361091614, 36.5728530884, 66.5123214722, 39.8994598389, 43.2260704041, 46.5526771545,  49.879283905, 53.2058906555,  56.532497406, 59.8591079712, 63.1857147217, 33.2459945679, 30.3361091614, 5.41132067156e-07,             0,             0,             0,             0,             0,             0,             0,             0,             0,             0, 0.0446928367019, -0.017193607986, -0.0444270707667, 0.0171948969364, 0.83719599247, 0.837709248066, -0.83719599247, -0.837709248066, 3.56620937225e-08,             0, 0.00303674559109,             0,             0,             0,             0,             0,             0,             0,             0, 0.837635934353, 0.837480306625,             0, 0.00303674559109,             0,             0,             0,             0,             0,             0,             0,             0, -0.837635874748, -0.837480306625,             0,             0,             0,             0, -0.000503344635945,             0,             0,             0,             0,             0,             0,             0,             0,             0,             0, 0.318282514811, 0.324382066727,             0,             0,             0,             0,             0,             0,             0,             0,             0,             0, 0.318282485008, 0.324382036924
        1.025, -0.0456760264933, 0.0175294838846, 0.0446025319397, -0.0175328962505, 0.000410043954616, 2554.92724609, 6.12374715274e-05,             0, 302.683959961, -18.5800437927, 302.683685303, -18.5857830048, 64.0249557495, -15.0357379913, -63.1834030151, 15.0364112854, 4212.62011719, 2577.18457031, 4212.68701172, 2577.23803711,             0,             0,             0,             0,             0,             0,             0,             0,             0,             0,             0,             0,             0,             0,             0,             0,             0,             0,             0,             0,             0, 3.30036556306e-07, -0.0342019535601,             0,             0,             0,             0,             0,             0,             0,             0,             0,             0,             0,             0,             0,             0, 1.15546508823e-05,             0,             0,             0,             0,             0,             0,             0,             0,             0,             0,             0,             0,             0,             0, 1.15546536108e-05, -0.0798698142171, 0.0408907979727, 0.0798336938024, -0.0408713035285, 16.7171001434, 16.6839561462, 16.7171001434, 16.6839561462, 34.0779380798, 0.045555382967, -0.0444347858429, 0.0234110821038,             0,             0,             0,             0,             0,             0,             0,             0,             0,             0, 37.3881378174, 67.3296279907,  40.714969635, 44.0418014526, 47.3686332703, 50.6954650879, 54.0222969055, 57.3491325378, 60.6759643555, 64.0027923584,             1,             1,             1,             1,             1,             1,             1,             1,             1,             1, 119.766197205,           120, 0.593050599098,             0, 13.7433538437, 1.54768335819, 34.0776786804, 31.1677951813, 34.0776824951, 31.1677951813, 34.0779380798, 37.4047737122, 67.3463058472, 40.7316131592, 44.0584487915, 47.3852844238, 50.7121238708, 54.0389595032, 57.3657951355, 60.6926345825, 64.0194702148, 34.0776786804, 31.1677951813, 37.4047737122, 67.3463058472, 40.7316131592, 44.0584487915, 47.3852844238, 50.7121238708, 54.0389595032, 57.3657951355, 60.6926345825, 64.0194702148, 34.0776824951, 31.1677951813, 5.4403571994e-06,             0,             0,             0,             0,             0,             0,             0,             0,             0,             0, 0.0455131568015, -0.0173769444227, -0.0443816967309, 0.0173893701285, 0.837193250656, 0.837711572647, -0.837192893028, -0.837711513042, 3.30036556306e-07,             0, 0.010827306658,             0,             0,             0,             0,             0,             0,             0,             0, 0.837636947632, 0.837480068207,             0, 0.010827306658,             0,             0,             0,             0,             0,             0,             0,             0, -0.83763641119, -0.837480068207,             0, -5.55111512313e-17,             0,             0, -0.000455080589745,             0,             0,             0,             0,             0,             0,             0,             0,             0,             0, 0.31828096509, 0.324383556843,             0,             0,             0,             0,             0,             0,             0,             0,             0,             0, 0.318280696869, 0.324383348227
         1.05, -0.0467409305274, 0.0176504552364, 0.0442261658609, -0.017689332366, 0.00152971013449, 2554.18017578, 0.000166704383446,             0, 300.764526367, -18.5498447418,  300.75769043, -18.5664405823, 65.2233505249, -15.1508731842, -62.9455947876, 15.1678943634, 4212.95605469, 2576.72827148, 4213.24121094, 2576.94824219,             0,             0,             0,             0,             0,             0,             0,             0,             0,             0,             0,             0,             0,             0,             0,             0,             0,             0,             0,             0,             0, 1.59560738666e-06, -0.0353401526809,             0,             0,             0,             0,             0,             0,             0,             0,             0,             0,             0,             0,             0,             0, 4.91946811962e-05,             0,             0,             0,             0,             0,             0,             0,             0,             0,             0,             0,             0,             0,             0, 4.91946884722e-05, -0.080486305058, 0.0413064844906, 0.0804392844439, -0.0412237420678, 17.1255226135, 17.0911540985, 17.1255245209, 17.0911540985, 34.9096870422, 0.046711396426, -0.0439999587834, 0.0564661771059,             0,             0,             0,             0,             0,             0,             0,             0,             0,             0, 38.2201042175, 68.1635971069, 41.5471611023, 44.8742141724, 48.2012710571, 51.5283241272,  54.855381012,  58.182434082, 61.5094909668, 64.8365478516,             1,             1,             1,             1,             1,             1,             1,             1,             1,             1,  119.77419281,           120, 0.591456711292,             0, 13.7461090088, 1.54773509502, 34.9094200134, 31.9995365143, 34.9094238281, 31.9995365143, 34.9096870422,  38.236743927, 68.1802825928, 41.5638046265, 44.8908653259, 48.2179222107, 51.5449829102, 54.8720436096, 58.1991004944, 61.5261611938, 64.8532180786, 34.9094200134, 31.9995365143,  38.236743927, 68.1802825928, 41.5638046265, 44.8908653259, 48.2179222107, 51.5449829102, 54.8720436096, 58.1991004944, 61.5261611938, 64.8532180786, 34.9094238281, 31.9995365143, 2.74935246125e-05,             0,             0,             0,             0,             0,             0,             0,             0,             0,             0, 0.0466892533004, -0.0175134055316, -0.0439228564501, 0.0175752472132, 0.837191641331, 0.83771365881, -0.83718919754, -0.837713360786, 1.59560738666e-06,             0, 0.0263549331576,             0,             0,             0,             0,             0,             0,             0,             0, 0.837638795376, 0.837479770184,             0, 0.0263549331576,             0,             0,             0,             0,             0,             0,             0,             0, -0.837636053562, -0.837479948997,             0, 5.55111512313e-17, 5.55111512313e-17,             0, -0.000410606036894,             0,             0,             0,             0,             0,             0,             0,             0,             0,             0, 0.318279713392, 0.324385255575,             0,             0,             0,             0,             0,             0,             0,             0,             0,             0, 0.318278640509, 0.324384450912
        1.075, -0.0481919273734, 0.0177026111633, 0.0433552823961, -0.0178676936775, 0.00401495676488, 2553.44238281, 0.000347172317561,             0, 298.868286133, -18.5159339905,  298.84677124, -18.5512313843, 66.8886566162, -15.2197408676, -62.192401886, 15.3045368195, 4213.12988281, 2576.16040039, 4213.94042969, 2576.78222656,             0,             0,             0,             0,             0,             0,             0,             0,             0,             0,             0,             0,             0,             0,             0,             0,             0,             0,             0,             0,             0, 5.26459871253e-06, -0.0363634377718,             0,             0,             0,             0,             0,             0,             0,             0,             0,             0,             0,             0,             0,             0, 0.000146308637341,             0,             0,             0,             0,             0,             0,             0,             0,             0,             0,             0,             0,             0,             0, 0.000146308666444, -0.0810254141688, 0.0417108722031, 0.0810252130032, -0.0414669848979, 17.5339641571, 17.4983787537, 17.5339679718,  17.498380661, 35.7414894104, 0.0483284145594, -0.0429937317967, 0.111880749464,             0,             0,             0,             0,             0,             0,             0,             0,             0,             0, 39.0521202087, 68.9975585938, 42.3793945312, 45.7066650391, 49.0339355469, 52.3612060547, 55.6884765625, 59.0157470703, 62.3430175781, 65.6702880859,             1,             1,             1,             1,             1,             1,             1,             1,             1,             1, 119.781951904,           120, 0.589872539043,             0, 13.7487792969, 1.54778516293, 35.7412109375, 32.8313331604, 35.7412223816, 32.8313331604, 35.7414894104, 39.0687637329, 69.0142364502, 42.3960380554, 45.7233123779, 49.0505867004, 52.3778610229, 55.7051391602, 59.0324134827, 62.3596878052, 65.6869659424, 35.7412109375, 32.8313331604, 39.0687637329, 69.0142364502, 42.3960380554, 45.7233123779, 49.0505867004, 52.3778610229, 55.7051391602, 59.0324134827, 62.3596878052, 65.6869659424, 35.7412223816, 32.8313331604, 9.32315815589e-05,             0,             0,             0,             0,             0,             0,             0,             0,             0,             0, 0.0483702346683, -0.0175760257989, -0.042849086225, 0.0177842080593,  0.8371925354, 0.837715566158, -0.83718341589, -0.837714731693, 5.26459871253e-06,             0, 0.0522856712341,             0,             0,             0,             0,             0,             0,             0, 0.000328159832861, 0.837642610073, 0.837479412556,             0, 0.0522856712341,             0,             0,             0,             0,             0,             0,             0, 0.000328159832861, -0.837633550167, -0.837479948997,             0, 5.55111512313e-17,             0,             0, -0.000369677261915,             0,             0,             0,             0,             0,             0,             0,             0,             0,             0, 0.318279057741, 0.32438737154,             0,             0,             0,             0,             0,             0,             0,             0,             0,             0, 0.318276017904, 0.324385046959
          1.1, -0.0504819527268, 0.0176418498158, 0.0416634269059, -0.0181162040681, 0.00869927369058, 2552.71606445, 0.000653022842016,             0, 297.005096436, -18.4763374329, 296.956604004, -18.5423316956, 69.3267974854, -15.2132482529, -60.5980148315, 15.4790859222, 4213.06005859, 2575.41992188, 4214.86328125, 2576.80175781,             0,             0,             0,             0,             0,             0,             0,             0,             0,             0,             0,             0,             0,             0,             0,             0,             0,             0,             0,             0,             0, 1.3668101019e-05, -0.0372803658247,             0,             0,             0,             0,             0,             0,             0,             0,             0,             0,             0,             0,             0,             0, 0.000345919368556,             0,             0,             0,             0,             0,             0,             0,             0,             0,             0,             0,             0,             0,             0, 0.000345919455867, -0.0814761817455, 0.0421426147223, 0.0816147103906, -0.0415727607906, 17.9424247742, 17.9056282043, 17.9424324036,  17.905632019, 36.5733413696, 0.0508876629174, -0.0410613827407, 0.202020943165,             0,             0,             0,             0,             0,             0,             0,             0,             0,             0, 39.8841819763, 69.8315048218, 43.2116622925, 46.5391426086, 49.8666229248,  53.194103241, 56.5215835571, 59.8490638733, 63.1765403748, 66.5040206909,             1,             1,             1,             1,             1,             1,             1,             1,             1,             1, 119.789466858,           120, 0.588304042816,             0,  13.751367569, 1.54783380032, 36.5730552673, 33.6631774902, 36.5730743408, 33.6631851196, 36.5733413696, 39.9008255005, 69.8481826782, 43.2283096313, 46.5557937622, 49.8832778931, 53.2107620239, 56.5382461548, 59.8657302856, 63.1932106018, 66.5206985474, 36.5730552673, 33.6631774902, 39.9008255005, 69.8481826782, 43.2283096313, 46.5557937622, 49.8832778931, 53.2107620239, 56.5382461548, 59.8657302856, 63.1932106018, 66.5206985474, 36.5730743408, 33.6631851196, 0.000246412557317,             0,             0,             0,             0,             0,             0,             0,             0,             0,             0, 0.0510810725391, -0.0175188221037, -0.0407618768513, 0.0180666334927, 0.837198019028, 0.837717354298, -0.837173402309, -0.837715685368, 1.3668101019e-05,             0, 0.0912852436304,             0,             0,             0,             0,             0,             0,             0, 0.00308530731127, 0.837650597095, 0.837478756905,             0, 0.0912852436304,             0,             0,             0,             0,             0,             0,             0, 0.00308530731127, -0.837626755238, -0.837480306625,             0,             0,             0,             0, -0.000332061434165,             0,             0,             0,             0,             0,             0,             0,             0,             0,             0, 0.31827929616, 0.324390143156,             0,             0,             0,             0,             0,             0,             0,             0,             0,             0, 0.318272560835, 0.324384987354
        1.125, -0.0538090206683, 0.017401587218, 0.0388757064939, -0.0185052696615, 0.0168865397573, 2552.00317383, 0.00115349132102,             0, 295.184631348, -18.4280166626, 295.088592529, -18.5429534912, 72.9630432129, -15.0871353149, -57.7235374451, 15.7392482758, 4212.62353516, 2574.41870117, 4216.12890625, 2577.09570312,             0,             0,             0,             0,             0,             0,             0,             0,             0,             0,             0,             0,             0,             0,             0,             0,             0,             0,             0,             0,             0, 3.05764988298e-05, -0.0380989350379,             0,             0,             0,             0,             0,             0,             0,             0,             0,             0,             0,             0,             0,             0, 0.000710307562258,             0,             0,             0,             0,             0,             0,             0,             0,             0,             0,             0,             0,             0,             0, 0.000710307736881, -0.0817980021238, 0.042654953897, 0.082249827683, -0.0414974838495, 18.3509025574, 18.3129024506, 18.3509159088,   18.31291008, 37.4052467346, 0.0546402223408, -0.0378749892116, 0.34018188715,             0,             0,             0,             0,             0,             0,             0,             0,             0,             0, 40.7162895203, 70.6654281616, 44.0439720154, 47.3716545105, 50.6993370056, 54.0270195007, 57.3546981812, 60.6823806763, 64.0100631714, 67.3377456665,             1,             1,             1,             1,             1,             1,             1,             1,             1,             1,   119.7967453,           120, 0.586755990982,             0, 13.7538728714, 1.54788076878, 37.4049453735, 34.4950752258, 37.4049835205, 34.4950904846, 37.4052467346, 40.7329330444, 70.6821060181, 44.0606193542, 47.3883056641, 50.7159919739,  54.043674469, 57.3713607788, 60.6990470886, 64.0267333984, 67.3544235229, 37.4049453735, 34.4950752258, 40.7329330444, 70.6821060181, 44.0606193542, 47.3883056641, 50.7159919739,  54.043674469, 57.3713607788, 60.6990470886, 64.0267333984, 67.3544235229, 37.4049835205, 34.4950904846, 0.000557214953005,             0,             0,             0,             0,             0,             0,             0,             0,             0,             0, 0.0551430545747, -0.0172672308981, -0.0372630916536, 0.0185011662543, 0.837211847305, 0.837719261646, -0.837155401707, -0.837716042995, 3.05764988298e-05,             0, 0.145808070898,             0,             0,             0,             0,             0,             0,             0, 0.0109367696568, 0.837666213512, 0.837477743626,             0, 0.145808070898,             0,             0,             0,             0,             0,             0,             0, 0.0109367696568, -0.837612271309, -0.837481081486,             0,             0,             0,             0, -0.000297539227176,             0,             0,             0,             0,             0,             0,             0,             0,             0,             0, 0.318280935287, 0.324393868446,             0,             0,             0,             0,             0,             0,             0,             0,             0,             0, 0.318267852068, 0.324383884668
         1.15, -0.0586647093296, 0.0168797280639, 0.034516569227, -0.0191405620426, 0.0303785931319,  2551.3046875, 0.00192211638205,             0, 293.416595459, -18.3678894043, 293.240936279, -18.5563392639, 78.2293167114, -14.7734889984, -53.1268920898, 16.1563053131, 4211.64941406,  2573.0234375, 4217.90869141, 2577.79907227,             0,             0,             0,             0,             0,             0,             0,             0,             0,             0,             0,             0,             0,             0,             0,             0,             0,             0,             0,             0,             0, 6.19391503278e-05, -0.0388266406953,             0,             0,             0,             0,             0,             0,             0,             0,             0,             0,             0,             0,             0,             0, 0.00133082887623,             0,             0,             0,             0,             0,             0,             0,             0,             0,             0,             0,             0,             0,             0, 0.00133082922548, -0.0819400846958,  0.0433238931, 0.0829875692725, -0.0411741472781, 18.7593955994, 18.7201976776, 18.7594184875, 18.7202129364,  38.237197876, 0.0601425617933, -0.0328941270709, 0.535275757313,             0,             0,             0,             0,             0,             0,             0,             0,             0,             0, 41.5484390259, 71.4993362427, 44.8763160706, 48.2041931152, 51.5320701599, 54.8599510193,  58.187828064, 61.5157051086, 64.8435821533, 68.1714630127,             1,             1,             1,             1,             1,             1,             1,             1,             1,             1, 119.803787231,           120, 0.58523195982,             0, 13.7562990189, 1.54792630672, 38.2368774414, 35.3270149231,  38.236946106, 35.3270492554,  38.237197876, 41.5650787354, 71.5160140991, 44.8929634094, 48.2208442688, 51.5487251282, 54.8766098022, 58.2044906616,  61.532371521, 64.8602523804, 68.1881332397, 38.2368774414, 35.3270149231, 41.5650787354, 71.5160140991, 44.8929634094, 48.2208442688, 51.5487251282, 54.8766098022, 58.2044906616,  61.532371521, 64.8602523804, 68.1881332397,  38.236946106, 35.3270492554, 0.00113479071297,             0,             0,             0,             0,             0,             0,             0,             0,             0,             0, 0.0612218379974, -0.0167047530413, -0.031703107059, 0.0192081127316, 0.837239742279, 0.837721526623, -0.837123632431, -0.837715506554, 6.19391503278e-05,             0, 0.216835916042,             0,             0,             0,             0,             0,             0,             0, 0.0265464670956, 0.837694883347, 0.837476193905,             0, 0.216835916042,             0,             0,             0,             0,             0,             0,             0, 0.0265464670956, -0.837584614754, -0.837482452393,             0,             0, 5.55111512313e-17,             0, -0.000265904847765,             0,             0,             0,             0,             0,             0,             0,             0,             0,             0, 0.318284571171, 0.324399083853,             0,             0,             0,             0,             0,             0,             0,             0,             0,             0, 0.31826120615, 0.324381262064
        1.175, -0.0653040036559, 0.0159294921905, 0.0283350348473, -0.0201728567481, 0.0513786450028, 2550.62207031, 0.00304076145403,             0, 291.709106445, -18.293050766, 291.409576416, -18.5856437683, 85.5710525513, -14.172162056, -46.326625824, 16.8341560364, 4209.91552734, 2571.05957031, 4220.42480469, 2579.08276367,             0,             0,             0,             0,             0,             0,             0,             0,             0,             0,             0,             0,             0,             0,             0,             0,             0,             0,             0,             0,             0, 0.000116568451631, -0.039470564574,             0,             0,             0,             0,             0,             0,             0,             0,             0,             0,             0,             0,             0,             0, 0.00233091949485,             0,             0,             0,             0,             0,             0,             0,             0,             0,             0,             0,             0,             0,             0, 0.00233091996051, -0.0818102359772, 0.0442499145865, 0.0839255079627, -0.0405111797154, 19.1679039001, 19.1275157928, 19.1679420471, 19.1275424957, 39.0691986084, 0.0677037537098, -0.0258137378842, 0.795119166374,             0,             0,             0,             0,             0,             0,             0,             0,             0,             0, 42.3806266785, 72.3332366943,  45.708694458, 49.0367622375, 52.3648300171, 55.6928977966, 59.0209655762,  62.349029541, 65.6771011353, 69.0051651001,             1,             1,             1,             1,             1,             1,             1,             1,             1,             1, 119.810600281,           120, 0.583734869957,             0, 13.7586460114, 1.54797029495, 39.0688476562,  36.158996582, 39.0689659119, 36.1590614319, 39.0691986084, 42.3972702026, 72.3499145508, 45.7253417969, 49.0534133911, 52.3814849854, 55.7095565796, 59.0376281738, 62.3656959534, 65.6937713623, 69.0218429565, 39.0688476562,  36.158996582, 42.3972702026, 72.3499145508, 45.7253417969, 49.0534133911, 52.3814849854, 55.7095565796, 59.0376281738, 62.3656959534, 65.6937713623, 69.0218429565, 39.0689659119, 36.1590614319, 0.00213848170824,             0,             0,             0,             0,             0,             0,             0,             0,             0,             0, 0.0697858929634, -0.0156610812992, -0.0236174482852, 0.0203615371138, 0.837290346622, 0.837724804878, -0.837069451809, -0.837713599205, 0.000116568451631,             0, 0.304722964764,             0,             0,             0,             0,             0,             0, 0.000337204779498, 0.052578125149, 0.837744832039, 0.837474226952,             0, 0.304722964764,             0,             0,             0,             0,             0,             0, 0.000337204779498, 0.052578125149, -0.837535619736, -0.837484240532,             0,             0, -5.55111512313e-17,             0, -0.000236964755459,             0,             0,             0,             0,             0,             0,             0,             0,             0,             0, 0.318291038275, 0.324406385422,             0,             0,             0,             0,             0,             0,             0,             0,             0,             0, 0.318251818419, 0.32437646389
          1.2, -0.0745432972908, 0.0143559901044, 0.0195194240659, -0.0218012817204, 0.0826319828629, 2549.95654297, 0.00463617453352,             0, 290.070922852, -18.1990909576, 289.585266113, -18.6355667114, 95.6891937256, -13.147061348, -36.5537834167, 17.9136104584, 4207.16796875, 2568.31298828, 4223.93212891,  2581.1496582,             0,             0,             0,             0,             0,             0,             0,             0,             0,             0,             0,             0,             0,             0,             0,             0,             0,             0,             0,             0,             0, 0.000206889133551, -0.0400376245379,             0,             0,             0,             0,             0,             0,             0,             0,             0,             0,             0,             0,             0,             0, 0.00386844086461,             0,             0,             0,             0,             0,             0,             0,             0,             0,             0,             0,             0,             0,             0, 0.00386844179593, -0.0813159421086, 0.0455597378314, 0.0851616933942, -0.0393917150795,  19.576423645, 19.5348510742, 19.5764846802, 19.5349006653, 39.9012451172, 0.0781947225332, -0.0157675035298,  1.1344050169,             0,             0,             0,             0,             0,             0,             0,             0,             0,             0, 43.2128562927, 73.1671142578, 46.5411071777, 49.8693580627, 53.1976051331, 56.5258560181, 59.8541069031, 63.1823577881, 66.5106124878, 69.8388595581,             1,             1,             1,             1,             1,             1,             1,             1,             1,             1, 119.817184448,           120, 0.58226698637,             0, 13.7609157562, 1.54801285267, 39.9008560181, 36.9910125732, 39.9010467529, 36.9911270142, 39.9012451172, 43.2294998169, 73.1837921143, 46.5577545166, 49.8860092163,  53.214263916, 56.5425186157, 59.8707733154, 63.1990242004, 66.5272827148, 69.8555374146, 39.9008522034, 36.9910125732, 43.2294998169, 73.1837921143, 46.5577545166, 49.8860092163,  53.214263916, 56.5425186157, 59.8707733154, 63.1990242004, 66.5272827148, 69.8555374146, 39.9010467529, 36.9911270142, 0.00378883094527,             0,             0,             0,             0,             0,             0,             0,             0,             0,             0, 0.081926740706, -0.0139008043334, -0.0119191687554, 0.0222010035068, 0.837375819683, 0.837730109692, -0.836980700493, -0.837709248066, 0.000206889133551,             0, 0.409821033478,             0,             0,             0,             0,             0,             0, 0.0031238484662, 0.0916952565312, 0.837827563286, 0.837472140789,             0, 0.409821033478,             0,             0,             0,             0,             0,             0, 0.0031238484662, 0.0916952565312, -0.837453722954, -0.837486207485,             0,             0,             0, -5.55111512313e-17, -0.000210535115912,             0,             0,             0,             0,             0,             0,             0,             0,             0,             0, 0.318301290274, 0.324416637421,             0,             0,             0,             0,             0,             0,             0,             0,             0,             0, 0.318238705397, 0.324368774891
        1.225, -0.087826795876, 0.0119068678468, 0.00663274666294, -0.0242822095752, 0.127893015742, 2549.30932617, 0.00692643271759,             0, 288.509216309, -18.0782413483, 287.749786377, -18.7145404816, 109.837242126, -11.5199947357, -22.4182872772, 19.5782108307, 4203.07128906, 2564.51171875,   4228.765625, 2584.26708984,             0,             0,             0,             0,             0,             0,             0,             0,             0,             0,             0,             0,             0,             0,             0,             0,             0,             0,             0,             0,             0, 0.000350213347701, -0.0405348539352,             0,             0,             0,             0,             0,             0,             0,             0,             0,             0,             0,             0,             0,             0, 0.00615105172619,             0,             0,             0,             0,             0,             0,             0,             0,             0,             0,             0,             0,             0,             0, 0.00615105312318, -0.0803538709879, 0.047418050468, 0.0868055969477, -0.0376609191298, 19.9849529266, 19.9422016144, 19.9850521088, 19.9422855377, 40.7333374023, 0.0931246057153, -0.00125291664153,  1.5675894022,             0,             0,             0,             0,             0,             0,             0,             0,             0,             0, 44.0451202393, 74.0009689331,  47.373550415, 50.7019767761, 54.0304069519,  57.358833313, 60.6872596741, 64.0156860352, 67.3441162109, 70.6725463867,             1,             1,             1,             1,             1,             1,             1,             1,             1,             1, 119.823554993,           120, 0.580830216408,             0, 13.7631101608, 1.54805397987, 40.7328834534, 37.8230628967, 40.7331924438, 37.8232536316, 40.7333374023, 44.0617675781, 74.0176467896, 47.3901977539, 50.7186317444, 54.0470619202, 57.3754920959, 60.7039222717, 64.0323562622,  67.360786438, 70.6892166138, 40.7328834534, 37.8230628967, 44.0617675781, 74.0176467896, 47.3901977539, 50.7186317444, 54.0470619202, 57.3754920959, 60.7039222717, 64.0323562622,  67.360786438, 70.6892166138, 40.7331924438, 37.8232536316, 0.00638609053567,             0,             0,             0,             0,             0,             0,             0,             0,             0,             0, 0.0994538590312, -0.0111032640561, 0.00519458530471, 0.0250513032079, 0.837512910366, 0.837739348412, -0.836840569973, -0.837700664997, 0.000350213347701,             0, 0.532481849194,             0,             0,             0,             0,             0,             0, 0.0110231777653, 0.146343484521, 0.837959349155, 0.837470829487,             0, 0.532481849194,             0,             0,             0,             0,             0,             0, 0.0110231777653, 0.146343484521, -0.83732265234, -0.837487459183, -5.55111512313e-17,             0,             0,             0, -0.000186439967365,             0,             0,             0,             0,             0,             0,             0,             0,             0,             0, 0.318316578865, 0.324430823326,             0,             0,             0,             0,             0,             0,             0,             0,             0,             0, 0.318220645189, 0.324357151985
         1.25, -0.107396319509, 0.0082441130653, -0.0125541361049, -0.027958130464, 0.193382069468, 2548.68359375, 0.0103306109086,             0, 287.048309326, -17.9125957489, 285.848358154, -18.8412628174, 130.524353027, -9.05481910706, -1.12732422352, 22.0694007874, 4197.05175781, 2559.20556641, 4235.50292969, 2588.88452148,             0,             0,             0,             0,             0,             0,             0,             0,             0,             0,             0,             0,             0,             0,             0,             0,             0,             0,             0,             0,             0, 0.000571410753764, -0.0409694984555,             0,             0,             0,             0,             0,             0,             0,             0,             0,             0,             0,             0,             0,             0, 0.00948989391327,             0,             0,             0,             0,             0,             0,             0,             0,             0,             0,             0,             0,             0,             0, 0.00948989577591, -0.0787781476974, 0.0500730313361, 0.0890111252666, -0.035081166774, 20.3934898376,  20.349565506, 20.3936443329, 20.3497009277, 41.5654678345, 0.115008071065, 0.0202327370644, 2.09906864166,             0,             0,             0,             0,             0,             0,             0,             0,             0,             0, 44.8774261475,  74.834815979, 48.2060241699, 51.5346221924, 54.8632202148,  58.191822052, 61.5204200745, 64.8490219116, 68.1776199341, 71.5062179565,             1,             1,             1,             1,             1,             1,             1,             1,             1,             1, 119.829704285,           120, 0.579426348209,             0, 13.7652292252, 1.54809367657, 41.5649299622, 38.6551361084,  41.565410614, 38.6554450989, 41.5654678345, 44.8940696716, 74.8514938354, 48.2226753235, 51.5512771606, 54.8798789978,  58.208480835, 61.5370826721, 64.8656845093, 68.1942901611, 71.5228881836, 41.5649261475, 38.6551361084, 44.8940696716, 74.8514938354, 48.2226753235, 51.5512771606, 54.8798789978,  58.208480835, 61.5370826721, 64.8656845093, 68.1942901611, 71.5228881836,  41.565410614, 38.6554450989, 0.0103510711342,             0,             0,             0,             0,             0,             0,             0,             0,             0,             0, 0.125302806497, -0.00681803654879, 0.0306474659592, 0.0293672289699, 0.837725698948, 0.837755680084, -0.836624801159, -0.837684690952, 0.000571410753764,             0, 0.673056900501,             0,             0,             0,             0,             0,             0, 0.0266971085221, 0.217490807176, 0.838163435459, 0.837472140789,             0, 0.673056900501,             0,             0,             0,             0,             0,             0, 0.0266971085221, 0.217490807176, -0.837119162083, -0.837486088276,             0, 5.55111512313e-17,             0,             0, -0.00016451117699,             0,             0,             0,             0,             0,             0,             0,             0,             0,             0, 0.318339049816, 0.324450612068,             0,             0,             0,             0,             0,             0,             0,             0,             0,             0, 0.318195492029, 0.324339926243
        1.275, -0.132342815399, 0.00284105073661, -0.0371171571314, -0.0333608426154, 0.287208169699, 2548.08544922, 0.0149629423395,             0, 285.747467041, -17.6943035126, 283.827514648, -19.0225696564, 158.054107666, -5.38169908524, 27.8700313568, 25.7530002594, 4188.20800781, 2551.68579102, 4245.09082031, 2595.70263672,             0,             0,             0,             0,             0,             0,             0,             0,             0,             0,             0,             0,             0,             0,             0,             0,             0,             0,             0,             0,             0, 0.00090681319125, -0.041349157691,             0,             0,             0,             0,             0,             0,             0,             0,             0,             0,             0,             0,             0,             0, 0.0143465111032,             0,             0,             0,             0,             0,             0,             0,             0,             0,             0,             0,             0,             0,             0, 0.0143465148285, -0.0761421844363, 0.0538953579962, 0.0922353640199, -0.0312943868339, 20.8020305634, 20.7569351196, 20.8022670746,   20.75715065,  42.397644043, 0.143219783902, 0.0480499863625, 2.72678160667,             0,             0,             0,             0,             0,             0,             0,             0,             0,             0, 45.7097625732, 75.6686401367, 49.0385284424, 52.3672904968,  55.696056366, 59.0248184204, 62.3535842896, 65.6823501587, 69.0111083984, 72.3398742676,             1,             1,             1,             1,             1,             1,             1,             1,             1,             1, 119.835632324,           120, 0.578058362007,             0, 13.7672719955, 1.54813194275, 42.3969764709, 39.4872207642, 42.3977050781, 39.4877052307,  42.397644043, 45.7264099121, 75.6853103638, 49.0551795959, 52.3839454651, 55.7127113342, 59.0414772034, 62.3702468872, 65.6990127563, 69.0277786255, 72.3565444946, 42.3969764709, 39.4872207642, 45.7264099121, 75.6853103638, 49.0551795959, 52.3839454651, 55.7127113342, 59.0414772034, 62.3702468872, 65.6990127563, 69.0277786255, 72.3565444946, 42.3977050781, 39.4877052307, 0.0162920765579,             0,             0,             0,             0,             0,             0,             0,             0,             0,             0, 0.159456893802, -0.000393693539081, 0.064408659935, 0.0358052141964, 0.838050544262, 0.837784051895, -0.836297154427, -0.837656438351, 0.000906813249458,             0, 0.83148765564,             0,             0,             0,             0,             0, 0.000344284751918, 0.0528073683381, 0.305490851402, 0.838473618031, 0.837478816509,             0, 0.83148765564,             0,             0,             0,             0,             0, 0.000344284751918, 0.0528073683381, 0.305490851402, -0.836809277534, -0.837479352951,             0,             0, -5.55111512313e-17,             0, -0.000144579520565,             0,             0,             0,             0,             0,             0,             0,             0,             0,             0, 0.318372070789, 0.324478626251,             0,             0,             0,             0,             0,             0,             0,             0,             0,             0, 0.31815969944, 0.324314504862
          1.3, -0.161975607276, -0.0049967863597, -0.0663499161601, -0.0411907806993, 0.415099591017, 2547.52294922, 0.0207376107574,             0,    284.640625, -17.4065761566,  281.70123291, -19.2472362518, 191.320999146, 0.0527788363397, 63.4210319519, 31.1538181305, 4175.82763672, 2541.36621094, 4258.30419922, 2605.29125977,             0,             0,             0,             0,             0,             0,             0,             0,             0,             0,             0,             0,             0,             0,             0,             0,             0,             0,             0,             0,             0, 0.00140387739521, -0.041682831943,             0,             0,             0,             0,             0,             0,             0,             0,             0,             0,             0,             0,             0,             0, 0.0212255083025,             0,             0,             0,             0,             0,             0,             0,             0,             0,             0,             0,             0,             0,             0, 0.0212255138904, -0.0719628036022, 0.0592766627669, 0.096974208951, -0.0259252246469, 21.2105731964,  21.164308548, 21.2109260559, 21.1646385193, 43.2298583984, 0.176916494966, 0.081339918077, 3.45195031166,             0,             0,             0,             0,             0,             0,             0,             0,             0,             0,  46.542137146, 76.5024414062, 49.8710594177, 53.1999816895, 56.5289039612, 59.8578262329, 63.1867485046, 66.5156707764, 69.8445968628, 73.1735153198,             1,             1,             1,             1,             1,             1,             1,             1,             1,             1, 119.841331482,           120, 0.576732754707,             0,  13.769238472, 1.54816877842,  43.229019165, 40.3193016052, 43.2300872803, 40.3200492859, 43.2298583984, 46.5587844849, 76.5191116333, 49.8877105713, 53.2166366577, 56.5455589294, 59.8744850159, 63.2034111023, 66.5323410034, 69.8612594604, 73.1901855469, 43.2290153503, 40.3193016052, 46.5587844849, 76.5191116333, 49.8877105713, 53.2166366577, 56.5455589294, 59.8744850159, 63.2034111023, 66.5323410034, 69.8612594604, 73.1901855469,  43.230091095, 40.3200492859, 0.0249959379435,             0,             0,             0,             0,             0,             0,             0,             0,             0,             0, 0.201860025525, 0.00901137199253, 0.106406465173, 0.0452128909528, 0.838534712791, 0.837831377983, -0.835810005665, -0.837609112263, 0.00140387762804,             0, 1.00489068031,             0,             0,             0,             0,             0, 0.0031536668539, 0.0920154452324, 0.410695016384, 0.838934659958, 0.837495625019,             0, 1.00489068031,             0,             0,             0,             0,             0, 0.0031536668539, 0.0920154452324, 0.410695016384, -0.836348414421, -0.837462365627,             0,             0,             0,             0, -0.00012644083472,             0,             0,             0,             0,             0,             0,             0,             0,             0,             0, 0.318418294191, 0.324517130852,             0,             0,             0,             0,             0,             0,             0,             0,             0,             0, 0.318110346794, 0.324278742075
        1.325, -0.196434348822, -0.0159848947078, -0.100374832749, -0.0521691255271, 0.579953312874, 2547.00292969, 0.0276497602463,             0, 283.751312256, -17.0455970764, 279.536529541, -19.5042762756, 229.904922485,  7.6606054306,  104.86491394, 38.8738746643, 4159.72509766, 2528.11230469, 4275.33007812, 2617.77709961,             0,             0,             0,             0,             0,             0,             0,             0,             0,             0,             0,             0,             0,             0,             0,             0,             0,             0,             0,             0,             0, 0.00211815279908, -0.0419824682176,             0,             0,             0,             0,             0,             0,             0,             0,             0,             0,             0,             0,             0,             0, 0.0305310916156,             0,             0,             0,             0,             0,             0,             0,             0,             0,             0,             0,             0,             0,             0, 0.0305310990661, -0.0658947229385, 0.0665006265044, 0.10358569026, -0.0187035556883, 21.6191120148, 21.5716743469, 21.6196269989, 21.5721721649, 44.0621109009, 0.215823337436, 0.119810558856, 4.27707719803,             0,             0,             0,             0,             0,             0,             0,             0,             0,             0, 47.3745422363, 77.3362121582, 50.7036170959, 54.0326919556, 57.3617668152, 60.6908416748, 64.0199127197,  67.348991394,  70.678062439, 74.0071411133,             1,             1,             1,             1,             1,             1,             1,             1,             1,             1, 119.846817017,           120, 0.57545876503,             0, 13.7711286545, 1.54820430279, 44.0610389709, 41.1513710022, 44.0625724792, 41.1524848938, 44.0621109009, 47.3911895752, 77.3528900146, 50.7202682495, 54.0493469238, 57.3784217834, 60.7075004578, 64.0365753174, 67.3656539917,  70.694732666, 74.0238113403, 44.0610351562, 41.1513710022, 47.3911895752, 77.3528900146, 50.7202682495, 54.0493469238, 57.3784217834, 60.7075004578, 64.0365753174, 67.3656539917,  70.694732666, 74.0238113403, 44.0625724792, 41.1524848938, 0.0373550280929,             0,             0,             0,             0,             0,             0,             0,             0,             0,             0, 0.253129959106, 0.0223459377885, 0.157241612673, 0.0585460998118, 0.839233458042, 0.837907254696, -0.835108160973, -0.837533056736, 0.00211815326475,             0, 1.18919336796,             0,             0,             0,             0,             0, 0.0110895875841, 0.146759673953, 0.533454716206, 0.839599728584, 0.837530553341,             0, 1.18919336796,             0,             0,             0,             0,             0, 0.0110895875841, 0.146759673953, 0.533454716206, -0.835683166981, -0.837427198887,             0, 5.55111512313e-17,             0,             0, -0.000109814136522,             0,             0,             0,             0,             0,             0,             0,             0,             0,             0, 0.318478435278,  0.3245665133,             0,             0,             0,             0,             0,             0,             0,             0,             0,             0, 0.318046748638, 0.324232161045
         1.35, -0.235786870122, -0.0307764168829, -0.139241024852, -0.0669524669647, 0.783208847046, 2546.52807617, 0.0357465855777,             0, 283.092773438, -16.7376861572, 277.406951904, -19.7856235504, 273.788391113, 17.6592311859, 152.058044434, 49.5105056763, 4140.11621094, 2512.14697266, 4295.89990234, 2632.97290039,             0,             0,             0,             0,             0,             0,             0,             0,             0,             0,             0,             0,             0,             0,             0,             0,             0,             0,             0,             0,             0, 0.00311186374165, -0.0422631427646,             0,             0,             0,             0,             0,             0,             0,             0,             0,             0,             0,             0,             0,             0, 0.0425256453454,             0,             0,             0,             0,             0,             0,             0,             0,             0,             0,             0,             0,             0,             0, 0.0425256565213, -0.0577212125063, 0.0757247060537, 0.112299636006, -0.00947995856404,  22.027639389, 21.9790248871,  22.028383255, 21.9797534943, 44.8944015503, 0.259524464607, 0.163027897477, 5.19881439209,             0,             0,             0,             0,             0,             0,             0,             0,             0,             0, 48.2069778442, 78.1699676514, 51.5361976624, 54.8654174805, 58.1946411133, 61.5238609314, 64.8530807495, 68.1823043823, 71.5115280151, 74.8407440186,             1,             1,             1,             1,             1,             1,             1,             1,             1,             1, 119.852081299,           120, 0.574248433113,             0, 13.7729444504, 1.54823827744, 44.8930206299, 41.9834098816, 44.8951644897, 41.9850234985, 44.8944015503, 48.2236251831, 78.1866455078, 51.5528488159, 54.8820724487, 58.2112998962, 61.5405235291, 64.8697433472, 68.1989746094, 71.5281982422,  74.857421875, 44.8930168152, 41.9834098816, 48.2236251831, 78.1866455078, 51.5528488159, 54.8820724487, 58.2112998962, 61.5405235291, 64.8697433472, 68.1989746094, 71.5281982422,  74.857421875, 44.8951644897, 41.9850234985, 0.0543135888875,             0,             0,             0,             0,             0,             0,             0,             0,             0,             0, 0.313795268536, 0.0406016819179, 0.217424556613, 0.0768032670021, 0.84020870924, 0.838025391102, -0.834129273891, -0.837414503098, 0.00311186513864,             0,  1.3803191185,             0,             0,             0,             0,             0, 0.0268121771514, 0.217997193336, 0.674121201038, 0.840529620647, 0.837596356869,             0,  1.3803191185,             0,             0,             0,             0,             0, 0.0268121771514, 0.217997193336, 0.674121201038, -0.834752500057, -0.837360858917, -5.55111512313e-17,             0,             0, 5.55111512313e-17, -9.43340273807e-05,             0,             0,             0,             0,             0,             0,             0,             0,             0,             0, 0.318551629782, 0.324626028538,             0,             0,             0,             0,             0,             0,             0,             0,             0,             0, 0.317969918251, 0.324175477028
        1.375, -0.280144780874, -0.049883518368, -0.183038473129, -0.0860566720366, 1.02507412434, 2546.09887695, 0.0451200194657,             0, 282.656158447, -16.4229450226, 275.343688965,  -20.08319664,  322.98059082, 30.5623245239, 205.214630127, 63.5990409851, 4117.30566406, 2493.71386719, 4319.64257812, 2650.66894531,             0,             0,             0,             0,             0,             0,             0,             0,             0,             0,             0,             0,             0,             0,             0,             0,             0,             0,             0,             0,             0, 0.00445409305394, -0.0425410307944,             0,             0,             0,             0,             0,             0,             0,             0,             0,             0,             0,             0,             0,             0, 0.0573806911707,             0,             0,             0,             0,             0,             0,             0,             0,             0,             0,             0,             0,             0,             0, 0.0573807060719, -0.0473074689507, 0.0870577394962, 0.123265080154, 0.00183411780745, 22.4361515045, 22.3863525391, 22.4371948242, 22.3873939514,  45.726726532, 0.30765992403, 0.210611671209, 6.21186876297,             0,             0,             0,             0,             0,             0,             0,             0,             0,             0,  49.039440155,  79.003692627, 52.3688049316, 55.6981658936, 59.0275268555, 62.3568878174, 65.6862487793, 69.0156097412, 72.3449707031,  75.674331665,             1,             1,             1,             1,             1,             1,             1,             1,             1,             1, 119.857131958,           120, 0.573115766048,             0,  13.774684906, 1.54827082157, 45.7249488831, 42.8153991699, 45.7278785706, 42.8176841736,  45.726726532, 49.0560913086, 79.0203704834, 52.3854560852, 55.7148208618, 59.0441856384, 62.3735466003,  65.702911377, 69.0322799683, 72.3616409302, 75.6910095215, 45.7249488831, 42.8153991699, 49.0560913086, 79.0203704834, 52.3854560852, 55.7148208618, 59.0441856384, 62.3735466003,  65.702911377, 69.0322799683, 72.3616409302, 75.6910095215, 45.7278823853, 42.8176841736, 0.0768369361758,             0,             0,             0,             0,             0,             0,             0,             0,             0,             0, 0.384461432695, 0.0647775232792, 0.287540525198, 0.100990198553, 0.84152930975, 0.838205337524, -0.832804381847, -0.83723372221, 0.00445409677923,             0, 1.57419192791,             0,             0,             0,             0, 0.000349613488652, 0.0529813840985, 0.306081175804, 0.832625210285, 0.841792404652, 0.83771198988,             0, 1.57419192791,             0,             0,             0,             0, 0.000349613488652, 0.0529813840985, 0.306081175804, 0.832625210285, -0.833488225937, -0.837244093418,             0, -5.55111512313e-17,             0,             0, -7.95958258095e-05,             0,             0,             0,             0,             0,             0,             0,             0,             0,             0, 0.318636804819, 0.324694722891,             0,             0,             0,             0,             0,             0,             0,             0,             0,             0, 0.317881196737, 0.324109435081
          1.4, -0.329540669918, -0.0736660435796, -0.231776371598, -0.109842725098, 1.30481481552, 2545.71435547, 0.0558592304587,             0, 282.425964355, -16.0820941925, 273.339416504, -20.3931503296, 377.487335205, 46.6610603333, 264.833740234, 81.5781173706, 4091.40209961, 2472.83007812,   4346.390625, 2670.84985352,             0,             0,             0,             0,             0,             0,             0,             0,             0,             0,             0,             0,             0,             0,             0,             0,             0,             0,             0,             0,             0, 0.00622157333419, -0.0428309515119,             0,             0,             0,             0,             0,             0,             0,             0,             0,             0,             0,             0,             0,             0, 0.0752647072077,             0,             0,             0,             0,             0,             0,             0,             0,             0,             0,             0,             0,             0,             0, 0.0752647295594, -0.0345118194818, 0.100621841848, 0.136638820171, 0.0153424711898, 22.8446407318, 22.7936515808, 22.8460712433, 22.7950954437, 46.5590858459, 0.359865754843, 0.262175798416, 7.30950021744,             0,             0,             0,             0,             0,             0,             0,             0,             0,             0, 49.8719329834, 79.8373947144, 53.2014274597, 56.5309257507, 59.8604202271, 63.1899147034, 66.5194091797, 69.8489074707, 73.1784057617, 76.5078964233,             1,             1,             1,             1,             1,             1,             1,             1,             1,             1, 119.861953735,           120, 0.572072327137,             0, 13.7763490677, 1.54830205441, 46.5568122864, 43.6473274231, 46.5607261658, 43.6504745483, 46.5590858459,  49.888584137, 79.8540649414,  53.218082428,  56.547580719,   59.87707901,  63.206577301, 66.5360717773, 69.8655700684, 73.1950683594, 76.5245666504, 46.5568122864, 43.6473274231,  49.888584137, 79.8540649414,  53.218082428,  56.547580719,   59.87707901,  63.206577301, 66.5360717773, 69.8655700684, 73.1950683594, 76.5245666504, 46.5607337952, 43.6504745483, 0.105882406235,             0,             0,             0,             0,             0,             0,             0,             0,             0,             0, 0.465721875429, 0.095855280757, 0.368160992861, 0.132095530629, 0.84327173233, 0.838474988937, -0.831056475639, -0.836962819099, 0.0062215840444,             0, 1.76673650742,             0,             0,             0,             0, 0.00317582977004, 0.0922569036484, 0.411362707615, 1.00606584549, 0.843463718891, 0.837904632092,             0, 1.76673650742,             0,             0,             0,             0, 0.00317582977004, 0.0922569036484, 0.411362707615, 1.00606584549, -0.831814289093, -0.837049603462,             0,             0,             0,             0, -6.52154558338e-05,             0,             0,             0,             0,             0,             0,             0,             0,             0,             0, 0.318733513355, 0.324772506952,             0,             0,             0,             0,             0,             0,             0,             0,             0,             0, 0.317781209946, 0.324034124613
        1.425, -0.383859694004, -0.102395653725, -0.285316377878, -0.13852237165, 1.62117886543, 2545.37695312, 0.0680084750056,             0, 282.390899658, -15.7235908508, 271.380554199, -20.714214325, 437.084136963, 66.0527877808, 331.319824219, 103.785224915, 4062.25927734, 2449.29174805, 4376.24804688, 2693.70410156,             0,             0,             0,             0,             0,             0,             0,             0,             0,             0,             0,             0,             0,             0,             0,             0,             0,             0,             0,             0,             0, 0.00849937833846, -0.0431444197893,             0,             0,             0,             0,             0,             0,             0,             0,             0,             0,             0,             0,             0,             0, 0.096397317946,             0,             0,             0,             0,             0,             0,             0,             0,             0,             0,             0,             0,             0,             0, 0.0963973477483, -0.0191329531372, 0.116584673524, 0.152636677027, 0.0311992876232, 23.2531013489, 23.2009124756, 23.2550125122, 23.2028656006, 47.3914756775, 0.415676981211, 0.317233324051, 8.48305130005,             0,             0,             0,             0,             0,             0,             0,             0,             0,             0, 50.7044525146, 80.6710586548,  54.034072876,  57.363697052,  60.693321228, 64.0229415894, 67.3525695801, 70.6821899414, 74.0118179321, 77.3414382935,             1,             1,             1,             1,             1,             1,             1,             1,             1,             1, 119.866546631,           120, 0.571129143238,             0, 13.7779350281, 1.54833173752, 47.3885917664, 44.4791793823, 47.3937225342, 44.4834098816, 47.3914756775, 50.7210998535, 80.6877365112, 54.0507278442, 57.3803520203,  60.709980011,  64.039604187, 67.3692321777, 70.6988525391, 74.0284805298, 77.3581085205, 47.3885917664, 44.4791793823, 50.7210998535, 80.6877365112, 54.0507278442, 57.3803520203,  60.709980011,  64.039604187, 67.3692321777, 70.6988525391, 74.0284805298, 77.3581085205, 47.3937301636, 44.4834098816, 0.142382189631,             0,             0,             0,             0,             0,             0,             0,             0,             0,             0, 0.558044075966, 0.13479205966, 0.45973148942, 0.171023830771, 0.845520794392, 0.838871538639, -0.828800320625, -0.836564183235, 0.00849940534681,             0, 1.95418941975,             0,             0,             0,             0, 0.011138483882, 0.147071048617, 0.534192442894, 1.19037234783, 0.845627248287, 0.838210523129,             0, 1.95418941975,             0,             0,             0,             0, 0.011138483882, 0.147071048617, 0.534192442894, 1.19037234783, -0.829646527767, -0.836740553379,             0, -5.55111512313e-17,             0,             0, -5.08867015014e-05,             0,             0,             0,             0,             0,             0,             0,             0,             0,             0, 0.318842291832, 0.324860185385,             0,             0,             0,             0,             0,             0,             0,             0,             0,             0, 0.317669600248, 0.323948830366
         1.45, -0.442937523127, -0.136224478483, -0.343471795321, -0.172414660454, 1.97214543819, 2545.09448242, 0.0815201997757,             0, 282.540161133, -15.3550357819,  269.47064209, -21.042224884, 500.420623779, 88.7235488892, 404.942657471,  130.65953064, 4029.62060547, 2422.82495117, 4409.44384766, 2719.48413086,             0,             0,             0,             0,             0,             0,             0,             0,             0,             0,             0,             0,             0,             0,             0,             0,             0,             0,             0,             0,             0, 0.0113809015602, -0.0434886366129,             0,             0,             0,             0,             0,             0,             0,             0,             0,             0,             0,             0,             0,             0, 0.121044419706,             0,             0,             0,             0,             0,             0,             0,             0,             0,             0,             0,             0,             0,             0, 0.121044456959, -0.000923078507185, 0.135144203901, 0.171519204974, 0.0495981648564,  23.661523819, 23.6081295013, 23.6640224457,  23.610710144, 48.2238960266, 0.474579781294, 0.375250220299, 9.72216892242,             0,             0,             0,             0,             0,             0,             0,             0,             0,             0, 51.5369911194, 81.5046844482,  54.866733551, 58.1964797974,  61.526222229, 64.8559646606, 68.1857070923, 71.5154571533,  74.845199585, 78.1749420166,             1,             1,             1,             1,             1,             1,             1,             1,             1,             1, 119.870887756,           120, 0.570301532745,             0, 13.7794380188, 1.54835987091, 48.2202758789, 45.3109397888, 48.2268714905, 45.3164978027, 48.2238960266, 51.5536422729, 81.5213623047, 54.8833885193, 58.2131347656,  61.542881012, 64.8726272583, 68.2023696899,  71.532119751, 74.8618621826, 78.1916122437, 48.2202758789, 45.3109397888, 51.5536422729, 81.5213623047, 54.8833885193, 58.2131347656,  61.542881012, 64.8726272583, 68.2023696899,  71.532119751, 74.8618621826, 78.1916122437, 48.2268791199, 45.3165016174, 0.187229499221,             0,             0,             0,             0,             0,             0,             0,             0,             0,             0, 0.661807656288, 0.182454317808, 0.56261152029, 0.218817308545, 0.848369419575, 0.839442431927, -0.825942099094, -0.835989832878, 0.0113809620962,             0, 2.13491439819,             0,             0,             0,             0, 0.0268959663808, 0.218372181058, 0.674920141697, 1.38147032261, 0.848374605179, 0.838675916195,             0, 2.13491439819,             0,             0,             0,             0, 0.0268959663808, 0.218372181058, 0.674920141697, 1.38147032261, -0.826892673969, -0.836270153522,             0,             0,             0,             0, -3.64246370737e-05,             0,             0,             0,             0,             0,             0,             0,             0,             0,             0, 0.318964093924, 0.324958711863,             0,             0,             0,             0,             0,             0,             0,             0,             0,             0, 0.317545413971, 0.323852539062
        1.475, -0.506768643856, -0.175401315093, -0.406213402748, -0.211586728692, 2.35390925407,  2544.8828125, 0.0963634997606,             0,  282.88885498, -14.9837932587, 267.635650635, -21.371427536, 566.530517578, 114.598724365, 486.015319824, 162.502929688, 3993.40112305, 2393.30517578, 4446.07421875, 2748.29882812,             0,             0,             0,             0,             0,             0,             0,             0,             0,             0,             0,             0,             0,             0,             0,             0,             0,             0,             0,             0,             0, 0.0149663314223, -0.0438665114343,             0,             0,             0,             0,             0,             0,             0,             0,             0,             0,             0,             0,             0,             0, 0.149454832077,             0,             0,             0,             0,             0,             0,             0,             0,             0,             0,             0,             0,             0,             0, 0.149454876781, 0.020340314135, 0.156469792128, 0.193521469831, 0.0707055553794, 24.0699043274,  24.015296936, 24.0731010437, 24.0186347961, 49.0563392639, 0.536141335964, 0.435772836208, 11.0175914764,             0,             0,             0,             0,             0,             0,             0,             0,             0,             0, 52.3695487976, 82.3382644653, 55.6994056702, 59.0292625427, 62.3591194153, 65.6889801025, 69.0188369751, 72.3486938477, 75.6785507202, 79.0084075928,             1,             1,             1,             1,             1,             1,             1,             1,             1,             1, 119.874954224,           120, 0.569611668587,             0, 13.7808513641, 1.54838633537, 49.0518455505, 46.1425933838, 49.0601806641, 46.1497535706, 49.0563392639, 52.3861999512, 82.3549346924, 55.7160606384,  59.045917511, 62.3757781982, 65.7056350708, 69.0354995728, 72.3653564453, 75.6952133179, 79.0250778198, 49.0518493652, 46.1425971985, 52.3861999512, 82.3549346924, 55.7160606384,  59.045917511, 62.3757781982, 65.7056350708, 69.0354995728, 72.3653564453, 75.6952133179, 79.0250778198, 49.0601959229, 46.1497573853, 0.241243809462,             0,             0,             0,             0,             0,             0,             0,             0,             0,             0, 0.777399539948, 0.239812090993, 0.67716729641, 0.276273339987, 0.851917386055, 0.840245425701, -0.822381317616, -0.835181236267, 0.0149664636701,             0, 2.30816411972,             0,             0,             0, 0.00035336764995, 0.0531061738729, 0.30651190877, 0.833466887474, 1.57528579235, 0.851804077625, 0.839357674122,             0, 2.30816411972,             0,             0,             0, 0.00035336764995, 0.0531061738729, 0.30651190877, 0.833466887474, 1.57528579235, -0.823453366756, -0.835580766201,             0,             0,             0, -5.55111512313e-17, -2.17824053834e-05,             0,             0,             0,             0,             0,             0,             0,             0,             0,             0, 0.319099217653, 0.325068533421,             0,             0,             0,             0,             0,             0,             0,             0,             0,             0, 0.31740835309, 0.323744893074
          1.5, -0.574914336205, -0.219883665442, -0.473085492849, -0.255984961987, 2.76294183731, 2544.76342773, 0.112500891089,             0, 283.455230713, -14.6108818054, 265.904907227, -21.7018165588, 636.168823242, 143.530563354, 573.190185547, 199.542755127, 3953.66235352, 2360.79345703, 4486.03076172,   2780.078125,             0,             0,             0,             0,             0,             0,             0,             0,             0,             0,             0,             0,             0,             0,             0,             0,             0,             0,             0,             0,             0, 0.0193618498743, -0.0442768856883,             0,             0,             0,             0,             0,             0,             0,             0,             0,             0,             0,             0,             0,             0, 0.181826859713,             0,             0,             0,             0,             0,             0,             0,             0,             0,             0,             0,             0,             0,             0, 0.181826919317, 0.0448483340442, 0.180679172277, 0.218840494752, 0.0946373939514, 24.4782390594, 24.4224052429,  24.482252121, 24.4266433716, 49.8888092041, 0.599643230438, 0.49806702137, 12.3543434143,             0,             0,             0,             0,             0,             0,             0,             0,             0,             0, 53.2021217346, 83.1717758179,  56.532081604, 59.8620452881, 63.1920051575, 66.5219650269, 69.8519287109,  73.181892395, 76.5118560791, 79.8418197632,             1,             1,             1,             1,             1,             1,             1,             1,             1,             1, 119.878715515,           120, 0.569090604782,             0,  13.782166481,  1.5484110117, 49.8832931519, 46.9741287231, 49.8936653137, 46.9831848145, 49.8888092041, 53.2187728882, 83.1884460449, 56.5487365723, 59.8787002563, 63.2086639404, 66.5386276245, 69.8685913086, 73.1985549927, 76.5285186768, 79.8584823608, 49.8832969666, 46.9741363525, 53.2187728882, 83.1884460449, 56.5487365723, 59.8787002563, 63.2086639404, 66.5386276245, 69.8685913086, 73.1985549927, 76.5285186768, 79.8584823608, 49.8936805725, 46.9831886292, 0.305151820183,             0,             0,             0,             0,             0,             0,             0,             0,             0,             0, 0.904828369617, 0.307570308447, 0.803391635418, 0.344094872475, 0.856270313263, 0.841348946095, -0.818011283875, -0.834069013596, 0.0193621255457,             0,  2.4731938839,             0,             0,             0, 0.003191025462, 0.0924262180924, 0.411839395761,  1.0069167614, 1.76774537563, 0.856020450592, 0.840323507786,             0,  2.4731938839,             0,             0,             0, 0.003191025462, 0.0924262180924, 0.411839395761,  1.0069167614, 1.76774537563, -0.819222986698, -0.83460354805, -5.55111512313e-17,             0,             0,             0, -7.06496803105e-06,             0,             0,             0,             0,             0,             0,             0,             0,             0,             0, 0.319247424603, 0.325189441442,             0,             0,             0,             0,             0,             0,             0,             0,             0,             0, 0.317258775234, 0.323626130819
        1.525, -0.647025883198, -0.269512504339, -0.543725609779, -0.305608928204, 3.19383215904, 2544.76098633, 0.129829227924,             0, 284.262145996, -14.2464761734, 264.346008301, -22.0252017975, 708.618530273, 175.198532104, 665.803222656, 242.057067871, 3910.61547852, 2325.46582031, 4529.00048828,  2814.6652832,             0,             0,             0,             0,             0,             0,             0,             0,             0,             0,             0,             0,             0,             0,             0,             0,             0,             0,             0,             0,             0, 0.0246788840741, -0.0447139143944,             0,             0,             0,             0,             0,             0,             0,             0,             0,             0,             0,             0,             0,             0, 0.218295395374,             0,             0,             0,             0,             0,             0,             0,             0,             0,             0,             0,             0,             0,             0, 0.218295454979, 0.0727340355515, 0.20783406496, 0.247608870268, 0.121463596821, 24.8865242004, 24.8294525146, 24.8914756775, 24.8347377777, 50.7212982178, 0.664392113686, 0.561429619789, 13.7173318863,             0,             0,             0,             0,             0,             0,             0,             0,             0,             0,  54.034702301, 84.0052185059, 57.3647613525, 60.6948204041, 64.0248794556, 67.3549346924, 70.6849899292,  74.015045166, 77.3451080322,  80.675163269,             1,             1,             1,             1,             1,             1,             1,             1,             1,             1, 119.882148743,           120, 0.568776130676,             0, 13.7833757401, 1.54843366146, 50.7146034241, 47.8055381775, 50.7273178101, 47.8167991638, 50.7212982178, 54.0513572693, 84.0218887329, 57.3814163208, 60.7114753723, 64.0415344238, 67.3715896606, 70.7016525269, 74.0317077637, 77.3617706299, 80.6918258667, 50.7146072388, 47.8055458069, 54.0513572693, 84.0218887329, 57.3814163208, 60.7114753723, 64.0415344238, 67.3715896606, 70.7016525269, 74.0317077637, 77.3617706299, 80.6918258667, 50.7273406982, 47.8168029785, 0.379569858313,             0,             0,             0,             0,             0,             0,             0,             0,             0,             0, 1.04401731491, 0.386318743229, 0.941198050976, 0.423039913177, 0.861539125443, 0.84283220768, -0.812719941139, -0.832572698593, 0.0246794261038,             0, 2.62925982475,             0,             0,             0, 0.011170883663, 0.147282481194, 0.534702837467, 1.19120001793, 1.95509433746, 0.861133754253, 0.841652154922,             0, 2.62925982475,             0,             0,             0, 0.011170883663, 0.147282481194, 0.534702837467, 1.19120001793, 1.95509433746, -0.814090132713, -0.833258509636, -5.55111512313e-17, 5.55111512313e-17,             0,             0, 7.43615555621e-06,             0,             0,             0,             0,             0,             0,             0,             0,             0,             0, 0.319407880306, 0.325320750475,             0,             0,             0,             0,             0,             0,             0,             0,             0,             0, 0.317097783089, 0.32349678874
         1.55, -0.722584664822, -0.324164688587, -0.617602050304, -0.360087871552, 3.64201664925, 2544.90307617, 0.148351565003,             0, 285.347930908, -13.886967659, 263.009368896, -22.3468227386, 783.112854004, 209.232330322, 765.022827148, 290.062316895, 3864.60742188, 2287.59082031, 4574.64257812, 2851.82714844,             0,             0,             0,             0,             0,             0,             0,             0,             0,             0,             0,             0,             0,             0,             0,             0,             0,             0,             0,             0,             0, 0.0310331899673, -0.0451659522951,             0,             0,             0,             0,             0,             0,             0,             0,             0,             0,             0,             0,             0,             0, 0.258931845427,             0,             0,             0,             0,             0,             0,             0,             0,             0,             0,             0,             0,             0,             0, 0.258931905031, 0.104072794318, 0.23794528842, 0.279902130365, 0.151200920343, 25.2947540283, 25.2364292145, 25.3007736206, 25.2429218292, 51.5537986755, 0.72973293066, 0.625197470188, 15.0923957825,             0,             0,             0,             0,             0,             0,             0,             0,             0,             0, 54.8672904968, 84.8385772705, 58.1974334717, 61.5275764465, 64.8577194214, 68.1878662109, 71.5180053711, 74.8481445312, 78.1782913208,  81.508430481,             1,             1,             1,             1,             1,             1,             1,             1,             1,             1, 119.885215759,           120, 0.56871175766,             0, 13.7844724655, 1.54845416546, 51.5457611084, 48.6368103027, 51.5611495972, 48.6506004333, 51.5537986755, 54.8839416504, 84.8552398682, 58.2140884399, 61.5442314148, 64.8743743896, 68.2045211792, 71.5346679688, 74.8648071289, 78.1949539185,  81.525100708, 51.5457763672, 48.6368217468, 54.8839416504, 84.8552398682, 58.2140884399, 61.5442314148, 64.8743743896, 68.2045211792, 71.5346679688, 74.8648071289, 78.1949539185,  81.525100708, 51.5611801147, 48.6506080627, 0.464985519648,             0,             0,             0,             0,             0,             0,             0,             0,             0,             0, 1.19479930401, 0.47668671608, 1.09041118622, 0.51349824667, 0.867839038372, 0.844785273075, -0.806390583515, -0.830600738525, 0.0310342125595,             0, 2.77561926842,             0,             0,             0, 0.02694895491, 0.21861563623, 0.675449371338, 1.38224470615, 2.13570904732, 0.867258667946, 0.84343367815,             0, 2.77561926842,             0,             0,             0, 0.02694895491, 0.21861563623, 0.675449371338, 1.38224470615, 2.13570904732, -0.807938575745, -0.83145403862,             0,             0,             0,             0, 2.12051563722e-05,             0,             0,             0,             0,             0,             0,             0,             0,             0,             0, 0.319579303265, 0.325461417437,             0,             0,             0,             0,             0,             0,             0,             0,             0,             0, 0.316926658154, 0.323357731104
        1.575, -0.801036000252, -0.383445233107, -0.694150447845, -0.419126152992, 4.10279130936, 2545.21655273, 0.16794501245,             0, 286.746704102, -13.5367307663, 261.958251953, -22.6653518677, 858.784790039, 245.180786133, 870.400512695, 343.628845215, 3815.92016602, 2247.32861328,    4622.71875, 2891.42602539,             0,             0,             0,             0,             0,             0,             0,             0,             0,             0,             0,             0,             0,             0,             0,             0,             0,             0,             0,             0,             0, 0.03854553774, -0.0456147491932,             0,             0,             0,             0,             0,             0,             0,             0,             0,             0,             0,             0,             0,             0, 0.303793221712,             0,             0,             0,             0,             0,             0,             0,             0,             0,             0,             0,             0,             0,             0, 0.303793311119, 0.138931423426, 0.27102163434, 0.315784871578, 0.183869600296, 25.7029285431, 25.6433353424, 25.7101459503, 25.6511974335, 52.3863105774, 0.795059859753, 0.688758075237,  16.465921402,             0,             0,             0,             0,             0,             0,             0,             0,             0,             0, 55.6998786926, 85.6718292236, 59.0300941467, 62.3603134155, 65.6905288696, 69.0207443237, 72.3509597778, 75.6811828613, 79.0113983154, 82.3416137695,             1,             1,             1,             1,             1,             1,             1,             1,             1,             1, 119.887886047,           120, 0.568943560123,             0, 13.7854471207, 1.54847240448, 52.3767662048, 49.4679336548, 52.3951568604,  49.484588623, 52.3863105774, 55.7165298462, 85.6884994507,  59.046749115, 62.3769645691, 65.7071838379, 69.0374069214, 72.3676223755, 75.6978378296, 79.0280609131, 82.3582763672, 52.3767852783, 49.4679489136, 55.7165298462, 85.6884994507,  59.046749115, 62.3769645691, 65.7071838379, 69.0374069214, 72.3676223755, 75.6978378296, 79.0280609131, 82.3582763672, 52.3951950073, 49.4846000671, 0.561773538589,             0,             0,             0,             0,             0,             0,             0,             0,             0,             0, 1.35694336891, 0.579011976719, 1.25079369545, 0.615914404392, 0.875290036201, 0.84730887413, -0.798901498318, -0.828050613403, 0.0385473892093,             0, 2.91147851944,             0,             0, 0.000355512689566, 0.0531801991165, 0.306774914265, 0.833992063999, 1.57597994804, 2.30884313583, 0.874514937401, 0.845768749714,             0, 2.91147851944,             0,             0, 0.000355512689566, 0.0531801991165, 0.306774914265, 0.833992063999, 1.57597994804, 2.30884313583, -0.800646841526, -0.829087793827,             0, -5.55111512313e-17,             0,             0, 3.34932519763e-05,             0,             0,             0,             0,             0,             0,             0,             0,             0,             0, 0.319760560989, 0.325610816479,             0,             0,             0,             0,             0,             0,             0,             0,             0,             0, 0.316746234894, 0.323209434748
          1.6, -0.881563484669, -0.446923643351, -0.772550523281, -0.482392340899, 4.57129573822, 2545.72827148, 0.188277989626,             0, 288.482696533, -13.1972637177, 261.254211426, -22.9812469482, 933.490478516, 282.466522217, 981.138183594, 401.691741943, 3764.83374023, 2204.83520508, 4672.98583984, 2933.31640625,             0,             0,             0,             0,             0,             0,             0,             0,             0,             0,             0,             0,             0,             0,             0,             0,             0,             0,             0,             0,             0, 0.0473406352103, -0.046036336571,             0,             0,             0,             0,             0,             0,             0,             0,             0,             0,             0,             0,             0,             0, 0.352910429239,             0,             0,             0,             0,             0,             0,             0,             0,             0,             0,             0,             0,             0,             0, 0.352910548449, 0.177371531725, 0.307050764561, 0.355310887098, 0.219442740083, 26.1110458374, 26.0501651764, 26.1195907593, 26.0595645905, 53.2188262939, 0.859517633915, 0.751256525517, 17.8165969849,             0,             0,             0,             0,             0,             0,             0,             0,             0,             0, 56.5324554443, 86.5049743652, 59.8627357483, 63.1930160522, 66.5232925415, 69.8535766602, 73.1838531494, 76.5141372681, 79.8444137573, 83.1746902466,             1,             1,             1,             1,             1,             1,             1,             1,             1,             1, 119.890129089,           120, 0.569517612457,             0, 13.7862939835, 1.54848825932, 53.2076034546, 50.2989044189, 53.2293319702, 50.3187713623, 53.2188262939, 56.5491065979, 86.5216369629, 59.8793869019, 63.2096672058, 66.5399475098, 69.8702316284, 73.2005081177, 76.5307922363,  79.861076355, 83.1913528442, 53.2076301575, 50.2989273071, 56.5491065979, 86.5216369629, 59.8793869019, 63.2096672058, 66.5399475098, 69.8702316284, 73.2005081177, 76.5307922363,  79.861076355, 83.1913528442, 53.2293815613, 50.3187866211, 0.670187354088,             0,             0,             0,             0,             0,             0,             0,             0,             0,             0, 1.52984786034, 0.69350785017,  1.4217441082, 0.73060387373, 0.884016335011, 0.850513935089, -0.790126621723, -0.824809551239, 0.0473438762128,             0, 3.03569364548,             0,             0, 0.00319890538231, 0.0925181880593, 0.412107050419, 1.00740635395, 1.76833701134, 2.47375416756, 0.883026242256, 0.848768234253,             0, 3.03569364548,             0,             0, 0.00319890538231, 0.0925181880593, 0.412107050419, 1.00740635395, 1.76833701134, 2.47375416756, -0.792089104652, -0.826046705246,             0,             0, -5.55111512313e-17,             0, 4.33603672718e-05,             0,             0,             0,             0,             0,             0,             0,             0,             0,             0, 0.319950580597, 0.325768321753,             0,             0,             0,             0,             0,             0,             0,             0,             0,             0, 0.316557407379, 0.323052406311
        1.625, -0.963925242424, -0.514543473721, -0.852546393871, -0.549578070641, 5.04217815399, 2546.46337891, 0.208803415298,             0, 290.609436035, -12.8781194687,  260.96182251, -23.2890224457, 1002.37792969, 319.218811035, 1096.83215332, 463.802032471,  3712.0546875, 2160.60693359, 4724.89453125, 2976.97583008,             0,             0,             0,             0,             0,             0,             0,             0,             0,             0,             0,             0,             0,             0,             0,             0,             0,             0,             0,             0,             0, 0.057543810457, -0.046404633671,             0,             0,             0,             0,             0,             0,             0,             0,             0,             0,             0,             0,             0,             0, 0.406178623438,             0,             0,             0,             0,             0,             0,             0,             0,             0,             0,             0,             0,             0,             0, 0.406178772449, 0.219305768609, 0.345866978168, 0.398392319679, 0.257786363363, 26.5191059113, 26.4569168091, 26.5291099548, 26.4680213928, 54.0513343811, 0.922605156898, 0.812181293964, 19.1214809418,             0,             0,             0,             0,             0,             0,             0,             0,             0,             0, 57.3650169373, 87.3379898071, 60.6953468323, 64.0256729126, 67.3560028076, 70.6863327026, 74.0166702271, 77.3470001221, 80.6773300171, 84.0076599121,             1,             1,             1,             1,             1,             1,             1,             1,             1,             1, 119.891929626,           120, 0.570475816727,             0, 13.7870101929, 1.54850172997, 54.0382652283, 51.1297225952, 54.0636749268, 51.1531448364, 54.0513343811, 57.3816642761, 87.3546447754, 60.7119979858, 64.0423278809, 67.3726577759, 70.7029876709, 74.0333251953, 77.3636550903, 80.6939849854, 84.0243148804, 54.0383033752, 51.1297492981, 57.3816642761, 87.3546447754, 60.7119979858, 64.0423278809, 67.3726577759, 70.7029876709, 74.0333251953, 77.3636550903, 80.6939849854, 84.0243148804, 54.0637359619, 51.1531677246, 0.790356278419,             0,             0,             0,             0,             0,             0,             0,             0,             0,             0, 1.71314132214, 0.820430397987, 1.60288012028, 0.85757958889, 0.894142329693, 0.854518055916, -0.779939234257, -0.820757448673, 0.0575492866337,             0,  3.1469771862,             0,             0, 0.0111855426803, 0.147383853793, 0.534957706928, 1.19162583351, 1.95557045937, 2.62970066071, 0.892917454243, 0.85255074501,             0,  3.1469771862,             0,             0, 0.0111855426803, 0.147383853793, 0.534957706928, 1.19162583351, 1.95557045937, 2.62970066071, -0.782138168812, -0.822210073471,             0,             0,             0,             0, 4.97668261232e-05,             0,             0,             0,             0,             0,             0,             0,             0,             0,             0, 0.320146709681, 0.325932085514,             0,             0,             0,             0,             0,             0,             0,             0,             0,             0, 0.316362142563, 0.322888612747
         1.65, -1.04726397991, -0.585723519325, -0.933310687542, -0.620247960091, 5.50902175903, 2547.44116211, 0.229592561722,             0, 292.766296387, -12.5969629288, 261.142883301, -23.5752334595, 1069.85424805, 356.366546631, 1212.10498047, 531.001159668, 3658.62329102, 2115.54931641, 4777.47314453, 3021.72900391,             0,             0,             0,             0,             0,             0,             0,             0,             0,             0,             0,             0,             0,             0,             0,             0,             0,             0,             0,             0,             0, 0.0692774578929, -0.0466923713684,             0,             0,             0,             0,             0,             0,             0,             0,             0,             0,             0,             0,             0,             0, 0.463283121586,             0,             0,             0,             0,             0,             0,             0,             0,             0,             0,             0,             0,             0,             0, 0.463283270597, 0.264489799738, 0.387212634087, 0.444774240255, 0.298670381308,  26.927110672, 26.8635883331, 26.9386978149, 26.8765659332, 54.8838348389, 0.983305454254, 0.870549917221, 20.3641281128,             0,             0,             0,             0,             0,             0,             0,             0,             0,             0, 58.1975517273, 88.1708602905, 61.5279197693, 64.8582839966, 68.1886520386, 71.5190200806, 74.8493881226, 78.1797561646, 81.5101242065, 84.8404922485,             1,             1,             1,             1,             1,             1,             1,             1,             1,             1,   119.8932724,           120, 0.571854412556,             0, 13.7875947952, 1.54851257801, 54.8687477112, 51.9603767395, 54.8981742859,  51.987701416, 54.8838348389, 58.2142028809, 88.1875228882, 61.5445709229, 64.8749389648, 68.2053070068, 71.5356750488, 74.8660430908, 78.1964111328, 81.5267791748, 84.8571548462, 54.8687973022, 51.9604110718, 58.2142028809, 88.1875228882, 61.5445709229, 64.8749389648, 68.2053070068, 71.5356750488, 74.8660430908, 78.1964111328, 81.5267791748, 84.8571548462, 54.8982505798, 51.9877319336, 0.922267258167,             0,             0,             0,             0,             0,             0,             0,             0,             0,             0,    1.90579319, 0.959645152092,  1.7932062149, 0.996856927872, 0.90579020977, 0.859443962574, -0.768215358257, -0.815769135952, 0.0692864358425,             0,  3.2440431118,             0,             0, 0.0269683916122, 0.21871240437, 0.675671577454, 1.38258302212, 2.13606667519, 2.77594280243, 0.904312252998, 0.857240438461,             0,  3.2440431118,             0,             0, 0.0269683916122, 0.21871240437, 0.675671577454, 1.38258302212, 2.13606667519, 2.77594280243, -0.770668506622, -0.817451179028,             0,             0,             0,             0, 5.16605650773e-05,             0,             0,             0,             0,             0,             0,             0,             0,             0,             0, 0.320345014334, 0.326098710299,             0,             0,             0,             0,             0,             0,             0,             0,             0,             0, 0.316164076328, 0.322720497847
        1.675, -1.13118040562, -0.659817278385, -1.01445710659, -0.693619668484, 5.96260118484, 2548.71899414, 0.250490128994,             0, 294.170715332, -12.3504314423, 261.787597656, -23.8254547119, 1135.80834961, 393.623352051, 1325.72351074, 602.786804199,  3605.3293457, 2070.20361328, 4829.82861328, 3067.12036133,             0,             0,             0,             0,             0,             0,             0,             0,             0,             0,             0,             0,             0,             0,             0,             0,             0,             0,             0,             0,             0, 0.0826606974006, -0.0468654930592,             0,             0,             0,             0,             0,             0,             0,             0,             0,             0,             0,             0,             0,             0, 0.523832201958,             0,             0,             0,             0,             0,             0,             0,             0,             0,             0,             0,             0,             0,             0, 0.523832380772, 0.312600165606, 0.430777192116, 0.494116812944, 0.341801792383, 27.3350830078, 27.2701778412, 27.3483562469, 27.2851963043, 55.7163124084, 1.04116034508, 0.925917804241, 21.5339031219,             0,             0,             0,             0,             0,             0,             0,             0,             0,             0, 59.0300521851, 89.0035629272, 62.3604431152, 65.6908340454, 69.0212249756, 72.3516159058, 75.6819992065, 79.0123901367, 82.3427810669, 85.6731719971,             1,             1,             1,             1,             1,             1,             1,             1,             1,             1, 119.894042969,           120, 0.573637366295,             0, 13.7880125046, 1.54852044582, 55.6990470886, 52.7908668518, 55.7328147888, 52.8224411011, 55.7163124084, 59.0467033386, 89.0202178955, 62.3770904541, 65.7074813843, 69.0378723145, 72.3682632446, 75.6986541748,  79.029045105, 82.3594360352, 85.6898269653, 55.6991119385, 52.7909164429, 59.0467033386, 89.0202178955, 62.3770904541, 65.7074813843, 69.0378723145, 72.3682632446, 75.6986541748,  79.029045105, 82.3594360352, 85.6898269653, 55.7329101562,  52.822479248, 1.06570243835,             0,             0,             0,             0,             0,             0,             0,             0,             0,             0, 2.10712742805, 1.11101961136,  1.9920591116, 1.14816319942, 0.919078946114, 0.865421652794, -0.754833877087, -0.809711992741, 0.0826750025153,             0, 3.32560491562,             0, 0.000355926254997, 0.0531984306872, 0.306849360466, 0.834154725075, 1.57620894909, 2.30907773972,  2.9116859436, 0.917331278324, 0.862969040871,             0, 3.32560491562,             0, 0.000355926254997, 0.0531984306872, 0.306849360466, 0.834154725075, 1.57620894909, 2.30907773972,  2.9116859436, -0.757557213306, -0.81163585186,             0,             0,             0,             0, 4.79461632494e-05,             0,             0,             0,             0,             0,             0,             0,             0,             0,             0, 0.320542514324, 0.326266139746,             0,             0,             0,             0,             0,             0,             0,             0,             0,             0, 0.315966486931, 0.322549790144
          1.7, -1.21364462376, -0.735723555088, -1.09396755695, -0.768691539764, 6.39542961121, 2550.35351562, 0.271432310343,             0, 297.211456299, -12.1546144485, 262.362579346, -24.0630760193, 1198.71862793, 430.283935547, 1439.77404785, 678.400146484,  3552.7043457, 2024.85107422, 4881.66601562, 3112.80664062,             0,             0,             0,             0,             0,             0,             0,             0,             0,             0,             0,             0,             0,             0,             0,             0,             0,             0,             0,             0,             0, 0.0978091657162, -0.0468825139105,             0,             0,             0,             0,             0,             0,             0,             0,             0,             0,             0,             0,             0,             0, 0.587427973747,             0,             0,             0,             0,             0,             0,             0,             0,             0,             0,             0,             0,             0,             0, 0.587428152561, 0.363393932581, 0.476247787476, 0.546165347099, 0.386898934841, 27.7430515289, 27.6766872406, 27.7580776215, 27.6939067841, 56.5487594604, 1.09443581104, 0.976564049721,  22.609588623,             0,             0,             0,             0,             0,             0,             0,             0,             0,             0, 59.8625106812, 89.8360977173, 63.1929092407, 66.5233078003, 69.8537063599, 73.1841049194,  76.514503479, 79.8449020386, 83.1753005981, 86.5056991577,             1,             1,             1,             1,             1,             1,             1,             1,             1,             1, 119.894317627,           120, 0.575911581516,             0, 13.7882919312, 1.54852569103, 56.5291595459, 53.6212005615, 56.5675849915, 53.6573448181, 56.5487594604,   59.87915802, 89.8527450562, 63.2095565796, 66.5399551392, 69.8703536987, 73.2007522583, 76.5311508179, 79.8615493774,  83.191947937, 86.5223464966, 56.5292396545, 53.6212615967,   59.87915802, 89.8527450562, 63.2095565796, 66.5399551392, 69.8703536987, 73.2007522583, 76.5311508179, 79.8615493774,  83.191947937, 86.5223464966, 56.5676994324, 53.6573944092, 1.22023594379,             0,             0,             0,             0,             0,             0,             0,             0,             0,             0, 2.31498336792, 1.27397489548, 2.19729161263, 1.31101131439, 0.934124469757, 0.872588515282, -0.739676475525, -0.802446067333, 0.0978313535452,             0, 3.39038419724,             0, 0.00319893867709, 0.092525087297, 0.41213992238, 1.00748336315, 1.76844549179, 2.47386813164,  3.0357940197, 0.932091832161, 0.869875788689,             0, 3.39038419724,             0, 0.00319893867709, 0.092525087297, 0.41213992238, 1.00748336315, 1.76844549179, 2.47386813164,  3.0357940197, -0.742684423923, -0.804622471333,             0,             0, 5.55111512313e-17,             0, 3.75480449293e-05,             0,             0,             0,             0,             0,             0,             0,             0,             0,             0, 0.320737183094, 0.326433300972,             0,             0,             0,             0,             0,             0,             0,             0,             0,             0, 0.315770477057, 0.322377711535
        1.725, -1.29363453388, -0.812581837177, -1.17084467411, -0.8444699049, 6.80057764053, 2552.34667969, 0.292097091675,             0, 300.953369141, -12.0022058487,  264.45715332, -24.2930450439, 1257.49243164, 465.716400146, 1552.41601562, 756.943908691, 3500.98999023, 1979.58679199, 4932.93701172, 3158.65722656,             0,             0,             0,             0,             0,             0,             0,             0,             0,             0,             0,             0,             0,             0,             0,             0,             0,             0,             0,             0,             0, 0.114835478365, -0.0467052906752,             0,             0,             0,             0,             0,             0,             0,             0,             0,             0,             0,             0,             0,             0, 0.653712153435,             0,             0,             0,             0,             0,             0,             0,             0,             0,             0,             0,             0,             0,             0, 0.653712332249, 0.416614562273, 0.523352921009, 0.600660562515, 0.433725178242,   28.15102005, 28.0831184387, 28.1678829193,  28.102689743, 57.3811683655, 1.14244198799, 1.02181899548, 23.5678920746,             0,             0,             0,             0,             0,             0,             0,             0,             0,             0, 60.6949119568, 90.6684494019, 64.0253067017, 67.3556976318,  70.686088562, 74.0164871216, 77.3468780518, 80.6772689819, 84.0076675415, 87.3380584717,             1,             1,             1,             1,             1,             1,             1,             1,             1,             1, 119.894104004,           120, 0.578687906265,             0,  13.788435936, 1.54852843285,  57.359085083, 54.4513778687, 57.4024620056, 54.4924049377, 57.3811683655, 60.7115592957, 90.6850967407, 64.0419540405, 67.3723449707, 70.7027359009, 74.0331344604, 77.3635253906, 80.6939163208,  84.024307251, 87.3547058105, 57.3591880798, 54.4514541626, 60.7115592957, 90.6850967407, 64.0419540405, 67.3723449707, 70.7027359009, 74.0331344604, 77.3635253906, 80.6939163208,  84.024307251, 87.3547058105, 57.4026031494, 54.4924659729, 1.38526141644,             0,             0,             0,             0,             0,             0,             0,             0,             0,             0, 2.52806401253,  1.4479830265, 2.40762615204,  1.4847278595, 0.951039731503, 0.881088256836, -0.722628116608, -0.793825030327, 0.114869050682,             0, 3.43751215935,             0, 0.0111812362447, 0.147364795208, 0.534927606583, 1.19159674644, 1.95555567741, 2.62969970703, 3.14698410034, 0.948708415031, 0.87810587883,             0, 3.43751215935,             0, 0.0111812362447, 0.147364795208, 0.534927606583, 1.19159674644, 1.95555567741, 2.62969970703, 3.14698410034, -0.725933670998, -0.796263337135,             0,             0,             0,             0, 1.96551063709e-05,             0,             0,             0,             0,             0,             0,             0,             0,             0,             0, 0.320928126574, 0.326599866152,             0,             0,             0,             0,             0,             0,             0,             0,             0,             0, 0.315576165915, 0.322204738855
         1.75, -1.37237298489, -0.889324426651, -1.24624550343, -0.920013964176, 7.17014217377, 2554.65429688, 0.311848580837,             0, 305.246276855, -11.9114084244,  267.41229248, -24.5030536652, 1305.04541016, 501.285491943, 1663.93408203, 835.048706055, 3450.68945312, 1934.71655273, 4983.29785156, 3204.31591797,             0,             0,             0,             0,             0,             0,             0,             0,             0,             0,             0,             0,             0,             0,             0,             0,             0,             0,             0,             0,             0, 0.133845999837, -0.0463091209531,             0,             0,             0,             0,             0,             0,             0,             0,             0,             0,             0,             0,             0,             0, 0.722252964973,             0,             0,             0,             0,             0,             0,             0,             0,             0,             0,             0,             0,             0,             0, 0.722253203392, 0.47181147337, 0.571825325489, 0.657178640366, 0.481905043125, 28.5589962006, 28.4894733429, 28.5777721405, 28.5115413666, 58.2135276794, 1.18655896187, 1.06300771236, 24.4005126953,             0,             0,             0,             0,             0,             0,             0,             0,             0,             0,  61.527256012, 91.5006561279,  64.857635498, 68.1880111694, 71.5183868408, 74.8487625122,  78.179145813, 81.5095214844, 84.8398971558, 88.1702728271,             1,             1,             1,             1,             1,             1,             1,             1,             1,             1, 119.893516541,           120, 0.581986188889,             0, 13.7884836197, 1.54852926731, 58.1888275146, 55.2814025879, 58.2374267578, 55.3275947571, 58.2135276794, 61.5439033508, 91.5172958374, 64.8742828369, 68.2046585083, 71.5350341797, 74.8654098511, 78.1957855225, 81.5261611938, 84.8565444946,  88.186920166, 58.1889533997, 55.2814941406, 61.5439033508, 91.5172958374, 64.8742828369, 68.2046585083, 71.5350341797, 74.8654098511, 78.1957855225, 81.5261611938, 84.8565444946,  88.186920166, 58.2375946045, 55.3276748657, 1.55999612808,             0,             0,             0,             0,             0,             0,             0,             0,             0,             0, 2.74696588516, 1.63210213184, 2.62360477448, 1.66846501827, 0.969930768013, 0.891068220139, -0.703580200672, -0.783700227737, 0.133895620704,             0, 3.46893763542,             0, 0.0269523207098, 0.218650922179, 0.675557494164, 1.38243794441, 2.13593554497, 2.77583956718, 3.24397826195, 0.967289507389, 0.887808203697,             0, 3.46893763542,             0, 0.0269523207098, 0.218650922179, 0.675557494164, 1.38243794441, 2.13593554497, 2.77583956718, 3.24397826195, -0.707194030285, -0.786407709122, 5.55111512313e-17,             0,             0,             0, -6.04006891081e-06,             0,             0,             0,             0,             0,             0,             0,             0,             0,             0, 0.321113407612, 0.326764643192,             0,             0,             0,             0,             0,             0,             0,             0,             0,             0, 0.315384864807, 0.322032213211
        1.775, -1.44666194916, -0.965643107891, -1.31707251072, -0.994955778122, 7.50398159027, 2557.20336914, 0.330480724573,             0, 310.156005859, -11.8174114227, 271.059234619, -24.7364807129, 1348.46118164, 531.877929688, 1771.87512207, 910.372741699, 3402.59912109, 1891.13574219, 5031.96777344, 3248.64160156,             0,             0,             0,             0,             0,             0,             0,             0,             0,             0,             0,             0,             0,             0,             0,             0,             0,             0,             0,             0,             0, 0.154937431216, -0.045694258064,             0,             0,             0,             0,             0,             0,             0,             0,             0,             0,             0,             0,             0,             0, 0.792416751385,             0,             0,             0,             0,             0,             0,             0,             0,             0,             0,             0,             0,             0,             0, 0.792417049408, 0.528583407402, 0.621020317078, 0.71531099081, 0.53086566925, 28.9669857025, 28.8957576752, 28.9877357483, 28.9204483032, 59.0458259583, 1.22399795055, 1.09742128849, 25.0974349976,             0,             0,             0,             0,             0,             0,             0,             0,             0,             0, 62.3595352173, 92.3327102661, 65.6898880005, 69.0202407837, 72.3505935669, 75.6809463501, 79.0112991333, 82.3416519165, 85.6720046997, 89.0023574829,             1,             1,             1,             1,             1,             1,             1,             1,             1,             1, 119.892616272,           120, 0.585743486881,             0, 13.7884578705, 1.54852879047, 59.0183906555, 56.1112823486, 59.0724525452,  56.162902832, 59.0458259583, 62.3761787415, 92.3493499756,   65.70652771, 69.0368804932, 72.3672332764, 75.6975860596, 79.0279388428,  82.358291626, 85.6886444092, 89.0189971924, 59.0185432434, 56.1113967896, 62.3761787415, 92.3493499756,   65.70652771, 69.0368804932, 72.3672332764, 75.6975860596, 79.0279388428,  82.358291626, 85.6886444092, 89.0189971924, 59.0726509094, 56.1630020142, 1.74351727962,             0,             0,             0,             0,             0,             0,             0,             0,             0,             0, 2.96797657013,  1.8254673481, 2.84159398079, 1.86129832268, 0.990896463394, 0.902672290802, -0.682432770729, -0.771925210953, 0.155009195209,             0, 3.48778700829, 0.000354605726898, 0.0531600117683, 0.306730121374, 0.83394163847,  1.5759524107, 2.30884623528, 2.91150188446, 3.32549762726, 0.987936317921,  0.8991304636,             0, 3.48778700829, 0.000354605726898, 0.0531600117683, 0.306730121374, 0.83394163847,  1.5759524107, 2.30884623528, 2.91150188446, 3.32549762726, -0.686363279819, -0.774905920029,             0,             0,             0,             0, -3.91569774365e-05,             0,             0,             0,             0,             0,             0,             0,             0,             0,             0, 0.321290075779, 0.326924324036,             0,             0,             0,             0,             0,             0,             0,             0,             0,             0, 0.315199434757, 0.321864396334
          1.8, -1.5177615881, -1.04102396965, -1.38465046883, -1.0686892271, 7.80035829544, 2559.92675781, 0.347701609135,             0, 315.451629639, -11.7395458221, 275.345550537, -24.9428291321, 1388.54101562,  559.60168457, 1866.27807617, 985.914733887, 3357.67211914, 1850.25952148, 5077.67578125, 3290.97802734,             0,             0,             0,             0,             0,             0,             0,             0,             0,             0,             0,             0,             0,             0,             0,             0,             0,             0,             0,             0,             0, 0.178197950125, -0.0448754429817,             0,             0,             0,             0,             0,             0,             0,             0,             0,             0,             0,             0,             0,             0, 0.863370895386,             0,             0,             0,             0,             0,             0,             0,             0,             0,             0,             0,             0,             0,             0, 0.863371193409, 0.586119353771, 0.670341968536, 0.774263620377, 0.580127239227, 29.3749961853, 29.3019790649, 29.3977680206, 29.3294086456, 59.8780593872, 1.25619220734, 1.12655365467, 25.6386089325,             0,             0,             0,             0,             0,             0,             0,             0,             0,             0,  63.191734314, 93.1646347046, 66.5220565796, 69.8523788452, 73.1827011108, 76.5130233765, 79.8433456421, 83.1736679077, 86.5039901733,  89.834312439,             1,             1,             1,             1,             1,             1,             1,             1,             1,             1, 119.891494751,           120, 0.589871942997,             0, 13.7883844376, 1.54852735996, 59.8477783203,  56.941028595, 59.9075241089, 56.9983062744, 59.8780593872, 63.2083778381, 93.1812744141, 66.5387039185, 69.8690261841, 73.1993408203, 76.5296630859, 79.8599853516, 83.1903076172, 86.5206298828, 89.8509521484, 59.8479614258, 56.9411621094, 63.2083778381, 93.1812744141, 66.5387039185, 69.8690261841, 73.1993408203, 76.5296630859, 79.8599853516, 83.1903076172, 86.5206298828, 89.8509521484,  59.907749176,   56.99842453, 1.93494009972,             0,             0,             0,             0,             0,             0,             0,             0,             0,             0, 3.19164299965, 2.02706384659, 3.06220221519, 2.06211781502, 1.01402592659, 0.916035890579, -0.659095406532, -0.758362233639, 0.178299605846,             0, 3.49718689919, 0.00319145969115, 0.0924503952265, 0.411947339773, 1.00716376305, 1.76808905602, 2.47355270386, 3.03555130959, 3.39026379585, 1.01074254513, 0.912211477757,             0, 3.49718689919, 0.00319145969115, 0.0924503952265, 0.411947339773, 1.00716376305, 1.76808905602, 2.47355270386, 3.03555130959, 3.39026379585, -0.663346648216, -0.761617541313,             0,             0, 5.55111512313e-17,             0, -7.87656972534e-05,             0,             0,             0,             0,             0,             0,             0,             0,             0,             0, 0.321454554796, 0.327073663473,             0,             0,             0,             0,             0,             0,             0,             0,             0,             0, 0.315024673939, 0.321703732014
        1.825, -1.5820094347, -1.11445331573, -1.44533884525, -1.14028668404, 8.05300521851, 2562.76196289, 0.363827139139,             0, 321.067657471, -11.713973999, 280.214752197, -25.0250740051, 1423.85693359, 585.244506836, 1953.24145508, 1060.62658691,   3316.703125, 1812.77307129,  5119.5078125, 3330.83032227,             0,             0,             0,             0,             0,             0,             0,             0,             0,             0,             0,             0,             0,             0,             0,             0,             0,             0,             0,             0,             0, 0.203704223037, -0.043867059052,             0,             0,             0,             0,             0,             0,             0,             0,             0,             0,             0,             0,             0,             0, 0.934209108353,             0,             0,             0,             0,             0,             0,             0,             0,             0,             0,             0,             0,             0,             0, 0.934209406376, 0.643823623657, 0.719171702862, 0.833428144455, 0.629074513912, 29.7830352783, 29.7081375122, 29.8078594208, 29.7384090424, 60.7102127075, 1.27983462811, 1.14711081982,  26.009305954,             0,             0,             0,             0,             0,             0,             0,             0,             0,             0, 64.0238571167, 93.9964523315, 67.3541488647, 70.6844329834, 74.0147247314, 77.3450088501, 80.6753005981, 84.0055847168, 87.3358764648, 90.6661605835,             1,             1,             1,             1,             1,             1,             1,             1,             1,             1, 119.890228271,           120, 0.594274640083,             0, 13.7882938385, 1.54852569103, 60.6770057678, 57.7706451416,  60.742603302,  57.833782196, 60.7102127075, 64.0404968262, 94.0130844116, 67.3707885742, 70.7010726929, 74.0313644409, 77.3616485596, 80.6919326782, 84.0222244263, 87.3525085449,  90.682800293, 60.6772193909, 57.7708053589, 64.0404968262, 94.0130844116, 67.3707885742, 70.7010726929, 74.0313644409, 77.3616485596, 80.6919326782, 84.0222244263, 87.3525085449,  90.682800293, 60.7428665161, 57.8339195251, 2.13324403763,             0,             0,             0,             0,             0,             0,             0,             0,             0,             0, 3.41363668442,  2.2357583046, 3.28111314774, 2.26983523369, 1.03939902782, 0.931290745735, -0.633487343788, -0.742878496647, 0.203845486045,             0, 3.50026059151, 0.0111598242074, 0.147238776088, 0.534647524357, 1.19117248058, 1.95511782169, 2.62932062149, 3.14670920372, 3.43740510941,  1.0357915163, 0.92718654871,             0, 3.50026059151, 0.0111598242074, 0.147238776088, 0.534647524357, 1.19117248058, 1.95511782169, 2.62932062149, 3.14670920372, 3.43740510941, -0.638060212135, -0.746406316757,             0,             0,             0,             0, -0.000123605961562,             0,             0,             0,             0,             0,             0,             0,             0,             0,             0, 0.321603924036, 0.32721015811,             0,             0,             0,             0,             0,             0,             0,             0,             0,             0, 0.314864039421, 0.321552157402
         1.85, -1.63896203041, -1.18475353718, -1.49870741367, -1.20864260197, 8.25734710693, 2565.64624023, 0.378716349602,             0, 326.803039551, -11.7910013199, 285.494415283, -25.1975631714, 1455.35168457, 608.755493164, 2031.24023438, 1133.20263672, 3279.97167969, 1778.61669922, 5157.42724609, 3367.80859375,             0,             0,             0,             0,             0,             0,             0,             0,             0,             0,             0,             0,             0,             0,             0,             0,             0,             0,             0,             0,             0, 0.231524154544, -0.0426723435521,             0,             0,             0,             0,             0,             0,             0,             0,             0,             0,             0,             0,             0,             0, 1.00415015221,             0,             0,             0,             0,             0,             0,             0,             0,             0,             0,             0,             0,             0,             0, 1.00415050983, 0.701033294201, 0.766990303993, 0.892170011997, 0.677196741104,  30.191110611, 30.1142444611, 30.2180023193, 30.1474380493, 61.5422821045, 1.29505670071, 1.15922653675, 26.2110595703,             0,             0,             0,             0,             0,             0,             0,             0,             0,             0, 64.8558959961,  94.828163147, 68.1861419678, 71.5163955688, 74.8466491699,  78.176902771, 81.5071563721, 84.8374023438, 88.1676559448, 91.4979095459,             1,             1,             1,             1,             1,             1,             1,             1,             1,             1, 119.888923645,           120, 0.598853111267,             0, 13.7882080078, 1.54852414131,  61.506072998, 58.6001434326, 61.5776748657,  58.669303894, 61.5422821045, 64.8725357056, 94.8447952271, 68.2027816772, 71.5330352783, 74.8632888794, 78.1935348511, 81.5237884521, 84.8540420532, 88.1842880249,  91.514541626, 61.5063247681, 58.6003303528, 64.8725357056, 94.8447952271, 68.2027816772, 71.5330352783, 74.8632888794, 78.1935348511, 81.5237884521, 84.8540420532, 88.1842880249,  91.514541626, 61.5779724121,  58.669467926, 2.33727669716,             0,             0,             0,             0,             0,             0,             0,             0,             0,             0, 3.63293504715, 2.45022392273, 3.49730658531, 2.48317432404, 1.06708621979, 0.948566734791, -0.605537712574, -0.725343585014, 0.231716915965,             0, 3.50012803078, 0.0269061103463, 0.218459784985, 0.675175607204, 1.38191664219, 2.13543081284, 2.77541565895, 3.24369597435, 3.46885609627, 1.06315732002, 0.944188594818,             0, 3.50012803078, 0.0269061103463, 0.218459784985, 0.675175607204, 1.38191664219, 2.13543081284, 2.77541565895, 3.24369597435, 3.46885609627, -0.610429525375, -0.72913902998,             0, 5.55111512313e-17,             0,             0, -0.000172189596924,             0,             0,             0,             0,             0,             0,             0,             0,             0,             0, 0.321737229824, 0.327334046364,             0,             0,             0,             0,             0,             0,             0,             0,             0,             0, 0.314717710018, 0.32141110301
        1.875, -1.68856680393, -1.25102198124, -1.54471850395, -1.27275085449, 8.41086578369,  2568.5246582, 0.392136305571,             0, 332.638031006, -11.9110536575, 291.077087402, -25.3539390564, 1481.95483398, 629.966369629,   2099.546875, 1202.38769531, 3247.20922852, 1747.41662598, 5191.57470703, 3401.73779297,             0,             0,             0,             0,             0,             0,             0,             0,             0,             0,             0,             0,             0,             0,             0,             0,             0,             0,             0,             0,             0, 0.261717706919, -0.0412930399179,             0,             0,             0,             0,             0,             0,             0,             0,             0,             0,             0,             0,             0,             0, 1.07257413864,             0,             0,             0,             0,             0,             0,             0,             0,             0,             0,             0,             0,             0,             0, 1.07257437706, 0.757213234901, 0.813393294811, 0.949970185757, 0.724117517471, 30.5992279053, 30.5203037262, 30.6281909943, 30.5564899445,  62.374256134, 1.30247998238, 1.16352677345,  26.249704361,             0,             0,             0,             0,             0,             0,             0,             0,             0,             0, 65.6878356934, 95.6597900391, 69.0180511475, 72.3482666016, 75.6784896851, 79.0087051392, 82.3389205933, 85.6691360474, 88.9993515015,  92.329574585,             1,             1,             1,             1,             1,             1,             1,             1,             1,             1, 119.887641907,           120, 0.603510677814,             0, 13.7881498337, 1.54852306843, 62.3349952698, 59.4295349121, 62.4127082825, 59.5048484802,  62.374256134, 65.7044754028, 95.6764221191, 69.0346908569,  72.364906311, 75.6951217651, 79.0253372192, 82.3555526733, 85.6857681274, 89.0159912109,  92.346206665, 62.3352813721, 59.4297523499, 65.7044754028, 95.6764221191, 69.0346908569,  72.364906311, 75.6951217651, 79.0253372192, 82.3555526733, 85.6857681274, 89.0159912109,  92.346206665, 62.4130439758, 59.5050392151, 2.54579854012,             0,             0,             0,             0,             0,             0,             0,             0,             0,             0, 3.84891915321, 2.66923737526, 3.71016788483, 2.70079016685, 1.09715008736, 0.967990517616, -0.575183749199, -0.705630838871, 0.261976271868, 0.000351761729689, 3.49962377548, 0.0530749112368, 0.30645981431, 0.833448469639, 1.57534742355, 2.30829024315, 2.91105246544, 3.32523202896, 3.48773550987, 1.09290587902, 0.963346719742, 0.000351761729689, 3.49962377548, 0.0530749112368, 0.30645981431, 0.833448469639, 1.57534742355, 2.30829024315, 2.91105246544, 3.32523202896, 3.48773550987, -0.580389142036, -0.709686934948,             0, 5.55111512313e-17, -5.55111512313e-17,             0, -0.000222748436499,             0,             0,             0,             0,             0,             0,             0,             0,             0,             0, 0.321855425835, 0.327446788549,             0,             0,             0,             0,             0,             0,             0,             0,             0,             0, 0.314585208893, 0.321281284094
          1.9, -1.73352193832, -1.31236243248, -1.58600842953, -1.33179068565, 8.51141357422, 2571.34033203, 0.403822302818,             0, 338.306884766, -12.0611619949, 296.777404785, -25.4932403564, 1501.47290039,  648.18963623, 2160.17993164, 1265.36621094, 3218.26855469, 1719.06591797, 5221.91210938, 3432.42578125,             0,             0,             0,             0,             0,             0,             0,             0,             0,             0,             0,             0,             0,             0,             0,             0,             0,             0,             0,             0,             0, 0.294335305691, -0.0397463403642,             0,             0,             0,             0,             0,             0,             0,             0,             0,             0,             0,             0,             0,             0, 1.13893055916,             0,             0,             0,             0,             0,             0,             0,             0,             0,             0,             0,             0,             0,             0, 1.13893079758, 0.811724603176, 0.857989668846, 1.00623357296, 0.769449770451, 31.0073928833, 30.9263267517, 31.0384140015, 30.9655532837, 63.2061309814, 1.30538010597, 1.16321468353, 26.1177444458,             0,             0,             0,             0,             0,             0,             0,             0,             0,             0, 66.5196838379, 96.4913482666, 69.8498687744, 73.1800537109, 76.5102386475,  79.840423584, 83.1706085205,  86.500793457, 89.8309783936, 93.1611633301,             1,             1,             1,             1,             1,             1,             1,             1,             1,             1, 119.886482239,           120, 0.60815435648,             0, 13.7881412506, 1.54852283001, 63.1637802124, 60.2588272095, 63.2476806641,  60.340385437, 63.2061309814,  66.536315918, 96.5079803467, 69.8665008545,  73.196685791, 76.5268707275, 79.8570556641, 83.1872406006, 86.5174255371, 89.8476104736, 93.1777954102, 63.1641044617, 60.2590751648,  66.536315918, 96.5079803467, 69.8665008545,  73.196685791, 76.5268707275, 79.8570556641, 83.1872406006, 86.5174255371, 89.8476104736, 93.1777954102, 63.2480583191, 60.3406028748, 2.75750470161,             0,             0,             0,             0,             0,             0,             0,             0,             0,             0, 4.06355810165, 2.89135146141, 3.92159414291,  2.9212872982, 1.12964320183, 0.989682674408, -0.542372882366, -0.683620393276, 0.29467651248, 0.00317726656795, 3.49957275391, 0.0923089385033, 0.411583572626, 1.00656151772, 1.76741909981, 2.47296118736, 3.03509736061, 3.39003872871, 3.49716281891, 1.12509310246, 0.98478358984, 0.00317726656795, 3.49957275391, 0.0923089385033, 0.411583572626, 1.00656151772, 1.76741909981, 2.47296118736, 3.03509736061, 3.39003872871, 3.49716281891, -0.547883212566, -0.687928080559,             0,             0,             0,             0, -0.00027317344211,             0,             0,             0,             0,             0,             0,             0,             0,             0,             0, 0.321959227324, 0.327548831701,             0,             0,             0,             0,             0,             0,             0,             0,             0,             0, 0.314466744661, 0.321163475513
        1.925, -1.77139902115, -1.36885368824, -1.62019741535, -1.3859218359, 8.56715393066, 2574.04418945, 0.413509756327,             0,  343.88079834, -12.1768712997, 302.417327881, -25.6280708313, 1515.23254395, 662.087646484, 2212.51293945, 1319.13586426, 3193.39379883, 1694.21069336, 5248.04248047, 3459.03198242,             0,             0,             0,             0,             0,             0,             0,             0,             0,             0,             0,             0,             0,             0,             0,             0,             0,             0,             0,             0,             0, 0.329416632652, -0.0380728729069,             0,             0,             0,             0,             0,             0,             0,             0,             0,             0,             0,             0,             0,             0, 1.20259356499,             0,             0,             0,             0,             0,             0,             0,             0,             0,             0,             0,             0,             0,             0, 1.20259380341, 0.864131271839, 0.900270342827, 1.06052327156, 0.812653124332, 31.4156112671, 31.3323249817, 31.4486675262, 31.3746204376, 64.0378952026, 1.30198192596, 1.15653347969, 25.7927303314,             0,             0,             0,             0,             0,             0,             0,             0,             0,             0, 67.3514251709, 97.3228530884, 70.6815795898, 74.0117416382, 77.3419036865, 80.6720581055, 84.0022201538, 87.3323745728, 90.6625366211, 93.9926986694,             1,             1,             1,             1,             1,             1,             1,             1,             1,             1, 119.885528564,           120, 0.612692058086,             0, 13.7882013321,  1.5485240221,   63.99243927, 61.0880355835, 64.0825653076, 61.1758842468, 64.0378952026,  67.368057251, 97.3394851685, 70.6982192993, 74.0283737183, 77.3585357666, 80.6886901855, 84.0188522339, 87.3490066528, 90.6791687012, 94.0093231201, 63.9928016663, 61.0883140564,  67.368057251, 97.3394851685, 70.6982192993, 74.0283737183, 77.3585357666, 80.6886901855, 84.0188522339, 87.3490066528, 90.6791687012, 94.0093231201, 64.0829849243, 61.1761360168, 2.97115302086,             0,             0,             0,             0,             0,             0,             0,             0,             0,             0, 4.27383518219, 3.11524868011, 4.12858629227, 3.14341664314, 1.16460978985, 1.01374983788, -0.507062494755, -0.659206926823, 0.329860061407, 0.0111224194989, 3.49993348122, 0.147022664547, 0.53417545557, 1.19046843052, 1.95440113544, 2.62870812416, 3.14627027512, 3.43723583221, 3.50025606155, 1.15976572037, 1.00860893726, 0.0111224194989, 3.49993348122, 0.147022664547, 0.53417545557, 1.19046843052, 1.95440113544, 2.62870812416, 3.14627027512, 3.43723583221, 3.50025606155, -0.512866795063, -0.663754165173,             0,             0,             0,             0, -0.000321144325426,             0,             0,             0,             0,             0,             0,             0,             0,             0,             0, 0.322047710419, 0.327637881041,             0,             0,             0,             0,             0,             0,             0,             0,             0,             0, 0.314363896847, 0.321060866117
         1.95, -1.79904353619, -1.42005991936, -1.64440393448, -1.43467068672, 8.57881355286, 2576.58544922, 0.421411693096,             0, 349.158233643, -12.3395318985, 307.952026367, -25.7156009674, 1523.54797363, 674.836853027,  2252.1105957, 1367.62634277, 3173.08911133,      1673.625, 5269.12109375, 3481.16137695,             0,             0,             0,             0,             0,             0,             0,             0,             0,             0,             0,             0,             0,             0,             0,             0,             0,             0,             0,             0,             0, 0.366991579533, -0.0363314412534,             0,             0,             0,             0,             0,             0,             0,             0,             0,             0,             0,             0,             0,             0, 1.26283729076,             0,             0,             0,             0,             0,             0,             0,             0,             0,             0,             0,             0,             0,             0, 1.26283752918, 0.913962960243, 0.939806580544, 1.11233317852, 0.853363633156, 31.8238887787, 31.7383041382, 31.8589401245, 31.7836837769, 64.8695526123, 1.28948760033, 1.14094662666,  25.278383255,             0,             0,             0,             0,             0,             0,             0,             0,             0,             0, 68.1830596924, 98.1543273926, 71.5131988525, 74.8433380127, 78.1734848022, 81.5036239624, 84.8337631226, 88.1639022827, 91.4940414429, 94.8241882324,             1,             1,             1,             1,             1,             1,             1,             1,             1,             1, 119.884849548,           120, 0.617040991783,             0, 13.7883520126, 1.54852676392, 64.8209838867, 61.9171600342, 64.9173431396, 62.0113258362, 64.8695526123, 68.1996917725, 98.1709518433, 71.5298309326, 74.8599700928, 78.1901092529, 81.5202560425, 84.8503952026, 88.1805343628, 91.5106735229, 94.8408126831, 64.8213882446, 61.9174728394, 68.1996917725, 98.1709518433, 71.5298309326, 74.8599700928, 78.1901092529, 81.5202560425, 84.8503952026, 88.1805343628, 91.5106735229, 94.8408126831, 64.9178009033, 62.0116081238, 3.18566226959,             0,             0,             0,             0,             0,             0,             0,             0,             0,             0, 4.47587013245, 3.33974766731, 4.32752561569, 3.36595106125, 1.20208466053, 1.04028224945, -0.469219923019, -0.632301449776, 0.367559581995, 0.0268299188465, 3.50066113472, 0.218153581023, 0.67457985878, 1.38112294674, 2.13467955589, 2.77479720116, 3.24329137802, 3.46874141693, 3.50013136864,  1.1969615221, 1.03491556644, 0.0268299188465, 3.50066113472, 0.218153581023, 0.67457985878, 1.38112294674, 2.13467955589, 2.77479720116, 3.24329137802, 3.46874141693, 3.50013136864, -0.475304692984, -0.637074112892,             0,             0, -5.55111512313e-17, -5.55111512313e-17, -0.000364360224921,             0,             0,             0,             0,             0,             0,             0,             0,             0,             0, 0.322119116783, 0.327711045742,             0,             0,             0,             0,             0,             0,             0,             0,             0,             0, 0.314279854298, 0.320974975824
        1.975, -1.8143812418, -1.46515262127, -1.65654122829, -1.47721946239, 8.54057407379, 2578.90795898, 0.427200555801,             0, 353.975769043, -12.5715675354, 313.271392822, -25.7453403473, 1525.84753418,  686.45501709,  2275.8840332, 1409.97558594, 3157.68603516,  1657.5826416, 5284.61621094, 3498.86523438,             0,             0,             0,             0,             0,             0,             0,             0,             0,             0,             0,             0,             0,             0,             0,             0,             0,             0,             0,             0, 0.000347109365975, 0.407078266144, -0.0345858037472,             0,             0,             0,             0,             0,             0,             0,             0,             0,             0,             0,             0,             0,             0, 1.31899392605,             0,             0,             0,             0,             0,             0,             0,             0,             0,             0,             0,             0,             0,             0, 1.31899416447, 0.960757255554, 0.976170301437, 1.16118347645, 0.891144156456, 32.2322311401, 32.1442756653, 32.2692260742, 32.1927375793, 65.7010879517,  1.2660009861, 1.11453402042, 24.5943260193,             0,             0,             0,             0,             0,             0,             0,             0,             0,             0, 69.0145874023, 98.9857788086, 72.3447189331, 75.6748504639, 79.0049819946, 82.3351211548, 85.6652526855, 88.9953842163, 92.3255157471, 95.6556472778,             1,             1,             1,             1,             1,             1,             1,             1,             1,             1, 119.884552002,           120, 0.621112763882,             0, 13.7886190414, 1.54853177071, 65.6494293213, 62.7462120056, 65.7519760132, 62.8466835022, 65.7010879517, 69.0312194824, 99.0024108887, 72.3613510132, 75.6914825439, 79.0216140747, 82.3517456055, 85.6818771362,  89.012008667, 92.3421478271, 95.6722793579, 65.6498718262, 62.7465591431, 69.0312194824, 99.0024108887, 72.3613510132, 75.6914825439, 79.0216140747, 82.3517456055, 85.6818771362,  89.012008667, 92.3421478271, 95.6722793579, 65.7524795532, 62.8469963074, 3.39985918999,             0,             0,             0,             0,             0,             0,             0,             0,             0,             0, 4.66659402847, 3.56355571747, 4.51531934738,  3.5875685215, 1.24209058285, 1.06936204433, -0.428825318813, -0.602823913097, 0.407795399427, 0.0529403463006, 3.50171089172, 0.306047350168, 0.832720458508, 1.57448136806,  2.3075170517, 2.91044378281, 3.32488107681, 3.48766875267, 3.49962520599, 1.23670566082, 1.06378805637, 0.0529403463006, 3.50171089172, 0.306047350168, 0.832720458508, 1.57448136806,  2.3075170517, 2.91044378281, 3.32488107681, 3.48766875267, 3.49962520599, -0.435174494982, -0.607805728912,             0,             0,             0, 5.55111512313e-17, -0.000400772143621,             0,             0,             0,             0,             0,             0,             0,             0,             0,             0, 0.322172284126, 0.327767401934,             0,             0,             0,             0,             0,             0,             0,             0,             0,             0, 0.314216732979, 0.320905715227
            2, -1.81691420078, -1.50324380398, -1.65618157387, -1.51287043095, 8.44600200653, 2580.95092773, 0.430713236332,             0, 358.196258545, -12.8769197464, 318.266967773, -25.7108154297, 1522.34326172, 696.906921387,  2282.3137207, 1445.28356934, 3147.57055664, 1646.32556152, 5294.09716797, 3511.79296875,             0,             0,             0,             0,             0,             0,             0,             0,             0,             0,             0,             0,             0,             0,             0,             0,             0,             0,             0,             0, 0.00315460329875, 0.449683278799, -0.0328895077109,             0,             0,             0,             0,             0,             0,             0,             0,             0,             0,             0,             0,             0,             0,  1.3704161644,             0,             0,             0,             0,             0,             0,             0,             0,             0,             0,             0,             0,             0,             0, 1.37041640282, 1.00398516655, 1.00894522667, 1.20652699471, 0.925528407097, 32.6406364441, 32.5502510071, 32.6795120239,  32.601776123, 66.5324935913, 1.23118722439, 1.07702362537, 23.7477416992,             0,             0,             0,             0,             0,             0,             0,             0,             0,             0, 69.8460083008, 99.8172454834, 73.1761398315, 76.5062789917, 79.8364181519,  83.166557312, 86.4966964722, 89.8268280029, 93.1569671631, 96.4871063232,             1,             1,             1,             1,             1,             1,             1,             1,             1,             1, 119.884735107,           120, 0.624810934067,             0, 13.7890253067,  1.5485394001, 66.4777984619, 63.5752029419, 66.5864486694, 63.6819229126, 66.5324935913, 69.8626327515, 99.8338699341, 73.1927719116, 76.5229110718, 79.8530426025, 83.1831817627, 86.5133209229,  89.843460083, 93.1735992432, 96.5037384033, 66.4782791138, 63.5755844116, 69.8626327515, 99.8338699341, 73.1927719116, 76.5229110718, 79.8530426025, 83.1831817627, 86.5133209229,  89.843460083, 93.1735992432, 96.5037384033, 66.5869903564, 63.6822662354, 3.61241340637,             0,             0,             0,             0,             0,             0,             0,             0,             0,             0, 4.84434127808, 3.78522229195, 4.69036483765,  3.8069832325, 1.28463447094, 1.10106444359, -0.385875076056, -0.570702791214, 0.450572252274, 0.0920921638608, 3.50303792953, 0.411048054695,  1.0057079792, 1.76650285721,   2.472178936, 3.03451561928,  3.3897588253, 3.49713373184, 3.49957180023,  1.2790081501,  1.0953040123, 0.0920921638608, 3.50303792953, 0.411048054695,  1.0057079792, 1.76650285721,   2.472178936, 3.03451561928,  3.3897588253, 3.49713373184, 3.49957180023, -0.392469793558, -0.575874686241,             0,             0,             0, 5.55111512313e-17, -0.000428845174611,             0,             0,             0,             0,             0,             0,             0,             0,             0,             0, 0.322205871344, 0.327806174755,             0,             0,             0,             0,             0,             0,             0,             0,             0,             0, 0.314176231623, 0.32085442543
        2.025, -1.80756235123, -1.53338861465, -1.64418566227, -1.54069113731, 8.29019451141, 2582.65307617, 0.431958556175,             0, 361.698638916, -13.2474012375, 322.827819824, -25.6169834137, 1513.93029785, 706.092956543, 2271.81933594, 1472.45837402, 3143.14453125, 1640.06335449, 5297.21777344, 3519.48779297,             0,             0,             0,             0,             0,             0,             0,             0,             0,             0,             0,             0,             0,             0,             0,             0,             0,             0,             0,             0, 0.0110639678314, 0.494800597429, -0.0312826931477,             0,             0,             0,             0,             0,             0,             0,             0,             0,             0,             0,             0,             0,             0, 1.41648614407,             0,             0,             0,             0,             0,             0,             0,             0,             0,             0,             0,             0,             0,             0, 1.41648626328, 1.04305887222, 1.03773152828, 1.24776422977, 0.956054270267, 33.0491027832, 32.9562416077, 33.0897903442, 33.0107879639, 67.3637771606, 1.18633544445, 1.02963531017, 22.7416648865,             0,             0,             0,             0,             0,             0,             0,             0,             0,             0, 70.6773147583, 100.648735046, 74.0074691772, 77.3376312256, 80.6677856445, 83.9979476929, 87.3281021118, 90.6582641602, 93.9884185791, 97.3185806274,             1,             1,             1,             1,             1,             1,             1,             1,             1,             1, 119.885475159,           120, 0.628032684326,             0, 13.7895946503, 1.54855000973,  67.306098938, 64.4041442871, 67.4207458496, 64.5170135498, 67.3637771606,  70.693939209, 100.665367126, 74.0241012573, 77.3542556763, 80.6844177246, 84.0145721436, 87.3447341919, 90.6748886108, 94.0050506592, 97.3352050781, 67.3066101074, 64.4045639038,  70.693939209, 100.665367126, 74.0241012573, 77.3542556763, 80.6844177246, 84.0145721436, 87.3447341919, 90.6748886108, 94.0050506592, 97.3352050781, 67.4213256836, 64.5173950195, 3.82184791565,             0,             0,             0,             0,             0,             0,             0,             0,             0,             0, 5.00892448425, 4.00315332413, 4.85240459442, 4.02259635925, 1.32970678806, 1.13545584679, -0.340382456779, -0.535875737667, 0.495878756046, 0.146699592471, 3.50459742546, 0.533499717712, 1.18950200081,  1.9534560442, 2.62793135643, 3.14573359489, 3.43703579903, 3.50025105476, 3.49993062019, 1.32386255264, 1.12953209877, 0.146699592471, 3.50459742546, 0.533499717712, 1.18950200081,  1.9534560442, 2.62793135643, 3.14573359489, 3.43703579903, 3.50025105476, 3.49993062019, -0.347200661898, -0.541216373444,             0,             0,             0, -5.55111512313e-17, -0.000447645870736,             0,             0,             0,             0,             0,             0,             0,             0,             0,             0, 0.322218447924, 0.327826589346,             0,             0,             0,             0,             0,             0,             0,             0,             0,             0, 0.314159750938, 0.320822924376
         2.05, -1.78768968582, -1.55467224121, -1.62206172943, -1.55982971191, 8.07158279419, 2583.95874023, 0.431061923504,             0, 364.385620117, -13.6647815704, 326.839691162, -25.4766197205, 1501.67492676, 713.805541992, 2246.20043945, 1490.56860352, 3144.55322266, 1638.82165527, 5293.90039062, 3521.74047852,             0,             0,             0,             0,             0,             0,             0,             0,             0,             0,             0,             0,             0,             0,             0,             0,             0,             0,             0,             0, 0.0267130956054, 0.542412936687, -0.0297968629748,             0,             0,             0,             0,             0,             0,             0,             0,             0,             0,             0,             0,             0,             0, 1.45669281483,             0,             0,             0,             0,             0,             0,             0,             0,             0,             0,             0,             0,             0,             0, 1.45669305325, 1.07745754719, 1.06221282482,  1.2843413353, 0.982350051403, 33.4576377869, 33.3622627258, 33.5000572205, 33.4197654724, 68.1949386597,  1.1334836483, 0.974537730217, 21.5959663391,             0,             0,             0,             0,             0,             0,             0,             0,             0,             0, 71.5085144043, 101.480278015, 74.8387069702, 78.1689071655, 81.4990997314, 84.8292999268, 88.1594924927,  91.489692688, 94.8198852539, 98.1500854492,             1,             1,             1,             1,             1,             1,             1,             1,             1,             1, 119.886863708,           120, 0.630681216717,             0, 13.7903394699, 1.54856395721, 68.1343536377, 65.2330551147, 68.2548294067, 65.3519287109, 68.1949386597,  71.525138855, 101.496910095, 74.8553314209, 78.1855316162, 81.5157318115, 84.8459243774, 88.1761245728, 91.5063171387,  94.836517334, 98.1667175293, 68.1349029541,  65.233505249,  71.525138855, 101.496910095, 74.8553314209, 78.1855316162, 81.5157318115, 84.8459243774, 88.1761245728, 91.5063171387,  94.836517334, 98.1667175293, 68.2554473877, 65.3523406982, 4.02660179138,             0,             0,             0,             0,             0,             0,             0,             0,             0,             0, 5.16082191467, 4.21567773819, 5.00204849243, 4.23279190063, 1.37728357315, 1.17259299755, -0.292375653982, -0.498291224241, 0.543689072132, 0.217705160379, 3.50634479523, 0.673746585846, 1.38006138802, 2.13371825218, 2.77403950691, 3.24281644821, 3.46861195564, 3.50013494492, 3.50065660477, 1.37124824524, 1.16653108597, 0.217705160379, 3.50634479523, 0.673746585846, 1.38006138802, 2.13371825218, 2.77403950691, 3.24281644821, 3.46861195564, 3.50013494492, 3.50065660477, -0.29939237237, -0.503777146339,             0,             0,             0,             0, -0.000456810172182,             0,             0,             0,             0,             0,             0,             0,             0,             0,             0, 0.322209626436, 0.327828645706,             0,             0,             0,             0,             0,             0,             0,             0,             0,             0, 0.314167678356, 0.320812016726
        2.075, -1.75805342197, -1.56632745266, -1.59054458141, -1.56957316399, 7.79193639755, 2584.82177734, 0.428094357252,             0, 366.190673828, -14.1099243164, 330.210021973, -25.3020935059, 1485.98120117, 719.725891113,  2206.9753418, 1498.98791504, 3151.55932617, 1642.36242676, 5284.42724609, 3518.73535156,             0,             0,             0,             0,             0,             0,             0,             0,             0,             0,             0,             0,             0,             0,             0,             0,             0,             0,             0,             0, 0.0527374669909, 0.592495083809, -0.028458725661,             0,             0,             0,             0,             0,             0,             0,             0,             0,             0,             0,             0,             0,             0, 1.49070179462,             0,             0,             0,             0,             0,             0,             0,             0,             0,             0,             0,             0,             0,             0, 1.49070191383, 1.10685276985, 1.08221364021, 1.31588935852, 1.00419032574, 33.8662338257, 33.7683296204, 33.9102973938, 33.8287010193,  69.025970459, 1.07425367832, 0.913318634033, 20.3338298798,             0,             0,             0,             0,             0,             0,             0,             0,             0,             0, 72.3396072388, 102.311889648, 75.6698608398, 79.0001144409,  82.330368042, 85.6606216431, 88.9908752441, 92.3211288452, 95.6513824463, 98.9816360474,             1,             1,             1,             1,             1,             1,             1,             1,             1,             1, 119.888954163,           120, 0.632674098015,             0, 13.7912683487, 1.54858136177, 68.9625854492, 66.0619430542, 69.0886917114, 66.1866378784,  69.025970459, 72.3562240601, 102.328521729, 75.6864852905, 79.0167388916, 82.3469924927, 85.6772460938, 89.0075073242, 92.3377609253, 95.6680145264, 98.9982681274, 68.9631576538, 66.0624160767, 72.3562240601, 102.328521729, 75.6864852905, 79.0167388916, 82.3469924927, 85.6772460938, 89.0075073242, 92.3377609253, 95.6680145264, 98.9982681274,   69.08934021, 66.1870727539,  4.2251200676,             0,             0,             0,             0,             0,             0,             0,             0,             0,             0, 5.30010032654, 4.42114496231, 5.13932943344, 4.43597316742,  1.4273301363, 1.21252071857, -0.241894453764, -0.457909971476, 0.593966007233, 0.305453687906, 3.50823497772, 0.831720948219, 1.57334697247, 2.30655121803, 2.90971899033, 3.32448267937, 3.48759651184, 3.49962639809, 3.50170493126, 1.42113208771, 1.20634663105, 0.305453687906, 3.50823497772, 0.831720948219, 1.57334697247, 2.30655121803, 2.90971899033, 3.32448267937, 3.48759651184, 3.49962639809, 3.50170493126, -0.249082803726, -0.463516533375,             0, -5.55111512313e-17,             0,             0, -0.000456499663414,             0,             0,             0,             0,             0,             0,             0,             0,             0,             0, 0.322180330753, 0.32781329751,             0,             0,             0,             0,             0,             0,             0,             0,             0,             0, 0.314199119806, 0.320821106434
          2.1, -1.71821200848, -1.5678126812, -1.54924249649, -1.56942808628, 7.45472812653, 2585.20458984, 0.42300838232,             0, 367.063903809, -14.5712385178, 332.864135742, -25.0983123779, 1466.41967773, 723.511901855, 2154.56494141, 1497.41247559, 3163.75366211, 1650.34069824, 5269.26464844, 3510.86499023,             0,             0,             0,             0,             0,             0,             0,             0,             0,             0,             0,             0,             0,             0,             0,             0,             0,             0,             0,             0, 0.091770209372, 0.645015120506, -0.027290597558,             0,             0,             0,             0,             0,             0,             0,             0,             0,             0,             0,             0,             0,             0, 1.51833534241,             0,             0,             0,             0,             0,             0,             0,             0,             0,             0,             0,             0,             0,             0, 1.51833546162, 1.13112676144, 1.09767496586, 1.34223282337, 1.02146399021, 34.2748947144, 34.1744537354, 34.3205032349, 34.2375869751,  69.856880188, 1.00900971889, 0.846387445927,  18.961730957,             0,             0,             0,             0,             0,             0,             0,             0,             0,             0, 73.1705932617, 103.143585205, 76.5009231567, 79.8312530518, 83.1615905762, 86.4919204712, 89.8222503662, 93.1525878906, 96.4829177856, 99.8132476807,             1,             1,             1,             1,             1,             1,             1,             1,             1,             1, 119.891777039,           120, 0.633944153786,             0, 13.7923822403,  1.5486022234, 69.7908096313, 66.8908157349, 69.9223022461, 67.0210952759,  69.856880188,  73.187210083, 103.160217285, 76.5175476074, 79.8478775024, 83.1782150269, 86.5085449219, 89.8388824463, 93.1692123413, 96.4995498657, 99.8298797607, 69.7914123535, 66.8913269043,  73.187210083, 103.160217285, 76.5175476074, 79.8478775024, 83.1782150269, 86.5085449219, 89.8388824463, 93.1692123413, 96.4995498657, 99.8298797607, 69.9229812622, 67.0215606689, 4.41591596603,             0,             0,             0,             0,             0,             0,             0,             0,             0,             0, 5.42563867569, 4.61799097061, 5.26317167282, 4.63063192368, 1.47980225086, 1.25527071953, -0.188988909125, -0.414706557989, 0.646662354469, 0.410288244486, 3.51022315025,  1.0045529604, 1.76532173157, 2.47122001648, 3.03383851051, 3.38944983482, 3.49710321426, 3.49957108498,  3.5030310154, 1.47347044945, 1.24901068211, 0.410288244486, 3.51022315025,  1.0045529604, 1.76532173157, 2.47122001648, 3.03383851051, 3.38944983482, 3.49710321426, 3.49957108498,  3.5030310154, -0.196320995688, -0.420408576727,             0,             0,             0, -5.55111512313e-17, -0.000447393656941,             0,             0,             0,             0,             0,             0,             0,             0,             0,             0,  0.3221321702, 0.32778185606,             0,             0,             0,             0,             0,             0,             0,             0,             0,             0, 0.314252316952, 0.320848762989
        2.125, -1.66867685318, -1.55874657631, -1.4986743927, -1.55911374092, 7.06307792664, 2585.07666016, 0.415561437607,             0, 366.916656494, -15.0491523743, 334.750946045, -24.8576908112, 1439.68811035, 724.890441895,  2089.2734375, 1485.74731445, 3180.97900391, 1662.58251953, 5248.78710938,  3498.4050293,             0,             0,             0,             0,             0,             0,             0,             0,             0,             0,             0,             0,             0,             0,             0,             0,             0,             0,             0,             0, 0.146226063371, 0.69993263483, -0.02630895935,             0,             0,             0,             0,             0,             0,             0,             0,             0,             0,             0,             0,             0,             0, 1.53946971893,             0,             0,             0,             0,             0,             0,             0,             0,             0,             0,             0,             0,             0,             0, 1.53946995735, 1.15016055107, 1.10856461525, 1.36320245266, 1.03407812119, 34.6836166382, 34.5806465149, 34.7306594849, 34.6464195251, 70.6876602173, 0.93878698349, 0.774795234203, 17.4818553925,             0,             0,             0,             0,             0,             0,             0,             0,             0,             0, 74.0014801025, 103.975357056, 77.3319091797, 80.6623382568,  83.992767334, 87.3232040405, 90.6536331177, 93.9840621948, 97.3144989014, 100.644927979,             1,             1,             1,             1,             1,             1,             1,             1,             1,             1, 119.895362854,           120, 0.634436070919,             0, 13.7936840057, 1.54862654209, 70.6190567017, 67.7196960449, 70.7556533813, 67.8552932739, 70.6876602173, 74.0180969238, 103.991996765,  77.348526001, 80.6789627075, 84.0093917847, 87.3398284912, 90.6702575684, 94.0006942749, 97.3311309814, 100.661560059, 70.6196746826, 67.7202301025, 74.0180969238, 103.991996765,  77.348526001, 80.6789627075, 84.0093917847, 87.3398284912, 90.6702575684, 94.0006942749, 97.3311309814, 100.661560059, 70.7563552856, 67.8557815552, 4.59759187698,             0,             0,             0,             0,             0,             0,             0,             0,             0,             0, 5.53707504272, 4.80469894409, 5.37322902679, 4.81536245346, 1.53464448452, 1.30085873604, -0.133720159531, -0.368671417236, 0.701720058918, 0.532551884651, 3.51226496696, 1.18820750713, 1.95225036144, 2.62699007988,  3.1451177597, 3.43681883812, 3.50024604797, 3.49992799759, 3.50458979607,  1.5282086134, 1.29453921318, 0.532551884651, 3.51226496696, 1.18820750713, 1.95225036144, 2.62699007988,  3.1451177597, 3.43681883812, 3.50024604797, 3.49992799759, 3.50458979607, -0.141167253256, -0.374443113804, 5.55111512313e-17,             0, 5.55111512313e-17,             0, -0.000430671498179,             0,             0,             0,             0,             0,             0,             0,             0,             0,             0, 0.322065770626, 0.327734977007,             0,             0,             0,             0,             0,             0,             0,             0,             0,             0, 0.314325988293, 0.320893973112
         2.15, -1.60959887505, -1.53903758526, -1.43901765347, -1.53846526146, 6.61954450607, 2584.41625977, 0.405888736248,             0,  365.81552124, -15.5412130356, 335.826477051, -24.5813827515, 1406.65930176, 723.788330078, 2012.21008301, 1463.94897461, 3203.58984375, 1679.26464844, 5223.07324219, 3481.27661133,             0,             0,             0,             0,             0,             0,             0,             0,             0,             0,             0,             0,             0,             0,             0,             0,             0,             0,             0,             0, 0.217055499554, 0.757191181183, -0.025524334982,             0,             0,             0,             0,             0,             0,             0,             0,             0,             0,             0,             0,             0,             0, 1.55391466618,             0,             0,             0,             0,             0,             0,             0,             0,             0,             0,             0,             0,             0,             0, 1.55391478539,  1.1637878418,  1.1147840023, 1.37858438492, 1.04186069965, 35.0923995972, 34.9869270325, 35.1407585144,   35.05519104, 71.5183258057, 0.864108264446, 0.699093103409, 15.9151582718,             0,             0,             0,             0,             0,             0,             0,             0,             0,             0, 74.8322601318, 104.807228088, 78.1628112793, 81.4933700562, 84.8239212036, 88.1544723511, 91.4850234985,  94.815574646, 98.1461257935, 101.476676941,             1,             1,             1,             1,             1,             1,             1,             1,             1,             1, 119.899719238,           120, 0.634105563164,             0, 13.7951698303, 1.54865443707, 71.4473342896, 68.5485992432, 71.5887298584, 68.6891937256, 71.5183258057, 74.8488769531, 104.823867798,   78.17943573, 81.5099868774, 84.8405380249, 88.1710968018, 91.5016479492, 94.8322067261, 98.1627578735,  101.49331665, 71.4479751587, 68.5491485596, 74.8488769531, 104.823867798,   78.17943573, 81.5099868774, 84.8405380249, 88.1710968018, 91.5016479492, 94.8322067261, 98.1627578735,  101.49331665, 71.5894546509, 68.6896972656, 4.76881217957,             0,             0,             0,             0,             0,             0,             0,             0,             0,             0, 5.63359737396, 4.97998905182, 5.46871852875, 4.98882675171, 1.59178805351, 1.34928393364, -0.0761629715562, -0.319811910391, 0.759067475796, 0.672587811947, 3.51431512833,  1.3786482811, 2.13249754906,  2.7731256485, 3.24227428436, 3.46847248077, 3.50013852119, 3.50065231323,   3.506336689, 1.58527863026, 1.34293174744, 0.672587811947, 3.51431512833,  1.3786482811, 2.13249754906,  2.7731256485, 3.24227428436, 3.46847248077, 3.50013852119, 3.50065231323,   3.506336689, -0.0836951956153, -0.325626671314,             0,             0, -5.55111512313e-17, 5.55111512313e-17, -0.000407882820582,             0,             0,             0,             0,             0,             0,             0,             0,             0,             0, 0.321979880333, 0.327672064304,             0,             0,             0,             0,             0,             0,             0,             0,             0,             0, 0.314419895411, 0.320957094431
        2.175, -1.54129374027, -1.50848257542, -1.37062442303, -1.50736856461, 6.12943792343, 2583.20849609, 0.394220769405,             0, 363.664703369, -16.0317077637, 336.028808594, -24.2789535522, 1370.11120605, 720.013793945, 1923.92053223,  1432.0670166, 3231.75341797, 1700.55041504, 5192.13671875, 3459.35449219,             0,             0,             0,             0,             0,             0,             0,             0,             0,             0,             0,             0,             0,             0,             0,             0,             0,             0,             0,             0, 0.304602652788, 0.816720545292, -0.0249417815357,             0,             0,             0,             0,             0,             0,             0,             0,             0,             0,             0,             0,             0,             0, 1.56146669388,             0,             0,             0,             0,             0,             0,             0,             0,             0,             0,             0,             0,             0,             0, 1.56146681309, 1.17182612419, 1.11622321606, 1.38813304901, 1.04463064671, 35.5012359619, 35.3933067322, 35.5507888794, 35.4638938904, 72.3488693237, 0.785855531693, 0.620201766491,  14.285446167,             0,             0,             0,             0,             0,             0,             0,             0,             0,             0, 75.6629562378, 105.639198303, 78.9936447144, 82.3243408203, 85.6550369263, 88.9857254028, 92.3164215088, 95.6471176147, 98.9778060913, 102.308502197,             1,             1,             1,             1,             1,             1,             1,             1,             1,             1, 119.904838562,           120, 0.632925093174,             0,  13.796831131, 1.54868543148,  72.275680542, 69.3775177002, 72.4215087891, 69.5227661133, 72.3488693237, 75.6795654297, 105.655838013, 79.0102615356, 82.3409576416, 85.6716537476, 89.0023498535, 92.3330535889, 95.6637496948, 98.9944458008, 102.325141907, 72.2763366699, 69.3780899048, 75.6795654297, 105.655838013, 79.0102615356, 82.3409576416, 85.6716537476, 89.0023498535, 92.3330535889, 95.6637496948, 98.9944458008, 102.325141907, 72.4222488403, 69.5232925415, 4.92833900452,             0,             0,             0,             0,             0,             0,             0,             0,             0,             0, 5.71485137939,  5.1425075531, 5.54932451248, 5.14978170395, 1.65115237236, 1.40052855015, -0.0164040252566, -0.268152266741, 0.818620920181, 0.830339848995, 3.51632905006, 1.57184147835, 2.30532550812,  2.9088435173, 3.32402682304, 3.48751854897,  3.4996278286, 3.50169944763, 3.50822687149, 1.64460110664, 1.39417135715, 0.830339848995, 3.51632905006, 1.57184147835, 2.30532550812,  2.9088435173, 3.32402682304, 3.48751854897,  3.4996278286, 3.50169944763, 3.50822687149, -0.0239901673049, -0.273982524872,             0,             0,             0,             0, -0.000380745215807,             0,             0,             0,             0,             0,             0,             0,             0,             0,             0, 0.321873873472, 0.327592492104,             0,             0,             0,             0,             0,             0,             0,             0,             0,             0, 0.314534008503, 0.321038603783
          2.2, -1.4639852047, -1.46709752083, -1.29373824596, -1.46586155891,  5.5984416008, 2581.45166016, 0.380354881287,             0, 360.574493408, -16.5205631256, 335.363891602, -23.9426364899, 1326.37011719, 713.256591797, 1825.24108887, 1390.42822266, 3265.30273438,  1726.2565918, 5156.25292969,  3432.7956543,             0,             0,             0,             0,             0,             0,             0,             0,             0,             0,             0,             0,             0,             0,             0,             0,             0,             0,             0,             0, 0.40920984745, 0.878441214561, -0.0245620850474,             0,             0,             0,             0,             0,             0,             0,             0,             0,             0,             0,             0,             0,             0, 1.56200671196,             0,             0,             0,             0,             0,             0,             0,             0,             0,             0,             0,             0,             0,             0, 1.56200695038, 1.17418825626, 1.11284995079, 1.39169836044, 1.04229915142, 35.9101295471, 35.7997970581, 35.9607391357, 35.8725242615, 73.1793060303, 0.704696834087, 0.538823544979, 12.6023206711,             0,             0,             0,             0,             0,             0,             0,             0,             0,             0, 76.4935531616, 106.471252441, 79.8244094849, 83.1552658081, 86.4861221313, 89.8169784546, 93.1478271484, 96.4786834717, 99.8095397949, 103.140396118,             1,             1,             1,             1,             1,             1,             1,             1,             1,             1, 119.910675049,           120, 0.630884110928,             0, 13.7986536026, 1.54871952534, 73.1041030884, 70.2064819336, 73.2539901733,  70.356010437, 73.1793060303, 76.5101699829, 106.487892151, 79.8410263062, 83.1718826294, 86.5027389526, 89.8336029053, 93.1644592285, 96.4953155518, 99.8261795044, 103.157035828, 73.1047668457,  70.207069397, 76.5101699829, 106.487892151, 79.8410263062, 83.1718826294, 86.5027389526, 89.8336029053, 93.1644592285, 96.4953155518, 99.8261795044, 103.157035828,  73.254737854, 70.3565444946, 5.07508468628,             0,             0,             0,             0,             0,             0,             0,             0,             0,             0, 5.78041696548, 5.29111003876, 5.61466169357, 5.29713392258, 1.71264779568, 1.45455825329, 0.0454612411559, -0.213733077049, 0.880288004875, 1.00296509266, 3.51826167107, 1.76375520229, 2.46999907494, 3.03301501274, 3.38909244537, 3.49706983566, 3.49957036972, 3.50302457809, 3.51021552086,  1.7060867548, 1.44822359085, 1.00296509266, 3.51826167107, 1.76375520229, 2.46999907494, 3.03301501274, 3.38909244537, 3.49706983566, 3.49957036972, 3.50302457809, 3.51021552086, 0.0378532297909, -0.219550773501,             0,             0,             0,             0, -0.000350959162461,             0,             0,             0,             0,             0,             0,             0,             0,             0,             0,  0.3217484653, 0.327496945858,             0,             0,             0,             0,             0,             0,             0,             0,             0,             0, 0.314667403698, 0.321137905121
        2.225, -1.38036465645, -1.41505002975, -1.21111679077, -1.41413617134, 5.02867650986, 2579.15209961, 0.363960117102,             0, 356.298278809, -17.0198516846, 333.823822021, -23.5547561646, 1277.58190918, 703.258605957,  1709.2019043, 1339.49536133, 3304.27587891, 1756.30505371, 5115.47070312, 3401.61791992,             0,             0,             0,             0,             0,             0,             0,             0,             0,             0,             0,             0,             0,             0,             0,             0,             0,             0,             0,             0, 0.531219780445, 0.942260444164, -0.0243845526129,             0,             0,             0,             0,             0,             0,             0,             0,             0,             0,             0,             0,             0,             0, 1.55539679527,             0,             0,             0,             0,             0,             0,             0,             0,             0,             0,             0,             0,             0,             0, 1.55539691448, 1.17065417767, 1.10460925102, 1.38900434971, 1.03475821018,  36.319065094, 36.2064094543, 36.3705978394, 36.2810821533, 74.0096435547, 0.62327682972, 0.457679748535, 10.8750953674,             0,             0,             0,             0,             0,             0,             0,             0,             0,             0, 77.3240737915, 107.303382874, 80.6551055908, 83.9861450195, 87.3171768188, 90.6482086182, 93.9792480469, 97.3102798462, 100.641311646, 103.972351074,             1,             1,             1,             1,             1,             1,             1,             1,             1,             1, 119.917167664,           120, 0.627987802029,             0, 13.8006210327, 1.54875636101, 73.9326171875, 71.0354995728, 74.0861663818, 71.1888885498, 74.0096435547, 77.3406829834, 107.320030212, 80.6717224121, 84.0027618408, 87.3338012695, 90.6648330688, 93.9958724976, 97.3269119263, 100.657951355, 103.988990784, 73.9332885742, 71.0360946655, 77.3406829834, 107.320030212, 80.6717224121, 84.0027618408, 87.3338012695, 90.6648330688, 93.9958724976, 97.3269119263, 100.657951355, 103.988990784, 74.0869216919, 71.1894378662, 5.20805835724,             0,             0,             0,             0,             0,             0,             0,             0,             0,             0, 5.83194923401, 5.42475509644, 5.66646194458, 5.42988634109, 1.77617204189, 1.51132178307, 0.109324939549, -0.156611740589, 0.943964421749, 1.18643581867,  3.5200676918, 1.95064985752, 2.62578392029, 3.14435982704, 3.43656420708, 3.50024008751, 3.49992513657, 3.50458264351, 3.51225757599, 1.76963424683, 1.50503754616, 1.18643581867,  3.5200676918, 1.95064985752, 2.62578392029, 3.14435982704, 3.43656420708, 3.50024008751, 3.49992513657, 3.50458264351, 3.51225757599, 0.101728662848, -0.162388175726,             0,             0,             0, -5.55111512313e-17, -0.000320127524901,             0,             0,             0,             0,             0,             0,             0,             0,             0,             0, 0.321603477001, 0.327385783195,             0,             0,             0,             0,             0,             0,             0,             0,             0,             0, 0.314819902182, 0.321254998446
         2.25, -1.28926467896, -1.35254013538, -1.12159061432, -1.35241532326,  4.4236907959, 2576.33886719, 0.345634639263,             0, 350.984558105, -17.5142650604, 331.455474854, -23.1300926208, 1224.00622559, 689.892944336, 1583.59448242, 1279.62756348, 3348.82495117, 1791.04919434, 5069.32763672, 3365.20556641,             0,             0,             0,             0,             0,             0,             0,             0,             0,             0,             0,             0,             0,             0,             0,             0,             0,             0,             0,             0, 0.670975744724,  1.0080691576, -0.0244092922658,             0,             0,             0,             0,             0,             0,             0,             0,             0,             0,             0,             0,             0,             0, 1.54139661789,             0,             0,             0,             0,             0,             0,             0,             0,             0,             0,             0,             0,             0,             0,  1.5413967371, 1.16111373901, 1.09134757519, 1.37986588478, 1.02176737785, 36.7280426025, 36.6131515503, 36.7803573608, 36.6895637512, 74.8398895264, 0.54052567482, 0.375710994005, 9.12642192841,             0,             0,             0,             0,             0,             0,             0,             0,             0,             0,  78.154510498,  108.13558197, 81.4857406616, 84.8169708252, 88.1482009888, 91.4794311523, 94.8106613159, 98.1418914795, 101.473121643, 104.804351807,             1,             1,             1,             1,             1,             1,             1,             1,             1,             1, 119.924217224,           120, 0.624258458614,             0, 13.8027086258, 1.54879546165, 74.7612609863, 71.8645706177, 74.9180374146, 72.0214004517, 74.8398895264, 78.1711196899,  108.15222168, 81.5023498535, 84.8335876465, 88.1648178101,  91.496055603, 94.8272857666, 98.1585235596, 101.489753723, 104.820991516, 74.7619247437, 71.8651733398, 78.1711196899,  108.15222168, 81.5023498535, 84.8335876465, 88.1648178101,  91.496055603, 94.8272857666, 98.1585235596, 101.489753723, 104.820991516, 74.9187850952, 72.0219573975, 5.32632160187,             0,             0,             0,             0,             0,             0,             0,             0,             0,             0, 5.86744117737, 5.54245758057, 5.70272827148, 5.54710531235, 1.84160935879, 1.57075023651, 0.175065800548, -0.096863001585, 1.00953090191, 1.37672269344, 3.52170276642, 2.13087463379, 2.77194499969, 3.24159693718, 3.46830511093, 3.50014257431, 3.50064778328,  3.5063290596, 3.51430821419, 1.83512854576, 1.56454515457, 1.37672269344, 3.52170276642, 2.13087463379, 2.77194499969, 3.24159693718, 3.46830511093, 3.50014257431, 3.50064778328,  3.5063290596, 3.51430821419, 0.167515829206, -0.102568216622,             0,             0,             0,             0, -0.000289811432594,             0,             0,             0,             0,             0,             0,             0,             0,             0,             0, 0.321438372135, 0.327257603407,             0,             0,             0,             0,             0,             0,             0,             0,             0,             0, 0.314993232489, 0.321392148733
        2.275, -1.19315433502, -1.27982389927, -1.02755260468, -1.28097987175, 3.78959345818, 2573.05419922, 0.325104266405,             0, 344.588409424, -17.9873180389, 328.184173584, -22.6664428711, 1159.95056152, 671.555236816, 1451.73706055, 1210.96691895, 3399.13574219, 1830.81286621, 5017.60009766, 3323.48461914,             0,             0,             0,             0,             0,             0,             0,             0,             0,             0,             0,             0,             0,             0,             0,             0,             0,             0,             0,             0, 0.828438460827, 1.07574534416, -0.0246345605701,             0,             0,             0,             0,             0,             0,             0,             0,             0,             0,             0,             0,             0,             0, 1.51989507675,             0,             0,             0,             0,             0,             0,             0,             0,             0,             0,             0,             0,             0,             0, 1.51989519596, 1.14535450935, 1.07295620441, 1.36402702332, 1.00321686268, 37.1370506287, 37.0200386047, 37.1899986267, 37.0979614258, 75.6700439453, 0.459152400494, 0.29558712244, 7.37936258316,             0,             0,             0,             0,             0,             0,             0,             0,             0,             0,   78.98487854, 108.967811584, 82.3163146973, 85.6477508545, 88.9791870117, 92.3106231689, 95.6420593262, 98.9735031128,  102.30493927, 105.636375427,             1,             1,             1,             1,             1,             1,             1,             1,             1,             1, 119.931724548,           120, 0.61974811554,             0, 13.8048858643, 1.54883611202, 75.5900344849, 72.6937255859, 75.7495880127, 72.8535308838, 75.6700439453, 79.0014801025, 108.984458923, 82.3329238892, 85.6643676758,  88.995803833, 92.3272476196, 95.6586914062, 98.9901351929,  102.32157135, 105.653015137, 75.5906906128, 72.6943283081, 79.0014801025, 108.984458923, 82.3329238892, 85.6643676758,  88.995803833, 92.3272476196, 95.6586914062, 98.9901351929,  102.32157135, 105.653015137, 75.7503356934, 72.8540802002, 5.42907333374,             0,             0,             0,             0,             0,             0,             0,             0,             0,             0,  5.8888001442,  5.6433930397, 5.72532987595, 5.64804792404,  1.9088331461, 1.63275814056, 0.242553204298, -0.0345770679414, 1.07685983181, 1.56979894638, 3.52312135696, 2.30369186401, 2.90770125389, 3.32344651222, 3.48742222786, 3.49962973595, 3.50169324875, 3.50821852684, 3.51632237434, 1.90244424343, 1.62666141987, 1.56979894638, 3.52312135696, 2.30369186401, 2.90770125389, 3.32344651222, 3.48742222786, 3.49962973595, 3.50169324875, 3.50821852684, 3.51632237434, 0.235085606575, -0.0401804596186, 5.55111512313e-17, 5.55111512313e-17,             0, -5.55111512313e-17, -0.000261588138528,             0,             0,             0,             0,             0,             0,             0,             0,             0,             0, 0.321252465248, 0.327111244202,             0,             0,             0,             0,             0,             0,             0,             0,             0,             0, 0.315188258886, 0.321549654007
          2.3, -1.0908370018, -1.19819378853, -0.92780482769, -1.20105600357,   3.140386343, 2569.38891602, 0.302106618881,             0, 337.263580322, -18.3448314667, 322.002380371, -22.1633262634, 1087.68359375, 646.565368652, 1314.74890137, 1128.17749023, 3455.47558594, 1875.77124023, 4960.62988281,  3276.5246582,             0,             0,             0,             0,             0,             0,             0,             0,             0,             0,             0,             0,             0,             0,             0,             0,             0,             0,             0,             0, 1.00080323219, 1.14514267445, -0.0250519048423,             0,             0,             0,             0,             0,             0,             0,             0,             0,             0,             0,             0,             0,             0, 1.49086308479,             0,             0,             0,             0,             0,             0,             0,             0,             0,             0,             0,             0,             0,             0,   1.490863204, 1.12342619896,  1.0493812561, 1.34152543545, 0.978895843029, 37.5460853577, 37.4270744324, 37.5995254517, 37.5062789917, 76.5001144409, 0.377951145172, 0.216118812561,  5.6376824379,             0,             0,             0,             0,             0,             0,             0,             0,             0,             0, 79.8151702881, 109.800033569, 83.1468200684, 86.4784698486, 89.8101196289, 93.1417770386, 96.4734268188, 99.8050765991, 103.136726379,  106.46837616,             1,             1,             1,             1,             1,             1,             1,             1,             1,             1, 119.939445496,           120, 0.614497005939,             0, 13.8070888519, 1.54887735844, 76.4189682007, 73.5229568481, 76.5808258057, 73.6852645874, 76.5001144409, 79.8317718506, 109.816673279, 83.1634292603, 86.4950866699, 89.8267364502, 93.1583938599, 96.4900512695, 99.8217086792, 103.153366089, 106.485015869, 76.4196090698, 73.5235519409, 79.8317718506, 109.816673279, 83.1634292603, 86.4950866699, 89.8267364502, 93.1583938599, 96.4900512695, 99.8217086792, 103.153366089, 106.485015869, 76.5815658569, 73.6858139038, 5.51573085785,             0,             0,             0,             0,             0,             0,             0,             0,             0,             0, 5.89423799515, 5.72697114944, 5.73249483109, 5.73207759857, 1.97770917416, 1.69723975658, 0.311648547649, 0.0301350113004, 1.14581406116, 1.76163935661, 3.52427840233, 2.46836686134, 3.03192734718, 3.38862729073, 3.49702715874, 3.49956941605, 3.50301671028, 3.51020669937, 3.51825499535, 1.97144675255, 1.69128084183, 1.76163935661, 3.52427840233, 2.46836686134, 3.03192734718, 3.38862729073, 3.49702715874, 3.49956941605, 3.50301671028, 3.51020669937, 3.51825499535, 0.304299265146, 0.0246652681381, -5.55111512313e-17,             0,             0,             0, -0.000237052678131,             0,             0,             0,             0,             0,             0,             0,             0,             0,             0, 0.321044713259, 0.326946020126,             0,             0,             0,             0,             0,             0,             0,             0,             0,             0, 0.315403699875, 0.321727186441
        2.325, -0.98253852129, -1.10877358913, -0.822587013245, -1.11374998093, 2.48762249947, 2565.48852539, 0.277474731207,             0, 327.945404053, -18.6668014526, 316.246124268, -21.6300468445, 1008.80291748, 617.564819336,  1171.7557373, 1039.40283203, 3517.48461914, 1925.44140625, 4898.80761719, 3224.51342773,             0,             0,             0,             0,             0,             0,             0,             0,             0,             0,             0,             0,             0,             0,             0,             0,             0,             0,             0,             0, 1.18405210972, 1.21609699726, -0.025645814836,             0,             0,             0,             0,             0,             0,             0,             0,             0,             0,             0,             0,             0,             0, 1.45429551601,             0,             0,             0,             0,             0,             0,             0,             0,             0,             0,             0,             0,             0,             0, 1.45429563522, 1.09536290169, 1.02076506615, 1.31236052513, 0.949035167694, 37.9551353455, 37.8342666626, 38.0089645386, 37.9145088196, 77.3301239014, 0.296950548887, 0.137367978692, 3.89990234375,             0,             0,             0,             0,             0,             0,             0,             0,             0,             0, 80.6453933716, 110.632202148, 83.9772644043, 87.3091278076, 90.6409988403, 93.9728622437, 97.3047332764, 100.636604309, 103.968467712, 107.300338745,             1,             1,             1,             1,             1,             1,             1,             1,             1,             1, 119.947257996,           120, 0.608639001846,             0, 13.8092880249, 1.54891848564, 77.2480621338, 74.3522796631, 77.4117584229, 74.5166168213, 77.3301239014, 80.6619949341, 110.648849487, 83.9938735962, 87.3257446289, 90.6576156616, 93.9894866943, 97.3213577271,  100.65322876, 103.985099792, 107.316978455, 77.2486953735, 74.3528671265, 80.6619949341, 110.648849487, 83.9938735962, 87.3257446289, 90.6576156616, 93.9894866943, 97.3213577271,  100.65322876, 103.985099792, 107.316978455, 77.4124832153, 74.5171508789, 5.58609056473,             0,             0,             0,             0,             0,             0,             0,             0,             0,             0, 5.88357973099, 5.79296255112, 5.72408151627,  5.7989897728, 2.04809498787,  1.7640632391, 0.382206588984, 0.0971395522356, 1.21624994278, 1.94849932194, 3.52512931824, 2.62416672707, 3.14334607124, 3.43622398376,  3.5002322197, 3.49992156029, 3.50457310677, 3.51224803925, 3.52006149292, 2.04199337959, 1.75827085972, 1.94849932194, 3.52512931824, 2.62416672707, 3.14334607124, 3.43622398376,  3.5002322197, 3.49992156029, 3.50457310677, 3.51224803925, 3.52006149292, 0.37501168251, 0.0918340682983,             0,             0,             0, 5.55111512313e-17, -0.000217703171074,             0,             0,             0,             0,             0,             0,             0,             0,             0,             0, 0.320816427469, 0.326763659716,             0,             0,             0,             0,             0,             0,             0,             0,             0,             0, 0.315638035536, 0.321924060583
         2.35, -0.870760142803, -1.01237034798, -0.714409172535, -1.01984834671, 1.83356511593, 2561.51196289, 0.250936001539,             0, 317.635284424, -18.871471405,  309.94342041, -20.9224834442, 924.077697754, 584.465637207, 1017.00219727, 945.902099609, 3584.02270508, 1978.64160156, 4833.01171875, 3168.64331055,             0,             0,             0,             0,             0,             0,             0,             0,             0,             0,             0,             0,             0,             0,             0,             0,             0,             0,             0,             0,  1.3741645813, 1.28843402863, -0.026402130723,             0,             0,             0,             0,             0,             0,             0,             0,             0,             0,             0,             0,             0,             0, 1.41037404537,             0,             0,             0,             0,             0,             0,             0,             0,             0,             0,             0,             0,             0,             0, 1.41037416458, 1.06128418446,  0.9873508811, 1.27661728859, 0.913884282112, 38.3642272949, 38.2416152954, 38.4183120728, 38.3226585388, 78.1600723267, 0.218064963818, 0.0612739771605, 2.18408179283,             0,             0,             0,             0,             0,             0,             0,             0,             0,             0, 81.4755554199, 111.464263916, 84.8076324463, 88.1397094727,  91.471786499, 94.8038711548, 98.1359481812, 101.468025208, 104.800102234,  108.13217926,             1,             1,             1,             1,             1,             1,             1,             1,             1,             1, 119.954849243,           120, 0.602270126343,             0, 13.8113994598, 1.54895794392, 78.0773391724, 75.1817016602, 78.2423934937, 75.3475799561, 78.1600723267, 81.4921569824, 111.480903625, 84.8242416382, 88.1563262939, 91.4884033203, 94.8204879761, 98.1525726318, 101.484649658, 104.816734314,  108.14881897, 78.0779418945, 75.1822738647, 81.4921569824, 111.480903625, 84.8242416382, 88.1563262939, 91.4884033203, 94.8204879761, 98.1525726318, 101.484649658, 104.816734314,  108.14881897, 78.2430953979, 75.3481063843, 5.64010667801,             0,             0,             0,             0,             0,             0,             0,             0,             0,             0, 5.85869455338,  5.8413028717, 5.70198440552,  5.8487238884, 2.11984086037, 1.83308172226, 0.454075485468, 0.166287660599, 1.28801703453, 2.12870573997, 3.52562880516, 2.77035665512, 3.24067831039, 3.46807551384, 3.50014829636, 3.50064134598, 3.50631785393, 3.51429772377, 3.52169632912, 2.11393332481, 1.82748270035, 2.12870573997, 3.52562880516, 2.77035665512, 3.24067831039, 3.46807551384, 3.50014829636, 3.50064134598, 3.50631785393, 3.51429772377, 3.52169632912, 0.447070777416, 0.161175817251,             0,             0, -5.55111512313e-17, 5.55111512313e-17, -0.000204697498702,             0,             0,             0,             0,             0,             0,             0,             0,             0,             0, 0.320571780205, 0.326568514109,             0,             0,             0,             0,             0,             0,             0,             0,             0,             0, 0.315887957811, 0.322135716677
        2.375, -0.757546424866, -0.909695327282, -0.605255067348, -0.919992268085, 1.17960476875, 2557.61328125, 0.223233669996,             0, 307.934631348, -19.073184967, 303.669921875,  -20.29180336, 830.134765625, 548.053955078, 862.299255371, 848.713134766, 3653.91772461, 2034.48803711, 4764.09912109, 3109.74536133,             0,             0,             0,             0,             0,             0,             0,             0,             0,             0,             0,             0,             0,             0,             0,             0,             0,             0,             0,             0, 1.56712210178, 1.36196649075, -0.0273116715252,             0,             0,             0,             0,             0,             0,             0,             0,             0,             0,             0,             0,             0,             0, 1.35931611061,             0,             0,             0,             0,             0,             0,             0,             0,             0,             0,             0,             0,             0,             0, 1.35931622982, 1.02135741711, 0.949409544468, 1.23444163799, 0.873663246632, 38.7733917236, 38.6491165161, 38.8275642395, 38.7307243347, 78.9899749756, 0.142743185163, -0.0107528511435, 0.513162195683,             0,             0,             0,             0,             0,             0,             0,             0,             0,             0, 82.3056564331, 112.296203613, 85.6379394531, 88.9702224731, 92.3025054932, 95.6347885132, 98.9670715332, 102.299354553, 105.631637573, 108.963920593,             1,             1,             1,             1,             1,             1,             1,             1,             1,             1, 119.962203979,           120, 0.595634222031,             0, 13.8134298325, 1.54899585247,  78.906791687, 76.0112304688, 79.0727462769, 76.1781692505, 78.9899749756, 82.3222579956, 112.312835693,  85.654548645,  88.986831665, 92.3191223145, 95.6514053345, 98.9836883545, 102.315979004, 105.648262024, 108.980552673,  78.907371521, 76.0117797852, 82.3222579956, 112.312835693,  85.654548645,  88.986831665, 92.3191223145, 95.6514053345, 98.9836883545, 102.315979004, 105.648262024, 108.980552673,  79.073425293, 76.1786727905, 5.67775964737,             0,             0,             0,             0,             0,             0,             0,             0,             0,             0, 5.82100963593, 5.87203407288, 5.66759252548, 5.88126277924, 2.19278645515, 1.90413665771, 0.52709454298, 0.237419351935, 1.36095511913,  2.3015229702, 3.52573251724, 2.90616154671, 3.32264924049, 3.48728632927, 3.49963212013, 3.50168395042, 3.50820541382, 3.51631116867, 3.52311515808, 2.18710541725, 1.89875662327,  2.3015229702, 3.52573251724, 2.90616154671, 3.32264924049, 3.48728632927, 3.49963212013, 3.50168395042, 3.50820541382, 3.51631116867, 3.52311515808, 0.520315289497, 0.23252941668,             0, -5.55111512313e-17,             0,             0, -0.000198985595489,             0,             0,             0,             0,             0,             0,             0,             0,             0,             0, 0.320315092802, 0.326363801956,             0,             0,             0,             0,             0,             0,             0,             0,             0,             0, 0.316150128841, 0.322358995676
          2.4, -0.645837306976, -0.801220178604, -0.498030334711, -0.814740002155, 0.52839756012,  2553.8449707, 0.194618880749,             0, 298.297576904, -19.3074474335, 297.399536133, -19.6797161102, 729.713989258, 505.028137207,  711.65057373, 747.845153809, 3726.09082031, 2092.15917969, 4693.09033203, 3048.78759766,             0,             0,             0,             0,             0,             0,             0,             0,             0,             0,             0,             0,             0,             0,             0,             0,             0,             0,             0,             0, 1.75890815258, 1.43649971485, -0.0283797010779,             0,             0,             0,             0,             0,             0,             0,             0,             0,             0,             0,             0,             0,             0, 1.30142867565,             0,             0,             0,             0,             0,             0,             0,             0,             0,             0,             0,             0,             0,             0, 1.30142891407, 0.975745618343, 0.907159864902,  1.1860011816, 0.828620791435, 39.1826286316,   39.05676651, 39.2367210388, 39.1386985779, 79.8198318481, 0.0736487656832, -0.0760671496391, -1.10066640377,             0,             0,             0,             0,             0,             0,             0,             0,             0,             0, 83.1357116699, 113.127998352, 86.4681854248, 89.8006668091,  93.133140564, 96.4656143188, 99.7980957031, 103.130569458, 106.463043213, 109.795524597,             1,             1,             1,             1,             1,             1,             1,             1,             1,             1, 119.969192505,           120, 0.58891505003,             0, 13.8153505325, 1.54903173447, 79.7364273071, 76.8408737183, 79.9028320312, 77.0083999634, 79.8198318481, 83.1523132324, 113.144630432, 86.4847946167,  89.817276001, 93.1497497559, 96.4822311401, 99.8147125244, 103.147193909, 106.479675293, 109.812149048, 79.7369766235, 76.8414001465, 83.1523132324, 113.144630432, 86.4847946167,  89.817276001, 93.1497497559, 96.4822311401, 99.8147125244, 103.147193909, 106.479675293, 109.812149048, 79.9034729004, 77.0088729858, 5.69906711578,             0,             0,             0,             0,             0,             0,             0,             0,             0,             0, 5.77320861816, 5.88507795334, 5.62357091904, 5.89664173126, 2.26676535606, 1.97706091404, 0.601097047329, 0.310366898775, 1.43489813805, 2.46621966362, 3.52539539337, 3.03046393394, 3.38798332214, 3.49696564674, 3.49956798553, 3.50300455093,   3.510191679, 3.51824307442,  3.5242729187, 2.26134204865, 1.97192370892, 2.46621966362, 3.52539539337, 3.03046393394, 3.38798332214, 3.49696564674, 3.49956798553, 3.50300455093,   3.510191679, 3.51824307442,  3.5242729187, 0.594577848911, 0.305725932121,             0,             0,             0,             0, -0.000201223287149,             0,             0,             0,             0,             0,             0,             0,             0,             0,             0, 0.320050269365, 0.326152563095,             0,             0,             0,             0,             0,             0,             0,             0,             0,             0, 0.316420674324, 0.322590202093
        2.425, -0.533661603928, -0.689518034458, -0.390724152327, -0.706528902054, -0.0947704613209, 2550.26123047, 0.164939671755,             0, 289.042724609, -19.3832244873, 291.193115234, -19.1681747437, 626.013916016, 450.795440674,  565.91583252, 641.743408203, 3799.38696289, 2152.10131836, 4620.79345703, 2986.09960938,             0,             0,             0,             0,             0,             0,             0,             0,             0,             0,             0,             0,             0,             0,             0,             0,             0,             0,             0,             0, 1.94576966763, 1.51183974743, -0.0296078957617,             0,             0,             0,             0,             0,             0,             0,             0,             0,             0,             0,             0,             0,             0, 1.23700666428,             0,             0,             0,             0,             0,             0,             0,             0,             0,             0,             0,             0,             0,             0, 1.23700678349, 0.924839019775, 0.860630452633, 1.13169372082, 0.778874576092, 39.5919303894, 39.4645614624, 39.6457862854, 39.5465888977, 80.6496658325, 0.00878305546939, -0.136675223708, -2.67715358734,             0,             0,             0,             0,             0,             0,             0,             0,             0,             0, 83.9657211304, 113.959632874, 87.2983779907, 90.6310348511, 93.9636917114, 97.2963485718, 100.629005432, 103.961662292, 107.294319153, 110.626976013,             1,             1,             1,             1,             1,             1,             1,             1,             1,             1, 119.975700378,           120, 0.582253873348,             0, 13.8171396255, 1.54906523228, 80.5662612915, 77.6706314087, 80.7326507568, 77.8382720947, 80.6496658325, 83.9823226929, 113.976264954, 87.3149795532,  90.647644043, 93.9803009033, 97.3129653931, 100.645622253, 103.978286743, 107.310943604, 110.643608093, 80.5667800903, 77.6711349487, 83.9823226929, 113.976264954, 87.3149795532,  90.647644043, 93.9803009033, 97.3129653931, 100.645622253, 103.978286743, 107.310943604, 110.643608093, 80.7332611084,  77.838722229, 5.70438432693,             0,             0,             0,             0,             0,             0,             0,             0,             0,             0,  5.7136464119, 5.88098430634, 5.56826734543, 5.89531326294, 2.34161162376,  2.0516679287, 0.675917565823, 0.38494566083, 1.50968015194, 2.62206435204, 3.52457284927, 3.14199018478,  3.4357521534, 3.50022053719, 3.49991607666,  3.5045580864, 3.51223111153, 3.52004885674,  3.5251250267,  2.3364751339, 2.04679751396, 2.62206435204, 3.52457284927, 3.14199018478,  3.4357521534, 3.50022053719, 3.49991607666,  3.5045580864, 3.51223111153, 3.52004885674,  3.5251250267, 0.669690966606, 0.380580097437,             0,             0,             0,             0, -0.000212095794268,             0,             0,             0,             0,             0,             0,             0,             0,             0,             0, 0.319781512022, 0.325933009386,             0,             0,             0,             0,             0,             0,             0,             0,             0,             0, 0.316696435213, 0.322827994823
         2.45, -0.41990095377, -0.576193094254, -0.282148480415, -0.596915006638, -0.681543767452, 2546.91479492, 0.134586676955,             0, 280.286315918, -19.4541492462, 285.387054443, -18.6498012543, 516.871337891, 392.033111572,  418.75894165, 537.652160645, 3873.73046875,  2214.2512207, 4547.22363281, 2921.75195312,             0,             0,             0,             0,             0,             0,             0,             0,             0,             0,             0,             0,             0,             0,             0,             0,             0,             0,             0,             0, 2.12600564957,  1.5878058672, -0.0309826713055,             0,             0,             0,             0,             0,             0,             0,             0,             0,             0,             0,             0,             0,             0, 1.16619169712,             0,             0,             0,             0,             0,             0,             0,             0,             0,             0,             0,             0,             0,             0, 1.16619193554, 0.868852257729, 0.810150146484, 1.07177054882, 0.724710285664, 40.0013008118, 39.8724975586, 40.0547523499, 39.9543914795, 81.4794692993, -0.0540113598108, -0.194789528847, -4.21676921844,             0,             0,             0,             0,             0,             0,             0,             0,             0,             0, 84.7957000732, 114.791091919, 88.1285171509, 91.4613418579, 94.7941665649, 98.1269836426,  101.45980835, 104.792625427, 108.125450134, 111.458274841,             1,             1,             1,             1,             1,             1,             1,             1,             1,             1, 119.981651306,           120, 0.575784623623,             0, 13.8187828064, 1.54909586906, 81.3962936401, 78.5005187988, 81.5622329712, 78.6678237915, 81.4794692993, 84.8122940063, 114.807723999, 88.1451187134, 91.4779434204, 94.8107681274, 98.1436004639, 101.476425171, 104.809249878, 108.142074585, 111.474899292,  81.396774292, 78.5009841919, 84.8122940063, 114.807723999, 88.1451187134, 91.4779434204, 94.8107681274, 98.1436004639, 101.476425171, 104.809249878, 108.142074585, 111.474899292, 81.5628051758, 78.6682434082,  5.6945772171,             0,             0,             0,             0,             0,             0,             0,             0,             0,             0, 5.64103031158, 5.86059617996, 5.50033378601, 5.87804603577, 2.41716074944, 2.12774968147, 0.751393139362, 0.460949987173, 1.58513665199, 2.76832556725, 3.52322053909, 3.23946499825, 3.46775960922, 3.50015640259, 3.50063180923, 3.50629973412, 3.51427936554, 3.52168393135, 3.52562665939, 2.41233873367, 2.12316799164, 2.76832556725, 3.52322053909, 3.23946499825, 3.46775960922, 3.50015640259, 3.50063180923, 3.50629973412, 3.51427936554, 3.52168393135, 3.52562665939, 0.745490372181, 0.456884860992,             0, 5.55111512313e-17,             0, -5.55111512313e-17, -0.000232471196796,             0,             0,             0,             0,             0,             0,             0,             0,             0,             0, 0.319509029388, 0.325705319643,             0,             0,             0,             0,             0,             0,             0,             0,             0,             0, 0.316977292299, 0.323072105646
        2.475, -0.305815845728, -0.462242126465, -0.173502057791, -0.486926078796, -1.23432946205,  2543.8503418, 0.103822357953,             0, 272.201080322, -19.5432491302, 280.287109375, -18.1242294312, 400.489624023, 329.150085449, 274.099884033, 436.665496826,  3949.2265625, 2278.02197266, 4472.36962891, 2855.97851562,             0,             0,             0,             0,             0,             0,             0,             0,             0,             0,             0,             0,             0,             0,             0,             0,             0,             0,             0,             0, 2.29887962341, 1.66422045231, -0.0324707068503,             0,             0,             0,             0,             0,             0,             0,             0,             0,             0,             0,             0,             0,             0, 1.08912014961,             0,             0,             0,             0,             0,             0,             0,             0,             0,             0,             0,             0,             0,             0, 1.08912026882, 0.807871520519, 0.755880713463, 1.00635766983, 0.666265010834, 40.4107284546, 40.2805633545, 40.4636230469,  40.362121582, 82.3092727661, -0.11465793848, -0.250392824411, -5.70494365692,             0,             0,             0,             0,             0,             0,             0,             0,             0,             0, 85.6256484985, 115.622375488, 88.9586181641, 92.2915878296, 95.6245574951, 98.9575271606, 102.290496826, 105.623466492, 108.956436157, 112.289405823,             1,             1,             1,             1,             1,             1,             1,             1,             1,             1, 119.986976624,           120, 0.569638907909,             0, 13.8202705383, 1.54912364483, 82.2265167236, 79.3305282593, 82.3916015625, 79.4970855713, 82.3092727661, 85.6422424316,  115.63899231, 88.9752197266, 92.3081893921, 95.6411590576, 98.9741363525, 102.307106018, 105.640075684, 108.973052979, 112.306022644, 82.2269592285, 79.3309631348, 85.6422424316,  115.63899231, 88.9752197266, 92.3081893921, 95.6411590576, 98.9741363525, 102.307106018, 105.640075684, 108.973052979, 112.306022644, 82.3921279907,  79.497467041, 5.67052698135,             0,             0,             0,             0,             0,             0,             0,             0,             0,             0, 5.55631685257, 5.82481527328,  5.4206662178, 5.84578323364, 2.49324250221,  2.2050921917, 0.827357292175, 0.538169026375,  1.6610994339,  2.9042301178, 3.52129387856, 3.32161450386, 3.48710227013, 3.49963569641, 3.50167036057,  3.5081846714, 3.51629161835, 3.52310347557,  3.5257332325, 2.48876214027,  2.2008202076,  2.9042301178, 3.52129387856, 3.32161450386, 3.48710227013, 3.49963569641, 3.50167036057,  3.5081846714, 3.51629161835, 3.52310347557,  3.5257332325, 0.82180917263, 0.534428656101, -5.55111512313e-17, -5.55111512313e-17,             0,             0, -0.000263427151367,             0,             0,             0,             0,             0,             0,             0,             0,             0,             0, 0.319232344627, 0.325471580029,             0,             0,             0,             0,             0,             0,             0,             0,             0,             0, 0.317263096571, 0.32332149148
          2.5, -0.190613240004, -0.348517030478, -0.0638919770718, -0.377411723137, -1.75545549393, 2541.09082031, 0.0725304484367,             0, 265.011932373, -19.6525974274, 276.132415771, -17.6037254333, 277.057067871, 260.749542236, 131.597213745, 338.735839844, 4025.88012695, 2343.15893555, 4396.48486328, 2789.05395508,             0,             0,             0,             0,             0,             0,             0,             0,             0,             0,             0,             0,             0,             0,             0,             0,             0,             0,             0,             0, 2.46366000175, 1.74090445042, -0.0340321809053,             0,             0,             0,             0,             0,             0,             0,             0,             0,             0,             0,             0,             0,             0, 1.00598812103,             0,             0,             0,             0,             0,             0,             0,             0,             0,             0,             0,             0,             0,             0, 1.00598835945, 0.742120504379, 0.697934985161, 0.935741782188,  0.6036927104, 40.8202095032, 40.6887512207, 40.8723983765, 40.7697715759, 83.1390762329, -0.174871280789, -0.305285960436, -7.1331782341,             0,             0,             0,             0,             0,             0,             0,             0,             0,             0, 86.4555740356, 116.453468323, 89.7886734009, 93.1217727661, 96.4548721313, 99.7879714966, 103.121070862, 106.454170227, 109.787269592, 113.120368958,             1,             1,             1,             1,             1,             1,             1,             1,             1,             1, 119.991653442,           120, 0.563940107822,             0, 13.8216028214, 1.54914855957, 83.0569381714, 80.1606674194, 83.2207717896, 80.3260726929, 83.1390762329, 86.4721755981, 116.470092773, 89.8052749634,  93.138381958, 96.4714813232, 99.8045806885, 103.137687683, 106.470787048, 109.803886414, 113.136993408, 83.0573348999, 80.1610641479, 86.4721755981, 116.470092773, 89.8052749634,  93.138381958, 96.4714813232, 99.8045806885, 103.137687683, 106.470787048, 109.803886414, 113.136993408, 83.2212524414,  80.326423645, 5.63305234909,             0,             0,             0,             0,             0,             0,             0,             0,             0,             0, 5.45860910416, 5.77445602417, 5.32828187943, 5.79934597015, 2.56968402863, 2.28348016739, 0.903640568256, 0.616391599178, 1.73739731312, 3.02866721153,  3.5187485218, 3.38716387749, 3.49688363075, 3.49956607819, 3.50298690796,  3.5101685524, 3.51822304726, 3.52426290512, 3.52540063858, 2.56557130814, 2.27953839302, 3.02866721153,  3.5187485218, 3.38716387749, 3.49688363075, 3.49956607819, 3.50298690796,  3.5101685524, 3.51822304726, 3.52426290512, 3.52540063858, 0.898476302624, 0.612999558449,             0, 5.55111512313e-17,             0,             0, -0.000306020869175,             0,             0,             0,             0,             0,             0,             0,             0,             0,             0, 0.318951308727, 0.325232744217,             0,             0,             0,             0,             0,             0,             0,             0,             0,             0, 0.317552864552, 0.323575109243
        2.525, -0.0722732394934, -0.236378371716, 0.0487950146198, -0.269642055035, -2.2476580143, 2538.63867188, 0.0398840308189,             0,  258.77041626, -19.8114032745, 271.252349854, -17.0552330017, 144.168838501, 187.715606689, -17.8425922394, 243.041793823, 4103.94091797, 2410.04370117,  4319.3359375, 2720.79101562,             0,             0,             0,             0,             0,             0,             0,             0,             0,             0,             0,             0,             0,             0,             0,             0,             0,             0,             0,             0, 2.61961579323, 1.81767547131, -0.0356285683811,             0,             0,             0,             0,             0,             0,             0,             0,             0,             0,             0,             0,             0,             0, 0.916902601719,             0,             0,             0,             0,             0,             0,             0,             0,             0,             0,             0,             0,             0,             0, 0.916902780533, 0.67182803154, 0.636369645596, 0.860224425793, 0.537019431591, 41.2297325134, 41.0970497131, 41.2810668945, 41.1773490906, 83.9688873291, -0.23829293251, -0.36322581768, -8.49444389343,             0,             0,             0,             0,             0,             0,             0,             0,             0,             0, 87.2854995728, 117.284393311, 90.6187133789, 93.9519195557, 97.2851333618, 100.618339539, 103.951553345, 107.284767151, 110.617973328, 113.951187134,             1,             1,             1,             1,             1,             1,             1,             1,             1,             1, 119.995651245,           120, 0.558777868748,             0, 13.8227729797, 1.54917037487, 83.8875579834, 80.9909439087, 84.0497665405, 81.1548309326, 83.9688873291, 87.3021011353, 117.301010132, 90.6353149414, 93.9685211182, 97.3017349243,  100.63494873, 103.968162537, 107.301376343, 110.634590149, 113.967803955, 83.8879013062, 80.9913024902, 87.3021011353, 117.301010132, 90.6353149414, 93.9685211182, 97.3017349243,  100.63494873, 103.968162537, 107.301376343, 110.634590149, 113.967803955,  84.050201416, 81.1551361084, 5.58293437958,             0,             0,             0,             0,             0,             0,             0,             0,             0,             0, 5.34504508972, 5.71047925949, 5.22020292282, 5.73958396912, 2.64630842209, 2.36269593239, 0.980068087578, 0.695402741432, 1.81385326385,  3.1403632164, 3.51553988457, 3.43516564369, 3.50020480156,  3.4999089241, 3.50453686714, 3.51220607758, 3.52002906799, 3.52511763573, 3.52458381653, 2.64258790016, 2.35910415649,  3.1403632164, 3.51553988457, 3.43516564369, 3.50020480156,  3.4999089241, 3.50453686714, 3.51220607758, 3.52002906799, 3.52511763573, 3.52458381653, 0.975315392017, 0.692382693291,             0, 5.55111512313e-17, 5.55111512313e-17,             0, -0.000361133483239,             0,             0,             0,             0,             0,             0,             0,             0,             0,             0, 0.318664878607, 0.324987262487,             0,             0,             0,             0,             0,             0,             0,             0,             0,             0, 0.317847251892, 0.323833554983
         2.55, 0.0418826639652, -0.126046210527, 0.157279491425, -0.163743972778, -2.72229909897, 2536.56591797, 0.00724437041208,             0, 252.261199951, -20.0256595612, 266.528686523, -16.4647541046, 1.22474253178, 111.714286804, -159.776504517, 152.855926514, 4184.21923828, 2479.03198242, 4240.03857422, 2650.59960938,             0,             0,             0,             0,             0,             0,             0,             0,             0,             0,             0,             0,             0,             0,             0,             0,             0,             0,             0,             0, 2.76601457596, 1.89434027672, -0.0372171550989,             0,             0,             0,             0,             0,             0,             0,             0,             0,             0,             0,             0,             0,             0, 0.821780622005,             0,             0,             0,             0,             0,             0,             0,             0,             0,             0,             0,             0,             0,             0, 0.821780800819, 0.596556901932, 0.571145832539, 0.779394388199, 0.466249734163, 41.6392822266, 41.5054588318, 41.6896629333, 41.5848579407, 84.7987213135, -0.298863679171, -0.418209195137, -9.76550483704,             0,             0,             0,             0,             0,             0,             0,             0,             0,             0, 88.1154251099, 118.115119934, 91.4487228394, 94.7820205688, 98.1153259277, 101.448623657, 104.781921387, 108.115219116, 111.448516846, 114.781822205,             1,             1,             1,             1,             1,             1,             1,             1,             1,             1, 119.998825073,           120, 0.55416560173,             0, 13.8237276077, 1.54918825626, 84.7183685303, 81.8213653564,  84.878616333, 81.9833755493, 84.7987213135, 88.1320266724, 118.131729126, 91.4653244019, 94.7986221313, 98.1319274902,  101.46522522, 104.798530579, 108.131828308, 111.465126038, 114.798431396, 84.7186737061, 81.8216781616, 88.1320266724, 118.131729126, 91.4653244019, 94.7986221313, 98.1319274902,  101.46522522, 104.798530579, 108.131828308, 111.465126038, 114.798431396, 84.8789978027, 81.9836349487, 5.52074337006,             0,             0,             0,             0,             0,             0,             0,             0,             0,             0,  5.2222533226, 5.63343334198, 5.10300159454, 5.66694355011,  2.7229218483,  2.4425201416, 1.05645155907, 0.774986982346, 1.89027810097, 3.23804283142, 3.51162433624, 3.46737551689, 3.50016641617, 3.50061941147,   3.506275177,  3.5142531395, 3.52166509628,  3.5256228447, 3.52323865891, 2.71962070465, 2.43929862976, 3.23804283142, 3.51162433624, 3.46737551689, 3.50016641617, 3.50061941147,   3.506275177,  3.5142531395, 3.52166509628,  3.5256228447, 3.52323865891, 1.05214059353, 0.772362411022, 5.55111512313e-17,             0,             0,             0, -0.00042954593664,             0,             0,             0,             0,             0,             0,             0,             0,             0,             0, 0.318369984627, 0.324733734131,             0,             0,             0,             0,             0,             0,             0,             0,             0,             0, 0.318149536848, 0.324098974466
        2.575, 0.151722580194, -0.0175879411399, 0.261516869068, -0.0597565360367, -3.17548942566, 2534.99926758, -0.0241334643215,             0, 245.776626587, -20.2694644928, 263.940826416, -15.9356365204, -142.020904541,  32.708984375, -286.597198486, 68.2459335327, 4266.06298828, 2549.43920898, 4159.44042969, 2579.16748047,             0,             0,             0,             0,             0,             0,             0,             0,             0,             0,             0,             0,             0,             0,             0,             0,             0,             0,             0,             0,   2.902084589, 1.97070837021, -0.0387500301003,             0,             0,             0,             0,             0,             0,             0,             0,             0,             0,             0,             0,             0,             0, 0.720914959908,             0,             0,             0,             0,             0,             0,             0,             0,             0,             0,             0,             0,             0,             0, 0.720915138721, 0.516511142254, 0.502499639988, 0.693523287773, 0.391659885645, 42.0488777161, 41.9139633179, 42.0982170105, 41.9922943115, 85.6285934448, -0.355981230736, -0.469706594944, -10.9405994415,             0,             0,             0,             0,             0,             0,             0,             0,             0,             0, 88.9453659058, 118.945632935, 92.2787246704, 95.6120910645, 98.9454498291, 102.278816223, 105.612182617, 108.945541382, 112.278907776,  115.61227417,             1,             1,             1,             1,             1,             1,             1,             1,             1,             1,  120.00113678,           120, 0.550212800503,             0, 13.8244495392, 1.54920172691, 85.5493774414, 82.6519393921, 85.7073287964, 82.8117294312, 85.6285934448, 88.9619598389, 118.962242126, 92.2953262329,  95.628692627, 98.9620513916, 102.295417786,  105.62878418, 108.962150574, 112.295516968, 115.628875732, 85.5496368408, 82.6522140503, 88.9619598389, 118.962242126, 92.2953262329,  95.628692627, 98.9620513916, 102.295417786,  105.62878418, 108.962150574, 112.295516968, 115.628875732, 85.7076644897, 82.8119430542, 5.44693851471,             0,             0,             0,             0,             0,             0,             0,             0,             0,             0, 5.09129428864, 5.54383516312, 4.97766637802, 5.58193349838,  2.7993350029, 2.52273988724, 1.13260447979, 0.85493439436,  1.9664837122, 3.32042956352, 3.50695705414, 3.48688340187, 3.49963998795, 3.50165319443, 3.50815749168, 3.51626467705, 3.52308654785, 3.52573466301, 3.52132105827, 2.79647874832, 2.51990747452, 3.32042956352, 3.50695705414, 3.48688340187, 3.49963998795, 3.50165319443, 3.50815749168, 3.51626467705, 3.52308654785, 3.52573466301, 3.52132105827, 1.12876415253, 0.852727532387,             0,             0,             0,             0, -0.000511858204845,             0,             0,             0,             0,             0,             0,             0,             0,             0,             0, 0.318068921566, 0.324474692345,             0,             0,             0,             0,             0,             0,             0,             0,             0,             0, 0.318456381559, 0.324368655682
          2.6, 0.258406430483, 0.0886188074946, 0.362770646811, 0.0421227179468, -3.59854388237,  2533.9597168, -0.0543505735695,             0, 242.126037598, -20.2722396851, 262.409088135, -15.3569173813, -279.928527832, -49.8589096069, -404.480804443, -11.0665531158, 4346.74609375, 2619.63085938, 4080.11791992, 2508.79394531,             0,             0,             0,             0,             0,             0,             0,             0,             0,             0,             0,             0,             0,             0,             0,             0,             0,             0,             0,             0,  3.0267188549,  2.0466067791, -0.0401810780168,             0,             0,             0,             0,             0,             0,             0,             0,             0,             0,             0,             0,             0,             0, 0.615316867828,             0,             0,             0,             0,             0,             0,             0,             0,             0,             0,             0,             0,             0,             0, 0.615317046642, 0.432626187801, 0.431189328432, 0.603626668453, 0.314118862152, 42.4585418701, 42.3225593567, 42.5067214966, 42.3996620178, 86.4585113525, -0.410262078047, -0.518419325352, -12.0275278091,             0,             0,             0,             0,             0,             0,             0,             0,             0,             0, 89.7753219604, 119.775993347, 93.1087341309, 96.4421386719, 99.7755508423, 103.108955383, 106.442359924, 109.775772095, 113.109176636, 116.442588806,             1,             1,             1,             1,             1,             1,             1,             1,             1,             1, 120.002723694,           120, 0.547111928463,             0, 13.8249826431, 1.54921174049, 86.3805923462, 83.4826812744, 86.5359344482, 83.6399230957, 86.4585113525, 89.7919235229, 119.792602539, 93.1253356934, 96.4587402344, 99.7921524048, 103.125556946, 106.458969116, 109.792373657, 113.125785828, 116.459190369, 86.3807983398, 83.4829101562, 89.7919235229, 119.792602539, 93.1253356934, 96.4587402344, 99.7921524048, 103.125556946, 106.458969116, 109.792373657, 113.125785828, 116.459190369, 86.5362167358, 83.6400909424, 5.36217164993,             0,             0,             0,             0,             0,             0,             0,             0,             0,             0, 4.95220327377, 5.44247341156, 4.84414672852, 5.48518753052, 2.87537479401, 2.60314798355, 1.20835709572, 0.935042321682, 2.04229903221, 3.38624739647, 3.50149416924,  3.4967880249, 3.49956393242, 3.50296545029, 3.51013898849, 3.51819634438, 3.52424883842, 3.52540826797, 3.51878595352, 2.87298417091, 2.60071897507, 3.38624739647, 3.50149416924,  3.4967880249, 3.49956393242, 3.50296545029, 3.51013898849, 3.51819634438, 3.52424883842, 3.52540826797, 3.51878595352, 1.20501077175, 0.933270692825,             0,             0,             0,             0, -0.000608312897384,             0,             0,             0,             0,             0,             0,             0,             0,             0,             0, 0.317771732807, 0.324216067791,             0,             0,             0,             0,             0,             0,             0,             0,             0,             0, 0.318757981062, 0.324633955956
        2.625, 0.361178159714, 0.191768467426, 0.46048155427, 0.141086682677, -3.98787307739, 2533.33740234, -0.0835552886128,             0, 239.301879883, -20.5422801971, 261.525115967, -15.0588769913, -417.422088623, -134.268127441, -513.24798584, -84.1212844849,  4424.6953125, 2688.33789062,  4004.5690918, 2441.52124023,             0,             0,             0,             0,             0,             0,             0,             0,             0,             0,             0,             0,             0,             0,             0,             0,             0,             0,             0,             0,   3.138641119, 2.12187790871, -0.0414617843926,             0,             0,             0,             0,             0,             0,             0,             0,             0,             0,             0,             0,             0,             0, 0.506367504597,             0,             0,             0,             0,             0,             0,             0,             0,             0,             0,             0,             0,             0,             0, 0.506367623806, 0.346007823944, 0.358215034008, 0.510972976685, 0.234747871757, 42.8682670593, 42.7312393188, 42.9151763916, 42.8069610596, 87.2884902954, -0.461215287447, -0.56402528286, -13.0327787399,             0,             0,             0,             0,             0,             0,             0,             0,             0,             0, 90.6053237915, 120.606239319, 93.9387588501, 97.2721939087, 100.605628967, 103.939064026, 107.272499084, 110.605934143, 113.939369202,  117.27280426,             1,             1,             1,             1,             1,             1,             1,             1,             1,             1, 120.003684998,           120, 0.544901549816,             0, 13.8253536224, 1.54921865463, 87.2120056152, 84.3135910034, 87.3644485474, 84.4679794312, 87.2884902954,  90.621925354, 120.622840881, 93.9553604126, 97.2887954712,  100.62223053, 103.955665588, 107.289100647, 110.622535706, 113.955970764, 117.289405823, 87.2121658325, 84.3137741089,  90.621925354, 120.622840881, 93.9553604126, 97.2887954712,  100.62223053, 103.955665588, 107.289100647, 110.622535706, 113.955970764, 117.289405823, 87.3646774292, 84.4681015015,  5.2672533989,             0,             0,             0,             0,             0,             0,             0,             0,             0,             0, 4.80628156662, 5.33038282394, 4.70357513428, 5.37773418427, 2.95088005066, 2.68354177475, 1.28355336189, 1.01511335373, 2.11756634712, 3.43452501297, 3.49490809441, 3.50018668175, 3.49990057945, 3.50451159477, 3.51217532158, 3.52000355721, 3.52510762215, 3.52459907532, 3.51558947563, 2.94896960258, 2.68152523041, 3.43452501297, 3.49490809441, 3.50018668175, 3.49990057945, 3.50451159477, 3.51217532158, 3.52000355721, 3.52510762215, 3.52459907532, 3.51558947563, 1.28071761131, 1.01378798485,             0, 5.55111512313e-17,             0,             0, -0.000718567171134,             0,             0,             0,             0,             0,             0,             0,             0,             0,             0, 0.317484140396, 0.323962569237,             0,             0,             0,             0,             0,             0,             0,             0,             0,             0, 0.31904488802, 0.324887126684
         2.65, 0.459870994091, 0.29101935029, 0.554644584656, 0.236466228962, -4.34164619446, 2533.06518555, -0.111647605896,             0, 237.195327759, -20.7244567871,  261.21484375, -14.7330360413, -554.050170898, -220.046508789, -611.963562012, -151.386367798, 4499.85595703, 2755.01171875, 3934.06762695, 2377.96166992,             0,             0,             0,             0,             0,             0,             0,             0,             0,             0,             0,             0,             0,             0,             0,             0,             0,             0,             0,             0, 3.23657274246, 2.19637227058, -0.0425234362483,             0,             0,             0,             0,             0,             0,             0,             0,             0,             0,             0,             0,             0,             0, 0.395396023989,             0,             0,             0,             0,             0,             0,             0,             0,             0,             0,             0,             0,             0,             0, 0.395396143198, 0.257675111294, 0.284384787083, 0.41677775979, 0.154504656792, 43.2780342102, 43.1399879456, 43.3235816956, 43.2141990662,  88.118522644, -0.509085416794, -0.606950640678, -13.9654922485,             0,             0,             0,             0,             0,             0,             0,             0,             0,             0, 91.4353637695,  121.43637085, 94.7688140869, 98.1022567749, 101.435699463, 104.769142151, 108.102592468, 111.436035156, 114.769477844, 118.102920532,             1,             1,             1,             1,             1,             1,             1,             1,             1,             1,  120.00402832,           120, 0.543510913849,             0, 13.8255577087, 1.54922246933, 88.0436096191, 85.1446685791, 88.1928863525, 85.2959365845,  88.118522644,  91.451965332, 121.452972412, 94.7854156494, 98.1188583374, 101.452301025, 104.785743713, 108.119194031, 111.452636719, 114.786079407, 118.119522095, 88.0437240601, 85.1448135376,  91.451965332, 121.452972412, 94.7854156494, 98.1188583374, 101.452301025, 104.785743713, 108.119194031, 111.452636719, 114.786079407, 118.119522095, 88.1930770874, 85.2960128784, 5.16304779053,             0,             0,             0,             0,             0,             0,             0,             0,             0,             0, 4.65415000916, 5.20868110657, 4.55639028549, 5.26050662994, 3.02569651604, 2.76372218132, 1.35804402828, 1.09495341778, 2.19213461876, 3.46696615219, 3.48441338539, 3.50017738342, 3.50060558319, 3.50624680519, 3.51422166824, 3.52164173126, 3.52561807632, 3.52326273918, 3.51168704033, 3.02427482605, 2.76212191582, 3.46696615219, 3.48441338539, 3.50017738342, 3.50060558319, 3.50624680519, 3.51422166824, 3.52164173126, 3.52561807632, 3.52326273918, 3.51168704033, 1.35572862625, 1.09408032894,             0,             0,             0,             0, -0.000841486733407,             0,             0,             0,             0,             0,             0,             0,             0,             0,             0, 0.317206293344, 0.323716104031,             0,             0,             0,             0,             0,             0,             0,             0,             0,             0, 0.319312185049, 0.325125813484
        2.675, 0.554448962212, 0.385576546192, 0.645326793194, 0.327566891909, -4.65848588943,  2533.1159668, -0.138419508934,             0, 235.806015015, -20.9045066833, 261.428070068, -14.4501895905, -685.220153809, -305.934906006, -703.863769531, -212.589187622, 4572.04345703,  2819.2487793, 3868.69116211, 2317.73901367,             0,             0,             0,             0,             0,             0,             0,             0,             0,             0,             0,             0,             0,             0,             0,             0,             0,             0,             0,             0, 3.31923389435, 2.26994943619, -0.0432906374335,             0,             0,             0,             0,             0,             0,             0,             0,             0,             0,             0,             0,             0,             0, 0.283564597368,             0,             0,             0,             0,             0,             0,             0,             0,             0,             0,             0,             0,             0,             0, 0.283564656973, 0.168521434069, 0.210355132818, 0.322078943253, 0.0742201805115, 43.6878356934, 43.5487976074, 43.7319450378, 43.6213722229, 88.9486312866, -0.554267287254, -0.647729039192, -14.8372974396,             0,             0,             0,             0,             0,             0,             0,             0,             0,             0, 92.2654647827, 122.266410828, 95.5989074707, 98.9323425293, 102.265777588, 105.599220276, 108.932655334, 112.266098022, 115.599533081,  118.93296814,             1,             1,             1,             1,             1,             1,             1,             1,             1,             1,  120.00377655,           120, 0.542874753475,             0, 13.8255996704, 1.54922318459, 88.8754043579, 85.9759216309, 89.0212860107, 86.1238098145, 88.9486312866, 92.2820663452,  122.28301239, 95.6155090332, 98.9489440918,  102.28237915, 105.615821838, 108.949256897, 112.282691956, 115.616134644, 118.949569702, 88.8754806519, 85.9760284424, 92.2820663452,  122.28301239, 95.6155090332, 98.9489440918,  102.28237915, 105.615821838, 108.949256897, 112.282691956, 115.616134644, 118.949569702, 89.0214233398, 86.1238479614, 5.05046224594,             0,             0,             0,             0,             0,             0,             0,             0,             0,             0, 4.49632072449, 5.07852268219, 4.40296602249, 5.13453865051, 3.09967660904, 2.84349393845, 1.43168604374, 1.17437303066, 2.26585960388, 3.48665571213, 3.46596193314, 3.49964499474, 3.50163459778, 3.50812697411, 3.51623368263, 3.52306628227, 3.52573609352, 3.52135491371, 3.50703406334, 3.09874725342, 2.84231090546, 3.48665571213, 3.46596193314, 3.49964499474, 3.50163459778, 3.50812697411, 3.51623368263, 3.52306628227, 3.52573609352, 3.52135491371, 3.50703406334, 1.42989492416, 1.17395329475,             0,             0, -5.55111512313e-17,             0, -0.000974546943326,             0,             0,             0,             0,             0,             0,             0,             0,             0,             0, 0.316938757896, 0.323478221893,             0,             0,             0,             0,             0,             0,             0,             0,             0,             0, 0.319559544325, 0.325351446867
          2.7, 0.644791185856, 0.474853813648, 0.732491195202, 0.413900345564, -4.94009542465, 2533.47924805, -0.164001271129,             0, 235.090621948, -21.1076698303, 262.159301758, -14.1896524429, -814.192932129, -390.007781982, -789.445495605, -267.694824219, 4640.89208984, 2880.56298828, 3807.88061523, 2260.36376953,             0,             0,             0,             0,             0,             0,             0,             0,             0,             0,             0,             0,             0,             0,             0,             0,             0,             0,             0,             0, 3.38534331322, 2.34247612953, -0.0437070280313,             0,             0,             0,             0,             0,             0,             0,             0,             0,             0,             0,             0,             0,             0, 0.171878054738,             0,             0,             0,             0,             0,             0,             0,             0,             0,             0,             0,             0,             0,             0, 0.171878114343, 0.079316675663, 0.136681333184, 0.227765753865, -0.00536497775465, 44.0976676941,  43.957660675, 44.1402702332, 44.0284919739, 89.7788162231, -0.597187638283, -0.686888515949, -15.6591358185,             0,             0,             0,             0,             0,             0,             0,             0,             0,             0, 93.0956268311, 123.096374512, 96.4290466309, 99.7624588013, 103.095878601, 106.429290771, 109.762710571, 113.096122742, 116.429542542, 119.762962341,             1,             1,             1,             1,             1,             1,             1,             1,             1,             1, 120.002983093,           120, 0.54294449091,             0, 13.8254861832, 1.54922103882, 89.7073822021, 86.8073425293, 89.8496551514, 86.9516372681, 89.7788162231, 93.1122283936, 123.112976074, 96.4456481934, 99.7790603638, 103.112480164, 106.445892334, 109.779312134, 113.112724304, 116.446144104, 119.779556274, 89.7074203491, 86.8074111938, 93.1122283936, 123.112976074, 96.4456481934, 99.7790603638, 103.112480164, 106.445892334, 109.779312134, 113.112724304, 116.446144104, 119.779556274, 89.8497467041, 86.9516372681, 4.93040895462,             0,             0,             0,             0,             0,             0,             0,             0,             0,             0, 4.33328151703, 4.94103717804, 4.24368858337, 5.00084257126, 3.17267870903, 2.92266845703, 1.50434267521, 1.25318872929, 2.33860301971, 3.49669027328, 3.43549656868, 3.49956178665, 3.50294280052, 3.51010727882, 3.51816678047, 3.52423262596, 3.52541685104, 3.51883101463, 3.50158619881, 3.17224144936, 2.92190003395, 3.49669027328, 3.43549656868, 3.49956178665, 3.50294280052, 3.51010727882, 3.51816678047, 3.52423262596, 3.52541685104, 3.51883101463, 3.50158619881, 1.50307500362, 1.25321912766,             0,             0,             0,             0, -0.00111362093594,             0,             0,             0,             0,             0,             0,             0,             0,             0,             0, 0.316682934761, 0.323250710964,             0,             0,             0,             0,             0,             0,             0,             0,             0,             0, 0.319788962603, 0.325565814972
        2.725, 0.730626404285, 0.558823764324, 0.815930902958, 0.495573222637, -5.19357776642, 2534.14672852, -0.18809004128,             0, 234.986404419, -21.356584549, 263.421630859, -13.9232139587, -940.026733398, -469.838378906, -868.842590332, -315.738769531, 4706.15185547, 2938.42700195, 3750.85888672, 2205.57299805,             0,             0,             0,             0,             0,             0,             0,             0,             0,             0,             0,             0,             0,             0,             0,             0,             0,             0,             0,             0, 3.43390679359, 2.41382646561, -0.0437558218837,             0,             0,             0,             0,             0,             0,             0,             0,             0,             0,             0,             0,             0,             0, 0.0611924417317,             0,             0,             0,             0,             0,             0,             0,             0,             0,             0,             0,             0,             0,             0, 0.0611924603581, -0.00930732581764, 0.0638596266508, 0.134589523077, -0.0835686475039,  44.507522583,  44.366569519, 44.5485610962, 44.4355583191,  90.609085083, -0.638067066669, -0.724734485149, -16.4374256134,             0,             0,             0,             0,             0,             0,             0,             0,             0,             0, 93.9258575439, 123.926292419, 97.2592391968,  100.59262085, 103.926002502, 107.259384155, 110.592765808, 113.926147461, 117.259529114, 120.592910767,             1,             1,             1,             1,             1,             1,             1,             1,             1,             1, 120.001686096,           120, 0.543678104877,             0, 13.8252267838, 1.54921627045, 90.5395507812, 87.6389465332, 90.6780090332, 87.7794418335,  90.609085083, 93.9424667358, 123.942886353, 97.2758483887, 100.609222412, 103.942604065, 107.275985718, 110.609367371, 113.942749023, 117.276123047,   120.6095047, 90.5395431519, 87.6389770508, 93.9424667358, 123.942886353, 97.2758483887, 100.609222412, 103.942604065, 107.275985718, 110.609367371, 113.942749023, 117.276123047,   120.6095047,  90.678062439, 87.7794036865, 4.80368757248,             0,             0,             0,             0,             0,             0,             0,             0,             0,             0, 4.16561365128,  4.7972035408, 4.07905435562, 4.86023569107, 3.24456596375, 3.00106787682, 1.57588148117, 1.33122730255, 2.41023087502, 3.50016784668, 3.38896083832,  3.4998922348, 3.50448584557, 3.51214313507, 3.51997613907, 3.52509641647, 3.52461600304, 3.51564621925,   3.495033741, 3.24461722374, 3.00070929527, 3.50016784668, 3.38896083832,  3.4998922348, 3.50448584557, 3.51214313507, 3.51997613907, 3.52509641647, 3.52461600304, 3.51564621925,   3.495033741, 1.57513177395, 1.33170068264,             0,             0,             0,             0, -0.00125337892678,             0,             0,             0,             0,             0,             0,             0,             0,             0,             0, 0.316439718008, 0.323035508394,             0,             0,             0,             0,             0,             0,             0,             0,             0,             0, 0.32000336051, 0.325769901276
         2.75, 0.812758266926, 0.637662172318, 0.896519184113, 0.572736263275, -5.42544317245, 2535.10546875,  -0.210724473,             0, 235.485778809, -21.627199173, 265.176177979, -13.6735906601, -1062.31982422, -547.298217773, -940.131347656, -357.695526123, 4767.29541016, 2992.65112305, 3697.16186523, 2153.64160156,             0,             0,             0,             0,             0,             0,             0,             0,             0,             0,             0,             0,             0,             0,             0,             0,             0,             0,             0,             0, 3.46657919884, 2.48388838768, -0.0434613414109,             0,             0,             0,             0,             0,             0,             0,             0,             0,             0,             0,             0,             0,             0, -0.0476941168308,             0,             0,             0,             0,             0,             0,             0,             0,             0,             0,             0,             0,             0,             0, -0.047694131732, -0.0967058688402, -0.00778061337769, 0.0433113649487, -0.159782484174, 44.9174003601,   44.77551651,  44.956817627, 44.8425750732, 91.4394454956, -0.677912116051, -0.762354910374, -17.1866359711,             0,             0,             0,             0,             0,             0,             0,             0,             0,             0, 94.7561721802,  124.75617218, 98.0895004272, 101.422836304,  104.75617218, 108.089508057, 111.422836304,  114.75617218, 118.089508057, 121.422836304,             1,             1,             1,             1,             1,             1,             1,             1,             1,             1, 119.999954224,           120, 0.545031607151,             0, 13.8248319626, 1.54920887947,  91.371887207, 88.4707183838, 91.5063705444, 88.6072463989, 91.4394454956, 94.7727737427, 124.772766113, 98.1061096191, 101.439445496, 104.772773743, 108.106109619, 111.439437866, 114.772773743,  118.10610199, 121.439437866, 91.3718490601, 88.4707183838, 94.7727737427, 124.772766113, 98.1061096191, 101.439445496, 104.772773743, 108.106109619, 111.439437866, 114.772773743,  118.10610199, 121.439437866, 91.5063858032,  88.607170105, 4.67090654373,             0,             0,             0,             0,             0,             0,             0,             0,             0,             0, 3.99291992188, 4.64779138565, 3.90858483315,  4.7135052681,  3.3152077198, 3.07852888107, 1.64617466927, 1.40832924843,  2.4806137085, 3.50018763542,  3.3222990036, 3.50059223175, 3.50621891022, 3.51418995857, 3.52161741257, 3.52561306953, 3.52328872681, 3.51175618172, 3.48463726044, 3.31574010849, 3.07857251167, 3.50018763542,  3.3222990036, 3.50059223175, 3.50621891022, 3.51418995857, 3.52161741257, 3.52561306953, 3.52328872681, 3.51175618172, 3.48463726044, 1.64593315125, 1.40923523903,             0,             0,             0,             0, -0.00138801441062,             0,             0,             0,             0,             0,             0,             0,             0,             0,             0, 0.316211134195, 0.322833389044,             0,             0,             0,             0,             0,             0,             0,             0,             0,             0, 0.320204526186, 0.325962752104
        2.775, 0.892167806625, 0.711387515068, 0.975287675858, 0.645539402962, -5.63714265823, 2536.33642578, -0.232036858797,             0, 236.548187256, -21.9063529968, 267.420532227, -13.4509019852, -1180.8861084, -621.932495117, -1004.19903564, -395.135955811, 4823.93212891, 3043.23022461, 3646.64746094, 2104.80297852,             0,             0,             0,             0,             0,             0,             0,             0,             0,             0,             0,             0,             0,             0,             0,             0,             0,             0,             0,             0, 3.48644447327, 2.55255937576, -0.0428754501045,             0,             0,             0,             0,             0,             0,             0,             0,             0,             0,             0,             0,             0,             0, -0.154056802392,             0,             0,             0,             0,             0,             0,             0,             0,             0,             0,             0,             0,             0,             0, -0.154056847095, -0.182285174727, -0.0778702870011, -0.0453617759049, -0.233508437872, 45.3272972107, 45.1844940186, 45.3650474548, 45.2495422363, 92.2699050903, -0.717711269855, -0.800805449486, -17.9310054779,             0,             0,             0,             0,             0,             0,             0,             0,             0,             0, 95.5865707397, 125.586044312, 98.9198455811, 102.253120422, 105.586395264, 108.919670105, 112.252944946, 115.586219788, 118.919494629,  122.25276947,             1,             1,             1,             1,             1,             1,             1,             1,             1,             1, 119.997840881,           120, 0.546954572201,             0, 13.8243169785, 1.54919922352, 92.2044143677, 89.3026733398, 92.3347473145, 89.4350662231, 92.2699050903, 95.6031799316, 125.602645874, 98.9364471436, 102.269721985, 105.602996826, 108.936271667, 112.269546509,  115.60282135, 118.936096191, 122.269371033, 92.2043457031, 89.3026351929, 95.6031799316, 125.602645874, 98.9364471436, 102.269721985, 105.602996826, 108.936271667, 112.269546509,  115.60282135, 118.936096191, 122.269371033, 92.3347320557, 89.4349594116, 4.53258419037,             0,             0,             0,             0,             0,             0,             0,             0,             0,             0, 3.81473278999, 4.49345684052, 3.73174571991, 4.56112527847, 3.38447952271, 3.15489935875, 1.71510064602, 1.48434615135, 2.54962944984, 3.49964952469, 3.23183560371,  3.5016169548,  3.5080974102, 3.51620316505, 3.52304577827, 3.52573752403, 3.52139019966, 3.50711584091, 3.46635127068, 3.38548278809, 3.15533661842, 3.49964952469, 3.23183560371,  3.5016169548,  3.5080974102, 3.51620316505, 3.52304577827, 3.52573752403, 3.52139019966, 3.50711584091, 3.46635127068, 1.71535372734, 1.48567116261,             0,             0,             0,             0, -0.00151197565719,             0,             0,             0,             0,             0,             0,             0,             0,             0,             0, 0.315998643637, 0.322644352913,             0,             0,             0,             0,             0,             0,             0,             0,             0,             0, 0.320392996073, 0.326143562794
          2.8, 0.970108091831, 0.780045866966, 1.05347263813, 0.713905394077, -5.83079147339, 2537.81420898, -0.251979887486,             0,  238.11114502, -22.188495636, 269.144287109, -13.2493019104, -1290.23510742, -693.271850586, -1065.95056152, -428.458526611, 4875.72900391,  3090.0300293, 3599.07568359, 2059.11889648,             0,             0,             0,             0,             0,             0,             0,             0,             0,             0,             0,             0,             0,             0,             0,             0,             0,             0,             0,             0, 3.49660110474,  2.6197412014, -0.0420559905469,             0,             0,             0,             0,             0,             0,             0,             0,             0,             0,             0,             0,             0,             0, -0.257301568985,             0,             0,             0,             0,             0,             0,             0,             0,             0,             0,             0,             0,             0,             0, -0.25730162859, -0.265522092581, -0.146082505584, -0.13083460927, -0.304339110851, 45.7372093201, 45.5934944153, 45.7732543945, 45.6564674377, 93.1004638672, -0.758768320084, -0.841397762299, -18.6867980957,             0,             0,             0,             0,             0,             0,             0,             0,             0,             0, 96.4170608521, 126.415931702, 99.7502670288, 103.083473206, 106.416679382, 109.749893188, 113.083099365, 116.416305542, 119.749511719, 123.082717896,             1,             1,             1,             1,             1,             1,             1,             1,             1,             1, 119.995391846,           120, 0.549390017986,             0, 13.8236932755, 1.54918766022,  93.037109375,  90.134803772, 93.1631546021, 90.2629165649, 93.1004638672, 96.4336700439, 126.432525635, 99.7668762207, 103.100082397, 106.433288574, 109.766494751, 113.099700928, 116.432907104, 119.766113281, 123.099319458, 93.0370178223, 90.1347427368, 96.4336700439, 126.432525635, 99.7668762207, 103.100082397, 106.433288574, 109.766494751, 113.099700928, 116.432907104, 119.766113281, 123.099319458, 93.1631088257, 90.2627792358, 4.38919687271,             0,             0,             0,             0,             0,             0,             0,             0,             0,             0,    3.63022542, 4.33477020264, 3.54770278931, 4.40375995636, 3.45226430893, 3.23003697395, 1.78254425526, 1.55913794041, 2.61716198921,  3.4995598793, 3.11749720573, 3.50292181969, 3.51007723808, 3.51813817024, 3.52421689034, 3.52542543411, 3.51887631416,  3.5016810894, 3.43611645699, 3.45372486115, 3.23085689545,  3.4995598793, 3.11749720573, 3.50292181969, 3.51007723808, 3.51813817024, 3.52421689034, 3.52542543411, 3.51887631416,  3.5016810894, 3.43611645699, 1.78327488899, 1.56086611748,             0, -5.55111512313e-17,             0,             0, -0.00162062549498,             0,             0,             0,             0,             0,             0,             0,             0,             0,             0, 0.315803587437, 0.322468996048,             0,             0,             0,             0,             0,             0,             0,             0,             0,             0, 0.320569783449, 0.326312124729
        2.825, 1.04542005062, 0.843819499016, 1.12990868092, 0.778114795685, -6.01194620132, 2539.55688477, -0.271061003208,             0, 240.222305298, -22.4953041077,  271.60055542, -13.0371141434, -1397.45849609,    -761.03125, -1125.19213867, -458.062316895, 4922.85595703, 3133.10620117, 3554.10888672, 2016.39746094,             0,             0,             0,             0,             0,             0,             0,             0,             0,             0,             0,             0,             0,             0,             0,             0,             0,             0,             0,             0, 3.50015068054, 2.68533658981, -0.0410515479743,             0,             0,             0,             0,             0,             0,             0,             0,             0,             0,             0,             0,             0,             0, -0.357018858194,             0,             0,             0,             0,             0,             0,             0,             0,             0,             0,             0,             0,             0,             0, -0.357018947601, -0.346148312092, -0.212208688259, -0.212807163596, -0.372025698423, 46.1471405029, 46.0025215149, 46.1814613342, 46.0633468628, 93.9311294556, -0.800209879875, -0.883267343044, -19.4625968933,             0,             0,             0,             0,             0,             0,             0,             0,             0,             0, 97.2476501465, 127.245819092, 100.580780029, 103.913909912, 107.247039795, 110.580169678, 113.913299561, 117.246429443, 120.579559326, 123.912689209,             1,             1,             1,             1,             1,             1,             1,             1,             1,             1, 119.992591858,           120, 0.552237391472,             0, 13.8229455948, 1.54917359352, 93.8699874878, 90.9671173096, 93.9916000366, 91.0908126831, 93.9311294556, 97.2642593384, 127.262420654, 100.597389221, 103.930519104, 107.263648987,  110.59677887, 113.929901123, 117.263031006, 120.596160889, 123.929290771, 93.8698730469, 90.9670333862, 97.2642593384, 127.262420654, 100.597389221, 103.930519104, 107.263648987,  110.59677887, 113.929901123, 117.263031006, 120.596160889, 123.929290771, 93.9915237427, 91.0906524658, 4.24113464355,             0,             0,             0,             0,             0,             0,             0,             0,             0,             0,  3.4406619072,  4.1721868515, 3.35771131516, 4.24174594879, 3.51844835281, 3.30380868912, 1.84839451313, 1.63257336617, 2.68309926987, 3.49988508224, 2.98119306564, 3.50446224213, 3.51211333275, 3.51995038986, 3.52508592606,  3.5246322155, 3.51570177078, 3.49515891075, 3.38987445831, 3.52035188675, 3.30499911308, 3.49988508224, 2.98119306564, 3.50446224213, 3.51211333275, 3.51995038986, 3.52508592606,  3.5246322155, 3.51570177078, 3.49515891075, 3.38987445831,   1.849583745, 1.63468742371,             0,             0,             0,             0, -0.00171070394572,             0,             0,             0,             0,             0,             0,             0,             0,             0,             0, 0.315625369549, 0.32230708003,             0,             0,             0,             0,             0,             0,             0,             0,             0,             0, 0.320736199617, 0.326469242573
         2.85, 1.11889147758, 0.903089761734, 1.20536446571, 0.83838737011, -6.18653726578, 2541.57373047, -0.289166271687,             0, 241.986679077, -22.830657959,   274.8777771, -12.8170900345, -1502.30480957, -823.338989258, -1182.11230469, -484.303436279, 4966.10400391, 3172.92114258, 3511.14013672, 1976.05712891,             0,             0,             0,             0,             0,             0,             0,             0,             0,             0,             0,             0,             0,             0,             0,             0,             0,             0,             0,             0, 3.50019645691, 2.74924635887, -0.0399028807878,             0,             0,             0,             0,             0,             0,             0,             0,             0,             0,             0,             0,             0,             0, -0.453080922365,             0,             0,             0,             0,             0,             0,             0,             0,             0,             0,             0,             0,             0,             0, -0.453081011772, -0.424042016268, -0.276182472706, -0.291142702103, -0.436556130648, 46.5570907593, 46.4115638733, 46.5896873474, 46.4701843262, 94.7619094849, -0.84297400713, -0.927344560623, -20.2757987976,             0,             0,             0,             0,             0,             0,             0,             0,             0,             0,  98.078338623, 128.075744629, 101.411384583, 104.744430542, 108.077476501, 111.410522461,  114.74356842,  118.07661438, 121.409660339, 124.742706299,             1,             1,             1,             1,             1,             1,             1,             1,             1,             1, 119.989509583,           120, 0.555500328541,             0, 13.8220996857, 1.54915785789, 94.7030487061, 91.7996139526, 94.8200836182,  91.918762207, 94.7619094849, 98.0949554443, 128.092346191, 101.428001404, 104.761039734, 108.094085693, 111.427131653, 114.760169983, 118.093215942, 121.426261902, 124.759300232, 94.7029190063, 91.7995071411, 98.0949554443, 128.092346191, 101.428001404, 104.761039734, 108.094085693, 111.427131653, 114.760169983, 118.093215942, 121.426261902, 124.759300232, 94.8199920654,  91.918586731, 4.08863735199,             0,             0,             0,             0,             0,             0,             0,             0,             0,             0, 3.24534487724, 4.00591087341, 3.16108155251, 4.07542800903, 3.58291983604, 3.37608981133, 1.91254079342, 1.70452916622, 2.74733018875, 3.50058054924, 2.82484698296, 3.50619387627, 3.51416110992, 3.52159500122, 3.52560806274, 3.52331280708, 3.51182198524, 3.48485326767, 3.32356286049, 3.58525085449, 3.37763905525, 3.50058054924, 2.82484698296, 3.50619387627, 3.51416110992, 3.52159500122, 3.52560806274, 3.52331280708, 3.51182198524, 3.48485326767, 3.32356286049,  1.9141689539, 1.70701158047, 5.55111512313e-17, -5.55111512313e-17,             0,             0, -0.00178042752668,             0,             0,             0,             0,             0,             0,             0,             0,             0,             0, 0.31546112895, 0.322156995535,             0,             0,             0,             0,             0,             0,             0,             0,             0,             0, 0.320894598961, 0.326617181301
        2.875, 1.19142186642, 0.958565711975, 1.28069806099, 0.895418584347, -6.36411046982, 2543.84130859, -0.30653911829,             0, 245.029037476, -23.2130680084, 278.822570801, -12.5737533569, -1606.01330566, -879.838317871, -1237.58361816, -508.761779785, 5006.15771484, 3209.79125977, 3469.54492188, 1937.54309082,             0,             0,             0,             0,             0,             0,             0,             0,             0,             0,             0,             0,             0,             0,             0,             0,             0,             0,             0,             0, 3.49965333939, 2.81136775017, -0.0386543571949,             0,             0,             0,             0,             0,             0,             0,             0,             0,             0,             0,             0,             0,             0, -0.545555651188,             0,             0,             0,             0,             0,             0,             0,             0,             0,             0,             0,             0,             0,             0, -0.545555830002, -0.499217122793, -0.338039875031, -0.365881025791, -0.498116821051, 46.9670829773, 46.8206214905, 46.9979324341, 46.8769760132, 95.5928039551, -0.888026058674, -0.974563539028, -21.1432590485,             0,             0,             0,             0,             0,             0,             0,             0,             0,             0, 98.9091415405, 128.905731201, 102.242095947, 105.575050354, 108.908004761, 112.240959167, 115.573913574, 118.906867981, 122.239822388, 125.572776794,             1,             1,             1,             1,             1,             1,             1,             1,             1,             1, 119.986236572,           120, 0.559153556824,             0, 13.8211784363, 1.54914069176, 95.5362854004, 92.6323013306, 95.6486206055, 92.7467727661, 95.5928039551, 98.9257583618, 128.922332764, 102.258712769, 105.591667175, 108.924613953, 112.257568359, 115.590522766, 118.923477173,  122.25643158, 125.589378357, 95.5361404419, 92.6321716309, 98.9257583618, 128.922332764, 102.258712769, 105.591667175, 108.924613953, 112.257568359, 115.590522766, 118.923477173,  122.25643158, 125.589378357, 95.6485137939, 92.7465820312, 3.93175077438,             0,             0,             0,             0,             0,             0,             0,             0,             0,             0, 3.04335403442, 3.83607721329, 2.95692491531, 3.90493917465, 3.64556765556, 3.44676756859, 1.97487282753, 1.77489197254, 2.80974411964, 3.50160193443, 2.65038180351, 3.50807189941, 3.51617598534, 3.52302742004, 3.52573871613, 3.52142286301, 3.50719237328, 3.46671748161, 3.23347401619, 3.64831113815, 3.44866323471, 3.50160193443, 2.65038180351, 3.50807189941, 3.51617598534, 3.52302742004, 3.52573871613, 3.52142286301, 3.50719237328, 3.46671748161, 3.23347401619, 1.97692024708,  1.7777261734,             0,             0, 5.55111512313e-17,             0, -0.00182933104225,             0,             0,             0,             0,             0,             0,             0,             0,             0,             0, 0.315308332443, 0.322017550468,             0,             0,             0,             0,             0,             0,             0,             0,             0,             0, 0.321047395468, 0.326758027077
          2.9, 1.26487135887, 1.01122951508, 1.35777521133, 0.950232803822, -6.55231380463,   2546.296875, -0.322997540236,             0, 248.490524292, -23.6250972748, 283.223327637, -12.3073177338, -1710.51855469, -933.875427246, -1286.65209961, -528.58404541, 5043.68701172, 3244.63793945, 3428.92016602, 1900.67102051,             0,             0,             0,             0,             0,             0,             0,             0,             0,             0,             0,             0,             0,             0,             0,             0,             0,             0,             0,             0, 3.49955844879, 2.87159132957, -0.0373549945652,             0,             0,             0,             0,             0,             0,             0,             0,             0,             0,             0,             0,             0,             0, -0.634641587734,             0,             0,             0,             0,             0,             0,             0,             0,             0,             0,             0,             0,             0,             0, -0.634641706944, -0.571748375893, -0.398030817509, -0.437131524086, -0.556827425957,  47.377117157, 47.2296981812, 47.4061965942, 47.2837257385, 96.4238204956, -0.937001526356, -1.0265609026, -22.0683917999,             0,             0,             0,             0,             0,             0,             0,             0,             0,             0, 99.7400588989, 129.735794067, 103.072914124, 106.405776978, 109.738639832, 113.071495056,  116.40435791, 119.737213135, 123.070075989, 126.402938843,             1,             1,             1,             1,             1,             1,             1,             1,             1,             1, 119.982810974,           120, 0.563156604767,             0, 13.8202018738, 1.54912245274,  96.369720459, 93.4651794434, 96.4771957397, 93.5748443604, 96.4238204956, 99.7566757202,  129.75239563, 103.089530945, 106.422393799, 109.755249023, 113.088111877, 116.420967102, 119.753822327, 123.086685181, 126.419540405, 96.3695602417, 93.4650344849, 99.7566757202,  129.75239563, 103.089530945, 106.422393799, 109.755249023, 113.088111877, 116.420967102, 119.753822327, 123.086685181, 126.419540405, 96.4770812988, 93.5746383667,  3.7702999115,             0,             0,             0,             0,             0,             0,             0,             0,             0,             0, 2.83287930489,  3.6624147892, 2.74342989922, 3.73000001907, 3.70628118515, 3.51573872566, 2.03528022766,  1.8435600996, 2.87022924423, 3.50290417671,  2.4597196579, 3.51005148888, 3.51811337471, 3.52420306206, 3.52543306351, 3.51891684532, 3.50176763535, 3.43668675423, 3.11946058273, 3.70942234993, 3.51797032356, 3.50290417671,  2.4597196579, 3.51005148888, 3.51811337471, 3.52420306206, 3.52543306351, 3.51891684532, 3.50176763535, 3.43668675423, 3.11946058273, 2.03772783279, 1.84673035145,             0,             0,             0,             0, -0.00185810984112,             0,             0,             0,             0,             0,             0,             0,             0,             0,             0, 0.31516456604, 0.321885377169,             0,             0,             0,             0,             0,             0,             0,             0,             0,             0, 0.321196168661, 0.326892495155
        2.925, 1.33874356747, 1.06203317642, 1.43599510193, 1.00358688831, -6.75566244125, 2548.89501953, -0.339001864195,             0, 252.337890625, -24.0543937683, 288.121398926, -12.0340900421, -1813.59460449, -986.530578613, -1334.23474121, -546.372558594, 5079.26611328, 3278.20776367, 3389.23852539, 1865.43383789,             0,             0,             0,             0,             0,             0,             0,             0,             0,             0,             0,             0,             0,             0,             0,             0,             0,             0,             0,             0,  3.4998793602, 2.92980623245, -0.0360438711941,             0,             0,             0,             0,             0,             0,             0,             0,             0,             0,             0,             0,             0,             0, -0.720560491085,             0,             0,             0,             0,             0,             0,             0,             0,             0,             0,             0,             0,             0,             0, -0.720560669899, -0.641842007637, -0.456317156553, -0.505166292191, -0.612992584705,  47.787197113, 47.6387939453, 47.8144836426, 47.6904258728, 97.2549514771, -0.988948464394, -1.08227860928, -23.0498313904,             0,             0,             0,             0,             0,             0,             0,             0,             0,             0, 100.571090698, 130.565948486,  103.90385437, 107.236610413, 110.569374084, 113.902137756, 117.234901428,   120.5676651, 123.900421143, 127.233184814,             1,             1,             1,             1,             1,             1,             1,             1,             1,             1, 119.979278564,           120, 0.567437708378,             0, 13.8191814423, 1.54910337925, 97.2033462524, 94.2982559204, 97.3058166504, 94.4029846191, 97.2549514771, 100.587715149, 130.582550049, 103.920471191, 107.253234863, 110.585990906, 113.918754578,  117.25151062, 120.584274292, 123.917030334, 127.249794006, 97.2031784058, 94.2980957031, 100.587715149, 130.582550049, 103.920471191, 107.253234863, 110.585990906, 113.918754578,  117.25151062, 120.584274292, 123.917030334, 127.249794006, 97.3056945801, 94.4027633667, 3.60395693779,             0,             0,             0,             0,             0,             0,             0,             0,             0,             0, 2.61454343796, 3.48448419571, 2.52132582664, 3.55034446716, 3.76495027542, 3.58291053772, 2.09365344048, 1.91044056416, 2.92867660522, 3.50444316864, 2.25493717194, 3.51208853722, 3.51992845535, 3.52507662773,  3.5246462822, 3.51575064659, 3.49526929855, 3.39069342613, 2.98342204094, 3.76847577095, 3.58546829224, 3.50444316864, 2.25493717194, 3.51208853722, 3.51992845535, 3.52507662773,  3.5246462822, 3.51575064659, 3.49526929855, 3.39069342613, 2.98342204094, 2.09648394585, 1.91393268108,             0,             0,             0, -5.55111512313e-17, -0.00186852517072,             0,             0,             0,             0,             0,             0,             0,             0,             0,             0, 0.315027743578, 0.321757674217,             0,             0,             0,             0,             0,             0,             0,             0,             0,             0, 0.321341097355, 0.327020704746
         2.95, 1.41497278214, 1.11156463623, 1.51718723774, 1.05611586571, -6.97495365143, 2551.60961914, -0.354648053646,             0, 256.553985596, -24.4206562042, 293.383544922, -11.7102098465, -1912.23828125, -1038.50854492, -1383.23425293, -562.833740234, 5113.26611328,  3310.9465332, 3350.27685547,  1831.4017334,             0,             0,             0,             0,             0,             0,             0,             0,             0,             0,             0,             0,             0,             0,             0,             0,             0,             0,             0,             0, 3.50057148933, 2.98590278625, -0.0347325354815,             0,             0,             0,             0,             0,             0,             0,             0,             0,             0,             0,             0,             0,             0, -0.803601324558,             0,             0,             0,             0,             0,             0,             0,             0,             0,             0,             0,             0,             0,             0, -0.803601503372, -0.70962703228, -0.513068974018, -0.570198178291, -0.666931390762, 48.1973266602,  48.047908783, 48.2227859497, 48.0970726013, 98.0862045288, -1.04531478882, -1.14307498932, -24.0976409912,             0,             0,             0,             0,             0,             0,             0,             0,             0,             0, 101.402244568, 131.396194458, 104.734901428, 108.067565918, 111.400222778, 114.732887268, 118.065551758, 121.398208618, 124.730873108, 128.063537598,             1,             1,             1,             1,             1,             1,             1,             1,             1,             1, 119.975639343,           120, 0.571944415569,             0, 13.8181247711, 1.54908359051, 98.0371704102, 95.1315383911,  98.134475708, 95.2311706543, 98.0862045288, 101.418869019, 131.412796021, 104.751525879, 108.084182739, 111.416847229, 114.749504089,  118.08216095, 121.414825439,   124.7474823,  128.08013916, 98.0370101929, 95.1313705444, 101.418869019, 131.412796021, 104.751525879, 108.084182739, 111.416847229, 114.749504089,  118.08216095, 121.414825439,   124.7474823,  128.08013916, 98.1343460083, 95.2309494019, 3.43232727051,             0,             0,             0,             0,             0,             0,             0,             0,             0,             0,  2.3865032196, 3.30193686485, 2.28885912895, 3.36558556557, 3.82146811485, 3.64819550514, 2.14988493919, 1.97544527054, 2.98497772217, 3.50617384911, 2.03967285156,  3.5141377449, 3.52157664299, 3.52560400963, 3.52333331108, 3.51187849045, 3.48503923416, 3.32466697693, 2.82728242874, 3.82536506653, 3.65107083321, 3.50617384911, 2.03967285156,  3.5141377449, 3.52157664299, 3.52560400963, 3.52333331108, 3.51187849045, 3.48503923416, 3.32466697693, 2.82728242874, 2.15308189392, 1.97924685478,             0,             0,             0,             0, -0.00186328869313,             0,             0,             0,             0,             0,             0,             0,             0,             0,             0, 0.31489649415, 0.321632832289,             0,             0,             0,             0,             0,             0,             0,             0,             0,             0, 0.321483045816, 0.327144235373
        2.975, 1.49263048172, 1.16053462029, 1.60043656826, 1.10836791992, -7.21319961548,  2554.4284668, -0.370442718267,             0, 261.095336914, -24.8763008118, 299.044769287, -11.4239587784, -2013.48254395, -1090.47546387, -1432.6463623, -578.294250488, 5146.48535156, 3343.23681641, 3311.77368164, 1798.01635742,             0,             0,             0,             0,             0,             0,             0,             0,             0,             0,             0,             0,             0,             0,             0,             0,             0,             0,             0,             0, 3.50159025192, 3.03977179527, -0.0334054678679,             0,             0,             0,             0,             0,             0,             0,             0,             0,             0,             0,             0,             0,             0, -0.884124577045,             0,             0,             0,             0,             0,             0,             0,             0,             0,             0,             0,             0,             0,             0, -0.884124755859, -0.775439620018, -0.568507611752, -0.632654726505, -0.718989849091, 48.6075057983, 48.4570426941, 48.6311035156, 48.5036659241, 98.9175872803, -1.10484135151, -1.20767712593, -25.222700119,             0,             0,             0,             0,             0,             0,             0,             0,             0,             0, 102.233512878, 132.226531982, 105.566070557, 108.898628235, 112.231185913, 115.563743591,  118.89630127, 122.228858948, 125.561424255, 128.893981934,             1,             1,             1,             1,             1,             1,             1,             1,             1,             1, 119.971908569,           120, 0.576644480228,             0, 13.8170337677, 1.54906320572, 98.8712158203, 95.9650421143, 98.9631729126, 96.0594177246, 98.9175872803, 102.250137329, 132.243148804, 105.582695007, 108.915252686, 112.247810364, 115.580368042, 118.912918091, 122.245475769, 125.578033447, 128.910583496,  98.871055603, 95.9648666382, 102.250137329, 132.243148804, 105.582695007, 108.915252686, 112.247810364, 115.580368042, 118.912918091, 122.245475769, 125.578033447, 128.910583496, 98.9630432129, 96.0591888428, 3.25497937202,             0,             0,             0,             0,             0,             0,             0,             0,             0,             0, 2.14958643913, 3.11415362358, 2.04687094688, 3.17528533936, 3.87572622299,  3.7115085125, 2.20386743546, 2.03848910332, 3.03902554512, 3.50805187225, 1.81848585606, 3.51615476608, 3.52301263809,  3.5257396698, 3.52144956589, 3.50725603104, 3.46702504158, 3.23487114906, 2.65296792984, 3.87998366356, 3.71469402313, 3.50805187225, 1.81848585606, 3.51615476608, 3.52301263809,  3.5257396698, 3.52144956589, 3.50725603104, 3.46702504158, 3.23487114906, 2.65296792984, 2.20741653442, 2.04258966446,             0,             0,             0, 5.55111512313e-17, -0.00184576294851,             0,             0,             0,             0,             0,             0,             0,             0,             0,             0, 0.314767867327, 0.321509420872,             0,             0,             0,             0,             0,             0,             0,             0,             0,             0, 0.321623027325, 0.327265202999
            3, 1.57132863998, 1.20944797993, 1.68528294563, 1.16093242168, -7.47501087189, 2557.35620117, -0.386738181114,             0, 265.890991211, -25.3711013794, 305.017791748, -11.1120939255, -2117.59082031, -1143.09240723, -1486.32592773, -592.856201172, 5180.10205078, 3375.80371094, 3273.04760742, 1764.40869141,             0,             0,             0,             0,             0,             0,             0,             0,             0,             0,             0,             0,             0,             0,             0,             0,             0,             0,             0,             0, 3.50289130211,  3.0913002491, -0.0320315808058,             0,             0,             0,             0,             0,             0,             0,             0,             0,             0,             0,             0,             0,             0, -0.962668776512,             0,             0,             0,             0,             0,             0,             0,             0,             0,             0,             0,             0,             0,             0, -0.962668895721, -0.839743375778, -0.623006939888, -0.693089544773, -0.769636452198, 49.0177383423, 48.8662033081,  49.039440155,  48.910194397, 99.7490844727, -1.16705405712, -1.27554774284, -26.4160804749,             0,             0,             0,             0,             0,             0,             0,             0,             0,             0, 103.064903259,  133.05696106, 106.397354126, 109.729804993, 113.062255859, 116.394706726, 119.727165222, 123.059616089, 126.392066956, 129.724517822,             1,             1,             1,             1,             1,             1,             1,             1,             1,             1, 119.968048096,           120, 0.581527650356,             0, 13.8159036636, 1.54904210567, 99.7054748535, 96.7987747192,  99.791885376, 96.8877105713, 99.7490844727, 103.081535339, 133.073577881, 106.413986206, 109.746429443,  113.07888031, 116.411331177, 119.743782043,  123.07623291, 126.408676147, 129.741134644, 99.7053146362, 96.7985916138, 103.081535339, 133.073577881, 106.413986206, 109.746429443,  113.07888031, 116.411331177, 119.743782043,  123.07623291, 126.408676147, 129.741134644, 99.7917633057, 96.8874816895, 3.07138752937,             0,             0,             0,             0,             0,             0,             0,             0,             0,             0, 1.90374112129,  2.9206430912, 1.79537272453, 2.97888994217, 3.92761325836, 3.77276539803, 2.25548934937, 2.09948730469, 3.09070801735, 3.51003217697, 1.59595179558, 3.51809430122,  3.5241920948, 3.52543902397, 3.51894974709, 3.50183820724, 3.43715548515, 3.12109875679, 2.46240830421, 3.93222236633,  3.7762556076, 3.51003217697, 1.59595179558, 3.51809430122,  3.5241920948, 3.52543902397, 3.51894974709, 3.50183820724, 3.43715548515, 3.12109875679, 2.46240830421, 2.25937986374, 2.10387945175,             0,             0, 5.55111512313e-17, -5.55111512313e-17, -0.00181959709153,             0,             0,             0,             0,             0,             0,             0,             0,             0,             0, 0.314637452364, 0.321384727955,             0,             0,             0,             0,             0,             0,             0,             0,             0,             0, 0.321763604879, 0.327386856079
        3.025, 1.65277266502, 1.25911319256, 1.77345573902, 1.21448016167, -7.7627248764, 2560.41210938, -0.402866452932,             0, 271.004638672, -25.8723258972, 311.400909424, -10.7936468124, -2225.56274414, -1197.33874512, -1532.98242188, -606.56060791, 5215.10791016, 3409.48681641, 3233.29541016, 1729.70690918,             0,             0,             0,             0,             0,             0,             0,             0,             0,             0,             0,             0,             0,             0,             0,             0,             0,             0,             0,             0, 3.50442934036, 3.14036822319, -0.0305780302733,             0,             0,             0,             0,             0,             0,             0,             0,             0,             0,             0,             0,             0,             0, -1.03990221024,             0,             0,             0,             0,             0,             0,             0,             0,             0,             0,             0,             0,             0,             0, -1.03990232944, -0.903026759624, -0.677040874958, -0.752063274384, -0.819416880608,  49.428024292, 49.2753944397, 49.4477958679, 49.3166618347, 100.580703735, -1.23319029808, -1.34792470932, -27.6598758698,             0,             0,             0,             0,             0,             0,             0,             0,             0,             0, 103.896408081, 133.887481689, 107.228752136, 110.561096191, 113.893432617, 117.225776672, 120.558113098, 123.890457153, 127.222793579, 130.555145264,             1,             1,             1,             1,             1,             1,             1,             1,             1,             1, 119.964035034,           120, 0.586603105068,             0, 13.8147296906, 1.54902017117, 100.539955139, 97.6327362061, 100.620620728, 97.7160339355, 100.580703735, 103.913040161, 133.904083252, 107.245384216, 110.577720642, 113.910057068, 117.242393494, 120.574737549, 123.907073975,   127.2394104, 130.571746826, 100.539810181, 97.6325531006, 103.913040161, 133.904083252, 107.245384216, 110.577720642, 113.910057068, 117.242393494, 120.574737549, 123.907073975,   127.2394104, 130.571746826, 100.620506287, 97.7158126831, 2.88090872765,             0,             0,             0,             0,             0,             0,             0,             0,             0,             0, 1.64708638191, 2.72060990334, 1.53248310089, 2.77576065063, 3.97701144218, 3.83188128471, 2.30463457108, 2.15835642815,  3.1399075985, 3.51207017899, 1.37664997578, 3.51991200447, 3.52506971359, 3.52465724945, 3.51578903198, 3.49535751343, 3.39135551453, 2.98525071144, 2.25767850876, 3.98196649551, 3.83567333221, 3.51207017899, 1.37664997578, 3.51991200447, 3.52506971359, 3.52465724945, 3.51578903198, 3.49535751343, 3.39135551453, 2.98525071144, 2.25767850876, 2.30885863304, 2.16303515434,             0, 5.55111512313e-17,             0, 5.55111512313e-17, -0.00178834039252,             0,             0,             0,             0,             0,             0,             0,             0,             0,             0, 0.314501583576, 0.321255594492,             0,             0,             0,             0,             0,             0,             0,             0,             0,             0, 0.32190772891, 0.327512383461
         3.05,  1.7364910841, 1.31027340889, 1.86443066597,  1.2697892189, -8.07196331024, 2563.61425781, -0.419162034988,             0, 276.448608398, -26.3746089935, 318.205383301, -10.4831867218, -2338.76953125, -1253.98571777, -1574.76940918, -619.746459961, 5251.64794922, 3444.39428711, 3192.86010742,  1693.9864502,             0,             0,             0,             0,             0,             0,             0,             0,             0,             0,             0,             0,             0,             0,             0,             0,             0,             0,             0,             0, 3.50616002083, 3.18686008453, -0.029021942988,             0,             0,             0,             0,             0,             0,             0,             0,             0,             0,             0,             0,             0,             0, -1.11627817154,             0,             0,             0,             0,             0,             0,             0,             0,             0,             0,             0,             0,             0,             0, -1.11627840996, -0.965702235699, -0.730868339539, -0.810051262379, -0.868663787842, 49.8383712769, 49.6846122742, 49.8561668396, 49.7230529785, 101.412445068, -1.30181109905, -1.42331016064, -28.9509487152,             0,             0,             0,             0,             0,             0,             0,             0,             0,             0, 104.728034973, 134.718063354, 108.060256958, 111.392486572, 114.724708557, 118.056938171, 121.389160156, 124.721382141, 128.053604126,  131.38583374,             1,             1,             1,             1,             1,             1,             1,             1,             1,             1, 119.959861755,           120, 0.591889619827,             0, 13.8135099411, 1.54899740219, 101.374671936, 98.4669418335, 101.449356079, 98.5443878174, 101.412445068, 104.744667053, 134.734680176, 108.076889038, 111.409111023, 114.741333008, 118.073554993, 121.405784607, 124.738006592, 128.070220947, 131.402450562, 101.374542236, 98.4667663574, 104.744667053, 134.734680176, 108.076889038, 111.409111023, 114.741333008, 118.073554993, 121.405784607, 124.738006592, 128.070220947, 131.402450562, 101.449256897, 98.5441665649, 2.68295431137,             0,             0,             0,             0,             0,             0,             0,             0,             0,             0,  1.3804731369, 2.51331782341, 1.25911128521, 2.56513667107, 4.02380609512, 3.88877224922, 2.35118889809, 2.21501255035, 3.18650984764, 3.51412081718, 1.16516184807, 3.52156305313, 3.52560067177, 3.52334904671, 3.51192235947, 3.48518490791, 3.32554864883, 2.82925724983, 2.04240202904, 4.02910327911, 3.89286494255, 3.51412081718, 1.16516184807, 3.52156305313, 3.52560067177, 3.52334904671, 3.51192235947, 3.48518490791, 3.32554864883, 2.82925724983, 2.04240202904, 2.35574150085, 2.21997523308, 5.55111512313e-17, 5.55111512313e-17,             0,             0, -0.00175509334076,             0,             0,             0,             0,             0,             0,             0,             0,             0,             0, 0.314359635115, 0.321121662855,             0,             0,             0,             0,             0,             0,             0,             0,             0,             0, 0.32205414772, 0.327641487122
        3.075, 1.82537388802, 1.36358749866, 1.96102237701, 1.32753968239, -8.40324306488, 2566.97998047, -0.434894025326,             0, 282.236328125, -26.8721103668, 325.401824951, -10.1545057297, -2447.30175781, -1308.43151855, -1616.85925293, -631.603637695, 5289.12402344, 3480.00097656, 3152.17114258, 1657.82141113,             0,             0,             0,             0,             0,             0,             0,             0,             0,             0,             0,             0,             0,             0,             0,             0,             0,             0,             0,             0, 3.50803828239, 3.23066234589, -0.0273511428386,             0,             0,             0,             0,             0,             0,             0,             0,             0,             0,             0,             0,             0,             0, -1.19203221798,             0,             0,             0,             0,             0,             0,             0,             0,             0,             0,             0,             0,             0,             0, -1.19203233719, -1.02780508995, -0.784396588802, -0.867134809494, -0.91749471426, 50.2487792969, 50.0938682556, 50.2645530701, 50.1293678284, 102.244293213, -1.37513160706, -1.50383472443, -30.2828273773,             0,             0,             0,             0,             0,             0,             0,             0,             0,             0, 105.559761047, 135.548706055, 108.891868591, 112.223976135,  115.55607605, 118.888183594, 122.220291138, 125.552391052, 128.884490967, 132.216598511,             1,             1,             1,             1,             1,             1,             1,             1,             1,             1, 119.955497742,           120, 0.597410202026,             0, 13.8122434616, 1.54897367954, 102.209625244, 99.3014068604, 102.278083801, 99.3727645874, 102.244293213, 105.576400757, 135.565322876, 108.908500671, 112.240600586,  115.57270813, 118.904808044, 122.236907959, 125.569015503, 128.901123047, 132.233215332, 102.209518433, 99.3012313843, 105.576400757, 135.565322876, 108.908500671, 112.240600586,  115.57270813, 118.904808044, 122.236907959, 125.569015503, 128.901123047, 132.233215332, 102.277999878, 99.3725509644, 2.47698760033,             0,             0,             0,             0,             0,             0,             0,             0,             0,             0, 1.10114920139, 2.29826784134, 0.972590327263, 2.34649586678,  4.0678858757, 3.94335532188, 2.39504265785,  2.2693734169, 3.23040294647, 3.51613950729, 0.965923011303, 3.52300190926, 3.52574038506, 3.52146959305, 3.50730490685, 3.46726441383, 3.23597812653,  2.6550514698, 1.82114708424, 4.07352161407, 3.94774627686, 3.51613950729, 0.965923011303, 3.52300190926, 3.52574038506, 3.52146959305, 3.50730490685, 3.46726441383, 3.23597812653,  2.6550514698, 1.82114708424, 2.39991855621,  2.2746181488, 5.55111512313e-17, 5.55111512313e-17, 5.55111512313e-17,             0, -0.00172238901723,             0,             0,             0,             0,             0,             0,             0,             0,             0,             0, 0.314213901758, 0.320984840393,             0,             0,             0,             0,             0,             0,             0,             0,             0,             0, 0.322201251984, 0.327772080898
          3.1, 1.91671276093, 1.42010867596,  2.0604622364,  1.3886911869, -8.75861644745, 2570.53051758, -0.4508921206,             0, 288.367675781, -27.3622646332, 332.002593994, -9.80056095123, -2557.62255859, -1365.97998047, -1658.89050293, -642.263793945, 5326.58154297,     3515.5625, 3111.91259766, 1622.18127441,             0,             0,             0,             0,             0,             0,             0,             0,             0,             0,             0,             0,             0,             0,             0,             0,             0,             0,             0,             0, 3.51001930237,  3.2716653347, -0.0255583096296,             0,             0,             0,             0,             0,             0,             0,             0,             0,             0,             0,             0,             0,             0, -1.26714146137,             0,             0,             0,             0,             0,             0,             0,             0,             0,             0,             0,             0,             0,             0, -1.26714158058, -1.08941709995, -0.837640345097, -0.923488080502, -0.965845346451, 50.6592521667, 50.5031585693,  50.672958374, 50.5356063843, 103.076255798, -1.44974422455, -1.58603155613, -31.6343688965,             0,             0,             0,             0,             0,             0,             0,             0,             0,             0, 106.391593933, 136.379394531, 109.723571777, 113.055549622, 116.387527466,  119.71950531, 123.051483154, 126.383460999, 129.715438843, 133.047424316,             1,             1,             1,             1,             1,             1,             1,             1,             1,             1, 119.950889587,           120, 0.603183209896,             0, 13.8109226227, 1.54894900322, 103.044815063, 100.136123657, 103.106796265, 100.201141357, 103.076255798, 106.408233643, 136.396011353, 109.740211487, 113.072181702, 116.404159546,  119.73613739, 123.068107605, 126.400085449, 129.732055664, 133.064041138,  103.04473114, 100.135955811, 106.408233643, 136.396011353, 109.740211487, 113.072181702, 116.404159546,  119.73613739, 123.068107605, 126.400085449, 129.732055664, 133.064041138, 103.106735229, 100.200935364, 2.26242589951,             0,             0,             0,             0,             0,             0,             0,             0,             0,             0, 0.811940133572, 2.07471632957, 0.675804316998, 2.11923456192, 4.10914087296, 3.99555015564, 2.43608760834, 2.32136154175, 3.27147936821, 3.51808142662, 0.781728982925, 3.52418422699, 3.52544331551, 3.51897406578, 3.50189161301, 3.43751788139, 3.12239217758, 2.46456956863,  1.5984992981, 4.11511230469, 4.00023794174, 3.51808142662, 0.781728982925, 3.52418422699, 3.52544331551, 3.51897406578, 3.50189161301, 3.43751788139, 3.12239217758, 2.46456956863,  1.5984992981, 2.44128346443, 2.32688570023,             0,             0,             0,             0, -0.00169224606361,             0,             0,             0,             0,             0,             0,             0,             0,             0,             0, 0.314067900181, 0.320847928524,             0,             0,             0,             0,             0,             0,             0,             0,             0,             0, 0.322346508503, 0.327900499105
        3.125, 2.00944399834, 1.47983050346, 2.16167640686,  1.4533393383, -9.13516139984, 2574.33276367, -0.467151284218,             0, 295.054016113, -27.8350753784, 339.373687744, -9.46257305145, -2670.61376953, -1427.20788574, -1697.67919922, -653.345458984, 5363.98388672, 3551.31518555, 3072.38452148, 1587.05249023,             0,             0,             0,             0,             0,             0,             0,             0,             0,             0,             0,             0,             0,             0,             0,             0,             0,             0,             0,             0, 3.51205849648, 3.30975794792, -0.0236280988902,             0,             0,             0,             0,             0,             0,             0,             0,             0,             0,             0,             0,             0,             0, -1.34162867069,             0,             0,             0,             0,             0,             0,             0,             0,             0,             0,             0,             0,             0,             0, -1.3416287899, -1.15060758591, -0.890637278557, -0.979227244854, -1.01379883289, 51.0697898865, 50.9124946594, 51.0814094543, 50.9417533875, 103.908325195, -1.52417004108, -1.66839075089, -32.9802131653,             0,             0,             0,             0,             0,             0,             0,             0,             0,             0, 107.223526001, 137.210098267, 110.555366516, 113.887207031, 117.219047546, 120.550888062, 123.882728577, 127.214569092, 130.546417236, 133.878250122,             1,             1,             1,             1,             1,             1,             1,             1,             1,             1, 119.945953369,           120, 0.609219074249,             0, 13.8095226288, 1.54892277718, 103.880241394, 100.971107483, 103.935470581, 101.029518127, 103.908325195, 107.240158081, 137.226715088, 110.571998596, 113.903839111, 117.235679626, 120.567520142, 123.899353027, 127.231193542, 130.563034058, 133.894866943, 103.880187988, 100.970947266, 107.240158081, 137.226715088, 110.571998596, 113.903839111, 117.235679626, 120.567520142, 123.899353027, 127.231193542, 130.563034058, 133.894866943, 103.935440063, 101.029327393, 2.03868889809,             0,             0,             0,             0,             0,             0,             0,             0,             0,             0, 0.513745009899, 1.84219503403, 0.369683474302, 1.88277697563, 4.14745998383, 4.04527616501, 2.47421574593, 2.37089776993, 3.30962967873, 3.51990127563, 0.614355564117,  3.5250647068, 3.52466487885, 3.51581740379, 3.49542379379, 3.39186668396, 2.98669624329, 2.25988960266, 1.37904918194, 4.15376472473, 4.05025959015, 3.51990127563, 0.614355564117,  3.5250647068, 3.52466487885, 3.51581740379, 3.49542379379, 3.39186668396, 2.98669624329, 2.25988960266, 1.37904918194, 2.47972774506, 2.37669944763, -5.55111512313e-17,             0, 5.55111512313e-17,             0, -0.00166629510932,             0,             0,             0,             0,             0,             0,             0,             0,             0,             0, 0.313921838999, 0.320710062981,             0,             0,             0,             0,             0,             0,             0,             0,             0,             0, 0.32248878479, 0.328026801348
         3.15,  2.1041097641, 1.54285669327, 2.26524996758, 1.52146697044, -9.52431201935,  2578.4206543, -0.483344256878,             0,  301.73526001, -28.2754859924, 347.312530518, -9.16570854187, -2787.30932617, -1492.42504883, -1728.15270996, -664.057556152, 5401.71923828, 3587.65478516, 3033.43457031, 1551.81018066,             0,             0,             0,             0,             0,             0,             0,             0,             0,             0,             0,             0,             0,             0,             0,             0,             0,             0,             0,             0, 3.51411056519, 3.34482908249, -0.0215408671647,             0,             0,             0,             0,             0,             0,             0,             0,             0,             0,             0,             0,             0,             0, -1.41565084457,             0,             0,             0,             0,             0,             0,             0,             0,             0,             0,             0,             0,             0,             0, -1.41565096378, -1.21151816845, -0.94353222847, -1.03450798988, -1.06148827076, 51.4804000854, 51.3218688965, 51.4899139404, 51.3478126526, 104.740478516, -1.59829974174, -1.75085496902, -34.3055610657,             0,             0,             0,             0,             0,             0,             0,             0,             0,             0, 108.055534363, 138.040817261, 111.387229919, 114.718933105, 118.050628662, 121.382324219, 124.714019775, 128.045715332, 131.377410889, 134.709106445,             1,             1,             1,             1,             1,             1,             1,             1,             1,             1, 119.940711975,           120, 0.615601658821,             0,  13.808057785, 1.54889547825, 104.715904236, 101.806350708,  104.76410675, 101.857887268, 104.740478516, 108.072174072, 138.057418823, 111.403869629, 114.735565186, 118.067260742, 121.398956299, 124.730644226, 128.062347412, 131.394042969, 134.725723267, 104.715881348,  101.80620575, 108.072174072, 138.057418823, 111.403869629, 114.735565186, 118.067260742, 121.398956299, 124.730644226, 128.062347412, 131.394042969, 134.725723267, 104.764099121, 101.857711792, 1.80534601212,             0,             0,             0,             0,             0,             0,             0,             0,             0,             0, 0.206243082881, 1.60014784336, 0.053854778409, 1.63669276237, 4.18273353577,  4.0924448967, 2.50931954384, 2.41789698601, 3.34474492073, 3.52155423164, 0.465556442738,   3.525598526, 3.52336001396, 3.51195454597, 3.48529458046, 3.32623100281, 2.83082675934, 2.04462051392, 1.16738152504, 4.18936920166, 4.09772253036, 3.52155423164, 0.465556442738,   3.525598526, 3.52336001396, 3.51195454597, 3.48529458046, 3.32623100281, 2.83082675934, 2.04462051392, 1.16738152504, 2.51514554024, 2.42397475243,             0,             0,             0, 5.55111512313e-17, -0.00164560112171,             0,             0,             0,             0,             0,             0,             0,             0,             0,             0, 0.313774168491, 0.320569753647,             0,             0,             0,             0,             0,             0,             0,             0,             0,             0, 0.322628617287, 0.328153342009
        3.175, 2.19938540459, 1.60886859894,  2.3696410656, 1.59287238121, -9.91980648041, 2582.80834961, -0.499772518873,             0, 309.233612061, -28.706325531, 355.724487305, -8.89181518555, -2904.34350586, -1561.53820801, -1757.67785645, -674.661621094, 5439.77441406, 3624.57861328, 2994.74487305, 1516.18774414,             0,             0,             0,             0,             0,             0,             0,             0,             0,             0,             0,             0,             0,             0,             0,             0,             0,             0,             0,             0, 3.51613092422, 3.37677168846, -0.0192816164345,             0,             0,             0,             0,             0,             0,             0,             0,             0,             0,             0,             0,             0,             0, -1.48934721947,             0,             0,             0,             0,             0,             0,             0,             0,             0,             0,             0,             0,             0,             0, -1.48934733868, -1.27234268188, -0.996417582035, -1.08958101273, -1.1090233326, 51.8910903931, 51.7312889099, 51.8984832764, 51.7537765503, 105.572723389, -1.67041552067, -1.83147084713, -35.5956039429,             0,             0,             0,             0,             0,             0,             0,             0,             0,             0, 108.887626648, 138.871505737, 112.219169617, 115.550712585, 118.882255554, 122.213798523, 125.545341492, 128.876876831,   132.2084198, 135.539962769,             1,             1,             1,             1,             1,             1,             1,             1,             1,             1, 119.935119629,           120, 0.622356712818,             0,  13.806520462,  1.5488666296, 105.551795959, 102.641868591, 105.592681885, 102.686233521, 105.572723389, 108.904266357, 138.888122559, 112.235809326, 115.567344666, 118.898887634, 122.230422974, 125.561965942, 128.893508911,  132.22505188,  135.55657959, 105.551803589, 102.641738892, 108.904266357, 138.888122559, 112.235809326, 115.567344666, 118.898887634, 122.230422974, 125.561965942, 128.893508911,  132.22505188,  135.55657959, 105.592712402, 102.686073303,  1.5621676445,             0,             0,             0,             0,             0,             0,             0,             0,             0,             0, -0.10907650739, 1.34844255447, -0.269957154989, 1.38073432446, 4.21485424042, 4.13696146011, 2.54129457474,   2.462266922, 3.37671995163, 3.52299523354, 0.337087392807, 3.52574062347, 3.52148365974, 3.50734066963, 3.46744465828,  3.2368414402, 2.65672373772, 1.82333767414, 0.96794295311, 4.22181987762, 4.14253282547, 3.52299523354, 0.337087392807, 3.52574062347, 3.52148365974, 3.50734066963, 3.46744465828,  3.2368414402, 2.65672373772, 1.82333767414, 0.96794295311, 2.54743337631, 2.46862006187,             0,             0, -5.55111512313e-17,             0, -0.00163055257872,             0,             0,             0,             0,             0,             0,             0,             0,             0,             0, 0.313624978065, 0.320427000523,             0,             0,             0,             0,             0,             0,             0,             0,             0,             0, 0.322767198086, 0.328281074762
          3.2, 2.29782533646, 1.67773163319, 2.47745490074, 1.66730880737, -10.3119869232, 2587.49072266, -0.515629827976,             0,  317.36126709, -29.0912494659, 364.449707031, -8.66864776611, -3009.72070312,       -1634.5, -1787.36694336, -684.905883789, 5477.80322266, 3662.07568359, 2955.94189453, 1480.06030273,             0,             0,             0,             0,             0,             0,             0,             0,             0,             0,             0,             0,             0,             0,             0,             0,             0,             0,             0,             0, 3.51807403564, 3.40548181534, -0.016843970865,             0,             0,             0,             0,             0,             0,             0,             0,             0,             0,             0,             0,             0,             0, -1.56283724308,             0,             0,             0,             0,             0,             0,             0,             0,             0,             0,             0,             0,             0,             0, -1.56283736229, -1.33307623863, -1.04937589169, -1.14444220066, -1.1564719677, 52.3018684387,  52.140750885, 52.3071212769, 52.1596412659, 106.405044556, -1.74255132675, -1.91233825684, -36.8304748535,             0,             0,             0,             0,             0,             0,             0,             0,             0,             0, 109.719779968, 139.702194214,  113.05115509, 116.382537842, 119.713920593, 123.045295715, 126.376678467, 129.708053589,  133.03944397, 136.370819092,             1,             1,             1,             1,             1,             1,             1,             1,             1,             1, 119.929206848,           120, 0.62952452898,             0, 13.8049221039, 1.54883682728, 106.387901306, 103.477645874, 106.421188354, 103.514549255, 106.405044556, 109.736419678, 139.718811035, 113.067802429, 116.399177551, 119.730552673, 123.061927795, 126.393302917, 129.724685669, 133.056060791, 136.387435913, 106.387962341, 103.477539062, 109.736419678, 139.718811035, 113.067802429, 116.399177551, 119.730552673, 123.061927795, 126.393302917, 129.724685669, 133.056060791, 136.387435913, 106.421257019, 103.514419556, 1.30909693241,             0,             0,             0,             0,             0,             0,             0,             0,             0,             0, -0.434304594994, 1.08689236641, -0.603909015656, 1.11482226849, 4.24371862411, 4.17872476578, 2.57004117966, 2.50391030312, 3.40545248985, 3.52417945862, 0.230700612068, 3.52544617653,  3.5189909935, 3.50193071365,  3.4377925396, 3.12341070175, 2.46632671356, 1.60062885284, 0.783547341824, 4.25101327896, 4.18459033966, 3.52417945862, 0.230700612068, 3.52544617653,  3.5189909935, 3.50193071365,  3.4377925396, 3.12341070175, 2.46632671356, 1.60062885284, 0.783547341824,  2.5764913559, 2.51053881645,             0,             0,             0,             0, -0.00162103341427,             0,             0,             0,             0,             0,             0,             0,             0,             0,             0, 0.313475579023, 0.320281803608,             0,             0,             0,             0,             0,             0,             0,             0,             0,             0, 0.322905927896, 0.328410476446
        3.225, 2.39501547813, 1.74883127213, 2.58418297768, 1.74427521229, -10.692533493, 2592.44726562, -0.531408786774,             0, 325.989654541, -29.4573917389, 373.414001465, -8.47937202454, -3115.48608398, -1710.72265625, -1813.04443359, -694.380493164, 5515.14404297, 3699.61035156, 2917.41650391,  1444.0300293,             0,             0,             0,             0,             0,             0,             0,             0,             0,             0,             0,             0,             0,             0,             0,             0,             0,             0,             0,             0, 3.51989555359, 3.43086385727, -0.0142268892378,             0,             0,             0,             0,             0,             0,             0,             0,             0,             0,             0,             0,             0,             0, -1.63601601124,             0,             0,             0,             0,             0,             0,             0,             0,             0,             0,             0,             0,             0,             0, -1.63601613045, -1.39382493496, -1.10228145123, -1.19926869869, -1.20369386673, 52.7127342224, 52.5502548218,  52.715839386,  52.565410614, 107.237426758, -1.81004118919, -1.98868143559, -37.9862098694,             0,             0,             0,             0,             0,             0,             0,             0,             0,             0, 110.551986694, 140.532867432,  113.88319397, 117.214401245, 120.545608521, 123.876823425, 127.208030701, 130.539230347, 133.870437622, 137.201660156,             1,             1,             1,             1,             1,             1,             1,             1,             1,             1, 119.922973633,           120, 0.637088894844,             0,   13.80327034, 1.54880595207, 107.224212646, 104.313682556,  107.24962616, 104.342842102, 107.237426758, 110.568634033, 140.549468994, 113.899833679, 117.231040955,  120.56224823, 123.893447876, 127.224655151, 130.555862427, 133.887069702, 137.218261719, 107.224319458, 104.313598633, 110.568634033, 140.549468994, 113.899833679, 117.231040955,  120.56224823, 123.893447876, 127.224655151, 130.555862427, 133.887069702, 137.218261719, 107.249740601,  104.34274292, 1.04633414745,             0,             0,             0,             0,             0,             0,             0,             0,             0,             0, -0.764573335648, 0.815811038017, -0.943023920059, 0.839142739773, 4.26922988892, 4.21762895584, 2.59546613693, 2.54272603989, 3.43084907532, 3.52506184578, 0.147902369499, 3.52466988564, 3.51583695412, 3.49547219276, 3.39225673676, 2.98784518242,   2.261708498,   1.381082654, 0.615966260433, 4.27685308456, 4.22378778458, 3.52506184578, 0.147902369499, 3.52466988564, 3.51583695412, 3.49547219276, 3.39225673676, 2.98784518242,   2.261708498,   1.381082654, 0.615966260433, 2.60222792625, 2.54962825775,             0, -5.55111512313e-17,             0,             0, -0.00161682371981,             0,             0,             0,             0,             0,             0,             0,             0,             0,             0, 0.313328355551, 0.320136219263,             0,             0,             0,             0,             0,             0,             0,             0,             0,             0, 0.323043346405, 0.328539311886
         3.25, 2.49062275887, 1.82237815857, 2.68945097923, 1.82385289669, -11.0601739883, 2597.66674805, -0.546046674252,             0, 334.931640625, -29.7681026459, 382.642211914, -8.26560497284, -3222.36376953, -1782.70715332, -1829.58935547, -700.27154541, 5551.42480469, 3736.32421875, 2880.08032227, 1408.92016602,             0,             0,             0,             0,             0,             0,             0,             0,             0,             0,             0,             0,             0,             0,             0,             0,             0,             0,             0,             0, 3.52154970169, 3.45282864571, -0.0114309601486,             0,             0,             0,             0,             0,             0,             0,             0,             0,             0,             0,             0,             0,             0, -1.70865035057,             0,             0,             0,             0,             0,             0,             0,             0,             0,             0,             0,             0,             0,             0, -1.70865035057, -1.45440077782, -1.15470421314, -1.25386404991, -1.25037407875, 53.1236839294, 52.9597892761, 53.1246528625,   52.97108078, 108.069862366, -1.8723783493, -2.0599629879, -39.0387763977,             0,             0,             0,             0,             0,             0,             0,             0,             0,             0, 111.384239197, 141.363494873, 114.715263367, 118.046295166, 121.377319336, 124.708351135, 128.039382935, 131.370407104, 134.701431274, 138.032455444,             1,             1,             1,             1,             1,             1,             1,             1,             1,             1, 119.916435242,           120, 0.64500361681,             0, 13.8015727997, 1.54877412319, 108.060707092, 105.149963379, 108.077987671, 105.171112061, 108.069862366, 111.400886536, 141.380096436, 114.731910706, 118.062934875, 121.393959045, 124.724983215, 128.055999756, 131.387023926, 134.718048096, 138.049072266,  108.06085968, 105.149909973, 111.400886536, 141.380096436, 114.731910706, 118.062934875, 121.393959045, 124.724983215, 128.055999756, 131.387023926, 134.718048096, 138.049072266, 108.078140259, 105.171043396, 0.774207830429,             0,             0,             0,             0,             0,             0,             0,             0,             0,             0, -1.09904634953, 0.53541457653, -1.28643465042, 0.55402469635, 4.29129886627, 4.25356912613, 2.61748433113, 2.57861185074, 3.45282244682, 3.52559733391, 0.0872906967998,  3.5233669281, 3.51197648048, 3.48537445068, 3.32675528526, 2.83208656311, 2.04646730423, 1.16928768158, 0.466953456402, 4.29924917221, 4.26001834869, 3.52559733391, 0.0872906967998,  3.5233669281, 3.51197648048, 3.48537445068, 3.32675528526, 2.83208656311, 2.04646730423, 1.16928768158, 0.466953456402, 2.62455606461, 2.58578515053,             0,             0,             0, -5.55111512313e-17, -0.00161774759181,             0,             0,             0,             0,             0,             0,             0,             0,             0,             0, 0.313184797764, 0.319993495941,             0,             0,             0,             0,             0,             0,             0,             0,             0,             0, 0.323176026344, 0.328664571047
        3.275, 2.58251261711, 1.89801490307, 2.79101324081, 1.90574908257, -11.4159011841, 2603.14697266, -0.560833930969,             0, 344.416931152, -30.0440692902, 392.249725342, -8.06207942963, -3329.18359375, -1857.60534668, -1844.90356445, -706.574890137, 5586.02636719, 3771.43310547, 2844.79614258, 1375.52966309,             0,             0,             0,             0,             0,             0,             0,             0,             0,             0,             0,             0,             0,             0,             0,             0,             0,             0,             0,             0, 3.52299213409, 3.47129178047, -0.00846498273313,             0,             0,             0,             0,             0,             0,             0,             0,             0,             0,             0,             0,             0,             0, -1.78035748005,             0,             0,             0,             0,             0,             0,             0,             0,             0,             0,             0,             0,             0,             0, -1.78035748005, -1.51453995705, -1.2065320015, -1.30799901485, -1.29631245136, 53.5347137451, 53.3693618774, 53.5335655212, 53.3766555786, 108.902328491, -1.92771887779, -2.12423491478, -39.9636154175,             0,             0,             0,             0,             0,             0,             0,             0,             0,             0, 112.216522217, 142.194076538, 115.547363281, 118.878196716, 122.209037781, 125.539878845,  128.87071228, 132.201553345, 135.532394409, 138.863235474,             1,             1,             1,             1,             1,             1,             1,             1,             1,             1, 119.909606934,           120, 0.653225898743,             0, 13.7998409271, 1.54874181747, 108.897361755, 105.986480713, 108.906257629, 105.999351501, 108.902328491, 112.233169556, 142.210693359, 115.564002991, 118.894836426, 122.225669861, 125.556510925,  128.88734436, 132.218185425,  135.54901123, 138.879852295, 108.897567749, 105.986450195, 112.233169556, 142.210693359, 115.564002991, 118.894836426, 122.225669861, 125.556510925,  128.88734436, 132.218185425,  135.54901123, 138.879852295, 108.906471252, 105.999313354, 0.49300506711,             0,             0,             0,             0,             0,             0,             0,             0,             0,             0, -1.43559110165, 0.246075153351, -1.63190543652, 0.259785652161, 4.30983972549, 4.28644418716, 2.63601398468, 2.61147141457, 3.47128987312, 3.52574086189, 0.0455614477396, 3.52149248123, 3.50736498833, 3.46757626534, 3.23750853539, 2.65807676315, 1.82517826557, 0.969695091248, 0.338261187077,  4.3181142807,  4.2931804657, 3.52574086189, 0.0455614477396, 3.52149248123, 3.50736498833, 3.46757626534, 3.23750853539, 2.65807676315, 1.82517826557, 0.969695091248, 0.338261187077, 2.64339280128, 2.61891150475,             0,             0, 5.55111512313e-17,             0, -0.0016234673094,             0,             0,             0,             0,             0,             0,             0,             0,             0,             0, 0.313047230244, 0.31985655427,             0,             0,             0,             0,             0,             0,             0,             0,             0,             0, 0.32330083847, 0.328783273697
          3.3, 2.67065000534, 1.97501909733, 2.88874554634, 1.98920154572, -11.7503252029, 2608.87695312, -0.574369013309,             0,  354.32711792, -30.2554206848, 402.085021973, -7.92153024673, -3419.27661133, -1933.23278809, -1858.82885742, -712.899536133, 5618.96972656, 3805.58496094, 2811.22460938, 1343.44470215,             0,             0,             0,             0,             0,             0,             0,             0,             0,             0,             0,             0,             0,             0,             0,             0,             0,             0,             0,             0, 3.52417755127, 3.48617053032, -0.0053485953249,             0,             0,             0,             0,             0,             0,             0,             0,             0,             0,             0,             0,             0,             0, -1.85096728802,             0,             0,             0,             0,             0,             0,             0,             0,             0,             0,             0,             0,             0,             0, -1.85096728802, -1.57410848141, -1.25766742229, -1.36157214642, -1.34142780304, 53.9458274841, 53.7789611816, 53.9425849915, 53.7821350098, 109.734825134, -1.97589123249, -2.18124270439, -40.7429237366,             0,             0,             0,             0,             0,             0,             0,             0,             0,             0, 113.048820496, 143.024627686, 116.379463196, 119.710105896, 123.040748596, 126.371398926, 129.702041626, 133.032684326, 136.363327026, 139.693969727,             1,             1,             1,             1,             1,             1,             1,             1,             1,             1, 119.902557373,           120, 0.66171002388,             0, 13.7980957031, 1.54870915413, 109.734161377, 106.823219299, 109.734443665, 106.827560425, 109.734825134, 113.065460205, 143.041229248, 116.396102905, 119.726745605, 123.057388306, 126.388023376, 129.718673706, 133.049316406, 136.379943848, 139.710586548, 109.734428406, 106.823226929, 113.065460205, 143.041229248, 116.396102905, 119.726745605, 123.057388306, 126.388023376, 129.718673706, 133.049316406, 136.379943848, 139.710586548, 109.734710693, 106.827560425, 0.203119128942,             0,             0,             0,             0,             0,             0,             0,             0,             0,             0, -1.77364253998, -0.0517650917172, -1.97878813744, -0.0431303977966, 4.32477092743, 4.31615066528, 2.65097475052, 2.64120483398,  3.4861702919, 3.52544760704, 0.0193777866662,  3.5190012455, 3.50195741653,  3.4379940033, 3.12420272827, 2.46775817871,  1.6024312973, 0.785136282444, 0.231639698148, 4.33336544037, 4.32316970825, 3.52544760704, 0.0193777866662,  3.5190012455, 3.50195741653,  3.4379940033, 3.12420272827, 2.46775817871,  1.6024312973, 0.785136282444, 0.231639698148, 2.65865731239, 2.64890646935, 5.55111512313e-17, -5.55111512313e-17,             0,             0, -0.00163321336731,             0,             0,             0,             0,             0,             0,             0,             0,             0,             0, 0.312915563583, 0.319723010063,             0,             0,             0,             0,             0,             0,             0,             0,             0,             0, 0.323419004679, 0.328896999359
        3.325, 2.75434422493, 2.05251955986, 2.98186016083,  2.0733423233, -12.0497026443, 2614.83618164, -0.587083816528,             0,   364.8175354, -30.4097385406, 411.703277588, -7.8321518898, -3499.22583008, -2009.09362793, -1871.25708008, -719.275817871, 5649.54541016, 3838.37353516, 2779.68408203, 1313.08215332,             0,             0,             0,             0,             0,             0,             0,             0,             0,             0,             0,             0,             0,             0,             0,             0,             0,             0,             0,             0, 3.52506065369, 3.49739670753, -0.00211003725417,             0,             0,             0,             0,             0,             0,             0,             0,             0,             0,             0,             0,             0,             0, -1.92012023926,             0,             0,             0,             0,             0,             0,             0,             0,             0,             0,             0,             0,             0,             0, -1.92012023926, -1.63282597065, -1.30783772469, -1.4143487215, -1.38545763493, 54.3570175171,  54.188583374, 54.3517227173, 54.1875267029, 110.567321777, -2.01581287384, -2.22981786728, -41.3650245667,             0,             0,             0,             0,             0,             0,             0,             0,             0,             0, 113.881118774, 143.855133057,  117.21156311, 120.542015076, 123.872459412, 127.202903748, 130.533355713, 133.863800049, 137.194244385, 140.524688721,             1,             1,             1,             1,             1,             1,             1,             1,             1,             1, 119.895347595,           120, 0.670373499393,             0, 13.7963666916,  1.5486767292, 110.571075439,  107.66015625, 110.562530518, 107.655738831, 110.567321777, 113.897766113, 143.871749878, 117.228210449, 120.558647156, 123.889091492, 127.219535828, 130.549972534,  133.88041687, 137.210861206, 140.541305542, 110.571403503, 107.660202026, 113.897766113, 143.871749878, 117.228210449, 120.558647156, 123.889091492, 127.219535828, 130.549972534,  133.88041687, 137.210861206, 140.541305542, 110.562850952, 107.655784607, -0.0947285965085,             0,             0,             0,             0,             0,             0,             0,             0,             0,             0, -2.11139559746, -0.357292950153, -2.32519197464, -0.353951752186, 4.33602190018,  4.3425822258, 2.66230130196, 2.66770911217, 3.49739670753, 3.52467250824, 0.00540385069326, 3.51584887505, 3.49550509453, 3.39254379272, 2.98874425888, 2.26320004463, 1.38281416893, 0.617381453514, 0.148603662848, 4.34493255615, 4.34987878799, 3.52467250824, 0.00540385069326, 3.51584887505, 3.49550509453, 3.39254379272, 2.98874425888, 2.26320004463, 1.38281416893, 0.617381453514, 0.148603662848, 2.67028260231, 2.67566609383,             0, -5.55111512313e-17,             0,             0, -0.00164597725961,             0,             0,             0,             0,             0,             0,             0,             0,             0,             0, 0.312792539597, 0.319594442844,             0,             0,             0,             0,             0,             0,             0,             0,             0,             0, 0.323529452085, 0.329004228115
         3.35, 2.83243322372, 2.12950229645, 3.06912755966, 2.15698361397, -12.3059139252, 2621.01123047, -0.598747074604,             0, 376.032012939, -30.5123157501,  421.76461792, -7.81799936295, -3573.3515625, -2084.24511719, -1875.51037598, -725.787658691, 5677.30517578,  3869.1796875, 2750.84204102,  1285.0098877,             0,             0,             0,             0,             0,             0,             0,             0,             0,             0,             0,             0,             0,             0,             0,             0,             0,             0,             0,             0, 3.52559685707, 3.50491428375, 0.00122041499708,             0,             0,             0,             0,             0,             0,             0,             0,             0,             0,             0,             0,             0,             0, -1.9873752594,             0,             0,             0,             0,             0,             0,             0,             0,             0,             0,             0,             0,             0,             0, -1.9873752594, -1.69033694267, -1.35668635368, -1.4659922123, -1.42807388306, 54.7682800293, 54.5982208252, 54.7610054016, 54.5928268433,  111.39981842, -2.04668259621, -2.26909637451, -41.8221168518,             0,             0,             0,             0,             0,             0,             0,             0,             0,             0, 114.713417053, 144.685623169, 118.043663025, 121.373908997, 124.704147339, 128.034393311, 131.364639282, 134.694885254, 138.025131226, 141.355377197,             1,             1,             1,             1,             1,             1,             1,             1,             1,             1, 119.888076782,           120, 0.67911785841,             0, 13.7946805954, 1.54864525795, 111.408073425, 108.497276306, 111.390525818, 108.483894348,  111.39981842, 114.730064392, 144.702224731, 118.060302734, 121.390541077, 124.720787048, 128.051025391, 131.381271362, 134.711502075, 138.041748047, 141.371994019, 111.408470154, 108.497360229, 114.730064392, 144.702224731, 118.060302734, 121.390541077, 124.720787048, 128.051025391, 131.381271362, 134.711502075, 138.041748047, 141.371994019, 111.390907288,  108.48399353, -0.399565428495,             0,             0,             0,             0,             0,             0,             0,             0,             0,             0, -2.44707608223, -0.669612884521, -2.6692802906, -0.671646118164, 4.34353637695, 4.36563205719, 2.66993904114, 2.69088029861, 3.50491380692, 3.52337050438, 0.00030498218257, 3.51198983192, 3.48542881012, 3.32714271545,  2.8330757618, 2.04798555374, 1.17091369629, 0.468181550503, 0.0877858325839, 4.35275506973, 4.37319755554, 3.52337050438, 0.00030498218257, 3.51198983192, 3.48542881012, 3.32714271545,  2.8330757618, 2.04798555374, 1.17091369629, 0.468181550503, 0.0877858325839, 2.67821216583, 2.69908428192,             0,             0,             0,             0, -0.00166066340171,             0,             0,             0,             0,             0,             0,             0,             0,             0,             0, 0.31267991662, 0.319473177195,             0,             0,             0,             0,             0,             0,             0,             0,             0,             0, 0.323629707098, 0.329102933407
        3.375, 2.90401673317, 2.20494151115, 3.14955925941, 2.23910355568, -12.5156602859, 2627.34228516, -0.609250128269,             0, 387.966705322, -30.5958423615, 432.546295166, -7.84654283524,  -3641.015625, -2153.52612305, -1879.06079102, -729.264953613, 5702.06298828,  3897.6887207, 2724.98144531, 1259.58581543,             0,             0,             0,             0,             0,             0,             0,             0,             0,             0,             0,             0,             0,             0,             0,             0,             0,             0,             0,             0, 3.52574110031, 3.50867629051, 0.00460557825863,             0,             0,             0,             0,             0,             0,             0,             0,             0,             0,             0,             0,             0,             0, -2.05232810974,             0,             0,             0,             0,             0,             0,             0,             0,             0,             0,             0,             0,             0,             0, -2.05232810974, -1.74629962444, -1.40378773212, -1.51617920399, -1.46890115738, 55.1796112061, 55.0078697205, 55.1704521179, 54.9980506897, 112.232292175, -2.06826353073, -2.29878377914, -42.1108322144,             0,             0,             0,             0,             0,             0,             0,             0,             0,             0, 115.545692444,  145.51612854, 118.875740051, 122.205787659, 125.535835266, 128.865890503,  132.19593811, 135.525985718, 138.856033325, 142.186080933,             1,             1,             1,             1,             1,             1,             1,             1,             1,             1,  119.88092804,           120, 0.687896072865,             0, 13.7930927277, 1.54861557484, 112.245124817, 109.334541321, 112.218429565, 109.312034607, 112.232292175, 115.562339783, 145.532730103, 118.892379761, 122.222427368, 125.552467346, 128.882507324, 132.212554932, 135.542602539, 138.872650146, 142.202682495,  112.24559021,  109.33467865, 115.562339783, 145.532730103, 118.892379761, 122.222427368, 125.552467346, 128.882507324, 132.212554932, 135.542602539, 138.872650146, 142.202682495,   112.2188797, 109.312179565, -0.710232913494,             0,             0,             0,             0,             0,             0,             0,             0,             0,             0, -2.77928829193, -0.98746663332, -3.00960016251, -0.994988441467, 4.34726572037, 4.38519287109, 2.67384171486, 2.71061372757, 3.50867509842, 3.52149677277,             0, 3.50737977028, 3.46766614914, 3.23800182343, 2.65913701057, 1.82668530941, 0.971180558205, 0.339285135269, 0.0458838045597, 4.35678434372, 4.39301776886, 3.52149677277,             0, 3.50737977028, 3.46766614914, 3.23800182343, 2.65913701057, 1.82668530941, 0.971180558205, 0.339285135269, 0.0458838045597, 2.68239808083, 2.71905374527,             0,             0, 5.55111512313e-17,             0, -0.00167596933898,             0,             0,             0,             0,             0,             0,             0,             0,             0,             0, 0.31257840991, 0.319360494614,             0,             0,             0,             0,             0,             0,             0,             0,             0,             0, 0.32371878624, 0.329191833735
          3.4, 2.96723031998, 2.27893185616, 3.22116947174, 2.31977820396, -12.6885671616, 2633.71020508, -0.618550300598,             0, 400.381103516, -30.6307640076, 443.793060303, -7.87140417099, -3700.62353516, -2214.8659668, -1881.68969727, -733.04119873, 5723.55224609,  3923.0402832, 2702.09814453, 1237.20727539,             0,             0,             0,             0,             0,             0,             0,             0,             0,             0,             0,             0,             0,             0,             0,             0,             0,             0,             0,             0, 3.52544808388,  3.5086414814, 0.00799199938774,             0,             0,             0,             0,             0,             0,             0,             0,             0,             0,             0,             0,             0,             0, -2.11457395554,             0,             0,             0,             0,             0,             0,             0,             0,             0,             0,             0,             0,             0,             0, -2.11457395554, -1.80040979385, -1.44872426987, -1.56465435028, -1.50775301456, 55.5910072327,  55.417514801, 55.5800704956, 55.4032020569, 113.064735413, -2.07942295074, -2.31763625145, -42.2102546692,             0,             0,             0,             0,             0,             0,             0,             0,             0,             0, 116.377944946, 146.346664429, 119.707801819, 123.037658691, 126.367515564, 129.697372437, 133.027236938, 136.357086182, 139.686950684, 143.016815186,             1,             1,             1,             1,             1,             1,             1,             1,             1,             1, 119.874069214,           120, 0.696638405323,             0, 13.7916545868, 1.54858863354, 113.082206726, 110.171928406,  113.04624939, 110.140167236, 113.064735413, 116.394592285,  146.36328125, 119.724441528, 123.054298401, 126.384155273, 129.714004517, 133.043869019, 136.373718262, 139.703567505, 143.033432007, 113.082740784, 110.172119141, 116.394592285,  146.36328125, 119.724441528, 123.054298401, 126.384155273, 129.714004517, 133.043869019, 136.373718262, 139.703567505, 143.033432007, 113.046768188, 110.140365601, -1.02569508553,             0,             0,             0,             0,             0,             0,             0,             0,             0,             0, -3.10586309433, -1.30980336666, -3.34387135506, -1.32292795181, 4.34716749191, 4.40116882324, 2.67396783829, 2.72681427002,  3.5086388588, 3.51900649071,             0,   3.501973629, 3.43813061714, 3.12478351593, 2.46886706352, 1.60388600826, 0.786460578442, 0.232443392277, 0.0195618383586, 4.35697555542, 4.40924119949, 3.51900649071,             0,   3.501973629, 3.43813061714, 3.12478351593, 2.46886706352, 1.60388600826, 0.786460578442, 0.232443392277, 0.0195618383586, 2.68279743195,  2.7354786396, 5.55111512313e-17,             0,             0,             0, -0.00169028958771,             0,             0,             0,             0,             0,             0,             0,             0,             0,             0, 0.312489122152, 0.319259703159,             0,             0,             0,             0,             0,             0,             0,             0,             0,             0, 0.323796778917, 0.329269528389
        3.425, 3.02300357819, 2.35058259964,  3.2849214077, 2.39796423912, -12.822183609, 2639.97729492, -0.627120018005,             0, 413.036499023, -30.6672916412, 455.115234375, -7.94365406036, -3752.48925781, -2273.67333984, -1883.81665039, -737.542724609, 5741.54052734, 3945.52612305, 2682.15356445, 1217.85070801,             0,             0,             0,             0,             0,             0,             0,             0,             0,             0,             0,             0,             0,             0,             0,             0,             0,             0,             0,             0,  3.5246732235, 3.50477457047, 0.0113144610077,             0,             0,             0,             0,             0,             0,             0,             0,             0,             0,             0,             0,             0,             0, -2.17376804352,             0,             0,             0,             0,             0,             0,             0,             0,             0,             0,             0,             0,             0,             0, -2.17376804352, -1.85229659081, -1.49145102501, -1.61104691029, -1.54445111752, 56.0024719238, 55.8271598816, 55.9898757935, 55.8082885742, 113.897132874, -2.08159971237, -2.3270983696, -42.1008605957,             0,             0,             0,             0,             0,             0,             0,             0,             0,             0, 117.210159302,  147.17729187, 120.539840698, 123.869522095, 127.199203491, 130.528884888, 133.858566284, 137.188247681, 140.517929077, 143.847610474,             1,             1,             1,             1,             1,             1,             1,             1,             1,             1, 119.867652893,           120, 0.705236256123,             0, 13.7904109955, 1.54856538773, 113.919281006, 111.009422302, 113.873977661, 110.968292236, 113.897132874, 117.226806641, 147.193893433, 120.556480408, 123.886161804, 127.215835571, 130.545516968, 133.875198364, 137.204864502, 140.534545898, 143.864227295, 113.919891357, 111.009658813, 117.226806641, 147.193893433, 120.556480408, 123.886161804, 127.215835571, 130.545516968, 133.875198364, 137.204864502, 140.534545898, 143.864227295, 113.874565125, 110.968544006, -1.34501254559,             0,             0,             0,             0,             0,             0,             0,             0,             0,             0, -3.42730236053, -1.63563740253, -3.67260146141, -1.65432083607, 4.34320497513, 4.41347408295, 2.67028188705, 2.73939681053, 3.50476908684, 3.51585459709,             0, 3.49552488327, 3.39273667336,   2.989392519,  2.2643301487, 1.38417565823, 0.618526518345, 0.149184882641, 0.00548552814871, 4.35329008102, 4.42178058624, 3.51585459709,             0, 3.49552488327, 3.39273667336,   2.989392519,  2.2643301487, 1.38417565823, 0.618526518345, 0.149184882641, 0.00548552814871, 2.67937207222, 2.74827289581,             0,             0,             0,             0, -0.00170187954791,             0,             0,             0,             0,             0,             0,             0,             0,             0,             0, 0.312413007021, 0.319169729948,             0,             0,             0,             0,             0,             0,             0,             0,             0,             0, 0.323863893747, 0.329336106777
         3.45, 3.07205438614, 2.41888165474, 3.34149694443, 2.47262883186, -12.9124441147, 2646.02954102, -0.634580850601,             0, 425.396514893,  -30.66929245, 466.224182129, -8.06579780579, -3792.31298828, -2329.64746094, -1885.25915527, -742.339538574, 5756.54394531,  3966.0300293, 2664.42016602, 1200.93054199,             0,             0,             0,             0,             0,             0,             0,             0,             0,             0,             0,             0,             0,             0,             0,             0,             0,             0,             0,             0, 3.52337169647, 3.49704408646, 0.0145117267966,             0,             0,             0,             0,             0,             0,             0,             0,             0,             0,             0,             0,             0,             0, -2.2298207283,             0,             0,             0,             0,             0,             0,             0,             0,             0,             0,             0,             0,             0,             0, -2.2298207283, -1.90183103085, -1.53196847439, -1.65522253513, -1.57900476456, 56.4139976501, 56.2367897034, 56.3998641968, 56.2133178711,  114.72946167, -2.07627987862, -2.32867598534, -41.7752914429,             0,             0,             0,             0,             0,             0,             0,             0,             0,             0,  118.04233551, 148.007995605, 121.371856689, 124.701370239, 128.030883789, 131.360412598, 134.689926147, 138.019439697, 141.348953247, 144.678482056,             1,             1,             1,             1,             1,             1,             1,             1,             1,             1,    119.861763,           120, 0.713572800159,             0, 13.7893819809, 1.54854607582, 114.756332397, 111.846992493, 114.701622009, 111.796409607,  114.72946167,  118.05897522, 148.024612427, 121.388496399, 124.718009949, 128.047515869, 131.377044678, 134.706558228, 138.036071777, 141.365585327, 144.695098877, 114.757011414,  111.84728241,  118.05897522, 148.024612427, 121.388496399, 124.718009949, 128.047515869, 131.377044678, 134.706558228, 138.036071777, 141.365585327, 144.695098877, 114.702278137, 111.796722412, -1.66715610027,             0,             0,             0,             0,             0,             0,             0,             0,             0,             0, -3.74406480789, -1.96391010284, -3.9962682724, -1.98812496662, 4.33534574509, 4.42202138901, 2.66275191307, 2.74827623367, 3.49703288078, 3.51199650764,             0, 3.48546147346, 3.32739877701, 2.83377122879, 2.04909992218, 1.17214536667, 0.469134926796, 0.0881783515215, 0.000320417108014, 4.34569549561, 4.43055009842, 3.51199650764,             0, 3.48546147346, 3.32739877701, 2.83377122879, 2.04909992218, 1.17214536667, 0.469134926796, 0.0881783515215, 0.000320417108014, 2.67208957672, 2.75735092163,             0, 5.55111512313e-17,             0,             0, -0.00170917098876,             0,             0,             0,             0,             0,             0,             0,             0,             0,             0, 0.312348216772, 0.319087296724,             0,             0,             0,             0,             0,             0,             0,             0,             0,             0, 0.323922902346, 0.329393804073
        3.475, 3.11138272285, 2.48290061951,  3.3877286911, 2.54276967049, -12.9528083801, 2651.77490234, -0.640951812267,             0, 437.589813232, -30.6424255371, 476.964447021, -8.24548339844, -3822.27270508, -2382.15063477, -1885.05126953, -747.171936035, 5768.78857422, 3984.66430664, 2648.61279297, 1186.16235352,             0,             0,             0,             0,             0,             0,             0,             0,             0,             0,             0,             0,             0,             0,             0,             0,             0,             0,             0,             0,  3.5214984417, 3.48542952538, 0.0175443515182,             0,             0,             0,             0,             0,             0,             0,             0,             0,             0,             0,             0,             0,             0, -2.28264451027,             0,             0,             0,             0,             0,             0,             0,             0,             0,             0,             0,             0,             0,             0, -2.28264474869, -1.94905877113, -1.57019925117, -1.69728541374, -1.61138927937, 56.8255844116, 56.6464042664, 56.8100395203, 56.6183013916, 115.561729431, -2.06084537506, -2.31960487366, -41.241268158,             0,             0,             0,             0,             0,             0,             0,             0,             0,             0, 118.874458313, 148.838806152, 122.203826904, 125.533203125, 128.862579346, 132.191955566, 135.521316528, 138.850692749,  142.18006897,  145.50944519,             1,             1,             1,             1,             1,             1,             1,             1,             1,             1, 119.856544495,           120, 0.721547484398,             0, 13.7885971069, 1.54853141308, 115.593322754,  112.68460083, 115.529190063, 112.624526978, 115.561729431, 118.891098022, 148.855438232, 122.220466614, 125.549835205, 128.879211426, 132.208572388, 135.537948608, 138.867324829, 142.196685791, 145.526062012, 115.594078064, 112.684951782, 118.891098022, 148.855438232, 122.220466614, 125.549835205, 128.879211426, 132.208572388, 135.537948608, 138.867324829, 142.196685791, 145.526062012, 115.529914856, 112.624900818, -1.99094974995,             0,             0,             0,             0,             0,             0,             0,             0,             0,             0, -4.05235624313, -2.29343986511, -4.31093215942, -2.32311344147,  4.3235669136, 4.42672872543,  2.6513531208,  2.7533686161, 3.48540782928, 3.50738739967,             0, 3.46772003174, 3.23832273483, 2.65986180305,  1.8277515173, 0.972258269787, 0.340042769909, 0.0461264885962,             0, 4.33416795731, 4.43546628952, 3.50738739967,             0, 3.46772003174, 3.23832273483, 2.65986180305,  1.8277515173, 0.972258269787, 0.340042769909, 0.0461264885962,             0, 2.66092610359, 2.76262879372,             0,             0,             0,             0, -0.00171117880382,             0,             0,             0,             0,             0,             0,             0,             0,             0,             0, 0.312293887138, 0.319012016058,             0,             0,             0,             0,             0,             0,             0,             0,             0,             0, 0.323974907398, 0.329443693161
          3.5, 3.13716816902, 2.54168057442, 3.41961956024, 2.60736560822, -12.9395170212, 2656.89331055, -0.64597183466,             0, 449.122924805, -30.5859928131,  487.03817749, -8.4774389267, -3842.45605469, -2430.19165039, -1880.8918457, -751.72265625, 5778.15283203, 4000.95898438, 2635.12402344, 1173.72924805,             0,             0,             0,             0,             0,             0,             0,             0,             0,             0,             0,             0,             0,             0,             0,             0,             0,             0,             0,             0, 3.51900887489,  3.4699203968, 0.0203941017389,             0,             0,             0,             0,             0,             0,             0,             0,             0,             0,             0,             0,             0,             0, -2.33204960823,             0,             0,             0,             0,             0,             0,             0,             0,             0,             0,             0,             0,             0,             0, -2.33204984665, -1.99394726753, -1.60594439507, -1.73726391792, -1.64146161079, 57.2372207642, 57.0559997559, 57.2204093933, 57.0232543945,  116.39390564, -2.03210783005, -2.29654169083, -40.5064811707,             0,             0,             0,             0,             0,             0,             0,             0,             0,             0, 119.706512451, 149.669769287, 123.035766602, 126.365013123, 129.694259644, 133.023513794, 136.352767944, 139.682022095, 143.011260986, 146.340515137,             1,             1,             1,             1,             1,             1,             1,             1,             1,             1, 119.852104187,           120, 0.728776574135,             0, 13.7880811691, 1.54852175713, 116.430221558, 113.522216797, 116.356689453, 113.452651978,  116.39390564, 119.723152161, 149.686386108, 123.052406311, 126.381652832, 129.710891724, 133.040145874, 136.369400024, 139.698638916, 143.027893066, 146.357131958, 116.431045532, 113.522628784, 119.723152161, 149.686386108, 123.052406311, 126.381652832, 129.710891724, 133.040145874, 136.369400024, 139.698638916, 143.027893066, 146.357131958, 116.357475281, 113.453094482, -2.31509900093,             0,             0,             0,             0,             0,             0,             0,             0,             0,             0, -4.34769296646, -2.62292981148, -4.61195516586, -2.65794825554, 4.30785512924, 4.42751646042, 2.63607048988, 2.75459384918, 3.46988034248,  3.5019826889,             0, 3.43821454048, 3.12515830994, 2.46960639954, 1.60487806797, 0.787378966808, 0.233008489013, 0.019692948088,             0, 4.31869459152,  4.4364490509,  3.5019826889,             0, 3.43821454048, 3.12515830994, 2.46960639954, 1.60487806797, 0.787378966808, 0.233008489013, 0.019692948088,             0, 2.64586615562, 2.76402544975,             0,             0,             0,             0, -0.00170757027809,             0,             0,             0,             0,             0,             0,             0,             0,             0,             0, 0.312250554562, 0.318945735693,             0,             0,             0,             0,             0,             0,             0,             0,             0,             0, 0.324018448591, 0.329485148191
        3.525, 3.14671826363,   2.594383955, 3.43436527252, 2.66553592682, -12.8697128296, 2659.85351562, -0.649486541748,             0, 458.447296143,  -30.50041008, 495.484710693, -8.75280094147, -3850.97753906, -2472.71459961, -1875.02429199, -754.693969727, 5784.20556641, 4014.22631836, 2624.78833008, 1164.21972656,             0,             0,             0,             0,             0,             0,             0,             0,             0,             0,             0,             0,             0,             0,             0,             0,             0,             0,             0,             0, 3.51585817337, 3.45051789284, 0.0230580344796,             0,             0,             0,             0,             0,             0,             0,             0,             0,             0,             0,             0,             0,             0, -2.37770390511,             0,             0,             0,             0,             0,             0,             0,             0,             0,             0,             0,             0,             0,             0, -2.37770414352, -2.03628206253, -1.63890433311, -1.77499341965, -1.66891264915, 57.6488876343, 57.4655647278, 57.6309547424, 57.4281806946, 117.225990295, -1.98788917065, -2.25720500946, -39.5640296936,             0,             0,             0,             0,             0,             0,             0,             0,             0,             0, 120.538505554, 150.500869751, 123.867652893, 127.196807861,   130.5259552, 133.855117798, 137.184265137, 140.513412476, 143.842559814, 147.171722412,             1,             1,             1,             1,             1,             1,             1,             1,             1,             1, 119.848556519,           120, 0.733748733997,             0, 13.7878484726, 1.54851734638, 117.266983032, 114.359817505, 117.184135437, 114.280792236, 117.225990295, 120.555145264, 150.517486572, 123.884292603, 127.213439941,  130.54258728, 133.871749878, 137.200897217, 140.530044556, 143.859191895, 147.188339233, 117.267883301, 114.360282898, 120.555145264, 150.517486572, 123.884292603, 127.213439941,  130.54258728, 133.871749878, 137.200897217, 140.530044556, 143.859191895, 147.188339233, 117.184989929, 114.281295776, -2.6382162571,             0,             0,             0,             0,             0,             0,             0,             0,             0,             0, -4.62650680542, -2.95097231865, -4.89566612244, -2.99119234085, 4.28820896149, 4.42431306839, 2.61689949036, 2.75187778473, 3.45044875145, 3.49553704262,             0, 3.39285945892, 2.98981237411, 2.26507043839, 1.38507461548, 0.619287192822, 0.149573206902, 0.00554057629779,             0, 4.29927396774, 4.43342494965, 3.49553704262,             0, 3.39285945892, 2.98981237411, 2.26507043839, 1.38507461548, 0.619287192822, 0.149573206902, 0.00554057629779,             0, 2.62690496445, 2.76146578789, -5.55111512313e-17,             0,             0, -5.55111512313e-17, -0.00169857230503,             0,             0,             0,             0,             0,             0,             0,             0,             0,             0, 0.31221985817, 0.318891048431,             0,             0,             0,             0,             0,             0,             0,             0,             0,             0, 0.324050456285,  0.3295160532
         3.55, 3.14089131355, 2.64034533501, 3.43285083771, 2.71648573875, -12.7445411682, 2661.30712891, -0.651376545429,             0, 464.682922363, -30.3813533783, 501.203063965, -9.04930686951, -3848.0480957, -2503.82470703, -1869.0760498, -758.561096191, 5786.50488281, 4023.56787109, 2618.48291016, 1158.00878906,             0,             0,             0,             0,             0,             0,             0,             0,             0,             0,             0,             0,             0,             0,             0,             0,             0,             0,             0,             0, 3.51200175285, 3.42723464966, 0.0255588199943,             0,             0,             0,             0,             0,             0,             0,             0,             0,             0,             0,             0,             0,             0, -2.41919398308,             0,             0,             0,             0,             0,             0,             0,             0,             0,             0,             0,             0,             0,             0, -2.4191942215, -2.07559895515, -1.66858899593, -1.81002211571, -1.69349753857, 58.0605697632, 57.8750953674, 58.0416412354, 57.8330993652,  118.05796814, -1.92980051041, -2.20323777199, -38.4124145508,             0,             0,             0,             0,             0,             0,             0,             0,             0,             0, 121.370407104, 151.332092285, 124.699485779, 128.028564453, 131.357635498, 134.686706543, 138.015792847, 141.344863892, 144.673934937,  148.00302124,             1,             1,             1,             1,             1,             1,             1,             1,             1,             1, 119.845802307,           120, 0.737115204334,             0, 13.7878494263, 1.54851734638, 118.103591919, 115.197349548, 118.011528015, 115.108947754,  118.05796814, 121.387046814, 151.348709106, 124.716117859, 128.045196533, 131.374267578, 134.703338623, 138.032424927, 141.361495972, 144.690567017, 148.019638062, 118.104553223, 115.197883606, 121.387046814, 151.348709106, 124.716117859, 128.045196533, 131.374267578, 134.703338623, 138.032424927, 141.361495972, 144.690567017, 148.019638062, 118.012451172, 115.109512329, -2.95888757706,             0,             0,             0,             0,             0,             0,             0,             0,             0,             0, -4.88899421692, -3.27618098259, -5.16229343414, -3.32136297226, 4.26463985443, 4.41705703735, 2.59384727478, 2.74515485764, 3.42712163925, 3.48548436165,             0, 3.32757282257,   2.834233284,  2.0498290062, 1.17294299603, 0.46974760294, 0.0884293615818, 0.000330426788423,             0, 4.27591371536, 4.42633008957, 3.48548436165,             0, 3.32757282257,   2.834233284,  2.0498290062, 1.17294299603, 0.46974760294, 0.0884293615818, 0.000330426788423,             0, 2.60404682159, 2.75488138199,             0,             0, -5.55111512313e-17, 5.55111512313e-17, -0.00168509327341,             0,             0,             0,             0,             0,             0,             0,             0,             0,             0, 0.312203586102, 0.318851441145,             0,             0,             0,             0,             0,             0,             0,             0,             0,             0, 0.324067771435, 0.329535067081
        3.575,  3.1206510067, 2.67888092995, 3.41605758667, 2.75968503952, -12.568271637, 2662.01831055, -0.651991188526,             0, 468.727539062,  -30.23528862, 504.843078613, -9.35753822327, -3834.23535156, -2527.22509766, -1863.55883789, -763.302734375, 5784.92431641, 4028.34838867, 2616.70288086, 1155.05932617,             0,             0,             0,             0,             0,             0,             0,             0,             0,             0,             0,             0,             0,             0,             0,             0,             0,             0,             0,             0, 3.50739502907, 3.40009045601, 0.02793013677,             0,             0,             0,             0,             0,             0,             0,             0,             0,             0,             0,             0,             0,             0, -2.45614886284,             0,             0,             0,             0,             0,             0,             0,             0,             0,             0,             0,             0,             0,             0, -2.45614910126, -2.11146640778, -1.69483995438, -1.84194552898, -1.71495735645,  58.472240448, 58.2845840454, 58.4524230957, 58.2380256653, 118.889831543, -1.85970044136, -2.13653349876, -37.0570068359,             0,             0,             0,             0,             0,             0,             0,             0,             0,             0, 122.202217102, 152.163391113, 125.531234741,  128.86026001,  132.18927002, 135.518295288, 138.847320557, 142.176330566, 145.505355835, 148.834381104,             1,             1,             1,             1,             1,             1,             1,             1,             1,             1, 119.843772888,           120, 0.739382863045,             0, 13.7880363464, 1.54852092266, 118.940010071,  116.03478241, 118.838882446,  115.93711853, 118.889831543, 122.218849182, 152.180023193, 125.547866821,  128.87689209,   132.2059021, 135.534927368, 138.863952637, 142.192962646, 145.521987915, 148.850997925, 118.941040039, 116.035377502, 122.218849182, 152.180023193, 125.547866821,  128.87689209,   132.2059021, 135.534927368, 138.863952637, 142.192962646, 145.521987915, 148.850997925, 118.839866638,  115.93775177, -3.27579212189,             0,             0,             0,             0,             0,             0,             0,             0,             0,             0, -5.13569259644, -3.59708285332, -5.41240930557, -3.64711713791, 4.23716545105, 4.40569782257, 2.56692838669, 2.73437094688, 3.39991497993, 3.46776461601,             0, 3.23856258392, 2.66037034988, 1.82846736908, 0.972958862782, 0.340523332357, 0.0462776385248,             0,             0, 4.24862957001, 4.41511297226, 3.46776461601,             0, 3.23856258392, 2.66037034988, 1.82846736908, 0.972958862782, 0.340523332357, 0.0462776385248,             0,             0, 2.57730388641,  2.7442176342, -5.55111512313e-17,             0,             0,             0, -0.00166843063198,             0,             0,             0,             0,             0,             0,             0,             0,             0,             0, 0.312202334404, 0.318829298019,             0,             0,             0,             0,             0,             0,             0,             0,             0,             0, 0.324068635702, 0.329542398453
          3.6, 3.08646082878, 2.70911121368, 3.38441443443, 2.79405331612, -12.341088295, 2662.43066406, -0.651379466057,             0, 471.502410889, -30.0784473419, 507.153625488, -9.69823455811, -3810.00244141, -2543.89868164, -1857.91430664, -768.641540527, 5779.76855469, 4029.25585938,    2619.15625, 1155.10888672,             0,             0,             0,             0,             0,             0,             0,             0,             0,             0,             0,             0,             0,             0,             0,             0,             0,             0,             0,             0, 3.50199365616, 3.36911153793, 0.030181184411,             0,             0,             0,             0,             0,             0,             0,             0,             0,             0,             0,             0,             0,             0, -2.48839426041,             0,             0,             0,             0,             0,             0,             0,             0,             0,             0,             0,             0,             0,             0, -2.48839473724, -2.14366149902, -1.7176579237, -1.87058162689, -1.73319625854, 58.8838844299,  58.694026947, 58.8632659912, 58.6429634094, 119.721565247, -1.77898859978, -2.05847501755, -35.5122451782,             0,             0,             0,             0,             0,             0,             0,             0,             0,             0, 123.033912659, 152.994781494,  126.36289978, 129.691879272, 133.020874023, 136.349853516, 139.678833008, 143.007827759, 146.336807251, 149.665786743,             1,             1,             1,             1,             1,             1,             1,             1,             1,             1,  119.84249115,           120, 0.740968048573,             0, 13.7883930206, 1.54852759838,   119.7762146, 116.872085571,  119.66620636, 116.765312195, 119.721565247, 123.050544739, 153.011398315,  126.37953186, 129.708511353, 133.037506104, 136.366485596, 139.695465088, 143.024459839, 146.353439331, 149.682418823, 119.777313232,  116.87273407, 123.050544739, 153.011398315,  126.37953186, 129.708511353, 133.037506104, 136.366485596, 139.695465088, 143.024459839, 146.353439331, 149.682418823, 119.667243958,  116.76599884, -3.58765268326,             0,             0,             0,             0,             0,             0,             0,             0,             0,             0, -5.36672544479, -3.91241002083, -5.64612007141, -3.96699714661,  4.2058095932, 4.39019346237,  2.5361623764, 2.71947979927, 3.36885046959, 3.43829631805,             0, 3.12547564507, 2.47017288208, 1.60558497906, 0.78799790144, 0.23337303102, 0.0197747014463,             0,             0,  4.2174448967, 4.39973211288, 3.43829631805,             0, 3.12547564507, 2.47017288208, 1.60558497906, 0.78799790144, 0.23337303102, 0.0197747014463,             0,             0, 2.54669451714, 2.72942757607,             0, -5.55111512313e-17, 5.55111512313e-17,             0, -0.00164957076777,             0,             0,             0,             0,             0,             0,             0,             0,             0,             0, 0.312215059996, 0.318822145462,             0,             0,             0,             0,             0,             0,             0,             0,             0,             0, 0.32405424118, 0.329539060593
        3.625,  3.0374045372, 2.73022460938, 3.33706879616, 2.81877851486, -12.0616197586, 2662.74707031, -0.649248719215,             0,  473.61026001, -29.9155902863, 508.662689209, -10.087305069, -3774.5859375, -2553.89624023, -1849.01831055, -774.331176758,   5771.484375, 4027.18579102, 2625.17333984, 1157.91870117,             0,             0,             0,             0,             0,             0,             0,             0,             0,             0,             0,             0,             0,             0,             0,             0,             0,             0,             0,             0, 3.49555516243, 3.33432936668, 0.0322835184634,             0,             0,             0,             0,             0,             0,             0,             0,             0,             0,             0,             0,             0,             0, -2.51591420174,             0,             0,             0,             0,             0,             0,             0,             0,             0,             0,             0,             0,             0,             0, -2.51591467857, -2.17218542099, -1.73708879948, -1.89596915245, -1.74825155735, 59.2954864502, 59.1034164429,  59.274143219, 59.0479316711, 120.553153992, -1.68744456768, -1.96890473366, -33.7772445679,             0,             0,             0,             0,             0,             0,             0,             0,             0,             0, 123.865501404, 153.826248169, 127.194473267,   130.5234375, 133.852416992, 137.181396484, 140.510360718,  143.83934021, 147.168304443, 150.497283936,             1,             1,             1,             1,             1,             1,             1,             1,             1,             1, 119.842079163,           120, 0.742156326771,             0, 13.7889385223, 1.54853773117, 120.612174988, 117.709205627, 120.493492126, 117.593513489, 120.553153992, 123.882125854, 153.842880249, 127.211105347,  130.54006958, 133.869049072, 137.198013306, 140.526992798,  143.85597229, 147.184936523, 150.513916016, 120.613327026, 117.709915161, 123.882125854, 153.842880249, 127.211105347,  130.54006958, 133.869049072, 137.198013306, 140.526992798,  143.85597229, 147.184936523, 150.513916016, 120.494590759, 117.594268799, -3.89318180084,             0,             0,             0,             0,             0,             0,             0,             0,             0,             0, -5.5805850029, -4.2208571434, -5.86198139191, -4.27972269058, 4.17060375214, 4.37050914764, 2.50157427788, 2.70044136047, 3.33395648003, 3.39300131798,             0, 2.99022245407, 2.26570796967,  1.3857768774, 0.619836807251, 0.149836480618, 0.00557605177164,             0,             0, 4.18239068985, 4.38015222549, 3.39300131798,             0, 2.99022245407, 2.26570796967,  1.3857768774, 0.619836807251, 0.149836480618, 0.00557605177164,             0,             0, 2.51224446297, 2.71047115326, -5.55111512313e-17,             0,             0,             0, -0.00162886711769,             0,             0,             0,             0,             0,             0,             0,             0,             0,             0, 0.312240093946, 0.31882661581,             0,             0,             0,             0,             0,             0,             0,             0,             0,             0, 0.324027091265, 0.329525947571
         3.65, 2.97404670715, 2.74142146111, 3.27455163002, 2.83297538757, -11.7237873077, 2663.01831055, -0.645067691803,             0, 475.088592529, -29.7246112823, 509.769348145, -10.5553369522, -3719.33569336, -2556.93212891, -1838.38720703, -780.417663574, 5759.96484375,  4022.3984375, 2634.54833984, 1163.74060059,             0,             0,             0,             0,             0,             0,             0,             0,             0,             0,             0,             0,             0,             0,             0,             0,             0,             0,             0,             0, 3.48552322388, 3.29578113556, 0.0341859422624,             0,             0,             0,             0,             0,             0,             0,             0,             0,             0,             0,             0,             0,             0, -2.5386197567,             0,             0,             0,             0,             0,             0,             0,             0,             0,             0,             0,             0,             0,             0, -2.53862023354, -2.19691419601, -1.75303518772, -1.91799902916, -1.76009535789, 59.7070426941, 59.5127487183, 59.6850395203, 59.4529418945, 121.384597778, -1.58588659763, -1.86861169338, -31.8665008545,             0,             0,             0,             0,             0,             0,             0,             0,             0,             0, 124.696960449, 154.657867432,   128.0259552, 131.354934692, 134.683929443, 138.012924194, 141.341918945, 144.670898438, 147.999893188, 151.328887939,             1,             1,             1,             1,             1,             1,             1,             1,             1,             1, 119.842720032,           120, 0.743095755577,             0, 13.7897176743, 1.54855239391, 121.447860718, 118.546112061, 121.320762634, 118.421737671, 121.384597778, 124.713592529, 154.674514771,  128.04258728, 131.371566772, 134.700561523, 138.029556274, 141.358551025, 144.687530518, 148.016525269,  151.34552002, 121.449066162, 118.546882629, 124.713592529, 154.674514771,  128.04258728, 131.371566772, 134.700561523, 138.029556274, 141.358551025, 144.687530518, 148.016525269,  151.34552002, 121.321907043, 118.422546387, -4.19100284576,             0,             0,             0,             0,             0,             0,             0,             0,             0,             0, -5.7767162323, -4.52105331421, -6.05940771103, -4.58386993408, 4.13159132004, 4.34661865234, 2.46320080757, 2.67722225189, 3.29527258873, 3.32780575752,             0, 2.83475184441, 2.05053949356, 1.17363452911, 0.470228910446, 0.0886106416583, 0.000337220641086,             0,             0, 4.14350986481, 4.35634660721, 3.32780575752,             0, 2.83475184441, 2.05053949356, 1.17363452911, 0.470228910446, 0.0886106416583, 0.000337220641086,             0,             0, 2.47398996353,  2.6873152256,             0,             0, -5.55111512313e-17,             0, -0.0016062206123,             0,             0,             0,             0,             0,             0,             0,             0,             0,             0, 0.312277883291, 0.31884175539,             0,             0,             0,             0,             0,             0,             0,             0,             0,             0, 0.323987990618, 0.329502135515
        3.675, 2.89727544785, 2.74174261093, 3.19780373573, 2.83559417725, -11.3232393265, 2663.21240234, -0.639397680759,             0, 476.583068848, -29.5340595245, 510.679199219, -11.1057109833, -3652.04370117, -2552.16943359, -1826.49072266, -787.220825195, 5744.45214844, 4014.32641602, 2647.78930664, 1173.31054688,             0,             0,             0,             0,             0,             0,             0,             0,             0,             0,             0,             0,             0,             0,             0,             0,             0,             0,             0,             0, 3.46784639359, 3.25351166725, 0.0358348153532,             0,             0,             0,             0,             0,             0,             0,             0,             0,             0,             0,             0,             0,             0, -2.55621170998,             0,             0,             0,             0,             0,             0,             0,             0,             0,             0,             0,             0,             0,             0, -2.55621218681, -2.21749091148, -1.76517021656, -1.93631458282, -1.7685277462, 60.1185417175, 59.9220161438, 60.0959396362, 59.8580131531, 122.215888977, -1.47578048706, -1.75912702084, -29.8055000305,             0,             0,             0,             0,             0,             0,             0,             0,             0,             0, 125.528305054, 155.489685059, 128.857345581, 132.186386108, 135.515426636, 138.844482422, 142.173522949, 145.502563477, 148.831604004, 152.160644531,             1,             1,             1,             1,             1,             1,             1,             1,             1,             1, 119.844650269,           120, 0.743842482567,             0, 13.7907867432, 1.54857242107, 122.283241272, 119.382759094, 122.148025513, 119.249977112, 122.215888977, 125.544929504, 155.506332397, 128.873977661, 132.203018188, 135.532058716, 138.861114502, 142.190155029, 145.519195557, 148.848236084,  152.17729187, 122.284492493, 119.383583069, 125.544929504, 155.506332397, 128.873977661, 132.203018188, 135.532058716, 138.861114502, 142.190155029, 145.519195557, 148.848236084,  152.17729187, 122.149215698, 119.250839233, -4.47958135605,             0,             0,             0,             0,             0,             0,             0,             0,             0,             0, -5.95505428314, -4.81146717072, -6.23839902878, -4.87783908844, 4.08883142471, 4.31850385666, 2.42109513283, 2.64979672432, 3.25285482407, 3.23892068863,             0, 2.66100931168, 1.82924163342, 0.973622739315, 0.340927809477, 0.0463919453323,             0,             0,             0, 4.10086011887, 4.32829618454, 3.23892068863,             0, 2.66100931168, 1.82924163342, 0.973622739315, 0.340927809477, 0.0463919453323,             0,             0,             0, 2.43198180199, 2.65993261337, -5.55111512313e-17,             0, -5.55111512313e-17,             0, -0.00158140785061,             0,             0,             0,             0,             0,             0,             0,             0,             0,             0, 0.312331408262, 0.318869799376,             0,             0,             0,             0,             0,             0,             0,             0,             0,             0, 0.323935121298, 0.329464972019
          3.7, 2.80752420425, 2.73015928268, 3.10713219643, 2.82553362846,  -10.85983181, 2663.25585938, -0.6322286129,             0, 477.901855469, -29.3517684937, 511.395294189, -11.7266712189, -3573.26074219, -2538.85253906, -1813.45043945, -794.684448242, 5724.55810547,  4002.5546875, 2665.18579102, 1186.87036133,             0,             0,             0,             0,             0,             0,             0,             0,             0,             0,             0,             0,             0,             0,             0,             0,             0,             0,             0,             0,  3.4384522438, 3.20756816864, 0.0371872298419,             0,             0,             0,             0,             0,             0,             0,             0,             0,             0,             0,             0,             0,             0, -2.56840538979,             0,             0,             0,             0,             0,             0,             0,             0,             0,             0,             0,             0,             0,             0, -2.56840610504, -2.23358249664, -1.77320849895, -1.95059800148, -1.7733798027, 60.5299797058, 60.3312187195, 60.5068359375, 60.2631568909, 123.047012329, -1.35857129097, -1.64178264141, -27.6212749481,             0,             0,             0,             0,             0,             0,             0,             0,             0,             0, 126.359527588, 156.321762085, 129.688674927, 133.017807007, 136.346939087, 139.676086426, 143.005218506, 146.334350586, 149.663497925, 152.992630005,             1,             1,             1,             1,             1,             1,             1,             1,             1,             1, 119.848091125,           120, 0.744394183159,             0, 13.7921981812, 1.54859876633, 123.118293762, 120.219108582,  122.97530365, 120.078239441, 123.047012329, 126.376152039, 156.338409424, 129.705291748, 133.034439087, 136.363571167, 139.692718506, 143.021850586, 146.350997925, 149.680130005, 153.009277344, 123.119590759, 120.219985962, 126.376152039, 156.338409424, 129.705291748, 133.034439087, 136.363571167, 139.692718506, 143.021850586, 146.350997925, 149.680130005, 153.009277344, 122.976531982, 120.079154968, -4.75733852386,             0,             0,             0,             0,             0,             0,             0,             0,             0,             0, -6.11546897888, -5.09051656723, -6.39871120453, -5.15997266769, 4.04239559174, 4.28615570068, 2.37531995773, 2.61814713478, 3.20677018166, 3.12598109245,             0, 2.47093892097, 1.60640406609, 0.78861707449, 0.233689635992, 0.0198366250843,             0,             0,             0, 4.05451059341, 4.29598999023, 3.12598109245,             0, 2.47093892097, 1.60640406609, 0.78861707449, 0.233689635992, 0.0198366250843,             0,             0,             0, 2.38628149033, 2.62830471992,             0,             0,             0, 5.55111512313e-17, -0.00155424384866,             0,             0,             0,             0,             0,             0,             0,             0,             0,             0, 0.312402188778, 0.318912297487,             0,             0,             0,             0,             0,             0,             0,             0,             0,             0, 0.323867499828, 0.329413533211
        3.725,  2.7040116787, 2.70574021339, 3.00208044052, 2.80181670189, -10.3345651627, 2663.06616211, -0.623484134674,             0,  478.97052002, -29.1831226349, 511.832824707, -12.4089517593, -3483.18530273, -2516.54833984, -1798.86608887, -802.398681641, 5700.38378906, 3987.05371094, 2686.62915039, 1204.17419434,             0,             0,             0,             0,             0,             0,             0,             0,             0,             0,             0,             0,             0,             0,             0,             0,             0,             0,             0,             0, 3.39327335358,  3.1579990387, 0.038212902844,             0,             0,             0,             0,             0,             0,             0,             0,             0,             0,             0,             0,             0,             0, -2.57502174377,             0,             0,             0,             0,             0,             0,             0,             0,             0,             0,             0,             0,             0,             0, -2.57502222061, -2.24502301216, -1.77699112892,  -1.960683465, -1.77457225323, 60.9413452148, 60.7403488159, 60.9177131653, 60.6683959961, 123.877983093, -1.23448741436, -1.51713311672, -25.3215808868,             0,             0,             0,             0,             0,             0,             0,             0,             0,             0, 127.190643311, 157.154159546, 130.519927979, 133.849197388, 137.178482056, 140.507766724, 143.837036133, 147.166320801, 150.495605469, 153.824874878,             1,             1,             1,             1,             1,             1,             1,             1,             1,             1, 119.853263855,           120, 0.744705557823,             0, 13.7940006256, 1.54863250256,   123.9529953, 121.055122375, 123.802604675, 120.906532288, 123.877983093, 127.207267761, 157.170806885,   130.5365448, 133.865829468, 137.195114136, 140.524398804, 143.853683472,  147.18296814, 150.512252808, 153.841522217, 123.954330444, 121.056045532, 127.207267761, 157.170806885,   130.5365448, 133.865829468, 137.195114136, 140.524398804, 143.853683472,  147.18296814, 150.512252808, 153.841522217, 123.803871155, 120.907493591, -5.02270936966,             0,             0,             0,             0,             0,             0,             0,             0,             0,             0, -6.25662660599, -5.35662651062, -6.53933572769, -5.42862987518, 3.99236154556, 4.24957466125, 2.32594537735, 2.58226323128, 3.15709209442, 2.99089455605,             0, 2.26660084724, 1.38661539555, 0.620393276215, 0.150060921907, 0.00560127571225,             0,             0,             0, 4.00453901291, 4.25942707062, 2.99089455605,             0, 2.26660084724, 1.38661539555, 0.620393276215, 0.150060921907, 0.00560127571225,             0,             0,             0,  2.3369576931, 2.59242153168,             0,             0,             0, -5.55111512313e-17, -0.00152467901353,             0,             0,             0,             0,             0,             0,             0,             0,             0,             0, 0.31248986721, 0.318969458342,             0,             0,             0,             0,             0,             0,             0,             0,             0,             0, 0.323785603046, 0.329348772764
         3.75, 2.58719944954, 2.66770172119, 2.88281869888, 2.76362848282, -9.74772167206, 2662.57006836, -0.612534940243,             0, 479.591918945, -29.0102939606, 511.075256348, -13.1521940231, -3380.67553711, -2485.01123047, -1775.8605957, -809.93371582, 5672.14208984,  3967.8972168, 2712.03027344, 1224.97546387,             0,             0,             0,             0,             0,             0,             0,             0,             0,             0,             0,             0,             0,             0,             0,             0,             0,             0,             0,             0, 3.32824683189, 3.10485386848, 0.0388882942498,             0,             0,             0,             0,             0,             0,             0,             0,             0,             0,             0,             0,             0,             0, -2.57593607903,             0,             0,             0,             0,             0,             0,             0,             0,             0,             0,             0,             0,             0,             0, -2.57593655586, -2.25164985657, -1.77641165257, -1.96642923355, -1.77205824852, 61.3526268005, 61.1494026184, 61.3285560608, 61.0737495422,  124.70879364, -1.10474848747, -1.38608908653, -22.9229354858,             0,             0,             0,             0,             0,             0,             0,             0,             0,             0, 128.021652222, 157.986923218, 131.351119995, 134.680603027, 138.010070801, 141.339553833, 144.669021606,  147.99848938, 151.327972412, 154.657440186,             1,             1,             1,             1,             1,             1,             1,             1,             1,             1, 119.860343933,           120, 0.744711041451,             0, 13.7962360382, 1.54867434502, 124.787322998,   121.8907547, 124.629966736, 121.734855652,  124.70879364, 128.038269043, 158.003570557, 131.367752075, 134.697219849, 138.026702881, 141.356185913, 144.685668945, 148.015136719, 151.344619751, 154.674102783,  124.78868866, 121.891723633, 128.038269043, 158.003570557, 131.367752075, 134.697219849, 138.026702881, 141.356185913, 144.685668945, 148.015136719, 151.344619751, 154.674102783, 124.631248474, 121.735862732, -5.27415657043,             0,             0,             0,             0,             0,             0,             0,             0,             0,             0, -6.3782119751, -5.60825204849, -6.65964889526, -5.68221187592, 3.93881773949, 4.20877027512, 2.27304983139,  2.5421462059, 3.10390400887, 2.83560681343,             0, 2.05154657364, 1.17446410656, 0.470707654953, 0.0887559354305, 0.000341453705914,             0,             0,             0, 3.95103263855, 4.21861743927, 2.83560681343,             0, 2.05154657364, 1.17446410656, 0.470707654953, 0.0887559354305, 0.000341453705914,             0,             0,             0,  2.2840886116, 2.55228328705,             0,             0,             0, -5.55111512313e-17, -0.00149282172788,             0,             0,             0,             0,             0,             0,             0,             0,             0,             0, 0.312593758106, 0.319041013718,             0,             0,             0,             0,             0,             0,             0,             0,             0,             0, 0.323689758778, 0.329271644354
        3.775, 2.46072340012, 2.61533236504, 2.75319194794, 2.71019268036, -9.09056663513, 2661.73120117, -0.598801910877,             0, 479.823364258, -28.7825374603, 509.378753662, -13.992354393, -3254.53637695, -2443.67236328, -1748.09814453, -817.302368164, 5639.28173828, 3944.44384766, 2742.25415039, 1249.76245117,             0,             0,             0,             0,             0,             0,             0,             0,             0,             0,             0,             0,             0,             0,             0,             0,             0,             0,             0,             0, 3.23958826065, 3.04819488525, 0.0391917824745,             0,             0,             0,             0,             0,             0,             0,             0,             0,             0,             0,             0,             0,             0, -2.57080388069,             0,             0,             0,             0,             0,             0,             0,             0,             0,             0,             0,             0,             0,             0, -2.57080435753, -2.25296330452, -1.77114534378, -1.96731603146, -1.76559829712, 61.7638168335, 61.5583763123, 61.7393722534, 61.4792327881,  125.53944397, -0.972939133644, -1.25246274471, -20.465669632,             0,             0,             0,             0,             0,             0,             0,             0,             0,             0, 128.852554321, 158.820068359, 132.182281494, 135.512008667, 138.841720581, 142.171447754, 145.501174927,   148.8309021, 152.160614014, 155.490341187,             1,             1,             1,             1,             1,             1,             1,             1,             1,             1, 119.869392395,           120, 0.744296610355,             0, 13.7989244461, 1.54872465134, 125.621269226, 122.725982666, 125.457397461, 122.563224792,  125.53944397, 128.869171143, 158.836730957, 132.198898315, 135.528625488, 138.858352661, 142.188095093, 145.517822266, 148.847549438, 152.177276611, 155.507003784, 125.622657776, 122.726982117, 128.869171143, 158.836730957, 132.198898315, 135.528625488, 138.858352661, 142.188095093, 145.517822266, 148.847549438, 152.177276611, 155.507003784, 125.458702087,  122.56427002, -5.51003789902,             0,             0,             0,             0,             0,             0,             0,             0,             0,             0,  -6.482172966, -5.84373998642, -6.76182365417,  -5.919008255, 3.88187026978, 4.16376590729, 2.21673083305,   2.497808218, 3.04730629921,  2.6620619297,             0, 1.83034539223, 0.974418997765, 0.341319859028, 0.0464759655297,             0,             0,             0,             0, 3.89409446716,  4.1735830307,  2.6620619297,             0, 1.83034539223, 0.974418997765, 0.341319859028, 0.0464759655297,             0,             0,             0,             0, 2.22776842117, 2.50790119171,             0,             0, 5.55111512313e-17, 5.55111512313e-17, -0.00145899411291,             0,             0,             0,             0,             0,             0,             0,             0,             0,             0, 0.31271597743, 0.319129377604,             0,             0,             0,             0,             0,             0,             0,             0,             0,             0, 0.32357686758, 0.32918035984
          3.8, 2.32353568077,  2.5480260849, 2.61214327812, 2.64084076881, -8.36771583557, 2660.53686523, -0.582801043987,             0,     479.96875, -28.5781345367, 507.659362793, -14.8837919235, -3116.36157227, -2384.50219727, -1718.79577637, -824.851013184, 5600.53173828, 3915.15454102,  2778.2980957, 1279.62158203,             0,             0,             0,             0,             0,             0,             0,             0,             0,             0,             0,             0,             0,             0,             0,             0,             0,             0,             0,             0, 3.12690925598, 2.98811578751, 0.0390959233046,             0,             0,             0,             0,             0,             0,             0,             0,             0,             0,             0,             0,             0,             0, -2.55903434753,             0,             0,             0,             0,             0,             0,             0,             0,             0,             0,             0,             0,             0,             0, -2.55903482437, -2.24840474129, -1.76039755344, -1.96284747124, -1.75476193428, 62.1749076843, 61.9672698975, 62.1501655579, 61.8848762512, 126.369949341, -0.839003801346, -1.11619079113, -17.9832439423,             0,             0,             0,             0,             0,             0,             0,             0,             0,             0, 129.683364868, 159.653656006, 133.013397217, 136.343429565, 139.673461914, 143.003494263, 146.333526611,  149.66355896, 152.993591309, 156.323623657,             1,             1,             1,             1,             1,             1,             1,             1,             1,             1, 119.880592346,           120, 0.743444263935,             0,  13.802110672, 1.54878425598, 126.454803467, 123.560752869, 126.284927368, 123.391654968, 126.369949341, 129.699981689, 159.670333862, 133.030029297, 136.360061646, 139.690093994, 143.020141602,  146.35017395, 149.680221558, 153.010253906, 156.340301514, 126.456207275, 123.561790466, 129.699981689, 159.670333862, 133.030029297, 136.360061646, 139.690093994, 143.020141602,  146.35017395, 149.680221558, 153.010253906, 156.340301514, 126.286254883, 123.392730713, -5.72860383987,             0,             0,             0,             0,             0,             0,             0,             0,             0,             0, -6.56670665741, -6.06132984161, -6.84404945374, -6.13718128204, 3.82164406776, 4.11460161209, 2.15710282326, 2.44927549362, 2.98741912842, 2.47220039368,             0, 1.60758197308, 0.789364218712, 0.233990132809, 0.0198775269091,             0,             0,             0,             0,  3.8338470459, 4.12435817719, 2.47220039368,             0, 1.60758197308, 0.789364218712, 0.233990132809, 0.0198775269091,             0,             0,             0,             0, 2.16810870171, 2.45929908752,             0,             0,             0,             0, -0.00142368907109,             0,             0,             0,             0,             0,             0,             0,             0,             0,             0, 0.312861442566, 0.319240480661,             0,             0,             0,             0,             0,             0,             0,             0,             0,             0, 0.323443323374, 0.32907089591
        3.825, 2.17638492584, 2.46576595306, 2.46032238007, 2.55551552773, -7.58694696426, 2658.94702148, -0.563956856728,             0, 479.460754395, -28.3471412659,  505.01361084, -15.8108615875, -2963.58691406, -2311.33886719, -1680.54174805, -830.749328613, 5554.85253906, 3879.19140625, 2820.89379883, 1315.45837402,             0,             0,             0,             0,             0,             0,             0,             0,             0,             0,             0,             0,             0,             0,             0,             0,             0,             0,             0,             0, 2.99211120605, 2.92473506927, 0.0385599918664,             0,             0,             0,             0,             0,             0,             0,             0,             0,             0,             0,             0,             0,             0, -2.54007983208,             0,             0,             0,             0,             0,             0,             0,             0,             0,             0,             0,             0,             0,             0, -2.54008030891, -2.23738837242, -1.74378967285, -1.95250809193, -1.73912072182, 62.5858764648, 62.3760757446, 62.5609283447, 62.2906951904, 127.200309753, -0.704317212105, -0.978508234024, -15.4866790771,             0,             0,             0,             0,             0,             0,             0,             0,             0,             0,  130.51411438, 160.487716675, 133.844512939, 137.174911499, 140.505310059, 143.835708618, 147.166122437, 150.496520996, 153.826919556, 157.157318115,             1,             1,             1,             1,             1,             1,             1,             1,             1,             1, 119.894004822,           120, 0.742148697376,             0, 13.8058300018,   1.548853755,  127.28792572, 124.395042419, 127.112602234, 124.220153809, 127.200309753, 130.530715942,  160.50440979, 133.861129761, 137.191543579, 140.521957397, 143.852355957, 147.182769775, 150.513183594, 153.843582153, 157.173995972, 127.289337158, 124.396102905, 130.530715942,  160.50440979, 133.861129761, 137.191543579, 140.521957397, 143.852355957, 147.182769775, 150.513183594, 153.843582153, 157.173995972, 127.113929749, 124.221252441, -5.92833089828,             0,             0,             0,             0,             0,             0,             0,             0,             0,             0, -6.63166904449, -6.25947618484, -6.90604162216, -6.33505249023, 3.75827455521, 4.06133508682, 2.09429121017, 2.39659667015, 2.92437291145, 2.26807594299,             0, 1.38784086704, 0.62107783556, 0.150272667408, 0.00561587559059,             0,             0,             0,             0, 3.77042293549, 4.07100057602, 2.26807594299,             0, 1.38784086704, 0.62107783556, 0.150272667408, 0.00561587559059,             0,             0,             0,             0, 2.10523223877, 2.40652298927,             0, 5.55111512313e-17,             0,             0, -0.00138747121673,             0,             0,             0,             0,             0,             0,             0,             0,             0,             0, 0.313034117222, 0.319377422333,             0,             0,             0,             0,             0,             0,             0,             0,             0,             0, 0.323286473751, 0.328939974308
         3.85, 2.02471399307, 2.36832523346, 2.30307912827, 2.45408606529, -6.74628162384, 2656.93530273, -0.541617810726,             0, 478.124328613, -28.0462207794, 501.619781494, -16.8153419495, -2782.90112305, -2226.07250977, -1636.19287109, -834.438903809, 5501.53613281, 3836.57714844, 2871.33007812, 1358.18249512,             0,             0,             0,             0,             0,             0,             0,             0,             0,             0,             0,             0,             0,             0,             0,             0,             0,             0,             0,             0, 2.83713626862, 2.85819411278, 0.0375446043909,             0,             0,             0,             0,             0,             0,             0,             0,             0,             0,             0,             0,             0,             0, -2.51337003708,             0,             0,             0,             0,             0,             0,             0,             0,             0,             0,             0,             0,             0,             0, -2.51337075233, -2.2191131115, -1.72097277641, -1.93552696705, -1.71826827526, 62.9967155457, 62.7847976685, 62.9716529846, 62.6967124939, 128.030548096, -0.574255764484, -0.844691872597, -13.0045928955,             0,             0,             0,             0,             0,             0,             0,             0,             0,             0, 131.344772339, 161.322265625, 134.675613403, 138.006439209, 141.337280273, 144.668106079, 147.998947144, 151.329772949, 154.660614014, 157.991439819,             1,             1,             1,             1,             1,             1,             1,             1,             1,             1, 119.909629822,           120, 0.74035346508,             0, 13.8100938797, 1.54893350601, 128.120620728,  125.22882843, 127.940437317, 125.048736572, 128.030548096,  131.36138916, 161.338973999, 134.692230225, 138.023071289, 141.353912354, 144.684753418, 148.015594482, 151.346435547,  154.67729187, 158.008132935, 128.122039795, 125.229904175,  131.36138916, 161.338973999, 134.692230225, 138.023071289, 141.353912354, 144.684753418, 148.015594482, 151.346435547,  154.67729187, 158.008132935, 127.941757202, 125.049850464, -6.10775947571,             0,             0,             0,             0,             0,             0,             0,             0,             0,             0, -6.6809835434, -6.43666124344, -6.95162153244, -6.51117753983, 3.69191527367, 4.00404548645, 2.02844023705, 2.33983969688, 2.85831427574, 2.05322027206,             0, 1.17570626736, 0.471318155527, 0.088895611465, 0.000343506602803,             0,             0,             0,             0, 3.70397090912, 4.01358556747, 2.05322027206,             0, 1.17570626736, 0.471318155527, 0.088895611465, 0.000343506602803,             0,             0,             0,             0, 2.03927898407,  2.3496389389, 5.55111512313e-17, 5.55111512313e-17,             0, 5.55111512313e-17, -0.00135115662124,             0,             0,             0,             0,             0,             0,             0,             0,             0,             0, 0.313236802816, 0.319540202618,             0,             0,             0,             0,             0,             0,             0,             0,             0,             0, 0.323101639748, 0.328784257174
        3.875, 1.86594998837, 2.25506973267, 2.13790106773, 2.33581233025, -5.84451532364, 2652.53491211, -0.517321407795,             0, 474.170684814, -27.6903781891, 496.651916504, -17.8737049103, -2590.22509766, -2128.95288086, -1590.06750488, -836.767456055, 5440.24267578,  3787.0871582, 2929.85351562, 1407.77722168,             0,             0,             0,             0,             0,             0,             0,             0,             0,             0,             0,             0,             0,             0,             0,             0,             0,             0,             0,             0, 2.66392183304, 2.78866267204, 0.0360321141779,             0,             0,             0,             0,             0,             0,             0,             0,             0,             0,             0,             0,             0,             0, -2.47831940651,             0,             0,             0,             0,             0,             0,             0,             0,             0,             0,             0,             0,             0,             0, -2.47831988335, -2.19315052032, -1.69152879715, -1.91157591343, -1.69190144539, 63.4074325562, 63.1934318542, 63.3823318481, 63.1029548645, 128.860671997, -0.446776211262, -0.712752282619, -10.5766448975,             0,             0,             0,             0,             0,             0,             0,             0,             0,             0,  132.17539978, 162.157287598, 135.506713867, 138.838043213,   142.1693573, 145.500671387, 148.832000732, 152.163314819, 155.494644165, 158.825958252,             1,             1,             1,             1,             1,             1,             1,             1,             1,             1, 119.927307129,           120, 0.735801875591,             0,  13.814863205, 1.54902267456, 128.952896118, 126.062080383, 128.768463135, 125.877418518, 128.860671997, 132.192016602, 162.173980713, 135.523345947, 138.854675293, 142.186004639, 145.517333984,  148.84866333, 152.179992676, 155.511322021, 158.842651367, 128.954299927, 126.063163757, 132.192016602, 162.173980713, 135.523345947, 138.854675293, 142.186004639, 145.517333984,  148.84866333, 152.179992676, 155.511322021, 158.842651367, 128.769775391, 125.878547668, -6.26534509659,             0,             0,             0,             0,             0,             0,             0,             0,             0,             0, -6.71106338501, -6.59127998352, -6.9772567749, -6.66381788254,  3.6227388382, 3.94282841682, 1.95971167088, 2.27908921242, 2.78941226006, 1.83219230175,             0, 0.975646495819, 0.341846317053, 0.0465610176325,             0,             0,             0,             0,             0, 3.63466143608, 3.95220804214, 1.83219230175,             0, 0.975646495819, 0.341846317053, 0.0465610176325,             0,             0,             0,             0,             0, 1.97040843964, 2.28872990608,             0,             0,             0,             0, -0.00131598662119,             0,             0,             0,             0,             0,             0,             0,             0,             0,             0, 0.313470810652, 0.319729685783,             0,             0,             0,             0,             0,             0,             0,             0,             0,             0, 0.322887927294, 0.328603774309
          3.9, 1.70321381092, 2.12565350533, 1.96794307232, 2.20032572746, -4.89011144638,  2644.0234375, -0.490086019039,             0, 465.662597656, -27.1701107025, 484.607574463, -18.8921451569, -2393.56542969, -2015.50439453, -1526.92224121, -835.82598877, 5372.32177734, 3731.39404297,  2995.6730957,  1462.5246582,             0,             0,             0,             0,             0,             0,             0,             0,             0,             0,             0,             0,             0,             0,             0,             0,             0,             0,             0,             0, 2.47440290451, 2.71632599831, 0.0340558104217,             0,             0,             0,             0,             0,             0,             0,             0,             0,             0,             0,             0,             0,             0, -2.4347743988,             0,             0,             0,             0,             0,             0,             0,             0,             0,             0,             0,             0,             0,             0, -2.43477487564, -2.15918636322, -1.6553068161, -1.8804141283, -1.66002607346, 63.8180198669, 63.6019744873, 63.7929267883, 63.5094413757, 129.690704346, -0.32601043582, -0.586790144444, -8.2336435318,             0,             0,             0,             0,             0,             0,             0,             0,             0,             0, 133.005966187, 162.992645264, 136.337814331, 139.669677734, 143.001525879, 146.333374023, 149.665237427, 152.997085571, 156.328933716, 159.660797119,             1,             1,             1,             1,             1,             1,             1,             1,             1,             1, 119.946601868,           120, 0.727071404457,             0, 13.8200111389, 1.54911887646, 129.784729004, 126.894775391, 129.596725464, 126.706230164, 129.690704346, 133.022583008, 163.009353638, 136.354446411, 139.686309814, 143.018173218, 146.350036621, 149.681900024, 153.013763428, 156.345626831, 159.677490234, 129.786117554, 126.895851135, 133.022583008, 163.009353638, 136.354446411, 139.686309814, 143.018173218, 146.350036621, 149.681900024, 153.013763428, 156.345626831, 159.677490234, 129.598022461, 126.707359314, -6.3996629715,             0,             0,             0,             0,             0,             0,             0,             0,             0,             0, -6.72461748123, -6.72185897827, -6.98562383652, -6.79138422012, 3.55092692375, 3.87779521942, 1.88827884197,  2.2144446373, 2.71784281731, 1.60957181454,             0, 0.790561199188, 0.234427183867, 0.0199246089906,             0,             0,             0,             0,             0, 3.56267404556, 3.88697743416, 1.60957181454,             0, 0.790561199188, 0.234427183867, 0.0199246089906,             0,             0,             0,             0,             0, 1.89879322052, 2.22389531136,             0,             0,             0,             0, -0.00128384737764,             0,             0,             0,             0,             0,             0,             0,             0,             0,             0, 0.313731104136, 0.31994330883,             0,             0,             0,             0,             0,             0,             0,             0,             0,             0, 0.322648286819, 0.328404933214
        3.925, 1.54120695591, 1.98224771023, 1.79765582085, 2.05002689362, -3.90672135353,      2633.125, -0.458658069372,             0, 451.894866943,  -26.57929039, 466.134094238, -19.6269855499, -2173.30078125, -1881.43896484, -1460.84533691, -823.921691895, 5299.01269531, 3668.69750977, 3068.51757812, 1521.28466797,             0,             0,             0,             0,             0,             0,             0,             0,             0,             0,             0,             0,             0,             0,             0,             0,             0,             0,             0,             0, 2.27062129974, 2.64138913155, 0.0317155942321,             0,             0,             0,             0,             0,             0,             0,             0,             0,             0,             0,             0,             0,             0, -2.38255262375,             0,             0,             0,             0,             0,             0,             0,             0,             0,             0,             0,             0,             0,             0, -2.38255286217, -2.11683726311, -1.61202454567, -1.84175944328, -1.62237417698, 64.2284469604, 64.0104217529,  64.203453064, 63.9161911011,   130.5206604, -0.216597676277, -0.47116625309, -5.97317123413,             0,             0,             0,             0,             0,             0,             0,             0,             0,             0, 133.836471558, 163.828109741, 137.168869019, 140.501281738, 143.833679199,  147.16607666,  150.49848938, 153.830886841, 157.163299561, 160.495697021,             1,             1,             1,             1,             1,             1,             1,             1,             1,             1, 119.966506958,           120, 0.715102851391,             0, 13.8252325058, 1.54921638966, 130.616149902, 127.726890564, 130.425247192, 127.535179138,   130.5206604,  133.85307312, 163.844818115,  137.18548584, 140.517913818, 143.850326538, 147.182739258, 150.515151978, 153.847564697, 157.179977417, 160.512405396, 130.617507935, 127.727966309,  133.85307312, 163.844818115,  137.18548584, 140.517913818, 143.850326538, 147.182739258, 150.515151978, 153.847564697, 157.179977417, 160.512405396, 130.426513672,  127.53629303, -6.50965595245,             0,             0,             0,             0,             0,             0,             0,             0,             0,             0, -6.72522735596, -6.82732105255, -6.98002529144, -6.89288234711, 3.47667384148, 3.80908679962,  1.8143273592, 2.14603877068, 2.64379525185, 1.38994133472,             0, 0.622237324715, 0.150622904301, 0.0056384424679,             0,             0,             0,             0,             0, 3.48820066452, 3.81803369522, 1.38994133472,             0, 0.622237324715, 0.150622904301, 0.0056384424679,             0,             0,             0,             0,             0, 1.82461702824,  2.1552670002, -5.55111512313e-17,             0,             0,             0, -0.00125804310665,             0,             0,             0,             0,             0,             0,             0,             0,             0,             0, 0.314013123512, 0.320184051991,             0,             0,             0,             0,             0,             0,             0,             0,             0,             0, 0.322383671999, 0.328191965818
         3.95, 1.37403762341, 1.82641148567, 1.62124085426, 1.88651108742, -2.91257953644, 2621.09716797, -0.425482839346,             0, 434.859710693, -25.9233264923,  444.98449707, -20.1238689423, -1951.33044434, -1740.58581543, -1385.78222656, -805.234619141, 5220.00146484,   3598.140625, 3148.56103516, 1585.01416016,             0,             0,             0,             0,             0,             0,             0,             0,             0,             0,             0,             0,             0,             0,             0,             0,             0,             0,             0,             0, 2.05607795715, 2.56408953667, 0.02912219055,             0,             0,             0,             0,             0,             0,             0,             0,             0,             0,             0,             0,             0,             0, -2.32103729248,             0,             0,             0,             0,             0,             0,             0,             0,             0,             0,             0,             0,             0,             0, -2.3210375309, -2.06584906578, -1.56167972088, -1.79550421238, -1.57855081558, 64.6386947632, 64.4187774658, 64.6139297485, 64.3232116699, 131.350540161, -0.112491644919, -0.359870195389, -3.79902148247,             0,             0,             0,             0,             0,             0,             0,             0,             0,             0, 134.666900635, 164.663497925, 137.999847412, 141.332809448, 144.665756226, 147.998718262, 151.331680298, 154.664627075, 157.997589111, 161.330551147,             1,             1,             1,             1,             1,             1,             1,             1,             1,             1, 119.986427307,           120, 0.700796127319,             0, 13.8303785324, 1.54931247234, 131.447128296, 128.558441162, 131.254043579, 128.364257812, 131.350540161, 134.683502197, 164.680206299, 138.016464233, 141.349441528, 144.682403564, 148.015365601, 151.348342896, 154.681304932, 158.014266968, 161.347244263, 131.448455811,  128.55947876, 134.683502197, 164.680206299, 138.016464233, 141.349441528, 144.682403564, 148.015365601, 151.348342896, 154.681304932, 158.014266968, 161.347244263, 131.255264282, 128.365356445, -6.59487771988,             0,             0,             0,             0,             0,             0,             0,             0,             0,             0, -6.7063908577, -6.90713644028, -6.95399665833, -6.96772241592, 3.40018486977,  3.7368850708, 1.73805522919, 2.07405018806, 2.56747364998,  1.1778793335,             0, 0.47243013978, 0.0891721099615, 0.000348888337612,             0,             0,             0,             0,             0, 3.41144514084, 3.74555826187,  1.1778793335,             0, 0.47243013978, 0.0891721099615, 0.000348888337612,             0,             0,             0,             0,             0, 1.74807786942, 2.08302116394,             0,             0, -5.55111512313e-17,             0, -0.00124270131346,             0,             0,             0,             0,             0,             0,             0,             0,             0,             0, 0.314317971468, 0.320455044508,             0,             0,             0,             0,             0,             0,             0,             0,             0,             0, 0.322093427181, 0.327961266041
        3.975, 1.20533657074, 1.65883231163,  1.4422699213, 1.71063280106, -1.91671812534, 2608.70214844, -0.389973193407,             0, 415.497650146, -25.1632766724, 421.657196045, -20.6204299927, -1723.67651367, -1591.67919922, -1301.47937012, -777.042114258, 5135.94091797, 3521.29199219,  3235.0234375, 1652.93737793,             0,             0,             0,             0,             0,             0,             0,             0,             0,             0,             0,             0,             0,             0,             0,             0,             0,             0,             0,             0, 1.83531761169, 2.48468136787, 0.0263260733336,             0,             0,             0,             0,             0,             0,             0,             0,             0,             0,             0,             0,             0,             0, -2.24993467331,             0,             0,             0,             0,             0,             0,             0,             0,             0,             0,             0,             0,             0,             0, -2.24993491173, -2.0057861805, -1.50421917439, -1.74134254456, -1.52840232849, 65.0487213135, 64.8270339966, 65.0243453979,  64.730506897, 132.180343628, -0.017313035205, -0.256418347359, -1.72722005844,             0,             0,             0,             0,             0,             0,             0,             0,             0,             0, 135.497238159, 165.498672485, 138.830734253, 142.164230347, 145.497711182, 148.831207275, 152.164703369, 155.498184204, 158.831680298, 162.165176392,             1,             1,             1,             1,             1,             1,             1,             1,             1,             1, 120.005752563,           120, 0.684838652611,             0, 13.8352861404, 1.54940402508, 132.277694702, 129.389389038, 132.083114624, 129.193496704, 132.180343628,  135.51385498, 165.515365601, 138.847351074, 142.180847168, 145.514358521, 148.847854614, 152.181350708, 155.514862061, 158.848358154, 162.181869507,  132.27897644, 129.390411377,  135.51385498, 165.515365601, 138.847351074, 142.180847168, 145.514358521, 148.847854614, 152.181350708, 155.514862061, 158.848358154, 162.181869507, 132.084289551, 129.194564819, -6.65516471863,             0,             0,             0,             0,             0,             0,             0,             0,             0,             0, -6.67156648636, -6.96104335785, -6.91089105606, -7.01578187943, 3.32167053223,  3.6613919735, 1.65967011452, 1.99867725372, 2.48908662796, 0.977850139141,             0, 0.342892348766, 0.0467712432146,             0,             0,             0,             0,             0,             0, 3.33261537552, 3.66975259781, 0.977850139141,             0, 0.342892348766, 0.0467712432146,             0,             0,             0,             0,             0,             0,  1.6693816185, 2.00735592842, -5.55111512313e-17,             0, -5.55111512313e-17,             0, -0.00124129198957,             0,             0,             0,             0,             0,             0,             0,             0,             0,             0, 0.314643144608, 0.320750266314,             0,             0,             0,             0,             0,             0,             0,             0,             0,             0, 0.321780353785, 0.327715694904
            4, 1.03630805016, 1.48323607445, 1.26183688641, 1.52604401112, -0.944105744362, 2596.49560547, -0.350090712309,             0, 395.647766113, -24.3159866333,  397.74887085, -20.8710765839, -1486.50878906, -1423.2532959, -1200.43505859, -733.880371094, 5047.18798828,  3438.5234375, 3326.62426758, 1725.78051758,             0,             0,             0,             0,             0,             0,             0,             0,             0,             0,             0,             0,             0,             0,             0,             0,             0,             0,             0,             0, 1.61290550232, 2.40343141556, 0.0233285371214,             0,             0,             0,             0,             0,             0,             0,             0,             0,             0,             0,             0,             0,             0, -2.16893649101,             0,             0,             0,             0,             0,             0,             0,             0,             0,             0,             0,             0,             0,             0, -2.16893649101, -1.93639731407, -1.43902528286, -1.67916190624, -1.4715899229, 65.4585189819, 65.2351989746, 65.4346847534, 65.1380691528, 133.010101318, 0.0690411478281, -0.160520106554, 0.239999935031,             0,             0,             0,             0,             0,             0,             0,             0,             0,             0,  136.32749939, 166.333496094, 139.661499023, 142.995498657, 146.329498291, 149.663497925, 152.997497559, 156.331497192, 159.665496826,  162.99949646,             1,             1,             1,             1,             1,             1,             1,             1,             1,             1,  120.02406311,           120, 0.667730689049,             0,  13.839881897, 1.54948985577, 133.107849121, 130.219787598, 132.912475586, 130.022888184, 133.010101318, 136.344100952, 166.350189209, 139.678115845, 143.012130737, 146.346130371, 149.680145264, 153.014144897,  156.34815979, 159.682174683, 163.016174316, 133.109069824,  130.22076416, 136.344100952, 166.350189209, 139.678115845, 143.012130737, 146.346130371, 149.680145264, 153.014144897,  156.34815979, 159.682174683, 163.016174316, 132.913604736, 130.023910522, -6.69075393677,             0,             0,             0,             0,             0,             0,             0,             0,             0,             0, -6.62088537216, -6.9893040657, -6.85065317154, -7.03721809387, 3.24134969711, 3.58284068108, 1.57938802242, 1.92014992237, 2.40885210037, 0.792762994766,             0, 0.235371619463, 0.0200694836676,             0,             0,             0,             0,             0,             0, 3.25192832947, 3.59084630013, 0.792762994766,             0, 0.235371619463, 0.0200694836676,             0,             0,             0,             0,             0,             0,  1.5887440443, 1.92849874496,             0,             0,             0,             0, -0.0012568065431,             0,             0,             0,             0,             0,             0,             0,             0,             0,             0, 0.314987242222, 0.321068406105,             0,             0,             0,             0,             0,             0,             0,             0,             0,             0, 0.321449130774, 0.327452480793
        4.025, 0.868243873119, 1.30267632008, 1.08139097691, 1.33567583561, -0.0112003646791,  2584.8996582, -0.308240771294,             0, 372.657196045, -23.3640041351, 374.068908691, -21.0314884186, -1253.98339844, -1250.54370117, -1077.26391602, -685.030761719, 4951.72363281, 3348.47436523, 3424.93945312, 1805.22998047,             0,             0,             0,             0,             0,             0,             0,             0,             0,             0,             0,             0,             0,             0,             0,             0,             0,             0,             0,             0, 1.39340424538, 2.32062602043, 0.0200873371214,             0,             0,             0,             0,             0,             0,             0,             0,             0,             0,             0,             0,             0,             0, -2.07706475258,             0,             0,             0,             0,             0,             0,             0,             0,             0,             0,             0,             0,             0,             0,  -2.077064991, -1.85680866241, -1.36566579342, -1.60815691948,  -1.407751441, 65.8681030273, 65.6432647705, 65.8449401855, 65.5458984375, 133.839797974, 0.147196769714, -0.071672193706, 2.11119437218,             0,             0,             0,             0,             0,             0,             0,             0,             0,             0, 137.157669067, 167.167877197, 140.492141724,  143.82661438, 147.161071777, 150.495544434, 153.830001831, 157.164474487, 160.498947144, 163.833404541,             1,             1,             1,             1,             1,             1,             1,             1,             1,             1, 120.040908813,           120, 0.649896264076,             0, 13.8440761566, 1.54956805706, 133.937606812, 131.049621582, 133.742111206, 130.852416992, 133.839797974, 137.174285889, 167.184555054, 140.508758545, 143.843231201, 147.177703857, 150.512176514,  153.84664917, 157.181137085, 160.515609741, 163.850082397, 133.938781738, 131.050552368, 137.174285889, 167.184555054, 140.508758545, 143.843231201, 147.177703857, 150.512176514,  153.84664917, 157.181137085, 160.515609741, 163.850082397, 133.743179321, 130.853408813, -6.70250558853,             0,             0,             0,             0,             0,             0,             0,             0,             0,             0, -6.55458164215, -6.99272823334, -6.77363967896, -7.03277349472, 3.15945672989,   3.501506567, 1.49744594097, 1.83874595165, 2.32700681686,  0.6243891716,             0, 0.15141774714, 0.00571743398905,             0,             0,             0,             0,             0,             0, 3.16961359978, 3.50911211967,  0.6243891716,             0, 0.15141774714, 0.00571743398905,             0,             0,             0,             0,             0,             0, 1.50639784336, 1.84672546387, -5.55111512313e-17,             0,             0,             0, -0.00129194650799,             0,             0,             0,             0,             0,             0,             0,             0,             0,             0, 0.315357744694, 0.321414381266,             0,             0,             0,             0,             0,             0,             0,             0,             0,             0, 0.321093857288, 0.327165305614
         4.05, 0.702268004417, 1.11949324608, 0.901893317699, 1.14188611507, 0.86820858717, 2574.24658203, -0.263732075691,             0, 353.094787598, -22.3811359406, 348.027252197, -20.9800243378, -1018.68969727, -1066.53381348, -946.107727051, -621.207397461, 4849.01757812, 3252.02709961, 3529.57006836, 1890.88598633,             0,             0,             0,             0,             0,             0,             0,             0,             0,             0,             0,             0,             0,             0,             0,             0,             0,             0,             0,             0, 1.18137514591, 2.23655724525, 0.0165427513421,             0,             0,             0,             0,             0,             0,             0,             0,             0,             0,             0,             0,             0,             0, -1.9736096859,             0,             0,             0,             0,             0,             0,             0,             0,             0,             0,             0,             0,             0,             0, -1.97360980511, -1.76640892029, -1.28345549107, -1.52781367302, -1.33637201786, 66.2775268555, 66.0512390137, 66.2551269531, 65.9539718628, 134.669464111, 0.217217758298, 0.0103435907513, 3.89054203033,             0,             0,             0,             0,             0,             0,             0,             0,             0,             0, 137.987762451, 168.001739502, 141.322647095, 144.657531738, 147.992416382, 151.327301025, 154.662200928, 157.997085571, 161.331970215, 164.666854858,             1,             1,             1,             1,             1,             1,             1,             1,             1,             1, 120.056037903,           120, 0.632124841213,             0, 13.8478307724, 1.54963815212,  134.76701355, 131.878952026, 134.572036743, 131.682113647, 134.669464111, 138.004364014, 168.018417358, 141.339263916,  144.67414856, 148.009048462, 151.343933105, 154.678833008,  158.01373291, 161.348617554, 164.683517456, 134.768112183, 131.879821777, 138.004364014, 168.018417358, 141.339263916,  144.67414856, 148.009048462, 151.343933105, 154.678833008,  158.01373291, 161.348617554, 164.683517456, 134.573043823, 131.683044434, -6.69150257111,             0,             0,             0,             0,             0,             0,             0,             0,             0,             0, -6.47367286682, -6.97226047516, -6.68071460724, -7.00336408615, 3.07623386383, 3.41768717766, 1.41408824921, 1.75476467609, 2.24379444122, 0.474471479654,             0, 0.0898023918271, 0.000368103879737,             0,             0,             0,             0,             0,             0, 3.08590960503, 3.42484331131, 0.474471479654,             0, 0.0898023918271, 0.000368103879737,             0,             0,             0,             0,             0,             0, 1.42258429527, 1.76233279705,             0,             0, 5.55111512313e-17, -5.55111512313e-17, -0.00134926836472,             0,             0,             0,             0,             0,             0,             0,             0,             0,             0, 0.31575652957, 0.321784824133,             0,             0,             0,             0,             0,             0,             0,             0,             0,             0, 0.320715904236, 0.326855540276
        4.075, 0.542071461678, 0.936993896961, 0.727045953274, 0.947985768318, 1.67320334911, 2564.65332031, -0.218904480338,             0, 335.160369873, -21.120092392, 326.116485596, -20.5259284973, -790.247375488, -885.97442627, -804.597106934, -552.770935059, 4739.66455078, 3150.11035156, 3638.36694336, 1982.44677734,             0,             0,             0,             0,             0,             0,             0,             0,             0,             0,             0,             0,             0,             0,             0,             0,             0,             0,             0,             0, 0.981276333332, 2.15150976181, 0.0126459253952,             0,             0,             0,             0,             0,             0,             0,             0,             0,             0,             0,             0,             0,             0, -1.85817909241,             0,             0,             0,             0,             0,             0,             0,             0,             0,             0,             0,             0,             0,             0, -1.85817909241, -1.66478967667, -1.19247984886, -1.43784797192, -1.25771808624, 66.6868133545, 66.4591293335, 66.6653137207, 66.3622894287,  135.49911499, 0.277007460594, 0.0834832414985, 5.59303617477,             0,             0,             0,             0,             0,             0,             0,             0,             0,             0, 138.817764282, 168.835037231, 142.153015137, 145.488265991, 148.823516846,   152.1587677, 155.494018555, 158.829284668, 162.164535522, 165.499786377,             1,             1,             1,             1,             1,             1,             1,             1,             1,             1, 120.069206238,           120, 0.615117013454,             0,   13.85110569, 1.54969918728, 135.596084595, 132.707809448,  135.40222168, 132.511947632,  135.49911499, 138.834365845, 168.851699829, 142.169631958, 145.504882812, 148.840148926,  152.17539978, 155.510665894, 158.845916748, 162.181182861, 165.516433716, 135.597106934, 132.708618164, 138.834365845, 168.851699829, 142.169631958, 145.504882812, 148.840148926,  152.17539978, 155.510665894, 158.845916748, 162.181182861, 165.516433716, 135.403152466, 132.512802124, -6.65944051743,             0,             0,             0,             0,             0,             0,             0,             0,             0,             0, -6.38194990158, -6.92954444885, -6.57561588287, -6.95065593719, 2.99192142487,  3.3317053318, 1.32956159115, 1.66853475571, 2.15945911407, 0.344751894474,             0, 0.0472317449749,             0,             0,             0,             0,             0,             0,             0, 3.00105404854, 3.33836269379, 0.344751894474,             0, 0.0472317449749,             0,             0,             0,             0,             0,             0,             0, 1.33754897118, 1.67565095425, 5.55111512313e-17, 5.55111512313e-17,             0,             0, -0.00143193686381,             0,             0,             0,             0,             0,             0,             0,             0,             0,             0, 0.316181182861, 0.322176069021,             0,             0,             0,             0,             0,             0,             0,             0,             0,             0, 0.320323109627, 0.326524138451
          4.1, 0.387402892113, 0.755789399147, 0.556866824627, 0.754524171352, 2.41129803658, 2556.04223633, -0.174404934049,             0, 318.114471436, -20.0815124512, 305.438262939, -20.3451709747, -577.045898438, -709.486633301, -653.073974609, -479.354919434, 4626.59082031, 3046.31396484, 3749.61230469, 2076.55957031,             0,             0,             0,             0,             0,             0,             0,             0,             0,             0,             0,             0,             0,             0,             0,             0,             0,             0,             0,             0, 0.79604524374, 2.06574726105, 0.00838056113571,             0,             0,             0,             0,             0,             0,             0,             0,             0,             0,             0,             0,             0,             0, -1.73121058941,             0,             0,             0,             0,             0,             0,             0,             0,             0,             0,             0,             0,             0,             0, -1.73121058941, -1.55252110958, -1.09323143959, -1.33872640133, -1.17258262634, 67.0959625244,   66.86693573, 67.0755310059, 66.7708129883, 136.328735352, 0.327752679586, 0.148774072528, 7.20364952087,             0,             0,             0,             0,             0,             0,             0,             0,             0,             0, 139.647705078, 169.667770386, 142.983261108, 146.318832397, 149.654388428, 152.989944458, 156.325515747, 159.661071777, 162.996643066, 166.332199097,             1,             1,             1,             1,             1,             1,             1,             1,             1,             1, 120.080429077,           120, 0.599304497242,             0, 13.8539266586, 1.54975175858, 136.424865723, 133.536239624, 136.232650757, 133.341918945, 136.328735352, 139.664291382, 169.684417725, 142.999862671,  146.33543396, 149.671005249, 153.006576538, 156.342147827, 159.677703857, 163.013275146, 166.348846436, 136.425811768, 133.536972046, 139.664291382, 169.684417725, 142.999862671,  146.33543396, 149.671005249, 153.006576538, 156.342147827, 159.677703857, 163.013275146, 166.348846436, 136.233505249, 133.342712402, -6.60807657242,             0,             0,             0,             0,             0,             0,             0,             0,             0,             0, -6.2799782753, -6.86632061005, -6.45906972885,  -6.876288414, 2.90675354004, 3.24388360977, 1.24410748482,  1.5803848505, 2.07423901558, 0.236970841885,             0, 0.0203653648496,             0,             0,             0,             0,             0,             0,             0, 2.91528367996, 3.24999523163, 0.236970841885,             0, 0.0203653648496,             0,             0,             0,             0,             0,             0,             0, 1.25153648853, 1.58701324463,             0,             0,             0,             0, -0.00154400104657,             0,             0,             0,             0,             0,             0,             0,             0,             0,             0, 0.316620320082, 0.322574436665,             0,             0,             0,             0,             0,             0,             0,             0,             0,             0, 0.319921553135, 0.326183319092
        4.125, 0.233728125691, 0.579429268837, 0.387147128582, 0.565504431725,  3.0604994297, 2548.44482422, -0.128693521023,             0, 302.236022949, -19.1929759979,  286.38192749, -20.0690155029, -369.725616455, -538.814575195, -493.588653564, -385.263824463, 4513.51757812, 2943.10717773, 3861.83764648, 2173.95898438,             0,             0,             0,             0,             0,             0,             0,             0,             0,             0,             0,             0,             0,             0,             0,             0,             0,             0,             0,             0, 0.627454102039, 1.97950983047, 0.00380805064924,             0,             0,             0,             0,             0,             0,             0,             0,             0,             0,             0,             0,             0,             0, -1.5937410593,             0,             0,             0,             0,             0,             0,             0,             0,             0,             0,             0,             0,             0,             0, -1.5937410593, -1.43098592758, -0.986515343189, -1.23158812523, -1.08118617535, 67.5049819946, 67.2746582031, 67.4857711792, 67.1795196533, 137.158340454, 0.375570356846, 0.21203994751, 8.75004005432,             0,             0,             0,             0,             0,             0,             0,             0,             0,             0,  140.47756958, 170.499908447,  143.81338501, 147.149200439, 150.485015869, 153.820831299, 157.156646729, 160.492462158, 163.828277588, 167.164093018,             1,             1,             1,             1,             1,             1,             1,             1,             1,             1, 120.089538574,           120, 0.584635615349,             0, 13.8562507629, 1.54979515076, 137.253387451, 134.364303589, 137.063323975, 134.172042847, 137.158340454, 140.494155884, 170.516540527, 143.829986572, 147.165802002, 150.501617432,  153.83744812,  157.17326355, 160.509078979, 163.844909668, 167.180725098, 137.254241943, 134.364959717, 140.494155884, 170.516540527, 143.829986572, 147.165802002, 150.501617432,  153.83744812,  157.17326355, 160.509078979, 163.844909668, 167.180725098, 137.064086914,  134.17276001, -6.53932332993,             0,             0,             0,             0,             0,             0,             0,             0,             0,             0, -6.16354227066, -6.78456783295, -6.32715654373, -6.78246116638, 2.82095551491,  3.1545445919, 1.15795850754, 1.49065113068, 1.98836398125, 0.152690842748,             0, 0.00586674874648,             0,             0,             0,             0,             0,             0,             0, 2.82883024216, 3.16006708145, 0.152690842748,             0, 0.00586674874648,             0,             0,             0,             0,             0,             0,             0, 1.16478586197, 1.49675726891, -5.55111512313e-17, -5.55111512313e-17, -5.55111512313e-17,             0, -0.0016904057702,             0,             0,             0,             0,             0,             0,             0,             0,             0,             0, 0.317059606314, 0.32297039032,             0,             0,             0,             0,             0,             0,             0,             0,             0,             0, 0.319516330957, 0.325830191374
         4.15, 0.0772946849465, 0.410270571709, 0.214591532946, 0.383277475834, 3.62455606461,  2542.0012207, -0.0829141885042,             0, 288.954589844, -18.3120975494, 269.725769043, -19.8996448517, -168.202789307, -383.315979004, -318.77722168, -284.487304688, 4401.85449219, 2840.92822266, 3976.10229492, 2275.51391602,             0,             0,             0,             0,             0,             0,             0,             0,             0,             0,             0,             0,             0,             0,             0,             0,             0,             0,             0,             0, 0.477246463299, 1.89303016663, -0.000912879710086,             0,             0,             0,             0,             0,             0,             0,             0,             0,             0,             0,             0,             0,             0, -1.44665277004,             0,             0,             0,             0,             0,             0,             0,             0,             0,             0,             0,             0,             0,             0, -1.44665277004, -1.30136108398, -0.873224496841, -1.11728465557, -0.98447060585, 67.9138717651, 67.6823043823, 67.8960342407, 67.5883789062, 137.987945557, 0.426627844572, 0.27903085947, 10.2352151871,             0,             0,             0,             0,             0,             0,             0,             0,             0,             0, 141.307373047, 171.331466675, 144.643371582, 147.979385376,  151.31539917, 154.651412964, 157.987426758, 161.323425293, 164.659439087, 167.995452881,             1,             1,             1,             1,             1,             1,             1,             1,             1,             1, 120.096542358,           120, 0.571271419525,             0, 13.8580770493,  1.5498291254, 138.081680298, 135.192062378, 137.894210815, 135.002304077, 137.987945557, 141.323959351, 171.348098755, 144.659973145, 147.995986938, 151.332000732, 154.668014526,  158.00402832, 161.340042114, 164.676055908, 168.012069702, 138.082443237, 135.192626953, 141.323959351, 171.348098755, 144.659973145, 147.995986938, 151.332000732, 154.668014526,  158.00402832, 161.340042114, 164.676055908, 168.012069702, 137.894882202, 135.002944946, -6.45545101166,             0,             0,             0,             0,             0,             0,             0,             0,             0,             0, -6.02873516083, -6.68663167953, -6.17638969421, -6.67175865173, 2.73475122452, 3.06402587891, 1.07134926319, 1.39968276024, 1.90206408501, 0.0907548740506,             0, 0.000402417965233,             0,             0,             0,             0,             0,             0,             0, 2.74192380905, 3.06892108917, 0.0907548740506,             0, 0.000402417965233,             0,             0,             0,             0,             0,             0,             0, 1.07753646374,  1.4052375555, 5.55111512313e-17,             0,             0,             0, -0.00187574548181,             0,             0,             0,             0,             0,             0,             0,             0,             0,             0, 0.317493259907, 0.323361963034,             0,             0,             0,             0,             0,             0,             0,             0,             0,             0, 0.319103121758, 0.325461238623
        4.175, -0.0788629427552, 0.249573886395, 0.042476773262, 0.209386870265, 4.12444639206, 2536.76367188, -0.0356094017625,             0, 276.089904785, -17.4146842957, 256.219726562, -19.8890800476, 39.2145233154, -238.54107666, -127.357452393, -174.240310669, 4291.48046875, 2739.00024414, 4093.74584961, 2379.03271484,             0,             0,             0,             0,             0,             0,             0,             0,             0,             0,             0,             0,             0,             0,             0,             0,             0,             0,             0,             0, 0.347166001797, 1.80654716492, -0.00557019095868,             0,             0,             0,             0,             0,             0,             0,             0,             0,             0,             0,             0,             0,             0, -1.29073560238,             0,             0,             0,             0,             0,             0,             0,             0,             0,             0,             0,             0,             0,             0, -1.29073560238, -1.1644026041, -0.753808915615, -0.996270775795, -0.882947683334, 68.3226165771, 68.0898895264, 68.3062896729, 67.9973678589, 138.817565918, 0.481516182423, 0.349945962429, 11.6358890533,             0,             0,             0,             0,             0,             0,             0,             0,             0,             0, 142.137130737, 172.162475586,  145.47328186, 148.809432983, 152.145568848, 155.481719971, 158.817871094, 162.154022217,  165.49017334, 168.826324463,             1,             1,             1,             1,             1,             1,             1,             1,             1,             1, 120.101539612,           120, 0.559512138367,             0, 13.8594322205, 1.54985439777, 138.909790039, 136.019546509, 138.725311279, 135.832702637, 138.817565918, 142.153717041, 172.179092407, 145.489868164, 148.826019287,  152.16217041, 155.498336792, 158.834487915, 162.170639038, 165.506790161, 168.842941284, 138.910446167,  136.02003479, 142.153717041, 172.179092407, 145.489868164, 148.826019287,  152.16217041, 155.498336792, 158.834487915, 162.170639038, 165.506790161, 168.842941284, 138.725891113, 135.833282471, -6.35833692551,             0,             0,             0,             0,             0,             0,             0,             0,             0,             0, -5.87683582306, -6.57438421249, -6.00843954086, -6.54626989365, 2.64837670326, 2.97265934944, 0.984526515007, 1.30782091618,  1.8155798912, 0.0478890649974,             0,             0,             0,             0,             0,             0,             0,             0,             0, 2.65480446815,  2.9768910408, 0.0478890649974,             0,             0,             0,             0,             0,             0,             0,             0,             0, 0.990037858486, 1.31279826164,             0,             0,             0,             0, -0.00210219109431,             0,             0,             0,             0,             0,             0,             0,             0,             0,             0, 0.317921340466, 0.323751837015,             0,             0,             0,             0,             0,             0,             0,             0,             0,             0, 0.318676650524, 0.325084418058
          4.2, -0.224749028683, 0.0978983789682, -0.118971340358, 0.0446445569396, 4.57766532898, 2532.78442383, 0.0104422736913,             0, 265.752807617, -16.5178775787, 242.231964111, -20.0024204254, 226.023406982, -108.889984131, 78.4486923218, -59.7824134827, 4181.17578125, 2635.82104492, 4214.31738281, 2484.98632812,             0,             0,             0,             0,             0,             0,             0,             0,             0,             0,             0,             0,             0,             0,             0,             0,             0,             0,             0,             0, 0.238957479596, 1.72031319141, -0.00995839666575,             0,             0,             0,             0,             0,             0,             0,             0,             0,             0,             0,             0,             0,             0, -1.12660932541,             0,             0,             0,             0,             0,             0,             0,             0,             0,             0,             0,             0,             0,             0, -1.12660932541, -1.02021801472, -0.62887519598, -0.868502497673, -0.776944220066, 68.7312774658, 68.4974060059, 68.7165298462, 68.4064712524, 139.647201538, 0.532001852989, 0.416317880154, 12.9256191254,             0,             0,             0,             0,             0,             0,             0,             0,             0,             0, 142.966842651, 172.992950439, 146.303085327, 149.639312744, 152.975540161, 156.311782837, 159.648010254, 162.984237671, 166.320480347, 169.656707764,             1,             1,             1,             1,             1,             1,             1,             1,             1,             1, 120.104476929,           120, 0.549514353275,             0, 13.8602638245, 1.54986989498, 139.737747192, 136.846832275, 139.556594849, 136.663253784, 139.647201538, 142.983444214, 173.009552002, 146.319671631, 149.655914307, 152.992141724, 156.328384399, 159.664611816, 163.000839233, 166.337081909, 169.673309326, 139.738311768, 136.847244263, 142.983444214, 173.009552002, 146.319671631, 149.655914307, 152.992141724, 156.328384399, 159.664611816, 163.000839233, 166.337081909, 169.673309326,  139.55708313, 136.663742065, -6.24934864044,             0,             0,             0,             0,             0,             0,             0,             0,             0,             0, -5.71744060516, -6.44933462143, -5.83313798904, -6.40773773193, 2.56208634377, 2.88076710701, 0.897756278515, 1.21539747715, 1.72916865349, 0.0207659751177,             0,             0,             0,             0,             0,             0,             0,             0,             0, 2.56772708893,  2.8843023777, 0.0207659751177,             0,             0,             0,             0,             0,             0,             0,             0,             0, 0.902555584908, 1.21977317333,             0, 5.55111512313e-17,             0, 5.55111512313e-17, -0.00236862758175,             0,             0,             0,             0,             0,             0,             0,             0,             0,             0, 0.318348109722, 0.324145317078,             0,             0,             0,             0,             0,             0,             0,             0,             0,             0, 0.318238377571, 0.324697822332
        4.225, -0.363676398993, -0.0451944246888, -0.272703260183, -0.11103400588, 4.98062419891, 2530.15649414, 0.053556330502,             0, 259.828460693, -15.8695459366,   233.7862854, -19.9772624969, 390.214477539, 5.98626041412, 276.705627441, 59.0518341064, 4072.21386719, 2532.91430664, 4335.50585938, 2591.81494141,             0,             0,             0,             0,             0,             0,             0,             0,             0,             0,             0,             0,             0,             0,             0,             0,             0,             0,             0,             0, 0.154206767678, 1.63456559181, -0.0139231886715,             0,             0,             0,             0,             0,             0,             0,             0,             0,             0,             0,             0,             0,             0, -0.955645442009,             0,             0,             0,             0,             0,             0,             0,             0,             0,             0,             0,             0,             0,             0, -0.955645501614, -0.870262444019, -0.499685645103, -0.735094547272, -0.667268335819, 69.1398849487, 68.9048538208, 69.1267929077, 68.8156814575, 140.476882935, 0.580664694309, 0.480384677649, 14.1120929718,             0,             0,             0,             0,             0,             0,             0,             0,             0,             0, 143.796554565, 173.822937012,   147.1328125, 150.469085693, 153.805343628, 157.141616821, 160.477874756, 163.814147949, 167.150405884, 170.486679077,             1,             1,             1,             1,             1,             1,             1,             1,             1,             1, 120.105606079,           120, 0.541626751423,             0,  13.860625267, 1.54987668991, 140.565582275, 137.673950195, 140.388061523,  137.49395752, 140.476882935, 143.813140869, 173.839538574, 147.149414062, 150.485671997,  153.82194519, 157.158203125, 160.494476318, 163.830734253, 167.167007446, 170.503265381, 140.566055298,  137.67427063, 143.813140869, 173.839538574, 147.149414062, 150.485671997,  153.82194519, 157.158203125, 160.494476318, 163.830734253, 167.167007446, 170.503265381, 140.388458252, 137.494369507, -6.12966680527,             0,             0,             0,             0,             0,             0,             0,             0,             0,             0, -5.5491476059, -6.31256389618, -5.64942502975, -6.25757169724,  2.4761235714, 2.78865218163, 0.811288893223, 1.12272572517, 1.64307785034, 0.00605975603685,             0,             0,             0,             0,             0,             0,             0,             0,             0, 2.48094296455, 2.79146552086, 0.00605975603685,             0,             0,             0,             0,             0,             0,             0,             0,             0, 0.815346598625, 1.12648034096, -5.55111512313e-17,             0,             0, -5.55111512313e-17, -0.00267062499188,             0,             0,             0,             0,             0,             0,             0,             0,             0,             0, 0.318768411875, 0.324536472559,             0,             0,             0,             0,             0,             0,             0,             0,             0,             0, 0.317796587944, 0.324307054281
         4.25, -0.495093107224, -0.179623141885, -0.417690426111, -0.257165849209, 5.33126878738, 2528.59887695, 0.0944305807352,             0, 255.944519043, -15.0958757401, 228.124298096, -20.2769889832, 536.542419434, 106.285392761, 473.783782959, 180.623458862, 3968.26733398, 2434.15869141, 4453.24267578, 2697.15405273,             0,             0,             0,             0,             0,             0,             0,             0,             0,             0,             0,             0,             0,             0,             0,             0,             0,             0,             0,             0, 0.0918435677886, 1.54949474335, -0.0173541735858,             0,             0,             0,             0,             0,             0,             0,             0,             0,             0,             0,             0,             0,             0, -0.780340313911,             0,             0,             0,             0,             0,             0,             0,             0,             0,             0,             0,             0,             0,             0, -0.780340373516, -0.716866970062, -0.368421763182, -0.597949266434, -0.555540442467, 69.5484466553, 69.3122406006, 69.5370941162, 69.2249603271, 141.306610107, 0.626663446426, 0.540885269642, 15.2054004669,             0,             0,             0,             0,             0,             0,             0,             0,             0,             0, 144.626266479, 174.652603149, 147.962524414, 151.298782349, 154.635040283, 157.971298218, 161.307556152, 164.643814087, 167.980072021, 171.316345215,             1,             1,             1,             1,             1,             1,             1,             1,             1,             1, 120.105361938,           120, 0.53600358963,             0, 13.8606376648, 1.54987692833, 141.393325806, 138.500946045, 141.219711304,  138.32484436, 141.306610107, 144.642868042, 174.669189453, 147.979125977, 151.315383911, 154.651641846,  157.98789978, 161.324157715, 164.660415649, 167.996673584, 171.332931519, 141.393707275, 138.501174927, 144.642868042, 174.669189453, 147.979125977, 151.315383911, 154.651641846,  157.98789978, 161.324157715, 164.660415649, 167.996673584, 171.332931519, 141.220031738, 138.325164795, -6.00059556961,             0,             0,             0,             0,             0,             0,             0,             0,             0,             0, -5.37410068512, -6.16552305222, -5.45986461639, -6.09761667252, 2.39070439339, 2.69659662247, 0.725349366665, 1.03009808064, 1.55752551556, 0.000446061632829,             0,             0,             0,             0,             0,             0,             0,             0,             0, 2.39468026161, 2.69867396355, 0.000446061632829,             0,             0,             0,             0,             0,             0,             0,             0,             0, 0.728646576405, 1.03322124481, 5.55111512313e-17,             0,             0,             0, -0.0030011262279,             0,             0,             0,             0,             0,             0,             0,             0,             0,             0, 0.319168061018, 0.324910610914,             0,             0,             0,             0,             0,             0,             0,             0,             0,             0, 0.317366153002, 0.323920756578
        4.275, -0.619115889072, -0.305000782013, -0.553561508656, -0.392956972122,   5.630651474,  2527.8059082, 0.132776141167,             0, 253.603790283, -14.5870695114, 224.114349365, -20.5102519989,  665.20690918,  193.39730835, 665.645874023, 303.370635986, 3872.59130859, 2342.30004883, 4566.61767578,  2799.1887207,             0,             0,             0,             0,             0,             0,             0,             0,             0,             0,             0,             0,             0,             0,             0,             0,             0,             0,             0,             0, 0.0486120134592, 1.46526110172, -0.0201399680227,             0,             0,             0,             0,             0,             0,             0,             0,             0,             0,             0,             0,             0,             0, -0.603631198406,             0,             0,             0,             0,             0,             0,             0,             0,             0,             0,             0,             0,             0,             0, -0.603631258011, -0.562790155411, -0.237453103065, -0.459208190441, -0.443514019251, 69.9569473267, 69.7195663452, 69.9474029541, 69.6343002319, 142.136383057, 0.670363545418, 0.59765714407, 16.2122097015,             0,             0,             0,             0,             0,             0,             0,             0,             0,             0, 145.456008911,  175.48197937, 148.792221069, 152.128448486, 155.464660645, 158.800872803,  162.13710022, 165.473312378, 168.809539795, 172.145751953,             1,             1,             1,             1,             1,             1,             1,             1,             1,             1, 120.103881836,           120, 0.532344043255,             0, 13.8603181839, 1.54987096786,  142.22102356, 139.327865601, 142.051544189, 139.155883789, 142.136383057, 145.472595215, 175.498550415, 148.808822632,  152.14503479, 155.481246948, 158.817474365, 162.153686523, 165.489898682, 168.826126099, 172.162338257, 142.221313477,  139.32800293, 145.472595215, 175.498550415, 148.808822632,  152.14503479, 155.481246948, 158.817474365, 162.153686523, 165.489898682, 168.826126099, 172.162338257, 142.051773071, 139.156143188, -5.86341953278,             0,             0,             0,             0,             0,             0,             0,             0,             0,             0, -5.19322156906, -6.00968313217, -5.26590633392, -5.92979240417,  2.3060259819,  2.6048643589, 0.640144824982, 0.937789082527, 1.47271168232,             0,             0,             0,             0,             0,             0,             0,             0,             0,             0, 2.30915188789, 2.60620474815,             0,             0,             0,             0,             0,             0,             0,             0,             0,             0, 0.642674386501, 0.940280199051,             0,             0,             0,             0, -0.00335090165026,             0,             0,             0,             0,             0,             0,             0,             0,             0,             0, 0.319534629583, 0.325257271528,             0,             0,             0,             0,             0,             0,             0,             0,             0,             0, 0.316950201988, 0.323545575142
          4.3, -0.735590100288, -0.420899987221, -0.679902017117, -0.517837524414, 5.88088798523, 2527.62011719, 0.168557435274,             0, 252.537948608, -14.1500024796, 221.577651978, -20.7828521729, 780.776489258, 268.104553223, 851.007568359, 422.718231201,    3786.84375, 2258.02392578, 4673.72021484, 2895.95800781,             0,             0,             0,             0,             0,             0,             0,             0,             0,             0,             0,             0,             0,             0,             0,             0,             0,             0,             0,             0, 0.0211909525096,  1.3820130825, -0.0221448112279,             0,             0,             0,             0,             0,             0,             0,             0,             0,             0,             0,             0,             0,             0, -0.42844375968,             0,             0,             0,             0,             0,             0,             0,             0,             0,             0,             0,             0,             0,             0, -0.428443789482, -0.410708934069, -0.109050616622, -0.321086972952, -0.332897901535, 70.3654022217, 70.1268386841, 70.3577041626, 70.0436935425,   142.9662323, 0.712020993233, 0.650589287281, 17.1374855042,             0,             0,             0,             0,             0,             0,             0,             0,             0,             0,  146.28578186,  176.31111145, 149.621932983, 152.958084106, 156.294235229, 159.630371094, 162.966522217,  166.30267334, 169.638824463, 172.974975586,             1,             1,             1,             1,             1,             1,             1,             1,             1,             1, 120.101333618,           120, 0.530334293842,             0, 13.8596935272, 1.54985928535, 143.048690796,  140.15473938, 142.883529663, 139.987091064,   142.9662323, 146.302383423, 176.327697754, 149.638519287,  152.97467041, 156.310821533, 159.646972656, 162.983108521, 166.319259644, 169.655410767, 172.991546631,  143.04888916, 140.154800415, 146.302383423, 176.327697754, 149.638519287,  152.97467041, 156.310821533, 159.646972656, 162.983108521, 166.319259644, 169.655410767, 172.991546631, 142.883682251,  139.98727417, -5.71940898895,             0,             0,             0,             0,             0,             0,             0,             0,             0,             0, -5.00752878189, -5.84654045105, -5.06893491745, -5.75582265854, 2.22227144241, 2.51370382309, 0.555866539478, 0.846056938171, 1.38882136345,             0,             0,             0,             0,             0,             0,             0,             0,             0,             0,  2.2245554924, 2.51432013512,             0,             0,             0,             0,             0,             0,             0,             0,             0,             0, 0.557633578777, 0.847925305367,             0,             0,             0, -5.55111512313e-17, -0.00370854558423,             0,             0,             0,             0,             0,             0,             0,             0,             0,             0, 0.319861769676, 0.325573951006,             0,             0,             0,             0,             0,             0,             0,             0,             0,             0, 0.316555768251, 0.323188722134
        4.325, -0.843692362309, -0.527574837208, -0.79572725296, -0.63170337677, 6.09320211411,  2527.9597168, 0.201503664255,             0, 252.566131592, -13.7440910339, 220.254104614, -21.1158428192, 883.926086426, 329.749176025, 1028.74353027, 536.012207031, 3711.05004883, 2180.91992188, 4772.98632812, 2985.04248047,             0,             0,             0,             0,             0,             0,             0,             0,             0,             0,             0,             0,             0,             0,             0,             0,             0,             0,             0,             0, 0.00625838059932, 1.29989314079, -0.0232549775392,             0,             0,             0,             0,             0,             0,             0,             0,             0,             0,             0,             0,             0,             0, -0.257413297892,             0,             0,             0,             0,             0,             0,             0,             0,             0,             0,             0,             0,             0,             0, -0.257413327694, -0.262962520123, 0.0147015098482, -0.185559868813, -0.22512486577, 70.7738265991, 70.5340576172, 70.7680053711, 70.4531173706, 143.796157837, 0.751380622387, 0.699191272259, 17.9770317078,             0,             0,             0,             0,             0,             0,             0,             0,             0,             0, 147.115615845, 177.140090942, 150.451660156, 153.787719727, 157.123764038, 160.459823608,  163.79586792,  167.13192749, 170.467987061, 173.804031372,             1,             1,             1,             1,             1,             1,             1,             1,             1,             1, 120.097854614,           120, 0.529730558395,             0, 13.8587875366, 1.54984235764, 143.876358032,   140.9815979, 143.715682983, 140.818481445, 143.796157837, 147.132202148, 177.156661987, 150.468261719,  153.80430603, 157.140365601, 160.476409912, 163.812454224, 167.148513794, 170.484558105, 173.820617676, 143.876480103, 140.981582642, 147.132202148, 177.156661987, 150.468261719,  153.80430603, 157.140365601, 160.476409912, 163.812454224, 167.148513794, 170.484558105, 173.820617676, 143.715759277, 140.818603516, -5.56965637207,             0,             0,             0,             0,             0,             0,             0,             0,             0,             0, -4.81837415695, -5.67739963531, -4.8705368042, -5.57741689682, 2.13961410522, 2.42334485054, 0.472694933414, 0.755140244961, 1.30602943897,             0,             0,             0,             0,             0,             0,             0,             0,             0,             0, 2.14107823372, 2.42326164246,             0,             0,             0,             0,             0,             0,             0,             0,             0,             0, 0.473715245724, 0.756402790546, 5.55111512313e-17,             0,             0,             0, -0.00406009051949,             0,             0,             0,             0,             0,             0,             0,             0,             0,             0, 0.320149421692, 0.32586222887,             0,             0,             0,             0,             0,             0,             0,             0,             0,             0, 0.316188693047, 0.322859287262
         4.35, -0.944194376469, -0.625444173813, -0.901739001274, -0.734842061996, 6.27427244186, 2528.77539062, 0.231182679534,             0, 253.478897095, -13.4083395004, 219.997238159, -21.4563961029, 970.012207031, 381.087921143, 1194.23840332, 643.747253418, 3644.41918945, 2110.55395508, 4862.99121094, 3065.48291016,             0,             0,             0,             0,             0,             0,             0,             0,             0,             0,             0,             0,             0,             0,             0,             0,             0,             0,             0,             0, 0.000491001235787, 1.21903908253, -0.023424776271,             0,             0,             0,             0,             0,             0,             0,             0,             0,             0,             0,             0,             0,             0, -0.0928037241101,             0,             0,             0,             0,             0,             0,             0,             0,             0,             0,             0,             0,             0,             0, -0.0928037315607, -0.121599040926, 0.13206794858, -0.0543860681355, -0.121148951352, 71.1822128296, 70.9412307739, 71.1782989502, 70.8625564575, 144.626174927, 0.789210617542, 0.74408853054,    18.7298069,             0,             0,             0,             0,             0,             0,             0,             0,             0,             0, 147.945495605, 177.968917847, 151.281433105, 154.617370605, 157.953308105, 161.289245605, 164.625183105, 167.961120605, 171.297058105, 174.632980347,             1,             1,             1,             1,             1,             1,             1,             1,             1,             1, 120.093597412,           120, 0.530339837074,             0,  13.857629776, 1.54982078075, 144.704040527, 141.808486938, 144.547988892, 141.650039673, 144.626174927, 147.962097168,  177.98550415, 151.298034668, 154.633972168, 157.969894409, 161.305831909, 164.641769409, 167.977706909,  171.31362915,  174.64956665, 144.704101562, 141.808410645, 147.962097168,  177.98550415, 151.298034668, 154.633972168, 157.969894409, 161.305831909, 164.641769409, 167.977706909,  171.31362915,  174.64956665,  144.54800415, 141.650100708, -5.41499376297,             0,             0,             0,             0,             0,             0,             0,             0,             0,             0, -4.62583112717, -5.50327062607, -4.67092704773, -5.39575719833, 2.05821824074, 2.33399605751, 0.390799254179, 0.665254831314, 1.22450149059,             0,             0,             0,             0,             0,             0,             0,             0,             0,             0, 2.05889606476, 2.33324790001,             0,             0,             0,             0,             0,             0,             0,             0,             0,             0, 0.391098052263, 0.665933847427, -5.55111512313e-17,             0, 5.55111512313e-17,             0, -0.00438975123689,             0,             0,             0,             0,             0,             0,             0,             0,             0,             0, 0.320400685072, 0.326123923063,             0,             0,             0,             0,             0,             0,             0,             0,             0,             0, 0.315854370594, 0.32256090641
        4.375, -1.03810834885, -0.714748203754, -0.99902176857, -0.827318191528, 6.42182636261, 2530.02270508, 0.257566154003,             0, 255.202377319, -13.1591787338, 220.776580811, -21.776348114, 1045.98535156, 424.448272705, 1339.52294922,  744.19732666, 3586.15649414, 2046.88952637, 4941.96582031, 3136.13891602,             0,             0,             0,             0,             0,             0,             0,             0,             0,             0,             0,             0,             0,             0,             0,             0,             0,             0,             0,             0,             0, 1.13957417011, -0.0227059610188,             0,             0,             0,             0,             0,             0,             0,             0,             0,             0,             0,             0,             0,             0, 0.0634252130985,             0,             0,             0,             0,             0,             0,             0,             0,             0,             0,             0,             0,             0,             0, 0.0634252130985, 0.0116120241582,  0.2415574193, 0.0708613246679, -0.0218927655369, 71.5905685425, 71.3483505249, 71.5885772705, 71.2720184326, 145.456268311, 0.826017439365, 0.785793185234, 19.4058799744,             0,             0,             0,             0,             0,             0,             0,             0,             0,             0, 148.775466919, 178.797683716,  152.11126709, 155.447067261,  158.78288269, 162.118682861, 165.454483032, 168.790283203, 172.126083374, 175.461883545,             1,             1,             1,             1,             1,             1,             1,             1,             1,             1, 120.088699341,           120, 0.531997561455,             0,  13.856259346, 1.54979526997, 145.531768799, 142.635421753, 145.380447388, 142.481765747, 145.456268311, 148.792068481, 178.814254761, 152.127868652, 155.463668823, 158.799468994, 162.135269165, 165.471069336, 168.806854248, 172.142654419,  175.47845459, 145.531768799, 142.635299683, 148.792068481, 178.814254761, 152.127868652, 155.463668823, 158.799468994, 162.135269165, 165.471069336, 168.806854248, 172.142654419,  175.47845459,  145.38041687, 142.481781006, -5.25622367859,             0,             0,             0,             0,             0,             0,             0,             0,             0,             0, -4.43020200729, -5.32505702972, -4.47040224075, -5.21206045151, 1.97823226452, 2.24584746361, 0.310331076384, 0.57659637928, 1.14438641071,             0,             0,             0,             0,             0,             0,             0,             0,             0,             0, 1.97816741467, 2.24447751045,             0,             0,             0,             0,             0,             0,             0,             0,             0,             0, 0.309942007065, 0.576719045639,             0,             0,             0,             0, -0.00468126079068,             0,             0,             0,             0,             0,             0,             0,             0,             0,             0, 0.32061880827, 0.326359450817,             0,             0,             0,             0,             0,             0,             0,             0,             0,             0, 0.315559595823, 0.32229796052
          4.4, -1.12379300594, -0.795592904091, -1.08602535725, -0.909388124943, 6.54106473923, 2531.67993164, 0.281126916409,             0,  255.90737915, -12.9297876358, 221.455841064, -22.1015110016, 1113.57824707, 461.005371094, 1472.23840332, 833.399841309, 3535.28295898, 1990.23327637, 5008.94775391, 3195.67797852,             0,             0,             0,             0,             0,             0,             0,             0,             0,             0,             0,             0,             0,             0,             0,             0,             0,             0,             0,             0,             0, 1.06160748005, -0.0212416276336,             0,             0,             0,             0,             0,             0,             0,             0,             0,             0,             0,             0,             0,             0, 0.209717854857,             0,             0,             0,             0,             0,             0,             0,             0,             0,             0,             0,             0,             0,             0, 0.209717869759, 0.135382801294, 0.342001497746, 0.189012393355, 0.0717627704144, 71.9989242554, 71.7554321289, 71.9988479614, 71.6814727783, 146.286483765, 0.860252201557, 0.822803020477, 20.0066547394,             0,             0,             0,             0,             0,             0,             0,             0,             0,             0, 149.605529785, 179.626373291, 152.941177368, 156.276824951, 159.612472534, 162.948135376, 166.283782959, 169.619430542, 172.955078125, 176.290725708,             1,             1,             1,             1,             1,             1,             1,             1,             1,             1, 120.083221436,           120, 0.534506320953,             0, 13.8546800613, 1.54976582527, 146.359558105,  143.46244812, 146.213058472, 143.313674927, 146.286483765, 149.622131348, 179.642944336, 152.957778931, 156.293426514, 159.629074097,  162.96472168, 166.300369263, 169.636016846, 172.971664429, 176.307312012, 146.359512329, 143.462265015, 149.622131348, 179.642944336, 152.957778931, 156.293426514, 159.629074097,  162.96472168, 166.300369263, 169.636016846, 172.971664429, 176.307312012, 146.212982178,  143.31362915, -5.09413480759,             0,             0,             0,             0,             0,             0,             0,             0,             0,             0, -4.2338309288, -5.14380979538, -4.27125740051, -5.02733373642, 1.89978897572, 2.15907263756, 0.231426969171, 0.489342093468, 1.06581735611,             0,             0,             0,             0,             0,             0,             0,             0,             0,             0, 1.89903306961, 2.15713119507,             0,             0,             0,             0,             0,             0,             0,             0,             0,             0, 0.230389684439, 0.488940238953,             0, -5.55111512313e-17,             0,             0, -0.00491960672662,             0,             0,             0,             0,             0,             0,             0,             0,             0,             0, 0.320807754993, 0.326567947865,             0,             0,             0,             0,             0,             0,             0,             0,             0,             0, 0.315308183432, 0.32207557559
        4.425, -1.20101976395, -0.868891537189, -1.16271317005, -0.982012987137, 6.64229106903, 2533.77197266, 0.301744073629,             0, 258.923217773, -12.7320804596, 223.884155273, -22.4415454865, 1172.72644043, 493.606384277, 1590.21179199, 908.981140137, 3490.46630859, 1940.55969238, 5063.81982422, 3243.46435547,             0,             0,             0,             0,             0,             0,             0,             0,             0,             0,             0,             0,             0,             0,             0,             0,             0,             0,             0,             0,             0, 0.985261440277, -0.0192571412772,             0,             0,             0,             0,             0,             0,             0,             0,             0,             0,             0,             0,             0,             0, 0.345112740993,             0,             0,             0,             0,             0,             0,             0,             0,             0,             0,             0,             0,             0,             0, 0.345112770796, 0.248899549246, 0.432855814695, 0.299289733171, 0.159231007099, 72.4072952271, 72.1624679565, 72.4091110229,  72.090927124,  147.11680603, 0.891628563404, 0.854971110821, 20.5252742767,             0,             0,             0,             0,             0,             0,             0,             0,             0,             0, 150.435684204, 180.455062866, 153.771179199, 157.106658936, 160.442153931, 163.777633667, 167.113128662, 170.448608398, 173.784088135,  177.11958313,             1,             1,             1,             1,             1,             1,             1,             1,             1,             1, 120.077323914,           120, 0.537757992744,             0, 13.8529396057, 1.54973340034, 147.187438965, 144.289550781, 147.045822144, 144.145736694,  147.11680603, 150.452285767,  180.47164917, 153.787780762, 157.123260498, 160.458740234, 163.794219971, 167.129714966, 170.465194702, 173.800674438, 177.136154175, 147.187332153, 144.289352417, 150.452285767,  180.47164917, 153.787780762, 157.123260498, 160.458740234, 163.794219971, 167.129714966, 170.465194702, 173.800674438, 177.136154175, 147.045715332,   144.1456604, -4.92929792404,             0,             0,             0,             0,             0,             0,             0,             0,             0,             0, -4.03757858276, -4.96012639999, -4.0742149353, -4.84223222733, 1.82301306725, 2.07382678986, 0.154212877154, 0.403647601604, 0.988918960094,             0,             0,             0,             0,             0,             0,             0,             0,             0,             0, 1.82162213326, 2.07136750221,             0,             0,             0,             0,             0,             0,             0,             0,             0,             0, 0.152571052313, 0.402756214142,             0,             0,             0,             0, -0.00509255938232,             0,             0,             0,             0,             0,             0,             0,             0,             0,             0, 0.320972830057, 0.326749771833,             0,             0,             0,             0,             0,             0,             0,             0,             0,             0, 0.315100848675, 0.321896284819
         4.45, -1.26980125904, -0.934998810291, -1.22933769226, -1.0457777977, 6.72856664658, 2536.23120117, 0.319543093443,             0, 262.699920654, -12.5811424255, 227.213668823, -22.7623748779,  1223.8190918, 519.775695801, 1692.81054688, 975.419067383, 3450.32519531, 1897.73071289, 5106.21142578, 3280.74804688,             0,             0,             0,             0,             0,             0,             0,             0,             0,             0,             0,             0,             0,             0,             0,             0,             0,             0,             0,             0,             0, 0.910651862621, -0.0170438885689,             0,             0,             0,             0,             0,             0,             0,             0,             0,             0,             0,             0,             0,             0, 0.469224572182,             0,             0,             0,             0,             0,             0,             0,             0,             0,             0,             0,             0,             0,             0, 0.469224601984, 0.351870536804, 0.513963758945, 0.401311069727, 0.240480422974, 72.8156967163, 72.5694732666, 72.8193893433, 72.5003662109, 147.947250366, 0.919883728027, 0.882247626781, 20.9610424042,             0,             0,             0,             0,             0,             0,             0,             0,             0,             0, 151.265960693, 181.283828735, 154.601272583, 157.936599731, 161.271911621,  164.60723877, 167.942550659, 171.277862549, 174.613189697, 177.948501587,             1,             1,             1,             1,             1,             1,             1,             1,             1,             1, 120.071243286,           120, 0.54174464941,             0, 13.8511152267,  1.5496994257, 148.015396118, 145.116775513, 147.878738403, 144.977981567, 147.947250366, 151.282562256,  181.30039978, 154.617874146, 157.953201294, 161.288513184, 164.623825073, 167.959136963, 171.294448853, 174.629776001, 177.965087891, 148.015258789, 145.116531372, 151.282562256,  181.30039978, 154.617874146, 157.953201294, 161.288513184, 164.623825073, 167.959136963, 171.294448853, 174.629776001, 177.965087891, 147.878585815, 144.977874756, -4.76211881638,             0,             0,             0,             0,             0,             0,             0,             0,             0,             0, -3.84211468697, -4.77460622787, -3.87973046303, -4.65715932846, 1.74801945686,  1.9902459383, 0.0788040757179, 0.319650650024, 0.913806319237,             0,             0,             0,             0,             0,             0,             0,             0,             0,             0, 1.74605178833, 1.98732352257,             0,             0,             0,             0,             0,             0,             0,             0,             0,             0, 0.0766031965613, 0.318304628134,             0,             0, 5.55111512313e-17, -5.55111512313e-17, -0.00519181136042,             0,             0,             0,             0,             0,             0,             0,             0,             0,             0, 0.321119606495, 0.326905757189,             0,             0,             0,             0,             0,             0,             0,             0,             0,             0, 0.314939260483, 0.321755558252
        4.475, -1.33150613308, -0.994652986526, -1.28747284412, -1.10177612305, 6.80387687683, 2538.91113281, 0.334506183863,             0, 267.001342773, -12.4725522995, 231.198730469, -22.9920310974, 1263.87207031, 540.996887207, 1780.61157227, 1033.37780762, 3413.78100586, 1861.79907227, 5136.69189453, 3309.34619141,             0,             0,             0,             0,             0,             0,             0,             0,             0,             0,             0,             0,             0,             0,             0,             0,             0,             0,             0,             0,             0, 0.837884366512, -0.0148931778967,             0,             0,             0,             0,             0,             0,             0,             0,             0,             0,             0,             0,             0,             0, 0.582178592682,             0,             0,             0,             0,             0,             0,             0,             0,             0,             0,             0,             0,             0,             0, 0.582178652287, 0.444412082434, 0.58570510149, 0.495047301054, 0.315579682589, 73.2241210938, 72.9764404297, 73.2296829224, 72.9097900391, 148.777816772, 0.94580924511, 0.905628979206,  21.311706543,             0,             0,             0,             0,             0,             0,             0,             0,             0,             0, 152.096359253, 182.112701416, 155.431503296, 158.766647339, 162.101806641, 165.436950684, 168.772094727, 172.107254028, 175.442398071, 178.777542114,             1,             1,             1,             1,             1,             1,             1,             1,             1,             1, 120.065124512,           120, 0.546257078648,             0, 13.8492565155, 1.54966473579, 148.843444824, 145.944122314, 148.711807251, 145.810394287, 148.777816772, 152.112960815, 182.129272461, 155.448104858, 158.783248901, 162.118392944, 165.453552246, 168.788696289, 172.123840332, 175.458984375, 178.794128418, 148.843292236, 145.943862915, 152.112960815, 182.129272461, 155.448104858, 158.783248901, 162.118392944, 165.453552246, 168.788696289, 172.123840332, 175.458984375, 178.794128418, 148.711624146, 145.810256958, -4.5929107666,             0,             0,             0,             0,             0,             0,             0,             0,             0,             0, -3.64696002007, -4.58772611618, -3.6871201992, -4.47231960297, 1.67491209507, 1.90845108032, 0.00530406367034, 0.237471014261, 0.84058368206,             0,             0,             0,             0,             0,             0,             0,             0,             0,             0, 1.67242527008, 1.90511858463,             0,             0,             0,             0,             0,             0,             0,             0,             0,             0, 0.00258950423449, 0.235704794526,             0, 5.55111512313e-17,             0,             0, -0.00521432142705,             0,             0,             0,             0,             0,             0,             0,             0,             0,             0, 0.321252346039, 0.327035903931,             0,             0,             0,             0,             0,             0,             0,             0,             0,             0, 0.314821481705, 0.321646809578
          4.5, -1.3869715929, -1.04839062691, -1.3382358551, -1.15081167221,  6.8659787178, 2541.68261719, 0.346951574087,             0, 271.687561035, -12.3678512573, 235.676010132, -23.2396087646, 1296.66931152, 559.488952637, 1851.36083984, 1083.50939941, 3380.58105469, 1832.20898438, 5156.53222656, 3330.68676758,             0,             0,             0,             0,             0,             0,             0,             0,             0,             0,             0,             0,             0,             0,             0,             0,             0,             0,             0,             0,             0, 0.767050981522, -0.0130235310644,             0,             0,             0,             0,             0,             0,             0,             0,             0,             0,             0,             0,             0,             0, 0.684430837631,             0,             0,             0,             0,             0,             0,             0,             0,             0,             0,             0,             0,             0,             0, 0.684430837631, 0.526981830597, 0.648816585541, 0.580747365952, 0.384675472975, 73.6325759888, 73.3833694458, 73.6399765015, 73.3191986084, 149.608520508, 0.969519674778, 0.925505697727, 21.5823249817,             0,             0,             0,             0,             0,             0,             0,             0,             0,             0, 152.926879883, 182.941726685, 156.261871338, 159.596847534,  162.93182373, 166.266815186, 169.601791382, 172.936782837, 176.271759033, 179.606735229,             1,             1,             1,             1,             1,             1,             1,             1,             1,             1, 120.059104919,           120, 0.551073908806,             0, 13.8474082947, 1.54963028431, 149.671615601, 146.771606445, 149.545028687, 146.642974854, 149.608520508, 152.943496704, 182.958297729,   156.2784729, 159.613449097, 162.948425293, 166.283416748, 169.618392944, 172.953369141, 176.288345337, 179.623321533, 149.671432495, 146.771316528, 152.943496704, 182.958297729,   156.2784729, 159.613449097, 162.948425293, 166.283416748, 169.618392944, 172.953369141, 176.288345337, 179.623321533, 149.544830322, 146.642822266, -4.42197465897,             0,             0,             0,             0,             0,             0,             0,             0,             0,             0, -3.45229768753, -4.39977741241, -3.49629068375, -4.28776454926, 1.60378086567, 1.82854914665, -0.0661979094148, 0.157212644815, 0.769341111183,             0,             0,             0,             0,             0,             0,             0,             0,             0,             0, 1.60083019733, 1.82485532761,             0,             0,             0,             0,             0,             0,             0,             0,             0,             0, -0.0693823024631, 0.155059725046,             0, -5.55111512313e-17, 5.55111512313e-17,             0, -0.00516312429681,             0,             0,             0,             0,             0,             0,             0,             0,             0,             0, 0.321372300386, 0.327142417431,             0,             0,             0,             0,             0,             0,             0,             0,             0,             0, 0.314743041992, 0.321564823389
        4.525, -1.43583714962, -1.09641003609, -1.38153529167, -1.19331598282, 6.91213274002, 2544.44873047, 0.357347160578,             0, 276.582214355, -12.3578853607, 240.513305664, -23.455696106, 1324.88024902, 575.820556641, 1907.59179688, 1126.52893066, 3350.73681641, 1808.04858398,  5167.6015625,  3346.4543457,             0,             0,             0,             0,             0,             0,             0,             0,             0,             0,             0,             0,             0,             0,             0,             0,             0,             0,             0,             0,             0, 0.698229730129, -0.0115448478609,             0,             0,             0,             0,             0,             0,             0,             0,             0,             0,             0,             0,             0,             0, 0.776702404022,             0,             0,             0,             0,             0,             0,             0,             0,             0,             0,             0,             0,             0,             0, 0.776702463627, 0.600367188454, 0.704184532166, 0.65891289711, 0.448077201843, 74.0410614014, 73.7902679443, 74.0502853394, 73.7285919189, 150.439346313, 0.990109145641, 0.941241562366, 21.7794914246,             0,             0,             0,             0,             0,             0,             0,             0,             0,             0, 153.757553101, 183.770935059, 157.092376709, 160.427200317, 163.762008667, 167.096832275, 170.431655884, 173.766479492, 177.101303101,  180.43611145,             1,             1,             1,             1,             1,             1,             1,             1,             1,             1, 120.053276062,           120, 0.556003391743,             0, 13.8456068039, 1.54959666729, 150.499908447, 147.599227905, 150.378387451, 147.475738525, 150.439346313, 153.774169922, 183.787521362,  157.10899353,  160.44380188, 163.778625488, 167.113433838, 170.448257446, 173.783065796, 177.117889404, 180.452713013, 150.499710083, 147.598922729, 153.774169922, 183.787521362,  157.10899353,  160.44380188, 163.778625488, 167.113433838, 170.448257446, 173.783065796, 177.117889404, 180.452713013, 150.378189087,  147.47555542, -4.24968147278,             0,             0,             0,             0,             0,             0,             0,             0,             0,             0, -3.25940155983, -4.21127271652, -3.30824661255, -4.10376119614, 1.53470170498, 1.75063538551, -0.135626465082, 0.0789684578776, 0.700154721737,             0,             0,             0,             0,             0,             0,             0,             0,             0,             0, 1.53133845329, 1.74662435055,             0,             0,             0,             0,             0,             0,             0,             0,             0,             0, -0.139239668846, 0.0764605551958,             0,             0,             0, -5.55111512313e-17, -0.00504698697478,             0,             0,             0,             0,             0,             0,             0,             0,             0,             0, 0.321479588747, 0.327228844166,             0,             0,             0,             0,             0,             0,             0,             0,             0,             0, 0.314697086811, 0.321503400803
         4.55, -1.47789573669, -1.13891863823, -1.41737961769, -1.22987389565, 6.94194459915, 2547.13818359, 0.366019934416,             0, 281.548217773, -12.3898181915, 245.526153564, -23.6447658539, 1348.40405273, 590.172729492, 1952.98242188, 1163.21594238, 3324.38427734, 1788.21166992, 5172.68896484, 3358.44213867,             0,             0,             0,             0,             0,             0,             0,             0,             0,             0,             0,             0,             0,             0,             0,             0,             0,             0,             0,             0,             0, 0.631487667561, -0.0104670599103,             0,             0,             0,             0,             0,             0,             0,             0,             0,             0,             0,             0,             0,             0, 0.859939575195,             0,             0,             0,             0,             0,             0,             0,             0,             0,             0,             0,             0,             0,             0, 0.859939575195, 0.665561079979, 0.752820014954, 0.730230629444, 0.506246805191, 74.4495773315, 74.1971435547, 74.4606018066, 74.1379623413, 151.270324707, 1.00710165501, 0.952583312988, 21.9072036743,             0,             0,             0,             0,             0,             0,             0,             0,             0,             0, 154.588378906, 184.600372314, 157.923034668, 161.257705688, 164.592376709, 167.927032471, 171.261703491, 174.596374512, 177.931030273, 181.265701294,             1,             1,             1,             1,             1,             1,             1,             1,             1,             1, 120.047737122,           120, 0.560892343521,             0, 13.8438816071, 1.54956448078, 151.328323364, 148.427001953, 151.211914062, 148.308654785, 151.270324707, 154.604995728, 184.616958618, 157.939651489,  161.27432251, 164.608978271, 167.943649292, 171.278305054, 174.612976074, 177.947631836, 181.282302856,    151.328125, 148.426696777, 154.604995728, 184.616958618, 157.939651489,  161.27432251, 164.608978271, 167.943649292, 171.278305054, 174.612976074, 177.947631836, 181.282302856, 151.211685181,  148.30847168, -4.0764374733,             0,             0,             0,             0,             0,             0,             0,             0,             0,             0, -3.06915211678, -4.0226688385, -3.12364578247, -3.92036747932, 1.46773934364, 1.67479562759, -0.202917590737, 0.002821611939, 0.63308930397,             0,             0,             0,             0,             0,             0,             0,             0,             0,             0, 1.46400904655, 1.67050552368,             0,             0,             0,             0,             0,             0,             0,             0,             0,             0, -0.206922337413, -1.20954000522e-05,             0,             0,             0, 5.55111512313e-17, -0.00487890653312,             0,             0,             0,             0,             0,             0,             0,             0,             0,             0, 0.321573883295, 0.327299326658,             0,             0,             0,             0,             0,             0,             0,             0,             0,             0, 0.314673364162, 0.321455955505
        4.575, -1.51351189613, -1.17616987228, -1.44636189938, -1.26090395451, 6.95509386063, 2549.69750977, 0.373168796301,             0, 286.472290039, -12.443728447, 250.587554932, -23.816860199, 1367.74487305, 602.589538574, 1988.93505859, 1194.37890625,  3301.6159668, 1771.61193848, 5174.58203125, 3368.29296875,             0,             0,             0,             0,             0,             0,             0,             0,             0,             0,             0,             0,             0,             0,             0,             0,             0,             0,             0,             0,             0, 0.566882431507, -0.00972807593644,             0,             0,             0,             0,             0,             0,             0,             0,             0,             0,             0,             0,             0,             0, 0.935200870037,             0,             0,             0,             0,             0,             0,             0,             0,             0,             0,             0,             0,             0,             0, 0.935200870037, 0.723644256592, 0.795761585236, 0.795452713966, 0.559724569321, 74.8581314087, 74.6039886475, 74.8709182739, 74.5473098755,  152.10144043,  1.0205925703, 0.959862530231, 21.9694499969,             0,             0,             0,             0,             0,             0,             0,             0,             0,             0, 155.419342041, 185.430038452, 158.753860474, 162.088378906, 165.422912598,  168.75743103, 172.091949463, 175.426467896, 178.760986328,  182.09552002,             1,             1,             1,             1,             1,             1,             1,             1,             1,             1, 120.042533875,           120, 0.565620958805,             0, 13.8422555923, 1.54953408241,  152.15687561, 149.254928589, 152.045562744,  149.14175415,  152.10144043, 155.435958862, 185.446624756, 158.770477295, 162.104995728,  165.43951416, 168.774032593, 172.108551025, 175.443069458, 178.777587891, 182.112106323, 152.156661987, 149.254623413, 155.435958862, 185.446624756, 158.770477295, 162.104995728,  165.43951416, 168.774032593, 172.108551025, 175.443069458, 178.777587891, 182.112106323, 152.045333862, 149.141540527, -3.90265679359,             0,             0,             0,             0,             0,             0,             0,             0,             0,             0, -2.8818666935, -3.83439612389, -2.94256949425, -3.73781704903, 1.40294837952, 1.60110557079, -0.268017232418, -0.0711540803313, 0.568200051785,             0,             0,             0,             0,             0,             0,             0,             0,             0,             0, 1.39889085293, 1.59656882286,             0,             0,             0,             0,             0,             0,             0,             0,             0,             0, -0.272380292416, -0.0742874294519,             0,             0,             0,             0, -0.0046740276739,             0,             0,             0,             0,             0,             0,             0,             0,             0,             0, 0.321654886007, 0.327357918024,             0,             0,             0,             0,             0,             0,             0,             0,             0,             0, 0.31466153264, 0.321416407824
          4.6, -1.5432267189, -1.2084581852, -1.4692234993, -1.28682684898, 6.95168590546, 2552.08691406, 0.378998845816,             0, 291.260772705, -12.5131177902, 255.584152222, -23.9789829254,  1383.5177002, 613.159912109, 2016.94396973, 1220.66564941, 3282.57250977, 1757.54760742, 5175.42675781, 3377.10253906,             0,             0,             0,             0,             0,             0,             0,             0,             0,             0,             0,             0,             0,             0,             0,             0,             0,             0,             0,             0,             0, 0.504462063313, -0.00923115760088,             0,             0,             0,             0,             0,             0,             0,             0,             0,             0,             0,             0,             0,             0, 1.00348079205,             0,             0,             0,             0,             0,             0,             0,             0,             0,             0,             0,             0,             0,             0, 1.00348091125, 0.775631308556, 0.833928227425, 0.855265676975, 0.608988761902, 75.2667160034, 75.0108108521,      75.28125, 74.9566345215, 152.932693481,  1.0308470726, 0.963558495045, 21.9700012207,             0,             0,             0,             0,             0,             0,             0,             0,             0,             0, 156.250457764,  186.25994873, 159.584838867, 162.919235229, 166.253616333, 169.588012695, 172.922393799, 176.256790161, 179.591171265, 182.925567627,             1,             1,             1,             1,             1,             1,             1,             1,             1,             1, 120.037727356,           120, 0.570102512836,             0, 13.8407440186, 1.54950594902, 152.985565186,  150.08303833, 152.879348755, 149.975006104, 152.932693481, 156.267074585, 186.276550293, 159.601470947, 162.935852051, 166.270233154, 169.604629517,  172.93901062, 176.273391724, 179.607772827, 182.942169189, 152.985351562, 150.082733154, 156.267074585, 186.276550293, 159.601470947, 162.935852051, 166.270233154, 169.604629517,  172.93901062, 176.273391724, 179.607772827, 182.942169189, 152.879135132,  149.97479248, -3.72875452042,             0,             0,             0,             0,             0,             0,             0,             0,             0,             0, -2.69769597054, -3.6468629837, -2.76495409012, -3.55635857582, 1.34037399292, 1.52963113785, -0.330881208181, -0.142894566059, 0.505532205105,             0,             0,             0,             0,             0,             0,             0,             0,             0,             0, 1.33602333069, 1.52487504482,             0,             0,             0,             0,             0,             0,             0,             0,             0,             0, -0.335572987795, -0.146304026246, 5.55111512313e-17,             0,             0,             0, -0.00444740708917,             0,             0,             0,             0,             0,             0,             0,             0,             0,             0, 0.321722120047, 0.327407300472,             0,             0,             0,             0,             0,             0,             0,             0,             0,             0, 0.314653635025, 0.321380704641
        4.625, -1.56838917732, -1.23602342606, -1.48747682571, -1.30820286274, 6.93297195435, 2554.27539062, 0.38374248147,             0, 295.826019287, -12.5875616074, 260.396850586, -24.1388702393, 1396.86755371, 622.008178711, 2039.04858398, 1241.98168945, 3267.35327148, 1745.68115234, 5176.53271484, 3385.39697266,             0,             0,             0,             0,             0,             0,             0,             0,             0,             0,             0,             0,             0,             0,             0,             0,             0,             0,             0,             0,             0, 0.444265365601, -0.00887683406472,             0,             0,             0,             0,             0,             0,             0,             0,             0,             0,             0,             0,             0,             0, 1.06561470032,             0,             0,             0,             0,             0,             0,             0,             0,             0,             0,             0,             0,             0,             0, 1.06561470032, 0.822332501411, 0.868057727814, 0.910181343555, 0.654388785362, 75.6753311157, 75.4176177979, 75.6915740967, 75.3659286499, 153.764083862, 1.03906607628, 0.965047895908, 21.9113712311,             0,             0,             0,             0,             0,             0,             0,             0,             0,             0, 157.081726074, 187.090118408, 160.415985107, 163.750259399, 167.084518433, 170.418792725, 173.753051758,  177.08732605, 180.421585083, 183.755859375,             1,             1,             1,             1,             1,             1,             1,             1,             1,             1, 120.033355713,           120, 0.574278831482,             0, 13.8393573761,  1.5494800806,  153.81439209, 150.911300659, 153.713272095, 150.808410645, 153.764083862, 157.098342896, 187.106719971, 160.432617188, 163.766876221, 167.101135254, 170.435409546, 173.769668579, 177.103927612, 180.438201904, 183.772460938, 153.814193726, 150.911010742, 157.098342896, 187.106719971, 160.432617188, 163.766876221, 167.101135254, 170.435409546, 173.769668579, 177.103927612, 180.438201904, 183.772460938, 153.713058472, 150.808197021, -3.55513310432,             0,             0,             0,             0,             0,             0,             0,             0,             0,             0, -2.51584196091, -3.46050977707, -2.58982586861, -3.37607979774, 1.28005182743, 1.46042835712, -0.391474694014, -0.212345480919, 0.445121943951,             0,             0,             0,             0,             0,             0,             0,             0,             0,             0, 1.27543771267, 1.45547604561,             0,             0,             0,             0,             0,             0,             0,             0,             0,             0, -0.396468341351, -0.216009452939,             0,             0,             0,             0, -0.00421221274883,             0,             0,             0,             0,             0,             0,             0,             0,             0,             0, 0.321775227785, 0.327448666096,             0,             0,             0,             0,             0,             0,             0,             0,             0,             0, 0.314644873142, 0.321346968412
         4.65, -1.58875155449, -1.25944435596, -1.50103414059, -1.32555294037, 6.90276193619, 2556.24291992, 0.387506902218,             0, 300.099853516, -12.656036377, 264.920593262, -24.2955226898, 1408.13757324,    629.453125, 2055.95800781, 1258.44909668, 3255.86914062, 1735.86962891, 5178.40332031, 3393.16259766,             0,             0,             0,             0,             0,             0,             0,             0,             0,             0,             0,             0,             0,             0,             0,             0,             0,             0,             0,             0,             0, 0.386324137449, -0.00858551450074,             0,             0,             0,             0,             0,             0,             0,             0,             0,             0,             0,             0,             0,             0,  1.1222525835,             0,             0,             0,             0,             0,             0,             0,             0,             0,             0,             0,             0,             0,             0,  1.1222525835, 0.864461660385, 0.898711681366, 0.960643053055, 0.696158111095,  76.083984375, 75.8244094849, 76.1019058228, 75.7752075195, 154.595611572, 1.04490554333, 0.964160442352, 21.7926502228,             0,             0,             0,             0,             0,             0,             0,             0,             0,             0, 157.913131714, 187.920547485, 161.247299194, 164.581451416, 167.915603638, 171.249771118,  174.58392334, 177.918075562, 181.252243042, 184.586395264,             1,             1,             1,             1,             1,             1,             1,             1,             1,             1, 120.029418945,           120, 0.578109502792,             0,  13.838101387, 1.54945659637, 154.643371582, 151.739761353, 154.547317505, 151.641967773, 154.595611572, 157.929763794, 187.937164307, 161.263916016, 164.598068237, 167.932235718, 171.266387939, 174.600540161, 177.934692383, 181.268844604, 184.603012085, 154.643173218, 151.739471436, 157.929763794, 187.937164307, 161.263916016, 164.598068237, 167.932235718, 171.266387939, 174.600540161, 177.934692383, 181.268844604, 184.603012085, 154.547103882,  151.64175415, -3.38212752342,             0,             0,             0,             0,             0,             0,             0,             0,             0,             0, -2.33698415756, -3.27553677559, -2.41769146919, -3.19720458984, 1.22201097012, 1.39354276657, -0.449769318104, -0.279462784529, 0.386998176575,             0,             0,             0,             0,             0,             0,             0,             0,             0,             0, 1.21715915203, 1.38841402531,             0,             0,             0,             0,             0,             0,             0,             0,             0,             0, -0.45504039526, -0.283360958099,             0,             0,             0, -5.55111512313e-17, -0.00397859606892,             0,             0,             0,             0,             0,             0,             0,             0,             0,             0, 0.321814596653, 0.327482581139,             0,             0,             0,             0,             0,             0,             0,             0,             0,             0, 0.314633369446, 0.321315228939
        4.675, -1.60414159298, -1.27895212173, -1.50984859467, -1.33923399448,  6.8623418808, 2557.97924805, 0.390398681164,             0, 304.020568848, -12.7337207794,  269.10559082, -24.4399700165, 1417.01989746, 635.665466309, 2067.56274414, 1271.79638672, 3247.88500977,  1728.0769043, 5180.84179688,     3400.3125,             0,             0,             0,             0,             0,             0,             0,             0,             0,             0,             0,             0,             0,             0,             0,             0,             0,             0,             0,             0,             0, 0.330663859844, -0.0083072911948,             0,             0,             0,             0,             0,             0,             0,             0,             0,             0,             0,             0,             0,             0, 1.17386519909,             0,             0,             0,             0,             0,             0,             0,             0,             0,             0,             0,             0,             0,             0, 1.17386519909, 0.902547836304, 0.926279902458, 1.00696051121, 0.734513282776, 76.4926757812, 76.2311935425, 76.5122375488, 76.1844558716, 155.427261353, 1.04802584648, 0.960699319839, 21.6151161194,             0,             0,             0,             0,             0,             0,             0,             0,             0,             0, 158.744689941, 188.751235962,  162.07875061, 165.412811279, 168.746871948, 172.080932617, 175.414993286, 178.749053955, 182.083114624, 185.417175293,             1,             1,             1,             1,             1,             1,             1,             1,             1,             1, 120.025924683,           120, 0.58156889677,             0, 13.8369760513, 1.54943561554, 155.472503662, 152.568389893, 155.381484985,  152.47567749, 155.427261353, 158.761322021, 188.767852783,  162.09538269, 165.429443359, 168.763504028, 172.097564697, 175.431610107, 178.765670776, 182.099731445, 185.433792114, 155.472320557, 152.568099976, 158.761322021, 188.767852783,  162.09538269, 165.429443359, 168.763504028, 172.097564697, 175.431610107, 178.765670776, 182.099731445, 185.433792114, 155.381271362, 152.475448608, -3.21000218391,             0,             0,             0,             0,             0,             0,             0,             0,             0,             0, -2.16172719002, -3.09224915504, -2.24901247025, -3.01987504959, 1.16627430916, 1.32901036739, -0.505743086338, -0.34421145916, 0.331183493137,             0,             0,             0,             0,             0,             0,             0,             0,             0,             0, 1.16120767593, 1.32372283936,             0,             0,             0,             0,             0,             0,             0,             0,             0,             0, -0.511268734932, -0.348324745893, -5.55111512313e-17, -5.55111512313e-17,             0, -5.55111512313e-17, -0.00375332706608,             0,             0,             0,             0,             0,             0,             0,             0,             0,             0, 0.321841090918, 0.327509135008,             0,             0,             0,             0,             0,             0,             0,             0,             0,             0, 0.314619898796, 0.321285873652
          4.7, -1.61478149891, -1.29473412037, -1.5142428875, -1.34948849678, 6.81136274338, 2559.48144531, 0.392413496971,             0, 307.523956299, -12.8247566223, 272.909790039, -24.5663261414, 1423.23010254, 640.773498535, 2073.84106445, 1282.14453125, 3243.03955078, 1722.25878906, 5183.27636719, 3406.63183594,             0,             0,             0,             0,             0,             0,             0,             0,             0,             0,             0,             0,             0,             0,             0,             0,             0,             0,             0,             0,             0, 0.277303546667, -0.00802083034068,             0,             0,             0,             0,             0,             0,             0,             0,             0,             0,             0,             0,             0,             0, 1.22078478336,             0,             0,             0,             0,             0,             0,             0,             0,             0,             0,             0,             0,             0,             0, 1.22078490257, 0.936951637268, 0.951025605202, 1.04933440685, 0.769570231438, 76.9013900757, 76.6379699707, 76.9225616455, 76.5936889648, 156.259048462, 1.04843688011, 0.954791307449, 21.3821678162,             0,             0,             0,             0,             0,             0,             0,             0,             0,             0, 159.576385498, 189.582168579, 162.910369873, 166.244338989, 169.578323364,  172.91229248, 176.246276855, 179.580245972, 182.914215088, 186.248199463,             1,             1,             1,             1,             1,             1,             1,             1,             1,             1, 120.022865295,           120, 0.584643065929,             0,  13.835981369, 1.54941701889,  156.30178833, 153.397201538, 156.215759277, 153.309524536, 156.259048462, 159.593032837,   189.5987854, 162.927001953, 166.260971069, 169.594955444, 172.928924561, 176.262893677, 179.596878052, 182.930847168, 186.264816284, 156.301605225,  153.39692688, 159.593032837,   189.5987854, 162.927001953, 166.260971069, 169.594955444, 172.928924561, 176.262893677, 179.596878052, 182.930847168, 186.264816284, 156.215560913, 153.309310913, -3.0390150547,             0,             0,             0,             0,             0,             0,             0,             0,             0,             0, -1.99031949043, -2.9108915329, -2.08392071724, -2.84426021576, 1.11285805702, 1.26686012745, -0.559380233288, -0.406563252211,  0.2776940763,             0,             0,             0,             0,             0,             0,             0,             0,             0,             0, 1.10759747028, 1.26143014431,             0,             0,             0,             0,             0,             0,             0,             0,             0,             0, -0.565138876438, -0.41087320447,             0,             0, 5.55111512313e-17,             0, -0.00354006933048,             0,             0,             0,             0,             0,             0,             0,             0,             0,             0, 0.321856081486, 0.32752853632,             0,             0,             0,             0,             0,             0,             0,             0,             0,             0, 0.314606636763, 0.321259707212
        4.725, -1.62044465542, -1.30693125725, -1.51404678822, -1.35648858547, 6.74929380417, 2560.75073242, 0.393536955118,             0, 310.576080322, -12.928319931, 276.301818848, -24.6704120636, 1426.75476074, 644.749084473,  2074.6418457, 1289.49157715, 3240.95849609, 1718.38330078, 5184.98388672, 3411.71801758,             0,             0,             0,             0,             0,             0,             0,             0,             0,             0,             0,             0,             0,             0,             0,             0,             0,             0,             0,             0,             0, 0.226255267859, -0.00772428233176,             0,             0,             0,             0,             0,             0,             0,             0,             0,             0,             0,             0,             0,             0, 1.26322567463,             0,             0,             0,             0,             0,             0,             0,             0,             0,             0,             0,             0,             0,             0, 1.26322567463, 0.96792691946, 0.973098397255, 1.08791089058, 0.801388144493, 77.3101348877, 77.0447387695, 77.3328781128, 77.0028915405,   157.0909729, 1.04572880268, 0.946097254753, 21.0977210999,             0,             0,             0,             0,             0,             0,             0,             0,             0,             0, 160.408233643, 190.413360596, 163.742141724, 167.076034546, 170.409942627, 173.743835449,  177.07774353, 180.411651611, 183.745544434, 187.079452515,             1,             1,             1,             1,             1,             1,             1,             1,             1,             1, 120.020233154,           120, 0.587325870991,             0, 13.8351135254, 1.54940080643, 157.131225586, 154.226196289, 157.050140381, 154.143493652,   157.0909729, 160.424865723, 190.429977417, 163.758773804, 167.092666626, 170.426574707, 173.760467529,  177.09437561, 180.428283691, 183.762176514, 187.096084595, 157.131057739, 154.225921631, 160.424865723, 190.429977417, 163.758773804, 167.092666626, 170.426574707, 173.760467529,  177.09437561, 180.428283691, 183.762176514, 187.096084595, 157.049942017, 154.143295288, -2.86943674088,             0,             0,             0,             0,             0,             0,             0,             0,             0,             0, -1.82344198227, -2.73172402382, -1.92302656174, -2.67056870461, 1.06177210808, 1.20711517334, -0.610671520233, -0.466495573521, 0.226539298892,             0,             0,             0,             0,             0,             0,             0,             0,             0,             0, 1.05633699894,  1.2015581131,             0,             0,             0,             0,             0,             0,             0,             0,             0,             0, -0.616642296314, -0.470984101295,             0,             0,             0,             0, -0.00334008759819,             0,             0,             0,             0,             0,             0,             0,             0,             0,             0, 0.321860939264, 0.327540874481,             0,             0,             0,             0,             0,             0,             0,             0,             0,             0, 0.314596325159, 0.321238279343
         4.75, -1.62130856514, -1.31568455696, -1.50948286057, -1.36038517952, 6.67575263977, 2561.79174805, 0.393735826015,             0, 313.170288086, -13.040895462, 279.282592773, -24.7498073578,  1427.5333252, 647.495361328,  2069.6940918,  1293.8059082, 3241.36035156, 1716.46508789, 5185.25390625, 3415.15942383,             0,             0,             0,             0,             0,             0,             0,             0,             0,             0,             0,             0,             0,             0,             0,             0,             0,             0,             0,             0,             0, 0.177524626255, -0.00742690777406,             0,             0,             0,             0,             0,             0,             0,             0,             0,             0,             0,             0,             0,             0, 1.30131196976,             0,             0,             0,             0,             0,             0,             0,             0,             0,             0,             0,             0,             0,             0, 1.30131196976, 0.995603859425, 0.992561042309, 1.12275958061, 0.829997897148, 77.7189025879, 77.4515151978, 77.7431793213,  77.412071228,  157.92300415, 1.03990733624, 0.934679806232, 20.7658557892,             0,             0,             0,             0,             0,             0,             0,             0,             0,             0, 161.240203857, 191.244781494, 164.574050903,  167.90788269, 171.241729736, 174.575576782, 177.909408569, 181.243255615, 184.577087402, 187.910934448,             1,             1,             1,             1,             1,             1,             1,             1,             1,             1, 120.018028259,           120, 0.589616894722,             0, 13.8343706131, 1.54938697815, 157.960830688, 155.055358887, 157.884628296, 154.977615356,  157.92300415, 161.256851196, 191.261413574, 164.590682983, 167.924530029, 171.258361816, 174.592208862, 177.926040649, 181.259887695, 184.593734741, 187.927566528, 157.960662842, 155.055114746, 161.256851196, 191.261413574, 164.590682983, 167.924530029, 171.258361816, 174.592208862, 177.926040649, 181.259887695, 184.593734741, 187.927566528, 157.884429932, 154.977401733, -2.70155024529,             0,             0,             0,             0,             0,             0,             0,             0,             0,             0, -1.6613714695, -2.55501890182, -1.76654982567, -2.49904513359, 1.01301968098, 1.14979290962, -0.659614264965, -0.523991584778, 0.177722141147,             0,             0,             0,             0,             0,             0,             0,             0,             0,             0, 1.00742864609, 1.14412367344,             0,             0,             0,             0,             0,             0,             0,             0,             0,             0, -0.665776789188, -0.528640806675,             0, -5.55111512313e-17, -5.55111512313e-17,             0, -0.00315307988785,             0,             0,             0,             0,             0,             0,             0,             0,             0,             0, 0.321856766939, 0.32754611969,             0,             0,             0,             0,             0,             0,             0,             0,             0,             0, 0.314591616392, 0.321223169565
        4.775, -1.61729383469, -1.32104110718, -1.50048995018, -1.36123037338, 6.58972930908, 2562.60888672, 0.393050462008,             0, 315.285095215, -13.1697349548, 281.841278076, -24.7986450195, 1425.64660645, 649.556640625, 2058.98388672, 1295.03747559, 3244.06225586, 1716.49584961, 5183.52539062, 3416.64038086,             0,             0,             0,             0,             0,             0,             0,             0,             0,             0,             0,             0,             0,             0,             0,             0,             0,             0,             0,             0,             0, 0.131110608578, -0.00714348675683,             0,             0,             0,             0,             0,             0,             0,             0,             0,             0,             0,             0,             0,             0, 1.33511066437,             0,             0,             0,             0,             0,             0,             0,             0,             0,             0,             0,             0,             0,             0, 1.33511066437,  1.0200599432, 1.00944983959, 1.15392959118, 0.855419754982, 78.1277008057, 77.8582992554, 78.1534805298, 77.8212280273, 158.755172729, 1.03075218201, 0.920345842838, 20.3916282654,             0,             0,             0,             0,             0,             0,             0,             0,             0,             0, 162.072311401, 192.076431274, 165.406112671, 168.739898682, 172.073684692, 175.407470703, 178.741271973, 182.075057983, 185.408843994, 188.742645264,             1,             1,             1,             1,             1,             1,             1,             1,             1,             1, 120.016220093,           120, 0.591519117355,             0, 13.8337497711, 1.54937541485,  158.79057312, 155.884719849, 158.719192505, 155.811828613, 158.755172729,  162.08895874, 192.093063354, 165.422744751, 168.756546021, 172.090332031, 175.424118042, 178.757904053, 182.091690063, 185.425491333, 188.759277344, 158.790420532, 155.884475708,  162.08895874, 192.093063354, 165.422744751, 168.756546021, 172.090332031, 175.424118042, 178.757904053, 182.091690063, 185.425491333, 188.759277344, 158.719009399, 155.811645508, -2.53565406799,             0,             0,             0,             0,             0,             0,             0,             0,             0,             0, -1.50462663174, -2.38106870651, -1.61498212814, -2.32996821404, 0.966597318649, 1.09490501881, -0.706211984158, -0.579039812088, 0.131239101291,             0,             0,             0,             0,             0,             0,             0,             0,             0,             0, 0.960868775845, 1.08913874626,             0,             0,             0,             0,             0,             0,             0,             0,             0,             0, -0.712546229362, -0.583831906319, -5.55111512313e-17,             0,             0,             0, -0.00297793070786,             0,             0,             0,             0,             0,             0,             0,             0,             0,             0, 0.321844279766, 0.327544331551,             0,             0,             0,             0,             0,             0,             0,             0,             0,             0, 0.314594686031, 0.321215540171
          4.8, -1.60886716843, -1.32298886776, -1.48754251003, -1.35901010036, 6.49017524719, 2563.20727539, 0.391496747732,             0, 316.925048828, -13.3138017654, 283.993835449, -24.8176040649,  1421.2388916, 650.914428711, 2042.65026855, 1293.13745117, 3248.91894531, 1718.41552734, 5179.49902344, 3416.03222656,             0,             0,             0,             0,             0,             0,             0,             0,             0,             0,             0,             0,             0,             0,             0,             0,             0,             0,             0,             0,             0, 0.0870060697198, -0.0068901698105,             0,             0,             0,             0,             0,             0,             0,             0,             0,             0,             0,             0,             0,             0, 1.36467885971,             0,             0,             0,             0,             0,             0,             0,             0,             0,             0,             0,             0,             0,             0, 1.36467885971, 1.04132425785, 1.02378070354, 1.18144643307, 0.877692222595, 78.5365142822, 78.2650909424, 78.5637588501, 78.2303619385,  159.58744812,   1.018648386, 0.903494238853, 19.9805316925,             0,             0,             0,             0,             0,             0,             0,             0,             0,             0, 162.904556274, 192.908309937, 166.238296509, 169.572052002, 172.905807495, 176.239547729, 179.573303223, 182.907058716, 186.240814209, 189.574554443,             1,             1,             1,             1,             1,             1,             1,             1,             1,             1, 120.014808655,           120, 0.593037247658,             0, 13.8332452774, 1.54936599731,  159.62046814, 156.714248657, 159.553833008,  156.64616394,  159.58744812, 162.921188354, 192.924957275, 166.254943848, 169.588699341, 172.922454834, 176.256195068, 179.589950562, 182.923706055, 186.257446289, 189.591201782, 159.620330811, 156.714019775, 162.921188354, 192.924957275, 166.254943848, 169.588699341, 172.922454834, 176.256195068, 179.589950562, 182.923706055, 186.257446289, 189.591201782, 159.553665161, 156.645980835, -2.37207460403,             0,             0,             0,             0,             0,             0,             0,             0,             0,             0, -1.35314893723, -2.21019458771, -1.4682507515, -2.1636557579, 0.922495782375, 1.04245889187, -0.750474452972, -0.631633222103, 0.0870806872845,             0,             0,             0,             0,             0,             0,             0,             0,             0,             0, 0.916647732258,  1.0366101265,             0,             0,             0,             0,             0,             0,             0,             0,             0,             0, -0.756960511208, -0.636550664902,             0,             0,             0,             0, -0.00281328544952,             0,             0,             0,             0,             0,             0,             0,             0,             0,             0, 0.321824014187, 0.327535718679,             0,             0,             0,             0,             0,             0,             0,             0,             0,             0, 0.31460660696, 0.321215927601
        4.825, -1.59625887871, -1.3214994669, -1.47086560726, -1.35369133949, 6.37649774551, 2563.59130859, 0.389118909836,             0, 318.088317871, -13.4695596695, 285.737243652, -24.8097686768, 1414.54858398, 651.526000977, 2021.11621094,  1288.0982666, 3255.78710938, 1722.14208984, 5173.13525391, 3413.36645508,             0,             0,             0,             0,             0,             0,             0,             0,             0,             0,             0,             0,             0,             0,             0,             0,             0,             0,             0,             0,             0, 0.0451981388032, -0.00668171420693,             0,             0,             0,             0,             0,             0,             0,             0,             0,             0,             0,             0,             0,             0, 1.39008927345,             0,             0,             0,             0,             0,             0,             0,             0,             0,             0,             0,             0,             0,             0, 1.39008927345, 1.05944657326, 1.03558337688, 1.20536720753, 0.89687871933,  78.945350647, 78.6718902588, 78.9740219116, 78.6394729614, 160.419830322, 1.00380754471, 0.884335100651, 19.5378341675,             0,             0,             0,             0,             0,             0,             0,             0,             0,             0, 163.736907959, 193.740402222, 167.070632935,  170.40435791, 173.738067627, 177.071792603, 180.405517578, 183.739242554, 187.072967529, 190.406692505,             1,             1,             1,             1,             1,             1,             1,             1,             1,             1, 120.013771057,           120, 0.594177544117,             0, 13.8328533173, 1.54935860634, 160.450531006, 157.543960571, 160.388549805, 157.480606079, 160.419830322, 163.753555298, 193.757049561, 167.087280273, 170.421005249, 173.754714966, 177.088439941, 180.422164917, 183.755889893, 187.089614868, 190.423324585, 160.450408936, 157.543746948, 163.753555298, 193.757049561, 167.087280273, 170.421005249, 173.754714966, 177.088439941, 180.422164917, 183.755889893, 187.089614868, 190.423324585, 160.388397217, 157.480422974, -2.21116018295,             0,             0,             0,             0,             0,             0,             0,             0,             0,             0, -1.20707392693, -2.04273748398, -1.32649314404, -2.00044989586, 0.880700051785, 0.992457211018, -0.792417049408, -0.681769371033, 0.0452318191528,             0,             0,             0,             0,             0,             0,             0,             0,             0,             0, 0.874750435352, 0.986540615559,             0,             0,             0,             0,             0,             0,             0,             0,             0,             0, -0.799035251141, -0.686794996262, -5.55111512313e-17, -5.55111512313e-17,             0, 5.55111512313e-17, -0.00265791080892,             0,             0,             0,             0,             0,             0,             0,             0,             0,             0, 0.321796506643,  0.3275205791,             0,             0,             0,             0,             0,             0,             0,             0,             0,             0, 0.314627617598, 0.321224212646
         4.85, -1.5798779726, -1.31654942036, -1.45085990429, -1.34524679184, 6.24872922897, 2563.76635742, 0.385975092649,             0, 318.781097412, -13.6325216293,   287.0730896, -24.779209137, 1405.84082031, 651.327758789,  1994.9465332, 1279.95507812, 3264.52539062, 1727.55541992, 5164.58251953, 3408.77880859,             0,             0,             0,             0,             0,             0,             0,             0,             0,             0,             0,             0,             0,             0,             0,             0,             0,             0,             0,             0,             0, 0.00566888414323, -0.006529441569,             0,             0,             0,             0,             0,             0,             0,             0,             0,             0,             0,             0,             0,             0, 1.41144192219,             0,             0,             0,             0,             0,             0,             0,             0,             0,             0,             0,             0,             0,             0, 1.41144192219, 1.07448792458, 1.04491257668, 1.22576606274, 0.913067221642, 79.3542098999, 79.0787124634,  79.384262085, 79.0485610962, 161.252319336, 0.986675083637, 0.863308131695, 19.0682125092,             0,             0,             0,             0,             0,             0,             0,             0,             0,             0, 164.569381714,  194.57270813, 167.903076172, 171.236785889, 174.570495605, 177.904190063,  181.23789978, 184.571594238, 187.905303955, 191.239013672,             1,             1,             1,             1,             1,             1,             1,             1,             1,             1,  120.01309967,           120, 0.594947576523,             0, 13.8325681686, 1.54935336113, 161.280731201, 158.373855591, 161.223327637, 158.315124512, 161.252319336, 164.586029053, 194.589355469,  167.91973877, 171.253433228, 174.587142944, 177.920837402, 181.254547119, 184.588256836, 187.921951294, 191.255661011,  161.28062439, 158.373657227, 164.586029053, 194.589355469,  167.91973877, 171.253433228, 174.587142944, 177.920837402, 181.254547119, 184.588256836, 187.921951294, 191.255661011, 161.223190308, 158.314956665, -2.05326485634,             0,             0,             0,             0,             0,             0,             0,             0,             0,             0, -1.06631076336, -1.87904262543, -1.1896238327, -1.84069848061, 0.841190338135, 0.94489812851, -0.832059919834, -0.729450404644, 0.00567252608016,             0,             0,             0,             0,             0,             0,             0,             0,             0,             0, 0.835156559944, 0.93892800808,             0,             0,             0,             0,             0,             0,             0,             0,             0,             0, -0.838791191578, -0.734567463398,             0,             0,             0,             0, -0.00251086335629,             0,             0,             0,             0,             0,             0,             0,             0,             0,             0, 0.321762353182, 0.327499419451,             0,             0,             0,             0,             0,             0,             0,             0,             0,             0, 0.314657151699, 0.321239888668
        4.875, -1.56003427505, -1.30814170837, -1.4278254509, -1.33367478848,  6.1074552536, 2563.73925781, 0.382105261087,             0, 319.021728516, -13.798830986, 288.009552002, -24.729341507, 1395.17175293, 650.250915527, 1964.63110352, 1268.78063965, 3274.98754883, 1734.51245117, 5154.09472656, 3402.44702148,             0,             0,             0,             0,             0,             0,             0,             0,             0,             0,             0,             0,             0,             0,             0,             0,             0,             0,             0,             0,             0, -0.0316040962934, -0.00644033495337,             0,             0,             0,             0,             0,             0,             0,             0,             0,             0,             0,             0,             0,             0,  1.4288636446,             0,             0,             0,             0,             0,             0,             0,             0,             0,             0,             0,             0,             0,             0,  1.4288636446, 1.08653724194, 1.05184578896, 1.24274528027, 0.926363527775, 79.7630767822, 79.4855499268, 79.7944869995,  79.457611084,  162.08493042, 0.967624783516,  0.8407792449, 18.5756874084,             0,             0,             0,             0,             0,             0,             0,             0,             0,             0,  165.40196228, 195.405212402, 168.735656738, 172.069351196, 175.403045654, 178.736740112,  182.07043457, 185.404129028, 188.737823486, 192.071517944,             1,             1,             1,             1,             1,             1,             1,             1,             1,             1, 120.012763977,           120, 0.595357179642,             0, 13.8323812485, 1.54934978485, 162.111099243, 159.203918457, 162.058151245, 159.149719238,  162.08493042, 165.418624878, 195.421859741, 168.752304077, 172.085998535, 175.419692993, 178.753387451, 182.087081909, 185.420776367, 188.754470825, 192.088165283,  162.11100769, 159.203735352, 165.418624878, 195.421859741, 168.752304077, 172.085998535, 175.419692993, 178.753387451, 182.087081909, 185.420776367, 188.754470825, 192.088165283, 162.058029175,  159.14956665, -1.89873552322,             0,             0,             0,             0,             0,             0,             0,             0,             0,             0, -0.930831730366, -1.71944379807, -1.05762314796, -1.68473803997, 0.80394244194, 0.899775028229, -0.869427859783, -0.774683177471, -0.0316214598715,             0,             0,             0,             0,             0,             0,             0,             0,             0,             0, 0.797841489315, 0.89376527071,             0,             0,             0,             0,             0,             0,             0,             0,             0,             0, -0.87625348568, -0.779875636101,             0, 5.55111512313e-17,             0,             0, -0.00237151584588,             0,             0,             0,             0,             0,             0,             0,             0,             0,             0, 0.32172203064, 0.327472746372,             0,             0,             0,             0,             0,             0,             0,             0,             0,             0, 0.31469425559, 0.321262300014
          4.9, -1.53699350357, -1.29634606838, -1.40201735497, -1.31903660297, 5.95375728607, 2563.51733398, 0.377498596907,             0, 318.821838379, -13.9603834152, 288.551239014, -24.6646595001, 1382.41503906, 647.703735352, 1930.62719727, 1254.68261719, 3287.06884766, 1742.91870117,   5141.921875, 3394.52001953,             0,             0,             0,             0,             0,             0,             0,             0,             0,             0,             0,             0,             0,             0,             0,             0,             0,             0,             0,             0,             0, -0.0666474327445, -0.00641749007627,             0,             0,             0,             0,             0,             0,             0,             0,             0,             0,             0,             0,             0,             0, 1.44248962402,             0,             0,             0,             0,             0,             0,             0,             0,             0,             0,             0,             0,             0,             0, 1.44248962402, 1.09569334984, 1.05644929409, 1.25641536713, 0.936874210835, 80.1719665527, 79.8924179077, 80.2046813965,  79.866645813, 162.917617798, 0.946969687939, 0.817052781582, 18.0636787415,             0,             0,             0,             0,             0,             0,             0,             0,             0,             0, 166.234649658,  196.23789978, 169.568344116, 172.902038574, 176.235733032,  179.56942749, 182.903121948, 186.236816406, 189.570510864, 192.904205322,             1,             1,             1,             1,             1,             1,             1,             1,             1,             1, 120.012748718,           120, 0.595418393612,             0,  13.832285881, 1.54934811592, 162.941619873, 160.034179688,  162.89302063, 159.984390259, 162.917617798, 166.251312256, 196.254547119, 169.585006714, 172.918701172,  176.25239563, 179.586090088, 182.919784546, 186.253479004, 189.587173462, 192.920852661, 162.941543579, 160.034011841, 166.251312256, 196.254547119, 169.585006714, 172.918701172,  176.25239563, 179.586090088, 182.919784546, 186.253479004, 189.587173462, 192.920852661, 162.892913818,  159.98425293, -1.74789857864,             0,             0,             0,             0,             0,             0,             0,             0,             0,             0, -0.800650298595, -1.56425118446, -0.930512845516, -1.53288209438, 0.768928170204, 0.857076346874, -0.904549479485, -0.817479908466, -0.0666784569621,             0,             0,             0,             0,             0,             0,             0,             0,             0,             0, 0.762776434422, 0.851040363312,             0,             0,             0,             0,             0,             0,             0,             0,             0,             0, -0.911451399326, -0.82273209095,             0,             0,             0,             0, -0.00223949272186,             0,             0,             0,             0,             0,             0,             0,             0,             0,             0, 0.321675986052, 0.327440917492,             0,             0,             0,             0,             0,             0,             0,             0,             0,             0, 0.314738035202, 0.321290910244
        4.925, -1.51092374325, -1.28129482269, -1.3735948801, -1.30145716667, 5.78933906555, 2563.10961914, 0.372229874134,             0, 318.201263428, -14.1160316467, 288.709686279, -24.5859394073, 1367.83374023, 643.998840332, 1893.24755859,  1237.8059082, 3300.73901367, 1752.77124023, 5128.21533203, 3385.05761719,             0,             0,             0,             0,             0,             0,             0,             0,             0,             0,             0,             0,             0,             0,             0,             0,             0,             0,             0,             0,             0, -0.0994918718934, -0.00646080076694,             0,             0,             0,             0,             0,             0,             0,             0,             0,             0,             0,             0,             0,             0, 1.45243823528,             0,             0,             0,             0,             0,             0,             0,             0,             0,             0,             0,             0,             0,             0, 1.45243823528, 1.10204434395, 1.05879676342, 1.26687324047, 0.944686949253, 80.5808639526, 80.2993164062, 80.6148452759,  80.275642395, 163.750396729, 0.924912929535, 0.792325258255, 17.5346393585,             0,             0,             0,             0,             0,             0,             0,             0,             0,             0, 167.067443848, 197.070755005, 170.401153564, 173.734848022,  177.06854248, 180.402252197, 183.735946655, 187.069656372,  190.40335083, 193.737060547,             1,             1,             1,             1,             1,             1,             1,             1,             1,             1, 120.013023376,           120, 0.595144927502,             0, 13.8322734833,  1.5493478775, 163.772293091, 160.864593506, 163.727935791, 160.819122314, 163.750396729, 167.084106445, 197.087417603, 170.417800903,  173.75151062, 177.085205078, 180.418914795, 183.752609253, 187.086303711, 190.420013428, 193.753707886, 163.772216797, 160.864456177, 167.084106445, 197.087417603, 170.417800903,  173.75151062, 177.085205078, 180.418914795, 183.752609253, 187.086303711, 190.420013428, 193.753707886, 163.727828979, 160.818984985, -1.60104322433,             0,             0,             0,             0,             0,             0,             0,             0,             0,             0, -0.675852179527, -1.41373538971, -0.808385491371, -1.38540589809, 0.736115574837, 0.81678467989, -0.937457561493, -0.857858479023, -0.0995307266712,             0,             0,             0,             0,             0,             0,             0,             0,             0,             0, 0.729928970337, 0.810735583305,             0,             0,             0,             0,             0,             0,             0,             0,             0,             0, -0.944418311119, -0.86315536499,             0,             0,             0,             0, -0.00211457745172,             0,             0,             0,             0,             0,             0,             0,             0,             0,             0, 0.321624308825, 0.327403903008,             0,             0,             0,             0,             0,             0,             0,             0,             0,             0, 0.314787894487, 0.32132551074
         4.95, -1.48192775249, -1.26320266724, -1.34265315533, -1.28115153313, 5.61665916443, 2562.52685547, 0.366211771965,             0, 317.193389893, -14.2591915131, 288.489715576, -24.4909038544, 1351.47546387, 639.270324707, 1852.71948242,  1216.5291748, 3315.98242188, 1764.02490234, 5113.06494141, 3374.03295898,             0,             0,             0,             0,             0,             0,             0,             0,             0,             0,             0,             0,             0,             0,             0,             0,             0,             0,             0,             0,             0, -0.13017180562, -0.00656895618886,             0,             0,             0,             0,             0,             0,             0,             0,             0,             0,             0,             0,             0,             0, 1.45881414413,             0,             0,             0,             0,             0,             0,             0,             0,             0,             0,             0,             0,             0,             0, 1.45881414413, 1.10567092896, 1.05895340443,  1.2742061615, 0.949821591377, 80.9897766113,  80.706237793, 81.0249786377, 80.6846160889, 164.583267212, 0.901575267315, 0.766711771488,  16.989944458,             0,             0,             0,             0,             0,             0,             0,             0,             0,             0,  167.90032959, 197.903778076, 171.234039307, 174.567764282, 177.901473999, 181.235198975, 184.568908691, 187.902618408, 191.236343384, 194.570053101,             1,             1,             1,             1,             1,             1,             1,             1,             1,             1, 120.013565063,           120, 0.594552695751,             0, 13.8323373795,  1.5493490696, 164.603118896,  161.69519043, 164.562850952, 161.653884888, 164.583267212, 167.916992188, 197.920440674, 171.250701904,  174.58442688, 177.918136597, 181.251861572, 184.585571289, 187.919281006, 191.253005981, 194.586715698, 164.603057861, 161.695068359, 167.916992188, 197.920440674, 171.250701904,  174.58442688, 177.918136597, 181.251861572, 184.585571289, 187.919281006, 191.253005981, 194.586715698, 164.562774658, 161.653762817, -1.45841252804,             0,             0,             0,             0,             0,             0,             0,             0,             0,             0, -0.556559622288, -1.26812434196, -0.691368937492, -1.24253761768, 0.705469191074, 0.778876960278, -0.968188166618, -0.895843029022, -0.130213975906,             0,             0,             0,             0,             0,             0,             0,             0,             0,             0, 0.699263215065, 0.772827386856,             0,             0,             0,             0,             0,             0,             0,             0,             0,             0, -0.975190639496, -0.901169717312, 5.55111512313e-17,             0,             0, 5.55111512313e-17, -0.00199661264196,             0,             0,             0,             0,             0,             0,             0,             0,             0,             0, 0.321567058563, 0.327361911535,             0,             0,             0,             0,             0,             0,             0,             0,             0,             0, 0.314843535423, 0.321366161108
        4.975, -1.45010411739, -1.24238991737, -1.30928266048, -1.25843322277, 5.43867015839, 2561.78100586, 0.359579265118,             0, 315.820922852, -14.3942699432, 287.916564941, -24.3778247833, 1333.35998535, 633.642578125, 1809.17138672, 1192.44616699, 3332.83666992, 1776.71386719, 5096.44628906, 3361.32739258,             0,             0,             0,             0,             0,             0,             0,             0,             0,             0,             0,             0,             0,             0,             0,             0,             0,             0,             0,             0,             0, -0.15872502327, -0.00674318708479,             0,             0,             0,             0,             0,             0,             0,             0,             0,             0,             0,             0,             0,             0, 1.46169197559,             0,             0,             0,             0,             0,             0,             0,             0,             0,             0,             0,             0,             0,             0, 1.46169197559, 1.10662937164,  1.0569614172, 1.27847599983, 0.952356696129, 81.3986968994, 81.1132049561, 81.4350814819, 81.0935668945, 165.416229248, 0.877003252506, 0.740254461765, 16.4297389984,             0,             0,             0,             0,             0,             0,             0,             0,             0,             0, 168.733306885, 198.736938477, 172.067047119, 175.400772095, 178.734512329, 182.068252563, 185.401992798, 188.735733032, 192.069458008, 195.403198242,             1,             1,             1,             1,             1,             1,             1,             1,             1,             1, 120.014343262,           120, 0.593659877777,             0, 13.8324689865, 1.54935145378, 165.434082031, 162.525970459, 165.397796631, 162.488693237, 165.416229248, 168.749969482, 198.753601074, 172.083694458, 175.417434692, 178.751174927, 182.084915161, 185.418655396,  188.75239563, 192.086120605,  195.41986084, 165.434036255, 162.525848389, 168.749969482, 198.753601074, 172.083694458, 175.417434692, 178.751174927, 182.084915161, 185.418655396,  188.75239563, 192.086120605,  195.41986084, 165.397720337, 162.488586426, -1.32017064095,             0,             0,             0,             0,             0,             0,             0,             0,             0,             0, -0.44289034605, -1.12756955624, -0.579585134983, -1.10442638397, 0.676950454712, 0.743322968483, -0.99678081274, -0.931464493275, -0.158767163754,             0,             0,             0,             0,             0,             0,             0,             0,             0,             0, 0.670740187168, 0.737285375595,             0,             0,             0,             0,             0,             0,             0,             0,             0,             0, -1.00380825996, -0.936806440353,             0,             0,             0,             0, -0.00188542366959,             0,             0,             0,             0,             0,             0,             0,             0,             0,             0, 0.321504056454, 0.327314764261,             0,             0,             0,             0,             0,             0,             0,             0,             0,             0, 0.314904987812, 0.321413338184
            5, -1.41650092602, -1.21903538704,  -1.274538517, -1.23348593712, 5.25599575043, 2560.88623047, 0.352234393358,             0, 314.080810547, -14.5314912796,  287.02355957, -24.2412052155, 1314.02575684, 627.153076172, 1760.20825195, 1166.00756836, 3351.26196289, 1790.83032227, 5078.20214844, 3346.95117188,             0,             0,             0,             0,             0,             0,             0,             0,             0,             0,             0,             0,             0,             0,             0,             0,             0,             0,             0,             0,             0, -0.18519257009, -0.00698904367164,             0,             0,             0,             0,             0,             0,             0,             0,             0,             0,             0,             0,             0,             0, 1.46115648746,             0,             0,             0,             0,             0,             0,             0,             0,             0,             0,             0,             0,             0,             0, 1.46115648746, 1.10493993759, 1.05287659168, 1.27970421314, 0.952354669571, 81.8076248169, 81.5202026367, 81.8451461792, 81.5024795532, 166.249252319, 0.852121591568, 0.713885903358, 15.8563919067,             0,             0,             0,             0,             0,             0,             0,             0,             0,             0, 169.566360474, 199.570236206, 172.900115967, 176.233886719, 179.567642212, 182.901412964, 186.235183716, 189.568939209, 192.902709961, 196.236465454,             1,             1,             1,             1,             1,             1,             1,             1,             1,             1, 120.015319824,           120, 0.592486739159,             0, 13.8326597214, 1.54935503006, 166.265197754, 163.356887817,  166.23274231, 163.323532104, 166.249252319, 169.583023071, 199.586898804, 172.916778564, 176.250549316, 179.584320068, 182.918075562, 186.251846313, 189.585601807, 192.919372559, 196.253143311, 166.265151978, 163.356796265, 169.583023071, 199.586898804, 172.916778564, 176.250549316, 179.584320068, 182.918075562, 186.251846313, 189.585601807, 192.919372559, 196.253143311, 166.232696533, 163.323440552, -1.18643927574,             0,             0,             0,             0,             0,             0,             0,             0,             0,             0, -0.334040820599, -0.992181539536, -0.472222685814, -0.971180021763, 0.650517463684, 0.710087299347, -1.02327823639, -0.964759111404, -0.185232281685,             0,             0,             0,             0,             0,             0,             0,             0,             0,             0, 0.644317984581, 0.704073667526,             0,             0,             0,             0,             0,             0,             0,             0,             0,             0, -1.03031420708, -0.970102131367,             0, 5.55111512313e-17,             0, -5.55111512313e-17, -0.00178081938066,             0,             0,             0,             0,             0,             0,             0,             0,             0,             0, 0.321435511112, 0.32726252079,             0,             0,             0,             0,             0,             0,             0,             0,             0,             0, 0.314972907305, 0.321466952562
        5.025, -1.38091278076, -1.19330728054, -1.23820769787, -1.2064794302, 5.06850576401, 2559.85839844, 0.34433606267,             0, 312.030029297, -14.670791626,  285.87588501, -24.0844917297, 1293.57946777, 619.833007812,  1707.6661377, 1137.43896484, 3371.17529297, 1806.36975098, 5058.16943359, 3330.94824219,             0,             0,             0,             0,             0,             0,             0,             0,             0,             0,             0,             0,             0,             0,             0,             0,             0,             0,             0,             0,             0, -0.209619864821, -0.00731371436268,             0,             0,             0,             0,             0,             0,             0,             0,             0,             0,             0,             0,             0,             0, 1.45729196072,             0,             0,             0,             0,             0,             0,             0,             0,             0,             0,             0,             0,             0,             0, 1.45729196072, 1.10069489479,  1.0467594862, 1.27797651291, 0.949867546558, 82.2165527344, 81.9272384644, 82.2551727295, 81.9113693237, 167.082351685, 0.826568484306, 0.687239348888, 15.2736358643,             0,             0,             0,             0,             0,             0,             0,             0,             0,             0, 170.399490356, 200.403656006, 173.733276367, 177.067077637, 180.400878906, 183.734664917, 187.068466187, 190.402267456, 193.736053467, 197.069854736,             1,             1,             1,             1,             1,             1,             1,             1,             1,             1, 120.016479492,           120, 0.591054797173,             0, 13.8329019547, 1.54935956001, 167.096435547, 164.187973022, 167.067703247,  164.15838623, 167.082351685, 170.416152954, 200.420318604, 173.749938965, 177.083740234, 180.417541504, 183.751342773, 187.085128784, 190.418930054, 193.752731323, 197.086517334, 167.096420288, 164.187896729, 170.416152954, 200.420318604, 173.749938965, 177.083740234, 180.417541504, 183.751342773, 187.085128784, 190.418930054, 193.752731323, 197.086517334, 167.067657471, 164.158294678, -1.05734050274,             0,             0,             0,             0,             0,             0,             0,             0,             0,             0, -0.230494946241, -0.862072944641, -0.369770377874, -0.842906415462, 0.626124620438, 0.679130196571,  -1.047727108, -0.995767354965, -0.209655568004,             0,             0,             0,             0,             0,             0,             0,             0,             0,             0, 0.619950294495, 0.673152327538,             0,             0,             0,             0,             0,             0,             0,             0,             0,             0, -1.05475521088, -1.00109767914,             0, 5.55111512313e-17,             0,             0, -0.00168272235896,             0,             0,             0,             0,             0,             0,             0,             0,             0,             0, 0.32136169076, 0.327205210924,             0,             0,             0,             0,             0,             0,             0,             0,             0,             0, 0.315047860146, 0.321526885033
         5.05, -1.34326386452, -1.16533327103, -1.20019078255, -1.1775406599, 4.87724590302, 2558.71362305, 0.335973739624,             0, 309.697967529, -14.8076972961, 284.473571777, -23.9129371643, 1271.69775391, 611.658325195, 1652.89416504, 1106.97729492, 3392.45629883, 1823.22644043, 5036.53515625, 3313.52856445,             0,             0,             0,             0,             0,             0,             0,             0,             0,             0,             0,             0,             0,             0,             0,             0,             0,             0,             0,             0,             0, -0.232055366039, -0.00772140501067,             0,             0,             0,             0,             0,             0,             0,             0,             0,             0,             0,             0,             0,             0, 1.45022273064,             0,             0,             0,             0,             0,             0,             0,             0,             0,             0,             0,             0,             0,             0, 1.45022273064, 1.09400808811, 1.03870677948, 1.27341163158, 0.94498616457, 82.6254882812, 82.3343200684, 82.6651611328, 82.3202285767, 167.915512085, 0.800239384174, 0.660190939903, 14.6835451126,             0,             0,             0,             0,             0,             0,             0,             0,             0,             0, 171.232681274, 201.237167358, 174.566513062, 177.900344849, 181.234176636, 184.568008423,  187.90184021, 191.235671997, 194.569503784, 197.903335571,             1,             1,             1,             1,             1,             1,             1,             1,             1,             1, 120.017784119,           120, 0.589389145374,             0, 13.8331861496, 1.54936492443, 167.927825928, 165.019226074, 167.902648926, 164.993240356, 167.915512085, 171.249343872, 201.253845215, 174.583175659, 177.917007446, 181.250854492, 184.584686279, 187.918518066, 191.252349854, 194.586181641, 197.920013428, 167.927810669,  165.01914978, 171.249343872, 201.253845215, 174.583175659, 177.917007446, 181.250854492, 184.584686279, 187.918518066, 191.252349854, 194.586181641, 197.920013428, 167.902618408, 164.993179321, -0.932982206345,             0,             0,             0,             0,             0,             0,             0,             0,             0,             0, -0.132464930415, -0.737339794636, -0.272459685802, -0.719698429108, 0.603723108768, 0.650408446789, -1.07017683983, -1.02453351021, -0.232086136937,             0,             0,             0,             0,             0,             0,             0,             0,             0,             0, 0.597587764263, 0.644477546215,             0,             0,             0,             0,             0,             0,             0,             0,             0,             0, -1.07718169689, -1.02983760834,             0,             0, -5.55111512313e-17,             0, -0.00159128394444,             0,             0,             0,             0,             0,             0,             0,             0,             0,             0, 0.321283012629, 0.327143162489,             0,             0,             0,             0,             0,             0,             0,             0,             0,             0, 0.315129101276, 0.321592330933
        5.075, -1.30370521545, -1.13527202606, -1.16062283516, -1.14687407017, 4.68312883377, 2557.46606445, 0.327190816402,             0, 307.116882324, -14.9413394928, 282.846618652, -23.7292366028, 1248.36120605, 602.583618164, 1596.22814941, 1074.94921875, 3414.86816406, 1841.17773438, 5013.73339844, 3295.04003906,             0,             0,             0,             0,             0,             0,             0,             0,             0,             0,             0,             0,             0,             0,             0,             0,             0,             0,             0,             0,             0, -0.252549469471, -0.00821007043123,             0,             0,             0,             0,             0,             0,             0,             0,             0,             0,             0,             0,             0,             0, 1.44013512135,             0,             0,             0,             0,             0,             0,             0,             0,             0,             0,             0,             0,             0,             0, 1.44013512135, 1.08503985405, 1.02886366844, 1.26617789268, 0.937857210636, 83.0344238281, 82.7414398193, 83.0751113892, 82.7290649414, 168.748733521, 0.773236393929, 0.632830202579, 14.0880508423,             0,             0,             0,             0,             0,             0,             0,             0,             0,             0, 172.065948486, 202.070785522, 175.399810791, 178.733688354, 182.067565918, 185.401428223, 188.735305786, 192.069168091, 195.403045654, 198.736923218,             1,             1,             1,             1,             1,             1,             1,             1,             1,             1, 120.019210815,           120, 0.587514221668,             0, 13.8335065842,  1.5493708849, 168.759338379, 165.850601196, 168.737579346, 165.828109741, 168.748733521, 172.082611084, 202.087463379, 175.416488647, 178.750350952, 182.084228516, 185.418106079, 188.751968384, 192.085845947, 195.419723511, 198.753585815, 168.759338379, 165.850540161, 172.082611084, 202.087463379, 175.416488647, 178.750350952, 182.084228516, 185.418106079, 188.751968384, 192.085845947, 195.419723511, 198.753585815, 168.737564087, 165.828063965, -0.813446819782,             0,             0,             0,             0,             0,             0,             0,             0,             0,             0, -0.0399310439825, -0.618045806885, -0.180283471942, -0.601562976837, 0.583262324333, 0.623875617981, -1.09067881107, -1.05110490322, -0.252574920654,             0,             0,             0,             0,             0,             0,             0,             0,             0,             0, 0.577178895473, 0.618001937866,             0,             0,             0,             0,             0,             0,             0,             0,             0,             0, -1.09764587879, -1.05637025833,             0,             0, -5.55111512313e-17,             0, -0.00150689017028,             0,             0,             0,             0,             0,             0,             0,             0,             0,             0, 0.321200340986, 0.327077180147,             0,             0,             0,             0,             0,             0,             0,             0,             0,             0, 0.315215051174, 0.32166197896
          5.1, -1.26290488243, -1.10332155228, -1.12013363838, -1.11453449726, 4.48682498932, 2556.13037109, 0.317946046591,             0, 304.303710938, -15.0739307404, 281.022216797, -23.5332698822, 1222.21984863, 592.652648926, 1538.22314453, 1041.52807617, 3438.24975586, 1860.20068359, 4990.21044922, 3275.76025391,             0,             0,             0,             0,             0,             0,             0,             0,             0,             0,             0,             0,             0,             0,             0,             0,             0,             0,             0,             0,             0, -0.271154642105, -0.00876908749342,             0,             0,             0,             0,             0,             0,             0,             0,             0,             0,             0,             0,             0,             0, 1.42724454403,             0,             0,             0,             0,             0,             0,             0,             0,             0,             0,             0,             0,             0,             0, 1.42724454403, 1.07394587994, 1.01737117767, 1.25644624233, 0.92864137888, 83.4433517456, 83.1486053467, 83.4850158691, 83.1378707886, 169.582015991, 0.74612146616, 0.605689287186,  13.489159584,             0,             0,             0,             0,             0,             0,             0,             0,             0,             0, 172.899261475,  202.90447998, 176.233184814, 179.567092896, 182.901000977, 186.234924316, 189.568832397, 192.902740479, 196.236663818, 199.570571899,             1,             1,             1,             1,             1,             1,             1,             1,             1,             1, 120.020721436,           120, 0.585454106331,             0, 13.8338537216,  1.5493773222, 169.590988159, 166.682128906, 169.572509766, 166.662979126, 169.582015991, 172.915939331, 202.921157837, 176.249847412, 179.583755493, 182.917678833, 186.251586914, 189.585494995, 192.919418335, 196.253326416, 199.587249756, 169.590988159,  166.68208313, 172.915939331, 202.921157837, 176.249847412, 179.583755493, 182.917678833, 186.251586914, 189.585494995, 192.919418335, 196.253326416, 199.587249756, 169.572494507,  166.66293335, -0.698795735836,             0,             0,             0,             0,             0,             0,             0,             0,             0,             0, 0.0476070940495, -0.504214882851, -0.0927710905671, -0.488655030727, 0.564689517021, 0.599481880665, -1.10928678513, -1.07553172112, -0.271174788475,             0,             0,             0,             0,             0,             0,             0,             0,             0,             0, 0.558669924736, 0.593675017357,             0,             0,             0,             0,             0,             0,             0,             0,             0,             0, -1.11620223522, -1.0807466507,             0,             0,             0, 5.55111512313e-17, -0.0014300418552,             0,             0,             0,             0,             0,             0,             0,             0,             0,             0, 0.321114301682, 0.327007383108,             0,             0,             0,             0,             0,             0,             0,             0,             0,             0, 0.315303981304, 0.321734756231
        5.125, -1.22119784355, -1.06967031956, -1.07901453972, -1.08080780506, 4.28802013397, 2554.72192383, 0.308317512274,             0,  301.33795166, -15.2089014053, 279.030517578, -23.3244590759, 1192.89880371, 581.907470703, 1480.00231934, 1007.00085449, 3462.85522461, 1880.26281738, 4966.24121094, 3255.76806641,             0,             0,             0,             0,             0,             0,             0,             0,             0,             0,             0,             0,             0,             0,             0,             0,             0,             0,             0,             0,             0, -0.287926405668, -0.00938144791871,             0,             0,             0,             0,             0,             0,             0,             0,             0,             0,             0,             0,             0,             0, 1.41174316406,             0,             0,             0,             0,             0,             0,             0,             0,             0,             0,             0,             0,             0,             0, 1.41174316406, 1.06085813046, 1.00434505939, 1.24438285828, 0.91748136282, 83.8522796631, 83.5558166504, 83.8948745728, 83.5466537476, 170.415344238, 0.719068408012, 0.578902065754, 12.8900594711,             0,             0,             0,             0,             0,             0,             0,             0,             0,             0, 173.732635498, 203.738250732, 177.066589355, 180.400543213, 183.734512329, 187.068466187, 190.402420044, 193.736373901, 197.070327759, 200.404281616,             1,             1,             1,             1,             1,             1,             1,             1,             1,             1, 120.022293091,           120, 0.583231568336,             0, 13.8342199326, 1.54938411713, 170.422744751, 167.513793945, 170.407409668, 167.497833252, 170.415344238, 173.749298096, 203.754928589, 177.083267212, 180.417221069, 183.751174927, 187.085128784,   190.4190979, 193.753051758, 197.087005615, 200.420959473,  170.42276001, 167.513763428, 173.749298096, 203.754928589, 177.083267212, 180.417221069, 183.751174927, 187.085128784,   190.4190979, 193.753051758, 197.087005615, 200.420959473, 170.407409668, 167.497802734, -0.589087307453,             0,             0,             0,             0,             0,             0,             0,             0,             0,             0, 0.130264654756, -0.395866602659, -0.00984736438841, -0.380897164345, 0.547948896885, 0.57717448473, -1.12605679035, -1.09786772728, -0.287941604853,             0,             0,             0,             0,             0,             0,             0,             0,             0,             0, 0.542004346848, 0.571443140507,             0,             0,             0,             0,             0,             0,             0,             0,             0,             0, -1.13290774822, -1.10302126408,             0,             0,             0,             0, -0.00136108859442,             0,             0,             0,             0,             0,             0,             0,             0,             0,             0, 0.321023851633, 0.326933860779,             0,             0,             0,             0,             0,             0,             0,             0,             0,             0, 0.315394848585, 0.321810334921
         5.15, -1.1782990694, -1.0344645977, -1.03697371483, -1.04570162296, 4.08760356903, 2553.25463867, 0.29841914773,             0, 298.235412598, -15.3405599594, 276.910583496, -23.0601482391, 1162.38891602, 570.342041016,  1421.0592041, 971.468017578, 3488.68579102, 1901.21691895, 4941.91943359, 3235.03881836,             0,             0,             0,             0,             0,             0,             0,             0,             0,             0,             0,             0,             0,             0,             0,             0,             0,             0,             0,             0,             0, -0.302922844887, -0.010029707104,             0,             0,             0,             0,             0,             0,             0,             0,             0,             0,             0,             0,             0,             0, 1.39380431175,             0,             0,             0,             0,             0,             0,             0,             0,             0,             0,             0,             0,             0,             0, 1.39380431175, 1.04592728615, 0.989887475967, 1.23015916348, 0.904505193233, 84.2612075806, 83.9630737305, 84.3046951294,  83.955406189, 171.248718262, 0.691748797894, 0.552130401134, 12.2925462723,             0,             0,             0,             0,             0,             0,             0,             0,             0,             0, 174.566055298, 204.572067261, 177.900054932, 181.234054565, 184.568054199, 187.902053833, 191.236053467, 194.570068359, 197.904067993, 201.238067627,             1,             1,             1,             1,             1,             1,             1,             1,             1,             1, 120.023910522,           120, 0.580871701241,             0, 13.8346004486, 1.54939126968, 171.254623413, 168.345596313, 171.242279053, 168.332672119, 171.248718262, 174.582717896, 204.588745117, 177.916717529, 181.250732422, 184.584732056, 187.918731689, 191.252731323, 194.586730957, 197.920730591, 201.254745483, 171.254653931, 168.345565796, 174.582717896, 204.588745117, 177.916717529, 181.250732422, 184.584732056, 187.918731689, 191.252731323, 194.586730957, 197.920730591, 201.254745483, 171.242279053,  168.33265686, -0.484374433756,             0,             0,             0,             0,             0,             0,             0,             0,             0,             0, 0.207660034299, -0.293017446995, 0.0680963918567, -0.278439760208, 0.532982587814, 0.556897699833, -1.14104771614, -1.11816895008, -0.30293366313,             0,             0,             0,             0,             0,             0,             0,             0,             0,             0, 0.527123451233, 0.55125015974,             0,             0,             0,             0,             0,             0,             0,             0,             0,             0, -1.14782238007, -1.12325084209, 5.55111512313e-17,             0,             0,             0, -0.00129994598683,             0,             0,             0,             0,             0,             0,             0,             0,             0,             0, 0.320929020643, 0.326857119799,             0,             0,             0,             0,             0,             0,             0,             0,             0,             0, 0.315487265587, 0.321888834238
        5.175, -1.13433468342, -0.997852504253, -0.994111001492, -1.00939142704, 3.88614821434, 2551.75512695, 0.288256943226,             0, 294.967559814, -15.4082708359, 273.938659668, -22.8313369751, 1130.63757324, 557.928466797, 1361.40588379, 935.087768555,  3515.4152832, 1922.78686523, 4917.31933594, 3213.66113281,             0,             0,             0,             0,             0,             0,             0,             0,             0,             0,             0,             0,             0,             0,             0,             0,             0,             0,             0,             0,             0, -0.316203266382, -0.010703317821,             0,             0,             0,             0,             0,             0,             0,             0,             0,             0,             0,             0,             0,             0, 1.37362241745,             0,             0,             0,             0,             0,             0,             0,             0,             0,             0,             0,             0,             0,             0, 1.37362253666, 1.02930867672, 0.974119603634, 1.21395087242, 0.889873206615, 84.6701278687, 84.3703689575, 84.7144699097, 84.3641281128, 172.082138062, 0.664232730865, 0.525420665741, 11.6984758377,             0,             0,             0,             0,             0,             0,             0,             0,             0,             0, 175.399505615, 205.405914307, 178.733551025, 182.067596436, 185.401641846, 188.735687256, 192.069732666, 195.403778076, 198.737823486, 202.071868896,             1,             1,             1,             1,             1,             1,             1,             1,             1,             1, 120.025512695,           120, 0.578381419182,             0, 13.8349752426, 1.54939830303, 172.086624146, 169.177505493,  172.07711792, 169.167495728, 172.082138062, 175.416183472, 205.422592163, 178.750228882, 182.084274292, 185.418319702, 188.752365112, 192.086410522, 195.420455933, 198.754501343, 202.088546753, 172.086654663, 169.177490234, 175.416183472, 205.422592163, 178.750228882, 182.084274292, 185.418319702, 188.752365112, 192.086410522, 195.420455933, 198.754501343, 202.088546753, 172.077133179, 169.167480469, -0.384688645601,             0,             0,             0,             0,             0,             0,             0,             0,             0,             0, 0.279831618071, -0.195661559701, 0.141074776649, -0.181243523955, 0.519731283188, 0.538593769073, -1.15431928635, -1.13649380207, -0.316210389137,             0,             0,             0,             0,             0,             0,             0,             0,             0,             0, 0.513967037201, 0.533037543297,             0,             0,             0,             0,             0,             0,             0,             0,             0,             0, -1.16100668907, -1.14149475098, 5.55111512313e-17,             0,             0,             0, -0.00124594802037,             0,             0,             0,             0,             0,             0,             0,             0,             0,             0, 0.320831000805, 0.326778173447,             0,             0,             0,             0,             0,             0,             0,             0,             0,             0, 0.315580934286, 0.321969896555
          5.2, -1.08955991268, -0.960019290447, -0.950650513172, -0.972090244293, 3.68465805054,  2550.2565918, 0.277885466814,             0, 291.735900879, -15.5254211426, 271.452636719, -22.6047344208, 1097.72790527, 544.690795898, 1301.42810059, 898.105957031, 3542.66870117, 1944.74975586, 4892.45947266, 3191.76171875,             0,             0,             0,             0,             0,             0,             0,             0,             0,             0,             0,             0,             0,             0,             0,             0,             0,             0,             0,             0,             0, -0.327828258276, -0.0114011308178,             0,             0,             0,             0,             0,             0,             0,             0,             0,             0,             0,             0,             0,             0, 1.35139155388,             0,             0,             0,             0,             0,             0,             0,             0,             0,             0,             0,             0,             0,             0, 1.35139167309, 1.01114571095, 0.957159817219, 1.19592916965, 0.873751521111, 85.0790405273, 84.7777099609,  85.124206543, 84.7728271484,  172.91557312, 0.636716663837, 0.498941987753, 11.1090545654,             0,             0,             0,             0,             0,             0,             0,             0,             0,             0, 176.233001709, 206.239807129, 179.567092896, 182.901184082, 186.235275269, 189.569351196, 192.903442383, 196.237533569, 199.571624756, 202.905715942,             1,             1,             1,             1,             1,             1,             1,             1,             1,             1,  120.02709198,           120, 0.575807452202,             0, 13.8353462219, 1.54940521717, 172.918731689, 170.009536743, 172.911911011,  170.00227356,  172.91557312, 176.249664307, 206.256484985, 179.583755493,  182.91784668, 186.251937866, 189.586029053, 192.920120239, 196.254211426, 199.588302612, 202.922393799, 172.918762207, 170.009536743, 176.249664307, 206.256484985, 179.583755493,  182.91784668, 186.251937866, 189.586029053, 192.920120239, 196.254211426, 199.588302612, 202.922393799,  172.91192627,  170.00227356, -0.290044307709,             0,             0,             0,             0,             0,             0,             0,             0,             0,             0, 0.346961557865, -0.103773444891, 0.20924256742, -0.0892523229122, 0.508134484291, 0.522202730179, -1.16593277454, -1.15290272236, -0.327832460403,             0,             0,             0,             0,             0,             0,             0,             0,             0,             0, 0.502473771572, 0.516744554043,             0,             0,             0,             0,             0,             0,             0,             0,             0,             0, -1.17252278328, -1.1578142643, -5.55111512313e-17,             0,             0,             0, -0.00119797454681,             0,             0,             0,             0,             0,             0,             0,             0,             0,             0, 0.320731133223, 0.32669788599,             0,             0,             0,             0,             0,             0,             0,             0,             0,             0, 0.315675765276, 0.32205298543
        5.225, -1.04410672188, -0.921167194843, -0.906689941883, -0.933859705925, 3.48401522636, 2548.76220703, 0.267305880785,             0, 288.504882812, -15.6379413605, 268.955078125, -22.3791007996, 1063.65124512, 530.722290039, 1241.24157715,  860.34197998, 3570.13745117, 1966.99963379, 4867.30273438, 3169.45703125,             0,             0,             0,             0,             0,             0,             0,             0,             0,             0,             0,             0,             0,             0,             0,             0,             0,             0,             0,             0,             0, -0.337859541178, -0.0121320988983,             0,             0,             0,             0,             0,             0,             0,             0,             0,             0,             0,             0,             0,             0, 1.32728672028,             0,             0,             0,             0,             0,             0,             0,             0,             0,             0,             0,             0,             0,             0, 1.32728683949, 0.991567611694, 0.939112126827,  1.1762573719, 0.856274545193, 85.4879455566, 85.1850967407, 85.5339202881, 85.1814956665, 173.749053955, 0.609242320061, 0.472704440355, 10.5254030228,             0,             0,             0,             0,             0,             0,             0,             0,             0,             0,  177.06652832,  207.07371521, 180.400650024, 183.734786987,  187.06892395, 190.403045654, 193.737182617,  197.07131958, 200.405441284, 203.739578247,             1,             1,             1,             1,             1,             1,             1,             1,             1,             1, 120.028648376,           120, 0.57318675518,             0, 13.8357114792,  1.5494120121, 173.750946045, 170.841690063, 173.746658325, 170.837020874, 173.749053955, 177.083190918, 207.090393066, 180.417327881, 183.751464844, 187.085586548, 190.419723511, 193.753860474, 197.087997437, 200.422119141, 203.756256104, 173.750976562, 170.841690063, 177.083190918, 207.090393066, 180.417327881, 183.751464844, 187.085586548, 190.419723511, 193.753860474, 197.087997437, 200.422119141, 203.756256104, 173.746688843, 170.837020874, -0.200431510806,             0,             0,             0,             0,             0,             0,             0,             0,             0,             0, 0.409101605415, -0.0173043087125, 0.272620022297, -0.00255957967602, 0.498130559921, 0.507662177086, -1.17595028877, -1.16745829582, -0.337861597538,             0,             0,             0,             0,             0,             0,             0,             0,             0,             0, 0.492581278086, 0.502308249474,             0,             0,             0,             0,             0,             0,             0,             0,             0,             0, -1.1824337244, -1.17227292061,             0, -5.55111512313e-17,             0, 5.55111512313e-17, -0.00115464709233,             0,             0,             0,             0,             0,             0,             0,             0,             0,             0, 0.320630580187, 0.326616585255,             0,             0,             0,             0,             0,             0,             0,             0,             0,             0, 0.315771877766, 0.32213768363
         5.25, -0.998247802258, -0.881558835506, -0.86246663332, -0.894999146461, 3.28509187698, 2547.27636719, 0.256590515375,             0, 284.366607666, -15.7401227951, 266.378265381, -22.1464691162,  1028.5078125, 516.192932129, 1181.08349609, 822.297851562, 3597.66650391, 1989.51208496, 4841.77539062, 3146.79101562,             0,             0,             0,             0,             0,             0,             0,             0,             0,             0,             0,             0,             0,             0,             0,             0,             0,             0,             0,             0,             0, -0.346359997988, -0.0129081206396,             0,             0,             0,             0,             0,             0,             0,             0,             0,             0,             0,             0,             0,             0, 1.30144846439,             0,             0,             0,             0,             0,             0,             0,             0,             0,             0,             0,             0,             0,             0, 1.30144846439, 0.97066116333, 0.920057833195, 1.15506124496, 0.837562799454, 85.8968429565, 85.5925292969, 85.9435958862,  85.590133667, 174.582565308, 0.581985831261, 0.446850180626, 9.94844245911,             0,             0,             0,             0,             0,             0,             0,             0,             0,             0,  177.90007019,  207.90763855, 181.234237671,  184.56842041, 187.902587891,  191.23677063,  194.57093811, 197.905105591,  201.23928833, 204.573455811,             1,             1,             1,             1,             1,             1,             1,             1,             1,             1, 120.030143738,           120, 0.570528566837,             0, 13.8360595703,  1.5494184494, 174.583251953, 171.673950195, 174.581375122, 171.671737671, 174.582565308, 177.916748047, 207.924316406, 181.250915527, 184.585083008, 187.919265747, 191.253433228, 194.587615967, 197.921783447, 201.255966187, 204.590133667, 174.583297729, 171.673950195, 177.916748047, 207.924316406, 181.250915527, 184.585083008, 187.919265747, 191.253433228, 194.587615967, 197.921783447, 201.255966187, 204.590133667,  174.58140564, 171.671737671, -0.115818023682,             0,             0,             0,             0,             0,             0,             0,             0,             0,             0, 0.466460347176, 0.0638699531555, 0.331381797791, 0.078994743526, 0.489656746387, 0.494907647371, -1.18443489075, -1.18022561073, -0.346360713243,             0,             0,             0,             0,             0,             0,             0,             0,             0,             0, 0.484226256609, 0.489663720131,             0,             0,             0,             0,             0,             0,             0,             0,             0,             0, -1.19080352783, -1.18493628502, 5.55111512313e-17,             0, -5.55111512313e-17,             0, -0.00111462455243,             0,             0,             0,             0,             0,             0,             0,             0,             0,             0, 0.320529878139, 0.326534330845,             0,             0,             0,             0,             0,             0,             0,             0,             0,             0, 0.315869480371, 0.322223812342
        5.275, -0.952557981014, -0.841292619705, -0.818536043167, -0.855584383011, 3.08783793449,  2545.8425293, 0.245433151722,             0, 280.885681152, -15.8429832458, 263.984344482, -21.9097995758, 992.717224121, 500.062286377, 1117.62207031, 783.663452148, 3625.23291016, 2012.29370117, 4815.80859375, 3123.76904297,             0,             0,             0,             0,             0,             0,             0,             0,             0,             0,             0,             0,             0,             0,             0,             0,             0,             0,             0,             0,             0, -0.353393733501, -0.0137349953875,             0,             0,             0,             0,             0,             0,             0,             0,             0,             0,             0,             0,             0,             0, 1.27398324013,             0,             0,             0,             0,             0,             0,             0,             0,             0,             0,             0,             0,             0,             0, 1.27398324013, 0.948473274708, 0.900019943714, 1.13242399693, 0.817691445351, 86.3057479858, 86.0000076294, 86.3532485962, 85.9987411499, 175.416091919, 0.555325388908, 0.421735942364, 9.38011169434,             0,             0,             0,             0,             0,             0,             0,             0,             0,             0, 178.733642578, 208.741546631, 182.067855835, 185.402069092, 188.736282349, 192.070480347, 195.404693604,  198.73890686, 202.073120117, 205.407333374,             1,             1,             1,             1,             1,             1,             1,             1,             1,             1, 120.031532288,           120, 0.567837059498,             0, 13.8363790512, 1.54942452908, 175.415649414,  172.50630188, 175.416030884, 172.506408691, 175.416091919, 178.750305176, 208.758224487, 182.084518433, 185.418731689, 188.752944946, 192.087158203,  195.42137146, 198.755584717, 202.089797974,  205.42401123, 175.415710449, 172.506317139, 178.750305176, 208.758224487, 182.084518433, 185.418731689, 188.752944946, 192.087158203,  195.42137146, 198.755584717, 202.089797974,  205.42401123,  175.41607666, 172.506408691, -0.0361582264304,             0,             0,             0,             0,             0,             0,             0,             0,             0,             0, 0.519461750984, 0.139709457755, 0.385930359364, 0.15534928441, 0.482648998499, 0.483872592449, -1.19145143032, -1.1912715435, -0.353393793106,             0,             0,             0,             0,             0,             0,             0,             0,             0,             0, 0.477344363928, 0.478744208813,             0,             0,             0,             0,             0,             0,             0,             0,             0,             0, -1.19769704342, -1.19587159157, 5.55111512313e-17,             0, 5.55111512313e-17,             0, -0.00107686512638,             0,             0,             0,             0,             0,             0,             0,             0,             0,             0, 0.320429116488, 0.326451152563,             0,             0,             0,             0,             0,             0,             0,             0,             0,             0, 0.315968841314, 0.32231131196
          5.3, -0.906769514084, -0.800939500332, -0.774602949619, -0.816233038902, 2.89543676376, 2544.46484375, 0.233985751867,             0, 277.578643799, -15.9234142303, 261.691436768, -21.6870975494, 956.459106445, 482.179992676, 1054.35473633, 743.023071289, 3653.08666992, 2035.69104004, 4789.12402344, 3100.03564453,             0,             0,             0,             0,             0,             0,             0,             0,             0,             0,             0,             0,             0,             0,             0,             0,             0,             0,             0,             0,             0, -0.359027713537, -0.0146148875356,             0,             0,             0,             0,             0,             0,             0,             0,             0,             0,             0,             0,             0,             0,  1.2448887825,             0,             0,             0,             0,             0,             0,             0,             0,             0,             0,             0,             0,             0,             0,  1.2448887825, 0.924999594688, 0.878942251205, 1.10836827755, 0.796592354774, 86.7146759033, 86.4075241089, 86.7628631592, 86.4073181152, 176.249649048, 0.528796136379, 0.396867722273, 8.81914997101,             0,             0,             0,             0,             0,             0,             0,             0,             0,             0, 179.567230225, 209.575469971, 182.901473999, 186.235717773, 189.569976807, 192.904220581, 196.238464355, 199.572723389, 202.906967163, 206.241210938,             1,             1,             1,             1,             1,             1,             1,             1,             1,             1, 120.032859802,           120, 0.565173506737,             0,  13.836684227, 1.54943013191, 176.248153687, 173.338760376, 176.250640869, 173.341018677, 176.249649048, 179.583892822, 209.592147827, 182.918151855,  186.25239563, 189.586639404, 192.920898438, 196.255142212, 199.589401245,  202.92364502, 206.257888794, 176.248199463, 173.338775635, 179.583892822, 209.592147827, 182.918151855,  186.25239563, 189.586639404, 192.920898438, 196.255142212, 199.589401245,  202.92364502, 206.257888794, 176.250686646, 173.341033936, 0.0386165902019,             0,             0,             0,             0,             0,             0,             0,             0,             0,             0, 0.567709445953, 0.210364580154, 0.435840219259, 0.22669531405, 0.477040678263, 0.474486500025, -1.19706654549, -1.20066690445, -0.359027802944,             0,             0,             0,             0,             0,             0,             0,             0,             0,             0, 0.471869021654, 0.469479560852,             0,             0,             0,             0,             0,             0,             0,             0,             0,             0, -1.20318138599, -1.20514953136,             0,             0,             0, -5.55111512313e-17, -0.00104064960033,             0,             0,             0,             0,             0,             0,             0,             0,             0,             0, 0.320327341557, 0.326365739107,             0,             0,             0,             0,             0,             0,             0,             0,             0,             0, 0.316070973873, 0.322401553392
        5.325, -0.860934615135, -0.76079505682, -0.730701267719, -0.777109384537, 2.71007609367, 2543.12768555, 0.222517430782,             0, 274.393768311, -16.0039901733, 259.488220215, -21.4607391357, 919.673400879, 463.797607422, 991.287353516, 702.905029297, 3681.48999023, 2059.85449219, 4761.55273438, 3075.44335938,             0,             0,             0,             0,             0,             0,             0,             0,             0,             0,             0,             0,             0,             0,             0,             0,             0,             0,             0,             0,             0, -0.363329321146, -0.0155473826453,             0,             0,             0,             0,             0,             0,             0,             0,             0,             0,             0,             0,             0,             0, 1.21413481236,             0,             0,             0,             0,             0,             0,             0,             0,             0,             0,             0,             0,             0,             0, 1.21413493156, 0.900196492672, 0.856821417809, 1.08287370205, 0.774318277836,  87.123626709, 86.8150787354, 87.1724472046, 86.8158721924, 177.083221436, 0.50233489275, 0.372162997723, 8.26389217377,             0,             0,             0,             0,             0,             0,             0,             0,             0,             0,  180.40083313, 210.409378052, 183.735107422, 187.069396973, 190.403671265, 193.737960815, 197.072250366, 200.406524658, 203.740814209, 207.075088501,             1,             1,             1,             1,             1,             1,             1,             1,             1,             1, 120.034118652,           120, 0.562549054623,             0, 13.8369731903, 1.54943549633, 177.080734253, 174.171310425, 177.085205078, 174.175582886, 177.083221436, 180.417495728, 210.426055908, 183.751785278, 187.086074829, 190.420349121, 193.754638672, 197.088912964, 200.423202515, 203.757492065, 207.091766357, 177.080780029, 174.171325684, 180.417495728, 210.426055908, 183.751785278, 187.086074829, 190.420349121, 193.754638672, 197.088912964, 200.423202515, 203.757492065, 207.091766357, 177.085250854, 174.175613403, 0.108667574823,             0,             0,             0,             0,             0,             0,             0,             0,             0,             0, 0.61130130291, 0.276005059481, 0.481189996004, 0.293073952198, 0.472764670849, 0.466674387455, -1.20134794712, -1.20848703384, -0.363329976797,             0,             0,             0,             0,             0,             0,             0,             0,             0,             0, 0.467733383179, 0.461794823408,             0,             0,             0,             0,             0,             0,             0,             0,             0,             0, -1.20732402802, -1.21284556389, -5.55111512313e-17,             0,             0, -5.55111512313e-17, -0.00100554688834,             0,             0,             0,             0,             0,             0,             0,             0,             0,             0, 0.32022356987, 0.326277494431,             0,             0,             0,             0,             0,             0,             0,             0,             0,             0, 0.316176533699, 0.322495013475
         5.35, -0.815619170666, -0.720924854279, -0.687371432781, -0.73838609457, 2.53077292442, 2541.82128906, 0.210973829031,             0, 271.304718018, -16.0943222046, 257.390197754, -21.2263050079, 880.511474609, 445.139343262, 929.039428711, 663.556274414, 3710.30395508, 2084.45263672, 4733.35791016, 3050.36181641,             0,             0,             0,             0,             0,             0,             0,             0,             0,             0,             0,             0,             0,             0,             0,             0,             0,             0,             0,             0,             0, -0.366365164518, -0.0165296196938,             0,             0,             0,             0,             0,             0,             0,             0,             0,             0,             0,             0,             0,             0, 1.18179666996,             0,             0,             0,             0,             0,             0,             0,             0,             0,             0,             0,             0,             0,             0, 1.18179678917, 0.874103248119, 0.83373695612, 1.05599975586, 0.750967204571,  87.532585144, 87.2226791382, 87.5820083618, 87.2244033813, 177.916793823, 0.476357549429, 0.348013162613, 7.71617555618,             0,             0,             0,             0,             0,             0,             0,             0,             0,             0, 181.234436035, 211.243286133, 184.568756104, 187.903076172,  191.23739624,  194.57170105, 197.906021118, 201.240341187, 204.574645996, 207.908966064,             1,             1,             1,             1,             1,             1,             1,             1,             1,             1, 120.035293579,           120, 0.559964716434,             0, 13.8372468948, 1.54944062233, 177.913391113, 175.003936768, 177.919708252, 175.010101318, 177.916793823, 181.251113892, 211.259963989,  184.58543396, 187.919754028, 191.254058838, 194.588378906, 197.922698975, 201.257019043, 204.591323853, 207.925643921, 177.913452148, 175.003967285, 181.251113892, 211.259963989,  184.58543396, 187.919754028, 191.254058838, 194.588378906, 197.922698975, 201.257019043, 204.591323853, 207.925643921, 177.919769287, 175.010131836, 0.174162000418,             0,             0,             0,             0,             0,             0,             0,             0,             0,             0, 0.650820374489, 0.336802452803, 0.522538125515, 0.354761183262, 0.469754427671, 0.460361540318, -1.20436227322, -1.21480703354, -0.366366863251,             0,             0,             0,             0,             0,             0,             0,             0,             0,             0, 0.464870661497, 0.455614775419,             0,             0,             0,             0,             0,             0,             0,             0,             0,             0, -1.2101919651, -1.21903526783,             0,             0,             0,             0, -0.000971350411419,             0,             0,             0,             0,             0,             0,             0,             0,             0,             0, 0.32011833787, 0.326187640429,             0,             0,             0,             0,             0,             0,             0,             0,             0,             0, 0.316284477711, 0.322590351105
        5.375, -0.771020889282, -0.681444406509, -0.644792437553, -0.699993550777, 2.35591244698, 2540.54174805, 0.199501633644,             0, 268.320800781, -16.1900882721, 255.378738403, -20.9905948639, 840.158325195, 426.200408936, 868.387939453, 625.049865723, 3739.29589844, 2109.15112305, 4704.96630859, 3025.18945312,             0,             0,             0,             0,             0,             0,             0,             0,             0,             0,             0,             0,             0,             0,             0,             0,             0,             0,             0,             0,             0, -0.368202269077, -0.0175576582551,             0,             0,             0,             0,             0,             0,             0,             0,             0,             0,             0,             0,             0,             0, 1.14801931381,             0,             0,             0,             0,             0,             0,             0,             0,             0,             0,             0,             0,             0,             0, 1.14801943302, 0.846841096878,  0.8098077178, 1.02788937092, 0.72667491436, 87.9415588379, 87.6303100586, 87.9915390015, 87.6329040527, 178.750396729, 0.450893819332, 0.324428588152, 7.17908477783,             0,             0,             0,             0,             0,             0,             0,             0,             0,             0, 182.068069458, 212.077178955, 185.402404785, 188.736755371, 192.071105957, 195.405456543,  198.73979187, 202.074142456, 205.408493042, 208.742828369,             1,             1,             1,             1,             1,             1,             1,             1,             1,             1, 120.036399841,           120, 0.557422995567,             0, 13.8375034332, 1.54944550991, 178.746124268, 175.836654663, 178.754165649, 175.844573975, 178.750396729, 182.084732056, 212.093856812, 185.419082642, 188.753433228, 192.087783813, 195.422119141, 198.756469727, 202.090820312, 205.425170898, 208.759506226, 178.746185303, 175.836685181, 182.084732056, 212.093856812, 185.419082642, 188.753433228, 192.087783813, 195.422119141, 198.756469727, 202.090820312, 205.425170898, 208.759506226, 178.754211426, 175.844604492, 0.235227957368,             0,             0,             0,             0,             0,             0,             0,             0,             0,             0, 0.68642437458, 0.392957746983, 0.560023069382, 0.411772817373, 0.467943131924, 0.455474466085, -1.20617675781, -1.21970057487, -0.368205368519,             0,             0,             0,             0,             0,             0,             0,             0,             0,             0, 0.463213294744, 0.450865268707,             0,             0,             0,             0,             0,             0,             0,             0,             0,             0, -1.21185314655, -1.2237932682,             0, 5.55111512313e-17,             0, 5.55111512313e-17, -0.000937974313274,             0,             0,             0,             0,             0,             0,             0,             0,             0,             0, 0.320012450218, 0.326097458601,             0,             0,             0,             0,             0,             0,             0,             0,             0,             0, 0.316393226385, 0.32268601656
          5.4, -0.7271656394, -0.642303705215, -0.602976918221, -0.662098109722, 2.18572187424,  2539.2902832, 0.188199058175,             0, 265.429962158, -16.2827110291, 253.440383911, -20.7612075806, 799.865966797, 406.911743164,  809.36920166,  587.52734375, 3768.07666016, 2133.68725586, 4676.78808594, 3000.24389648,             0,             0,             0,             0,             0,             0,             0,             0,             0,             0,             0,             0,             0,             0,             0,             0,             0,             0,             0,             0,             0, -0.368907243013, -0.0186265315861,             0,             0,             0,             0,             0,             0,             0,             0,             0,             0,             0,             0,             0,             0, 1.11299824715,             0,             0,             0,             0,             0,             0,             0,             0,             0,             0,             0,             0,             0,             0, 1.11299824715, 0.81858086586, 0.785175859928, 0.998727977276, 0.701600313187, 88.3505477905, 88.0379867554, 88.4010391235, 88.0413818359, 179.583999634, 0.425957620144, 0.301409721375, 6.65342903137,             0,             0,             0,             0,             0,             0,             0,             0,             0,             0, 182.901687622, 212.911056519, 186.236068726, 189.570449829, 192.904815674, 196.239196777, 199.573562622, 202.907943726,  206.24230957, 209.576690674,             1,             1,             1,             1,             1,             1,             1,             1,             1,             1, 120.037414551,           120, 0.554929196835,             0, 13.8377399445, 1.54944992065, 179.578933716, 176.669433594, 179.588562012, 176.678985596, 179.583999634, 182.918365479, 212.927734375, 186.252746582, 189.587112427,  192.92149353, 196.255859375, 199.590240479, 202.924621582, 206.258987427,  209.59336853, 179.578994751, 176.669464111, 182.918365479, 212.927734375, 186.252746582, 189.587112427,  192.92149353, 196.255859375, 199.590240479, 202.924621582, 206.258987427,  209.59336853, 179.588623047, 176.679016113, 0.291978269815,             0,             0,             0,             0,             0,             0,             0,             0,             0,             0, 0.71823990345, 0.444496333599, 0.593757927418, 0.464351475239, 0.467264443636, 0.451940923929, -1.2068580389, -1.2232401371, -0.368912011385,             0,             0,             0,             0,             0,             0,             0,             0,             0,             0, 0.462693989277, 0.447473198175,             0,             0,             0,             0,             0,             0,             0,             0,             0,             0, -1.21237528324, -1.22719275951, -5.55111512313e-17,             0,             0,             0, -0.000905377324671,             0,             0,             0,             0,             0,             0,             0,             0,             0,             0, 0.319907367229, 0.32600787282,             0,             0,             0,             0,             0,             0,             0,             0,             0,             0, 0.316501200199, 0.322780847549
        5.425, -0.684203088284, -0.603658556938, -0.562053382397, -0.624668478966, 2.02053403854, 2538.07055664, 0.177090644836,             0, 262.634643555, -16.3704681396, 251.571334839, -20.540309906, 759.724304199, 387.320556641, 752.140197754, 551.034179688, 3796.30322266, 2157.82641602, 4649.17871094, 2975.78491211,             0,             0,             0,             0,             0,             0,             0,             0,             0,             0,             0,             0,             0,             0,             0,             0,             0,             0,             0,             0,             0, -0.368545055389, -0.0197295788676,             0,             0,             0,             0,             0,             0,             0,             0,             0,             0,             0,             0,             0,             0, 1.07696080208,             0,             0,             0,             0,             0,             0,             0,             0,             0,             0,             0,             0,             0,             0, 1.07696092129, 0.789510965347, 0.760002732277, 0.968720257282, 0.67591547966, 88.7595443726, 88.4456939697, 88.8105163574,  88.449836731, 180.417602539, 0.401665657759, 0.279053419828, 6.13963985443,             0,             0,             0,             0,             0,             0,             0,             0,             0,             0, 183.735321045, 213.744918823, 187.069732666, 190.404129028, 193.738525391, 197.072921753, 200.407333374, 203.741729736, 207.076126099, 210.410522461,             1,             1,             1,             1,             1,             1,             1,             1,             1,             1, 120.038330078,           120, 0.552490949631,             0, 13.8379545212, 1.54945385456, 180.411804199, 177.502288818, 180.422897339,  177.51335144, 180.417602539, 183.751998901,  213.76159668, 187.086395264, 190.420806885, 193.755203247, 197.089599609, 200.423995972, 203.758407593, 207.092803955, 210.427200317, 180.411865234, 177.502319336, 183.751998901,  213.76159668, 187.086395264, 190.420806885, 193.755203247, 197.089599609, 200.423995972, 203.758407593, 207.092803955, 210.427200317, 180.422958374, 177.513381958, 0.344534128904,             0,             0,             0,             0,             0,             0,             0,             0,             0,             0, 0.74650478363, 0.491631686687, 0.623960614204, 0.512523531914, 0.467653363943, 0.449689537287, -1.20647144318, -1.22549748421, -0.36855173111,             0,             0,             0,             0,             0,             0,             0,             0,             0,             0, 0.463246703148, 0.44536626339,             0,             0,             0,             0,             0,             0,             0,             0,             0,             0, -1.21182465553, -1.22930645943,             0,             0,             0,             0, -0.000873517885339,             0,             0,             0,             0,             0,             0,             0,             0,             0,             0, 0.319804310799, 0.325919747353,             0,             0,             0,             0,             0,             0,             0,             0,             0,             0, 0.316607058048, 0.322873860598
         5.45, -0.642334580421, -0.565629839897, -0.522201836109, -0.587925851345, 1.86077141762, 2536.88891602, 0.166215464473,             0, 259.941650391, -16.4525794983, 249.772171021, -20.3283042908, 719.921264648, 367.502838135, 696.878479004, 515.669555664, 3823.80126953, 2181.44384766, 4622.33105469, 2951.91186523,             0,             0,             0,             0,             0,             0,             0,             0,             0,             0,             0,             0,             0,             0,             0,             0,             0,             0,             0,             0,             0, -0.367179572582, -0.0208579804748,             0,             0,             0,             0,             0,             0,             0,             0,             0,             0,             0,             0,             0,             0,   1.040122509,             0,             0,             0,             0,             0,             0,             0,             0,             0,             0,             0,             0,             0,             0,   1.040122509, 0.75979924202, 0.734429240227, 0.938051939011, 0.64977312088, 89.1685638428, 88.8534393311, 89.2199630737, 88.8582611084, 181.251220703, 0.378173023462, 0.257493644953, 5.63784980774,             0,             0,             0,             0,             0,             0,             0,             0,             0,             0, 184.568969727, 214.578765869, 187.903381348, 191.237808228, 194.572235107, 197.906646729, 201.241073608, 204.575500488, 207.909927368, 211.244338989,             1,             1,             1,             1,             1,             1,             1,             1,             1,             1, 120.039154053,           120, 0.550118207932,             0,  13.838142395, 1.54945731163, 181.244750977, 178.335205078,  181.25718689,  178.34765625, 181.251220703, 184.585632324, 214.595443726, 187.920059204, 191.254486084, 194.588912964, 197.923324585, 201.257751465, 204.592178345, 207.926589966, 211.261016846, 181.244796753, 178.335235596, 184.585632324, 214.595443726, 187.920059204, 191.254486084, 194.588912964, 197.923324585, 201.257751465, 204.592178345, 207.926589966, 211.261016846, 181.257247925, 178.347686768, 0.393026143312,             0,             0,             0,             0,             0,             0,             0,             0,             0,             0, 0.77150452137, 0.53453296423, 0.650895416737, 0.556558966637, 0.469046086073, 0.448649644852, -1.20508086681, -1.2265431881, -0.367188215256,             0,             0,             0,             0,             0,             0,             0,             0,             0,             0, 0.464806646109, 0.444472998381,             0,             0,             0,             0,             0,             0,             0,             0,             0,             0, -1.21026623249, -1.23020577431, -5.55111512313e-17,             0, 5.55111512313e-17,             0, -0.000842355482746,             0,             0,             0,             0,             0,             0,             0,             0,             0,             0, 0.319703966379, 0.325833529234,             0,             0,             0,             0,             0,             0,             0,             0,             0,             0, 0.316710054874, 0.322964638472
        5.475, -0.601852059364, -0.528383374214, -0.483695268631, -0.551848948002, 1.70689749718, 2535.75146484, 0.155624523759,             0, 257.359130859, -16.5287666321, 248.046417236, -20.1267299652, 680.753967285, 347.580535889, 643.822509766, 481.480529785, 3850.51806641, 2204.49951172, 4596.30126953, 2928.62451172,             0,             0,             0,             0,             0,             0,             0,             0,             0,             0,             0,             0,             0,             0,             0,             0,             0,             0,             0,             0,             0, -0.36487314105, -0.0220016986132,             0,             0,             0,             0,             0,             0,             0,             0,             0,             0,             0,             0,             0,             0, 1.00267136097,             0,             0,             0,             0,             0,             0,             0,             0,             0,             0,             0,             0,             0,             0, 1.00267148018, 0.72958034277, 0.708570301533, 0.906874477863, 0.623300671577, 89.5775909424,   89.26121521, 89.6293945312, 89.2666625977, 182.084838867, 0.355737149715, 0.236967518926, 5.14792394638,             0,             0,             0,             0,             0,             0,             0,             0,             0,             0, 185.402603149, 215.412582397, 188.737045288, 192.071487427, 195.405929565, 198.740371704, 202.074813843, 205.409255981,  208.74369812, 212.078140259,             1,             1,             1,             1,             1,             1,             1,             1,             1,             1, 120.039863586,           120, 0.547822356224,             0, 13.8383016586, 1.54946029186,  182.07774353, 179.168182373, 182.091430664, 179.181900024, 182.084838867, 185.419281006, 215.429260254, 188.753723145, 192.088165283, 195.422607422, 198.757049561, 202.091491699, 205.425933838, 208.760375977, 212.094818115, 182.077789307, 179.168212891, 185.419281006, 215.429260254, 188.753723145, 192.088165283, 195.422607422, 198.757049561, 202.091491699, 205.425933838, 208.760375977, 212.094818115, 182.091491699, 179.181945801, 0.437595754862,             0,             0,             0,             0,             0,             0,             0,             0,             0,             0, 0.793637931347, 0.573437213898, 0.674940884113, 0.596506893635, 0.471380144358, 0.448751479387, -1.20274889469, -1.22644710541, -0.364883780479,             0,             0,             0,             0,             0,             0,             0,             0,             0,             0, 0.467310607433, 0.444722980261,             0,             0,             0,             0,             0,             0,             0,             0,             0,             0, -1.20776343346, -1.22996139526,             0,             0, 5.55111512313e-17, -5.55111512313e-17, -0.000811837264337,             0,             0,             0,             0,             0,             0,             0,             0,             0,             0, 0.319606482983, 0.325749337673,             0,             0,             0,             0,             0,             0,             0,             0,             0,             0, 0.316809922457, 0.323053181171
          5.5, -0.562951624393, -0.491914093494, -0.446713745594, -0.516590714455,  1.5597474575, 2534.66455078, 0.145367771387,             0, 254.897201538, -16.5971050262,   246.3956604, -19.9372138977, 642.572998047, 327.591339111, 593.261352539, 448.480499268, 3876.41650391, 2226.96313477, 4571.10742188, 2905.91723633,             0,             0,             0,             0,             0,             0,             0,             0,             0,             0,             0,             0,             0,             0,             0,             0,             0,             0,             0,             0,             0, -0.361686259508, -0.0231511536986,             0,             0,             0,             0,             0,             0,             0,             0,             0,             0,             0,             0,             0,             0, 0.964781343937,             0,             0,             0,             0,             0,             0,             0,             0,             0,             0,             0,             0,             0,             0, 0.964781463146, 0.698979735374, 0.682528078556, 0.87532800436, 0.596615791321, 89.9866256714, 89.6690216064, 90.0387878418, 89.6750488281, 182.918441772, 0.334565162659, 0.21766461432, 4.66903209686,             0,             0,             0,             0,             0,             0,             0,             0,             0,             0, 186.236236572, 216.246353149,  189.57069397, 192.905151367, 196.239608765, 199.574066162,  202.90852356, 206.242980957, 209.577438354, 212.911895752,             1,             1,             1,             1,             1,             1,             1,             1,             1,             1, 120.040458679,           120, 0.545615196228,             0, 13.8384313583, 1.54946279526,  182.91078186, 180.001220703, 182.925613403, 180.016098022, 182.918441772, 186.252914429, 216.263031006, 189.587371826, 192.921829224, 196.256286621, 199.590744019, 202.925201416, 206.259658813, 209.594116211, 212.928573608, 182.910842896, 180.001251221, 186.252914429, 216.263031006, 189.587371826, 192.921829224, 196.256286621, 199.590744019, 202.925201416, 206.259658813, 209.594116211, 212.928573608, 182.925674438, 180.016143799, 0.478399991989,             0,             0,             0,             0,             0,             0,             0,             0,             0,             0, 0.813268959522, 0.608422458172, 0.696443498135, 0.632602870464, 0.474594980478, 0.449926286936, -1.19953608513, -1.22527813911, -0.361698865891,             0,             0,             0,             0,             0,             0,             0,             0,             0,             0, 0.470697313547, 0.446046859026,             0,             0,             0,             0,             0,             0,             0,             0,             0,             0, -1.20437765121, -1.22864282131,             0,             0, -5.55111512313e-17,             0, -0.000781882263254,             0,             0,             0,             0,             0,             0,             0,             0,             0,             0, 0.319511979818, 0.325667321682,             0,             0,             0,             0,             0,             0,             0,             0,             0,             0, 0.316906630993, 0.323139518499
        5.525, -0.524963676929, -0.456395536661, -0.410576850176, -0.482311844826, 1.41995215416, 2533.63354492, 0.135397285223,             0,  252.56048584, -16.6610431671, 244.829284668, -19.7569961548, 605.022155762, 307.654602051, 544.653869629, 416.790771484, 3901.44873047, 2248.79516602, 4546.77441406, 2883.82519531,             0,             0,             0,             0,             0,             0,             0,             0,             0,             0,             0,             0,             0,             0,             0,             0,             0,             0,             0,             0,             0, -0.357677072287, -0.0242982693017,             0,             0,             0,             0,             0,             0,             0,             0,             0,             0,             0,             0,             0,             0, 0.926619827747,             0,             0,             0,             0,             0,             0,             0,             0,             0,             0,             0,             0,             0,             0, 0.926619887352, 0.668164849281, 0.656404137611, 0.843593239784, 0.569838762283, 90.3956756592, 90.0768585205, 90.4481658936,  90.083404541, 183.752059937, 0.313965409994, 0.198881581426, 4.20024347305,             0,             0,             0,             0,             0,             0,             0,             0,             0,             0, 187.069869995, 217.080108643, 190.404342651, 193.738815308, 197.073287964, 200.407745361, 203.742218018, 207.076690674,  210.41116333, 213.745635986,             1,             1,             1,             1,             1,             1,             1,             1,             1,             1, 120.040939331,           120, 0.543507874012,             0, 13.8385295868,  1.5494645834, 183.743896484,  180.83430481, 183.759750366, 180.850250244, 183.752059937, 187.086532593, 217.096786499, 190.421005249, 193.755477905, 197.089950562, 200.424423218, 203.758895874,  207.09336853, 210.427841187, 213.762313843, 183.743942261, 180.834350586, 187.086532593, 217.096786499, 190.421005249, 193.755477905, 197.089950562, 200.424423218, 203.758895874,  207.09336853, 210.427841187, 213.762313843, 183.759811401, 180.850280762, 0.515617251396,             0,             0,             0,             0,             0,             0,             0,             0,             0,             0, 0.829884231091, 0.639757812023, 0.714877963066, 0.665101647377, 0.478632599115, 0.452106595039, -1.19550061226, -1.22310364246, -0.357691556215,             0,             0,             0,             0,             0,             0,             0,             0,             0,             0, 0.474907815456, 0.448376625776,             0,             0,             0,             0,             0,             0,             0,             0,             0,             0, -1.20016789436, -1.22631812096, 5.55111512313e-17,             0,             0, 5.55111512313e-17, -0.000752381049097,             0,             0,             0,             0,             0,             0,             0,             0,             0,             0,  0.3194206357, 0.32558760047,             0,             0,             0,             0,             0,             0,             0,             0,             0,             0, 0.317000061274, 0.323223471642
         5.55, -0.487918496132, -0.421932131052, -0.37530374527, -0.448992341757, 1.28655183315, 2532.66430664, 0.125541731715,             0, 250.348373413, -16.7291908264, 243.362228394, -19.5779495239, 567.862548828, 287.560760498, 496.116973877, 386.371063232, 3925.67700195,    2270.03125, 4523.21191406, 2862.32006836,             0,             0,             0,             0,             0,             0,             0,             0,             0,             0,             0,             0,             0,             0,             0,             0,             0,             0,             0,             0,             0, -0.352902472019, -0.0254368036985,             0,             0,             0,             0,             0,             0,             0,             0,             0,             0,             0,             0,             0,             0, 0.88831692934,             0,             0,             0,             0,             0,             0,             0,             0,             0,             0,             0,             0,             0,             0, 0.88831704855, 0.637239813805, 0.630262315273, 0.811786353588, 0.543054759502, 90.8047332764, 90.4847259521, 90.8575134277, 90.4917449951, 184.585678101, 0.293792366982, 0.180459484458, 3.74264836311,             0,             0,             0,             0,             0,             0,             0,             0,             0,             0, 187.903488159, 217.913833618, 191.237976074, 194.572463989, 197.906936646, 201.241424561, 204.575897217, 207.910385132, 211.244857788, 214.579345703,             1,             1,             1,             1,             1,             1,             1,             1,             1,             1, 120.041305542,           120, 0.541512787342,             0, 13.8385944366, 1.54946577549, 184.577041626, 181.667434692, 184.593826294, 181.684341431, 184.585678101, 187.920166016, 217.930496216, 191.254653931, 194.589126587, 197.923614502, 201.258087158, 204.592575073, 207.927062988, 211.261535645,  214.59602356, 184.577087402, 181.667480469, 187.920166016, 217.930496216, 191.254653931, 194.589126587, 197.923614502, 201.258087158, 204.592575073, 207.927062988, 211.261535645,  214.59602356, 184.593887329, 181.684371948, 0.549422621727,             0,             0,             0,             0,             0,             0,             0,             0,             0,             0, 0.843513250351, 0.66764742136, 0.730260491371, 0.694079995155, 0.483436048031, 0.455226421356, -1.19069933891, -1.2199896574, -0.352918714285,             0,             0,             0,             0,             0,             0,             0,             0,             0,             0, 0.479884684086, 0.451645851135,             0,             0,             0,             0,             0,             0,             0,             0,             0,             0, -1.19519197941, -1.22305381298, -5.55111512313e-17,             0,             0, 5.55111512313e-17, -0.000723211618606,             0,             0,             0,             0,             0,             0,             0,             0,             0,             0, 0.31933221221, 0.325510025024,             0,             0,             0,             0,             0,             0,             0,             0,             0,             0, 0.317090511322, 0.32330518961
        5.575, -0.451907426119, -0.388709753752, -0.340979069471, -0.416866838932, 1.15941417217, 2531.77441406, 0.115901455283,             0,  248.28755188, -16.7955417633, 242.010284424, -19.4082260132, 531.266540527, 267.205596924, 449.294403076,  356.89855957, 3949.30493164, 2290.88867188, 4500.18310547,  2841.2277832,             0,             0,             0,             0,             0,             0,             0,             0,             0,             0,             0,             0,             0,             0,             0,             0,             0,             0,             0,             0,             0, -0.347419410944, -0.0265613291413,             0,             0,             0,             0,             0,             0,             0,             0,             0,             0,             0,             0,             0,             0, 0.849934220314,             0,             0,             0,             0,             0,             0,             0,             0,             0,             0,             0,             0,             0,             0, 0.849934279919, 0.606241047382, 0.604108095169, 0.77995288372, 0.516283512115, 91.2137985229,  90.892616272, 91.2668457031,  90.900062561, 185.419296265, 0.274020642042, 0.162364035845, 3.29670190811,             0,             0,             0,             0,             0,             0,             0,             0,             0,             0, 188.737121582, 218.747512817, 192.071609497, 195.406097412, 198.740585327, 202.075073242, 205.409561157, 208.744049072, 212.078536987, 215.413024902,             1,             1,             1,             1,             1,             1,             1,             1,             1,             1, 120.041557312,           120, 0.539657592773,             0, 13.8386278152, 1.54946649075, 185.410232544,  182.50062561, 185.427856445, 182.518371582, 185.419296265,  188.75378418, 218.764190674, 192.088272095,  195.42276001, 198.757247925,  202.09173584, 205.426223755,  208.76071167, 212.095199585, 215.429702759,  185.41027832, 182.500671387,  188.75378418, 218.764190674, 192.088272095,  195.42276001, 198.757247925,  202.09173584, 205.426223755,  208.76071167, 212.095199585, 215.429702759,  185.42791748, 182.518417358, 0.579970061779,             0,             0,             0,             0,             0,             0,             0,             0,             0,             0, 0.854284584522, 0.692327082157, 0.742710590363, 0.719819545746, 0.488948374987, 0.459220677614, -1.18518936634, -1.21600115299, -0.34743720293,             0,             0,             0,             0,             0,             0,             0,             0,             0,             0, 0.485570698977, 0.455789536238,             0,             0,             0,             0,             0,             0,             0,             0,             0,             0, -1.1895070076, -1.21891498566,             0,             0,             0,             0, -0.000694266753271,             0,             0,             0,             0,             0,             0,             0,             0,             0,             0, 0.319245904684, 0.325433820486,             0,             0,             0,             0,             0,             0,             0,             0,             0,             0, 0.317178875208, 0.32338526845
          5.6, -0.416928708553, -0.356710284948, -0.307596385479, -0.385918438435, 1.03907847404, 2530.95654297, 0.106514178216,             0, 246.384231567, -16.8610420227, 240.782836914, -19.2467346191, 495.300445557, 247.261138916, 404.156921387, 328.186737061,  3972.4675293, 2311.42944336, 4477.53710938, 2820.40039062,             0,             0,             0,             0,             0,             0,             0,             0,             0,             0,             0,             0,             0,             0,             0,             0,             0,             0,             0,             0,             0, -0.341283529997, -0.0276675280184,             0,             0,             0,             0,             0,             0,             0,             0,             0,             0,             0,             0,             0,             0, 0.811516225338,             0,             0,             0,             0,             0,             0,             0,             0,             0,             0,             0,             0,             0,             0, 0.811516344547, 0.575197279453, 0.577976703644, 0.748127818108, 0.489538282156, 91.6228790283,   91.30052948, 91.6761474609, 91.3083572388, 186.252914429, 0.254605084658, 0.144543498755, 2.86181306839,             0,             0,             0,             0,             0,             0,             0,             0,             0,             0, 189.570724487, 219.581161499, 192.905227661, 196.239715576, 199.574203491, 202.908691406,  206.24319458, 209.577682495,  212.91217041, 216.246673584,             1,             1,             1,             1,             1,             1,             1,             1,             1,             1, 120.041702271,           120, 0.537936687469,             0, 13.8386316299, 1.54946649075, 186.243469238, 183.333847046,  186.26184082, 183.352371216, 186.252914429, 189.587402344, 219.597839355, 192.921890259, 196.256393433, 199.590881348, 202.925369263, 206.259857178, 209.594360352, 212.928848267, 216.263336182, 186.243515015, 183.333892822, 189.587402344, 219.597839355, 192.921890259, 196.256393433, 199.590881348, 202.925369263, 206.259857178, 209.594360352, 212.928848267, 216.263336182, 186.261901855, 183.352401733, 0.607424139977,             0,             0,             0,             0,             0,             0,             0,             0,             0,             0, 0.862317681313, 0.713859915733, 0.752341151237, 0.742378234863, 0.495113879442, 0.46402540803, -1.17902636528, -1.21120226383, -0.341302722692,             0,             0,             0,             0,             0,             0,             0,             0,             0,             0, 0.491910040379, 0.460743457079,             0,             0,             0,             0,             0,             0,             0,             0,             0,             0, -1.18316876888, -1.21396577358,             0,             0,             0,             0, -0.000665457686409,             0,             0,             0,             0,             0,             0,             0,             0,             0,             0, 0.319161266088, 0.325358718634,             0,             0,             0,             0,             0,             0,             0,             0,             0,             0, 0.317265719175, 0.323464304209
        5.625, -0.383046030998, -0.325987070799, -0.275214850903, -0.356193512678, 0.924874484539,  2530.2019043, 0.0973904430866,             0, 244.614379883, -16.9320735931, 239.677947998, -19.0862998962, 459.378570557, 227.790054321, 360.709564209, 300.899353027, 3995.13452148, 2331.56298828, 4455.29882812, 2799.92895508,             0,             0,             0,             0,             0,             0,             0,             0,             0,             0,             0,             0,             0,             0,             0,             0,             0,             0,             0,             0,             0, -0.334548681974, -0.0287525467575,             0,             0,             0,             0,             0,             0,             0,             0,             0,             0,             0,             0,             0,             0, 0.773138225079,             0,             0,             0,             0,             0,             0,             0,             0,             0,             0,             0,             0,             0,             0, 0.773138344288, 0.544167220592, 0.551921010017, 0.716375470161, 0.462898820639, 92.0319595337, 91.7084732056, 92.0854263306, 91.7166366577, 187.086517334, 0.235565885901, 0.127012893558, 2.43864178658,             0,             0,             0,             0,             0,             0,             0,             0,             0,             0, 190.404342651, 220.414779663, 193.738830566, 197.073318481, 200.407821655,  203.74230957, 207.076797485, 210.411300659, 213.745788574, 217.080276489,             1,             1,             1,             1,             1,             1,             1,             1,             1,             1, 120.041740417,           120, 0.536344051361,             0, 13.8386058807, 1.54946601391,  187.07673645, 184.167114258, 187.095779419, 184.186309814, 187.086517334, 190.421005249, 220.431442261, 193.755508423, 197.089996338, 200.424484253, 203.758987427, 207.093475342, 210.427963257, 213.762466431, 217.096954346, 187.076782227, 184.167144775, 190.421005249, 220.431442261, 193.755508423, 197.089996338, 200.424484253, 203.758987427, 207.093475342, 210.427963257, 213.762466431, 217.096954346, 187.095825195, 184.186355591, 0.631949722767,             0,             0,             0,             0,             0,             0,             0,             0,             0,             0, 0.867797493935, 0.732479333878, 0.759332060814, 0.76198464632, 0.501878678799, 0.469578355551, -1.17226409912, -1.20565533638, -0.334569036961,             0,             0,             0,             0,             0,             0,             0,             0,             0,             0, 0.498848497868, 0.466445088387,             0,             0,             0,             0,             0,             0,             0,             0,             0,             0, -1.17623174191, -1.20826900005,             0, -5.55111512313e-17,             0,             0, -0.000636716780718,             0,             0,             0,             0,             0,             0,             0,             0,             0,             0, 0.31907838583, 0.325285047293,             0,             0,             0,             0,             0,             0,             0,             0,             0,             0, 0.317350953817, 0.323541939259
         5.65, -0.350414633751, -0.29649245739, -0.243984088302, -0.327698558569, 0.815265417099, 2529.50439453, 0.0885483399034,             0, 242.969146729, -17.0090389252, 238.689300537, -18.9271411896, 423.639282227,  208.79397583, 319.068847656, 275.030212402, 4017.21484375, 2351.17675781,  4433.6015625, 2779.99731445,             0,             0,             0,             0,             0,             0,             0,             0,             0,             0,             0,             0,             0,             0,             0,             0,             0,             0,             0,             0,             0, -0.327267348766, -0.0298153478652,             0,             0,             0,             0,             0,             0,             0,             0,             0,             0,             0,             0,             0,             0, 0.734905004501,             0,             0,             0,             0,             0,             0,             0,             0,             0,             0,             0,             0,             0,             0, 0.734905123711, 0.513233482838, 0.526015222073, 0.684785246849, 0.436449408531, 92.4410476685, 92.1164321899, 92.4946899414, 92.1248931885, 187.920120239, 0.21698705852, 0.109850019217, 2.02915239334,             0,             0,             0,             0,             0,             0,             0,             0,             0,             0, 191.237930298,  221.24836731, 194.572433472, 197.906921387, 201.241409302, 204.575897217, 207.910400391, 211.244888306, 214.579376221, 217.913864136,             1,             1,             1,             1,             1,             1,             1,             1,             1,             1, 120.041679382,           120, 0.534873723984,             0,  13.838552475, 1.54946506023, 187.910049438, 185.000396729, 187.929672241, 185.020217896, 187.920120239, 191.254608154, 221.265029907, 194.589096069, 197.923583984, 201.258087158, 204.592575073, 207.927062988, 211.261550903, 214.596054077, 217.930541992, 187.910079956, 185.000442505, 191.254608154, 221.265029907, 194.589096069, 197.923583984, 201.258087158, 204.592575073, 207.927062988, 211.261550903, 214.596054077, 217.930541992, 187.929718018, 185.020248413, 0.653680682182,             0,             0,             0,             0,             0,             0,             0,             0,             0,             0, 0.87094193697, 0.74833291769, 0.763894855976, 0.778838217258, 0.509190201759, 0.475820064545, -1.16495513916, -1.19941961765, -0.327288657427,             0,             0,             0,             0,             0,             0,             0,             0,             0,             0, 0.506332993507, 0.472834557295,             0,             0,             0,             0,             0,             0,             0,             0,             0,             0, -1.1687489748, -1.20188450813,             0, -5.55111512313e-17, 5.55111512313e-17, -5.55111512313e-17, -0.000607993686572,             0,             0,             0,             0,             0,             0,             0,             0,             0,             0, 0.318997591734, 0.325213253498,             0,             0,             0,             0,             0,             0,             0,             0,             0,             0, 0.317434042692, 0.323617488146
        5.675, -0.319053977728, -0.268222808838, -0.213920071721, -0.300254493952, 0.709627568722,  2528.8605957, 0.0800460427999,             0, 241.441833496, -17.0862770081, 237.806640625, -18.7747917175, 388.918762207,  190.27645874, 279.287719727, 250.493118286,  4038.5703125, 2370.18334961, 4412.58984375,  2760.7409668,             0,             0,             0,             0,             0,             0,             0,             0,             0,             0,             0,             0,             0,             0,             0,             0,             0,             0,             0,             0,             0, -0.31949070096, -0.0308548957109,             0,             0,             0,             0,             0,             0,             0,             0,             0,             0,             0,             0,             0,             0, 0.696936905384,             0,             0,             0,             0,             0,             0,             0,             0,             0,             0,             0,             0,             0,             0, 0.696937024593, 0.482496142387, 0.500341594219, 0.653461575508, 0.410276055336, 92.8501434326, 92.5244140625, 92.9039306641, 92.5331344604, 188.753707886, 0.198914512992, 0.0930959507823, 1.63434422016,             0,             0,             0,             0,             0,             0,             0,             0,             0,             0, 192.071533203,  222.08190918, 195.406021118, 198.740509033, 202.074996948, 205.409484863,  208.74395752, 212.078445435,  215.41293335, 218.747421265,             1,             1,             1,             1,             1,             1,             1,             1,             1,             1, 120.041526794,           120, 0.533520996571,             0, 13.8384714127, 1.54946351051, 188.743377686, 185.833740234, 188.763519287, 185.854064941, 188.753707886, 192.088195801, 222.098587036, 195.422683716, 198.757171631, 202.091659546, 205.426147461, 208.760635376, 212.095123291, 215.429611206, 218.764099121, 188.743423462, 185.833770752, 192.088195801, 222.098587036, 195.422683716, 198.757171631, 202.091659546, 205.426147461, 208.760635376, 212.095123291, 215.429611206, 218.764099121, 188.763565063, 185.854095459, 0.672722399235,             0,             0,             0,             0,             0,             0,             0,             0,             0,             0, 0.871902406216, 0.761600494385, 0.76617628336, 0.792941451073, 0.516997277737, 0.482693850994, -1.15715098381, -1.19255173206, -0.319512724876,             0,             0,             0,             0,             0,             0,             0,             0,             0,             0, 0.514311850071, 0.47985470295,             0,             0,             0,             0,             0,             0,             0,             0,             0,             0, -1.16077208519, -1.19486939907,             0,             0,             0,             0, -0.000579260697123,             0,             0,             0,             0,             0,             0,             0,             0,             0,             0, 0.31891939044, 0.325143635273,             0,             0,             0,             0,             0,             0,             0,             0,             0,             0, 0.317514449358, 0.323690414429
          5.7, -0.288973212242, -0.241021826863, -0.185028463602, -0.273875415325, 0.607687711716, 2528.26879883, 0.0718744769692,             0, 240.028198242, -17.1623439789, 237.024780273, -18.6300373077, 355.257049561, 172.213485718,  241.32699585, 227.186538696, 4059.06201172, 2388.47705078, 4392.41503906, 2742.25830078,             0,             0,             0,             0,             0,             0,             0,             0,             0,             0,             0,             0,             0,             0,             0,             0,             0,             0,             0,             0,             0, -0.311267912388, -0.0318688303232,             0,             0,             0,             0,             0,             0,             0,             0,             0,             0,             0,             0,             0,             0, 0.659367740154,             0,             0,             0,             0,             0,             0,             0,             0,             0,             0,             0,             0,             0,             0, 0.659367859364, 0.452066481113, 0.474990278482, 0.622519791126, 0.384470015764, 93.2592468262, 92.9324111938, 93.3131484985, 92.9413604736, 189.587295532, 0.181394442916, 0.0767929553986, 1.25478839874,             0,             0,             0,             0,             0,             0,             0,             0,             0,             0, 192.905105591, 222.915435791, 196.239593506, 199.574066162, 202.908554077, 206.243026733, 209.577514648, 212.912002563,  216.24647522, 219.580963135,             1,             1,             1,             1,             1,             1,             1,             1,             1,             1, 120.041290283,           120, 0.532282233238,             0, 13.8383646011, 1.54946148396, 189.576751709, 186.667098999, 189.597320557,  186.68788147, 189.587295532, 192.921783447, 222.932113647, 196.256256104, 199.590744019, 202.925216675,  206.25970459, 209.594192505, 212.928665161, 216.263153076, 219.597625732, 189.576797485, 186.667129517, 192.921783447, 222.932113647, 196.256256104, 199.590744019, 202.925216675,  206.25970459, 209.594192505, 212.928665161, 216.263153076, 219.597625732, 189.597366333, 186.687911987, 0.68917042017,             0,             0,             0,             0,             0,             0,             0,             0,             0,             0, 0.870820820332, 0.772281765938, 0.766314148903, 0.804463326931, 0.525250613689, 0.490145504475, -1.14890062809, -1.18510615826, -0.311290413141,             0,             0,             0,             0,             0,             0,             0,             0,             0,             0, 0.522735118866, 0.487450748682,             0,             0,             0,             0,             0,             0,             0,             0,             0,             0, -1.15235102177, -1.18727850914,             0,             0,             0,             0, -0.0005505081499,             0,             0,             0,             0,             0,             0,             0,             0,             0,             0, 0.31884431839, 0.32507660985,             0,             0,             0,             0,             0,             0,             0,             0,             0,             0, 0.317591637373, 0.323760390282
        5.725, -0.260186553001, -0.214923724532, -0.157321229577, -0.248534888029, 0.50930082798, 2527.72729492, 0.0640286281705,             0, 238.725204468, -17.2361049652, 236.339324951, -18.4933815002, 322.701416016, 154.591049194, 205.122970581, 205.072570801, 4078.62719727, 2406.00805664, 4373.15820312, 2724.57348633,             0,             0,             0,             0,             0,             0,             0,             0,             0,             0,             0,             0,             0,             0,             0,             0,             0,             0,             0,             0,             0, -0.302646249533, -0.0328534655273,             0,             0,             0,             0,             0,             0,             0,             0,             0,             0,             0,             0,             0,             0, 0.622320353985,             0,             0,             0,             0,             0,             0,             0,             0,             0,             0,             0,             0,             0,             0, 0.622320473194, 0.422043710947, 0.45003759861, 0.592062354088, 0.359112083912, 93.6683502197, 93.3404312134, 93.7223434448, 93.3495635986, 190.420883179, 0.164471402764, 0.0609823837876, 0.890887796879,             0,             0,             0,             0,             0,             0,             0,             0,             0,             0, 193.738677979, 223.748931885, 197.073150635, 200.407623291, 203.742095947, 207.076568604,  210.41104126, 213.745513916, 217.079986572, 220.414459229,             1,             1,             1,             1,             1,             1,             1,             1,             1,             1, 120.040969849,           120, 0.531154513359,             0, 13.8382339478, 1.54945909977,  190.41015625, 187.500488281,  190.43107605, 187.521636963, 190.420883179, 193.755355835, 223.765594482, 197.089828491, 200.424301147, 203.758773804,  207.09324646, 210.427719116, 213.762191772, 217.096664429, 220.431121826, 190.410186768, 187.500518799, 193.755355835, 223.765594482, 197.089828491, 200.424301147, 203.758773804,  207.09324646, 210.427719116, 213.762191772, 217.096664429, 220.431121826, 190.431121826,  187.52166748, 0.703115403652,             0,             0,             0,             0,             0,             0,             0,             0,             0,             0, 0.867832303047, 0.780544579029, 0.764440536499, 0.813510835171, 0.53390276432, 0.49812284112, -1.1402515173, -1.17713499069, -0.302669048309,             0,             0,             0,             0,             0,             0,             0,             0,             0,             0, 0.531554937363, 0.495570152998,             0,             0,             0,             0,             0,             0,             0,             0,             0,             0, -1.14353394508, -1.17916440964, -5.55111512313e-17,             0,             0,             0, -0.000521739188116,             0,             0,             0,             0,             0,             0,             0,             0,             0,             0,  0.3187725842, 0.325012326241,             0,             0,             0,             0,             0,             0,             0,             0,             0,             0, 0.317665278912, 0.323827326298
         5.75, -0.232712477446, -0.189901649952, -0.130816549063, -0.224261447787, 0.414315521717, 2527.23461914, 0.0565073341131,             0, 237.529159546, -17.3079910278, 235.745376587, -18.3641757965, 291.305511475, 137.444839478,  170.59223938, 184.130142212, 4097.27636719, 2422.78417969, 4354.81298828, 2707.64892578,             0,             0,             0,             0,             0,             0,             0,             0,             0,             0,             0,             0,             0,             0,             0,             0,             0,             0,             0,             0,             0, -0.29367133975, -0.0338050089777,             0,             0,             0,             0,             0,             0,             0,             0,             0,             0,             0,             0,             0,             0, 0.58589297533,             0,             0,             0,             0,             0,             0,             0,             0,             0,             0,             0,             0,             0,             0, 0.585893034935, 0.392503738403,  0.4255400002, 0.562167048454, 0.334262937307, 94.0774612427, 93.7484664917, 94.1315231323, 93.7577514648, 191.254455566, 0.148193836212, 0.0457110852003, 0.543019294739,             0,             0,             0,             0,             0,             0,             0,             0,             0,             0, 194.572250366, 224.582397461, 197.906707764, 201.241165161, 204.575637817, 207.910095215, 211.244552612,  214.57901001, 217.913482666, 221.247940063,             1,             1,             1,             1,             1,             1,             1,             1,             1,             1, 120.040565491,           120, 0.530134916306,             0, 13.8380794525, 1.54945623875,  191.24357605, 188.333908081, 191.264801025, 188.355361938, 191.254455566, 194.588928223, 224.599060059,  197.92338562, 201.257843018, 204.592300415, 207.926757812, 211.261230469, 214.595687866, 217.930145264, 221.264602661, 191.243621826, 188.333938599, 194.588928223, 224.599060059,  197.92338562, 201.257843018, 204.592300415, 207.926757812, 211.261230469, 214.595687866, 217.930145264, 221.264602661, 191.264831543, 188.355392456, 0.714644312859,             0,             0,             0,             0,             0,             0,             0,             0,             0,             0, 0.863072395325, 0.786494195461, 0.76068931818, 0.820243418217, 0.542908132076, 0.506575644016, -1.1312494278, -1.16868817806, -0.293694198132,             0,             0,             0,             0,             0,             0,             0,             0,             0,             0, 0.540725052357, 0.504162371159,             0,             0,             0,             0,             0,             0,             0,             0,             0,             0, -1.13436675072, -1.1705776453,             0,             0,             0,             0, -0.000492953753565,             0,             0,             0,             0,             0,             0,             0,             0,             0,             0, 0.31870418787, 0.324950784445,             0,             0,             0,             0,             0,             0,             0,             0,             0,             0, 0.317735403776, 0.323891311884
        5.775, -0.206554800272, -0.16592207551, -0.10551982373, -0.200905650854, 0.322574079037,  2526.7890625, 0.0492905527353,             0, 236.437194824, -17.3781509399, 235.235214233, -18.2420558929, 261.065948486, 120.786315918, 137.575164795, 164.234039307, 4115.05566406, 2438.84448242,  4337.3203125, 2691.42749023,             0,             0,             0,             0,             0,             0,             0,             0,             0,             0,             0,             0,             0,             0,             0,             0,             0,             0,             0,             0,             0, -0.284387081861, -0.0347206927836,             0,             0,             0,             0,             0,             0,             0,             0,             0,             0,             0,             0,             0,             0, 0.550159454346,             0,             0,             0,             0,             0,             0,             0,             0,             0,             0,             0,             0,             0,             0, 0.55015951395,   0.363501966, 0.401535600424, 0.532889306545, 0.309962809086, 94.4865722656, 94.1565246582, 94.5406723022, 94.1659240723, 192.088027954, 0.132598817348, 0.0310164168477, 0.211558967829,             0,             0,             0,             0,             0,             0,             0,             0,             0,             0, 195.405807495,  225.41583252, 198.740249634, 202.074707031,  205.40914917, 208.743591309, 212.078048706, 215.412490845, 218.746932983, 222.081390381,             1,             1,             1,             1,             1,             1,             1,             1,             1,             1, 120.040092468,           120, 0.529220461845,             0, 13.8379030228, 1.54945290089, 192.077041626,  189.16734314, 192.098480225, 189.189041138, 192.088027954, 195.422485352, 225.432510376,  198.75692749, 202.091369629, 205.425827026, 208.760269165, 212.094711304, 215.429168701,  218.76361084, 222.098052979, 192.077072144, 189.167373657, 195.422485352, 225.432510376,  198.75692749, 202.091369629, 205.425827026, 208.760269165, 212.094711304, 215.429168701,  218.76361084, 222.098052979, 192.098510742, 189.189071655, 0.723840177059,             0,             0,             0,             0,             0,             0,             0,             0,             0,             0, 0.856661319733, 0.790228426456, 0.755180895329, 0.824641466141, 0.552222669125, 0.515455543995, -1.12193834782, -1.15981435776, -0.284409761429,             0,             0,             0,             0,             0,             0,             0,             0,             0,             0, 0.550201296806, 0.513178884983,             0,             0,             0,             0,             0,             0,             0,             0,             0,             0, -1.12489390373, -1.16156673431,             0, -5.55111512313e-17, 5.55111512313e-17,             0, -0.000464138516691,             0,             0,             0,             0,             0,             0,             0,             0,             0,             0, 0.318638890982, 0.324891865253,             0,             0,             0,             0,             0,             0,             0,             0,             0,             0, 0.317802220583, 0.323952615261
          5.8, -0.181744366884, -0.143006831408, -0.0814649686217, -0.178489521146, 0.233981400728, 2526.38891602, 0.042384698987,             0,  235.44329834, -17.4464492798, 234.791625977, -18.126663208, 232.108856201, 104.650566101, 106.041145325, 145.343048096, 4132.02246094, 2454.24145508, 4320.59912109, 2675.84912109,             0,             0,             0,             0,             0,             0,             0,             0,             0,             0,             0,             0,             0,             0,             0,             0,             0,             0,             0,             0,             0, -0.274835705757, -0.0355992987752,             0,             0,             0,             0,             0,             0,             0,             0,             0,             0,             0,             0,             0,             0, 0.515172302723,             0,             0,             0,             0,             0,             0,             0,             0,             0,             0,             0,             0,             0,             0, 0.515172421932, 0.335074782372, 0.378050029278, 0.504264295101, 0.286239415407,  94.895690918, 94.5645904541, 94.9498062134, 94.5740737915, 192.921600342, 0.117751337588, 0.0169653408229, -0.103186413646,             0,             0,             0,             0,             0,             0,             0,             0,             0,             0, 196.239364624, 226.249252319, 199.573791504, 202.908218384, 206.242660522, 209.577087402, 212.911514282, 216.245956421, 219.580383301, 222.914810181,             1,             1,             1,             1,             1,             1,             1,             1,             1,             1, 120.039550781,           120, 0.528407335281,             0, 13.8377056122,  1.5494492054, 192.910522461, 190.000823975, 192.932113647, 190.022689819, 192.921600342, 196.256027222, 226.265914917, 199.590454102,  202.92489624,  206.25932312,     209.59375, 212.928192139, 216.262619019, 219.597045898, 222.931488037,  192.91053772, 190.000854492, 196.256027222, 226.265914917, 199.590454102,  202.92489624,  206.25932312,     209.59375, 212.928192139, 216.262619019, 219.597045898, 222.931488037, 192.932159424, 190.022705078, 0.730782747269,             0,             0,             0,             0,             0,             0,             0,             0,             0,             0, 0.848743736744, 0.79189568758, 0.748062074184, 0.826852023602, 0.561803996563, 0.524716198444, -1.11236059666, -1.15055978298, -0.274858087301,             0,             0,             0,             0,             0,             0,             0,             0,             0,             0, 0.559941053391, 0.522572994232,             0,             0,             0,             0,             0,             0,             0,             0,             0,             0, -1.11515796185, -1.15217828751,             0,             0,             0, 5.55111512313e-17, -0.000435271096649,             0,             0,             0,             0,             0,             0,             0,             0,             0,             0, 0.318576544523, 0.324835300446,             0,             0,             0,             0,             0,             0,             0,             0,             0,             0, 0.317866057158, 0.324011445045
        5.825, -0.158122673631, -0.12099596113, -0.0584972277284, -0.156969845295, 0.148486718535, 2526.03320312, 0.0357680618763,             0, 234.546035767, -17.5130443573, 234.396652222, -18.017621994, 204.395874023, 88.9941101074, 75.8249816895, 127.405319214, 4148.20947266,  2469.0078125, 4304.59570312, 2660.88769531,             0,             0,             0,             0,             0,             0,             0,             0,             0,             0,             0,             0,             0,             0,             0,             0,             0,             0,             0,             0,             0, -0.265057772398, -0.0364408381283,             0,             0,             0,             0,             0,             0,             0,             0,             0,             0,             0,             0,             0,             0, 0.480974793434,             0,             0,             0,             0,             0,             0,             0,             0,             0,             0,             0,             0,             0,             0, 0.480974912643, 0.307261258364, 0.355104416609, 0.476328730583, 0.263116151094, 95.3048095703, 94.9726715088, 95.3589096069, 94.9822158813, 193.755157471, 0.103551015258, 0.00346061424352, -0.40100774169,             0,             0,             0,             0,             0,             0,             0,             0,             0,             0, 197.072891235, 227.082641602, 200.407318115, 203.741729736, 207.076141357, 210.410552979, 213.744979858, 217.079391479, 220.413803101, 223.748214722,             1,             1,             1,             1,             1,             1,             1,             1,             1,             1, 120.038948059,           120, 0.527691245079,             0, 13.8374881744, 1.54944515228, 193.744018555,  190.83430481, 193.765716553, 190.856292725, 193.755157471, 197.089569092, 227.099304199, 200.423980713, 203.758392334, 207.092819214, 210.427230835, 213.761642456, 217.096054077, 220.430480957, 223.764892578, 193.744049072, 190.834335327, 197.089569092, 227.099304199, 200.423980713, 203.758392334, 207.092819214, 210.427230835, 213.761642456, 217.096054077, 220.430480957, 223.764892578,  193.76574707, 190.856307983, 0.735550105572,             0,             0,             0,             0,             0,             0,             0,             0,             0,             0, 0.83929759264, 0.791466474533, 0.739313840866, 0.826961159706, 0.571611523628, 0.534312844276, -1.10255670547, -1.14096903801, -0.2650796175,             0,             0,             0,             0,             0,             0,             0,             0,             0,             0, 0.569903612137, 0.532300114632,             0,             0,             0,             0,             0,             0,             0,             0,             0,             0, -1.10519957542, -1.14245712757,             0,             0,             0,             0, -0.000406336272135,             0,             0,             0,             0,             0,             0,             0,             0,             0,             0, 0.318517029285, 0.324781060219,             0,             0,             0,             0,             0,             0,             0,             0,             0,             0, 0.317927092314, 0.324067890644
         5.85, -0.135344102979, -0.0999107733369, -0.0362753160298, -0.136370152235, 0.0657222792506, 2525.72192383, 0.0293741282076,             0, 233.742492676, -17.5806465149,  234.03364563, -17.9118404388,  177.52734375, 73.8146820068,   46.45079422, 110.381217957, 4163.67041016, 2483.18603516, 4289.25341797, 2646.51635742,             0,             0,             0,             0,             0,             0,             0,             0,             0,             0,             0,             0,             0,             0,             0,             0,             0,             0,             0,             0,             0, -0.255092173815, -0.0372458547354,             0,             0,             0,             0,             0,             0,             0,             0,             0,             0,             0,             0,             0,             0, 0.447595983744,             0,             0,             0,             0,             0,             0,             0,             0,             0,             0,             0,             0,             0,             0, 0.447596073151, 0.280101269484, 0.332712382078, 0.449119985104, 0.240606844425, 95.7139358521, 95.3807678223, 95.7679977417,  95.390335083, 194.588699341, 0.089651890099, -0.0098400907591, -0.681289434433,             0,             0,             0,             0,             0,             0,             0,             0,             0,             0, 197.906433105, 227.916000366, 201.240829468,  204.57522583, 207.909622192, 211.244018555, 214.578414917, 217.912811279, 221.247207642, 224.581604004,             1,             1,             1,             1,             1,             1,             1,             1,             1,             1, 120.038284302,           120, 0.527067959309,             0, 13.8372526169, 1.54944074154, 194.577545166, 191.667831421,  194.59928894, 191.689849854, 194.588699341, 197.923095703, 227.932662964, 201.257492065, 204.591888428,  207.92628479, 211.260681152, 214.595077515, 217.929473877, 221.263870239, 224.598266602, 194.577575684,  191.66784668, 197.923095703, 227.932662964, 201.257492065, 204.591888428,  207.92628479, 211.260681152, 214.595077515, 217.929473877, 221.263870239, 224.598266602, 194.599319458, 191.689880371, 0.738216400146,             0,             0,             0,             0,             0,             0,             0,             0,             0,             0, 0.82805109024, 0.789077997208, 0.728667974472, 0.825106620789, 0.581606507301, 0.544202804565, -1.0925655365, -1.13108503819, -0.255113363266,             0,             0,             0,             0,             0,             0,             0,             0,             0,             0, 0.580049753189, 0.542317330837,             0,             0,             0,             0,             0,             0,             0,             0,             0,             0, -1.09505796432, -1.13244605064,             0,             0,             0,             0, -0.000377344549634,             0,             0,             0,             0,             0,             0,             0,             0,             0,             0, 0.31846010685, 0.324728906155,             0,             0,             0,             0,             0,             0,             0,             0,             0,             0, 0.31798556447, 0.324122071266
        5.875, -0.113635450602, -0.0796895772219, -0.0150312678888, -0.116517074406, -0.0150574389845, 2525.45605469, 0.0232033543289,             0, 233.028060913, -17.6503772736, 233.688796997, -17.8084964752, 151.490966797, 59.1127891541, 17.9908370972, 94.2152252197, 4178.51416016, 2496.85205078, 4274.47216797, 2632.66479492,             0,             0,             0,             0,             0,             0,             0,             0,             0,             0,             0,             0,             0,             0,             0,             0,             0,             0,             0,             0,             0, -0.244976997375, -0.0380147583783,             0,             0,             0,             0,             0,             0,             0,             0,             0,             0,             0,             0,             0,             0, 0.415039658546,             0,             0,             0,             0,             0,             0,             0,             0,             0,             0,             0,             0,             0,             0, 0.415039747953, 0.253583192825, 0.310869425535, 0.422622680664, 0.218704745173, 96.1230545044, 95.7888717651, 96.1770629883, 95.7984390259, 195.422241211, 0.0762709081173, -0.0227156039327, -0.942782819271,             0,             0,             0,             0,             0,             0,             0,             0,             0,             0, 198.739944458, 228.749343872, 202.074325562, 205.408706665, 208.743087769, 212.077453613, 215.411834717,  218.74621582, 222.080596924, 225.414962769,             1,             1,             1,             1,             1,             1,             1,             1,             1,             1, 120.037567139,           120, 0.526533126831,             0, 13.8369998932, 1.54943609238, 195.411102295, 192.501373291, 195.432815552, 192.523376465, 195.422241211, 198.756622314,  228.76600647, 202.091003418, 205.425369263, 208.759750366,  212.09413147, 215.428497314, 218.762878418, 222.097259521, 225.431640625, 195.411117554,  192.50138855, 198.756622314,  228.76600647, 202.091003418, 205.425369263, 208.759750366,  212.09413147, 215.428497314, 218.762878418, 222.097259521, 225.431640625, 195.432846069, 192.523391724, 0.738840281963,             0,             0,             0,             0,             0,             0,             0,             0,             0,             0, 0.815279901028, 0.784790992737, 0.716404497623, 0.821236550808, 0.591750621796, 0.554344952106, -1.08242535591, -1.1209487915, -0.244997367263,             0,             0,             0,             0,             0,             0,             0,             0,             0,             0, 0.590341508389, 0.552583515644,             0,             0,             0,             0,             0,             0,             0,             0,             0,             0, -1.08477115631, -1.12218606472,             0,             0,             0, 5.55111512313e-17, -0.000348341447534,             0,             0,             0,             0,             0,             0,             0,             0,             0,             0, 0.318405419588, 0.324678599834,             0,             0,             0,             0,             0,             0,             0,             0,             0,             0, 0.318041831255, 0.324174255133
          5.9, -0.0931389927864, -0.0602609813213, 0.00508694862947, -0.0974006131291, -0.094039991498, 2525.23730469, 0.0172931272537,             0, 232.406158447, -17.7198753357, 233.377456665, -17.7105064392, 126.482788086, 44.8612937927, -9.08759021759, 78.7880096436, 4192.81689453, 2510.05932617, 4260.18896484, 2619.27368164,             0,             0,             0,             0,             0,             0,             0,             0,             0,             0,             0,             0,             0,             0,             0,             0,             0,             0,             0,             0,             0, -0.23474919796, -0.0387476719916,             0,             0,             0,             0,             0,             0,             0,             0,             0,             0,             0,             0,             0,             0, 0.383301436901,             0,             0,             0,             0,             0,             0,             0,             0,             0,             0,             0,             0,             0,             0, 0.383301526308, 0.22769190371, 0.28956758976, 0.396816790104, 0.197396546602, 96.5321807861, 96.1969909668, 96.5861053467,   96.20652771, 196.255783081, 0.0636076852679, -0.0349611416459, -1.18481266499,             0,             0,             0,             0,             0,             0,             0,             0,             0,             0, 199.573471069, 229.582672119, 202.907821655, 206.242172241, 209.576538086, 212.910888672, 216.245239258, 219.579605103, 222.913955688, 226.248306274,             1,             1,             1,             1,             1,             1,             1,             1,             1,             1,  120.03678894,           120, 0.526083528996,             0, 13.8367290497, 1.54943096638, 196.244674683,  193.33493042, 196.266311646, 193.356872559, 196.255783081, 199.590133667, 229.599334717, 202.924484253, 206.258850098, 209.593200684,  212.92755127, 216.261917114,   219.5962677, 222.930618286, 226.264968872, 196.244689941, 193.334945679, 199.590133667, 229.599334717, 202.924484253, 206.258850098, 209.593200684,  212.92755127, 216.261917114,   219.5962677, 222.930618286, 226.264968872, 196.266342163, 193.356887817, 0.737467467785,             0,             0,             0,             0,             0,             0,             0,             0,             0,             0, 0.801229417324, 0.778650939465, 0.702773809433, 0.815456807613, 0.602006852627, 0.564700007439, -1.0721732378, -1.11059975624, -0.234768643975,             0,             0,             0,             0,             0,             0,             0,             0,             0,             0, 0.600741863251, 0.563059449196,             0,             0,             0,             0,             0,             0,             0,             0,             0,             0, -1.07437610626, -1.11171662807, 5.55111512313e-17,             0,             0, 5.55111512313e-17, -0.00031940304325,             0,             0,             0,             0,             0,             0,             0,             0,             0,             0, 0.318352639675, 0.324629962444,             0,             0,             0,             0,             0,             0,             0,             0,             0,             0, 0.318096131086, 0.324224680662
        5.925, -0.0738354772329, -0.0415623821318, 0.0240931138396, -0.0789613127708, -0.170870825648, 2525.06689453, 0.0116660492495,             0, 231.879592896, -17.7899112701, 233.132568359, -17.6206607819, 102.546981812, 31.0331325531, -34.4505233765, 64.0618667603, 4206.56689453, 2522.78930664,     4246.4375, 2606.36401367,             0,             0,             0,             0,             0,             0,             0,             0,             0,             0,             0,             0,             0,             0,             0,             0,             0,             0,             0,             0,             0, -0.224443972111, -0.0394448153675,             0,             0,             0,             0,             0,             0,             0,             0,             0,             0,             0,             0,             0,             0, 0.352393478155,             0,             0,             0,             0,             0,             0,             0,             0,             0,             0,             0,             0,             0,             0, 0.352393567562, 0.202436476946, 0.268816620111, 0.371706426144, 0.176689177752, 96.9412994385, 96.6051254272, 96.9951400757, 96.6146011353, 197.089309692, 0.0517382584512, -0.0464952252805, -1.40746688843,             0,             0,             0,             0,             0,             0,             0,             0,             0,             0, 200.406967163, 230.415969849,  203.74130249, 207.075637817, 210.409973145, 213.744308472,  217.07862854, 220.412963867, 223.747299194, 227.081634521,             1,             1,             1,             1,             1,             1,             1,             1,             1,             1, 120.035964966,           120, 0.525717675686,             0, 13.8364439011, 1.54942572117, 197.078262329, 194.168502808, 197.099761963, 194.190322876, 197.089309692,  200.42364502, 230.432632446, 203.757980347, 207.092300415, 210.426635742, 213.760971069, 217.095306396, 220.429641724, 223.763961792, 227.098297119, 197.078277588, 194.168533325,  200.42364502, 230.432632446, 203.757980347, 207.092300415, 210.426635742, 213.760971069, 217.095306396, 220.429641724, 223.763961792, 227.098297119,  197.09979248, 194.190338135, 0.734146475792,             0,             0,             0,             0,             0,             0,             0,             0,             0,             0, 0.786024212837, 0.770705640316, 0.687906146049, 0.807818472385, 0.612340033054, 0.575230121613, -1.06184434891, -1.10007548332, -0.224462404847,             0,             0,             0,             0,             0,             0,             0,             0,             0,             0, 0.611215531826, 0.573707401752,             0,             0,             0,             0,             0,             0,             0,             0,             0,             0, -1.06390821934, -1.10107541084, -5.55111512313e-17,             0, -5.55111512313e-17,             0, -0.000290619733278,             0,             0,             0,             0,             0,             0,             0,             0,             0,             0, 0.318301856518, 0.324583023787,             0,             0,             0,             0,             0,             0,             0,             0,             0,             0, 0.318148374557, 0.324273228645
         5.95, -0.0556614883244, -0.0236154198647, 0.0420456193388, -0.061166908592, -0.244960725307, 2524.94311523, 0.00632310239598,             0, 231.443328857, -17.8718471527,  232.97428894, -17.5406265259, 79.6275177002, 17.6472415924, -58.0029754639, 49.9932746887, 4219.68505859, 2534.97485352, 4233.31933594, 2594.01806641,             0,             0,             0,             0,             0,             0,             0,             0,             0,             0,             0,             0,             0,             0,             0,             0,             0,             0,             0,             0,             0, -0.214094340801, -0.0401070043445,             0,             0,             0,             0,             0,             0,             0,             0,             0,             0,             0,             0,             0,             0, 0.322351336479,             0,             0,             0,             0,             0,             0,             0,             0,             0,             0,             0,             0,             0,             0, 0.322351396084, 0.177850618958, 0.248647585511, 0.347320765257, 0.156609013677, 97.3504257202, 97.0132675171, 97.4041671753, 97.0226593018, 197.922836304, 0.0406888015568, -0.0572864562273, -1.61130511761,             0,             0,             0,             0,             0,             0,             0,             0,             0,             0, 201.240463257, 231.249252319, 204.574783325, 207.909088135, 211.243392944, 214.577713013, 217.912017822, 221.246322632, 224.580627441,  227.91494751,             1,             1,             1,             1,             1,             1,             1,             1,             1,             1, 120.035102844,           120, 0.525434076786,             0,  13.836145401, 1.54942011833, 197.911865234, 195.002105713, 197.933197021, 195.023742676, 197.922836304, 201.257141113, 231.265914917, 204.591445923, 207.925750732, 211.260070801,  214.59437561,  217.92868042, 221.262985229, 224.597305298, 227.931610107, 197.911880493, 195.002120972, 201.257141113, 231.265914917, 204.591445923, 207.925750732, 211.260070801,  214.59437561,  217.92868042, 221.262985229, 224.597305298, 227.931610107,  197.93321228, 195.023757935, 0.728938281536,             0,             0,             0,             0,             0,             0,             0,             0,             0,             0, 0.769751608372, 0.761074185371, 0.671893835068, 0.798386335373, 0.622717022896, 0.585899293423,  -1.051471591, -1.08941233158, -0.214111670852,             0,             0,             0,             0,             0,             0,             0,             0,             0,             0, 0.621729195118, 0.584491014481,             0,             0,             0,             0,             0,             0,             0,             0,             0,             0, -1.0534003973, -1.09029865265,             0,             0, 5.55111512313e-17,             0, -0.000262076122453,             0,             0,             0,             0,             0,             0,             0,             0,             0,             0, 0.318253368139, 0.324538081884,             0,             0,             0,             0,             0,             0,             0,             0,             0,             0, 0.318198174238, 0.324319630861
        5.975, -0.0385575965047, -0.00630995677784, 0.0589989945292, -0.0440246202052, -0.315623253584, 2524.86181641, 0.00123773445375,             0,  231.08694458, -17.9688987732, 232.901245117, -17.4728450775, 57.6701126099, 4.47933578491, -79.8152084351, 36.5641822815, 4232.09521484,     2546.5625, 4220.92773438, 2582.30883789,             0,             0,             0,             0,             0,             0,             0,             0,             0,             0,             0,             0,             0,             0,             0,             0,             0,             0,             0,             0,             0, -0.203731238842, -0.0407356806099,             0,             0,             0,             0,             0,             0,             0,             0,             0,             0,             0,             0,             0,             0, 0.293220579624,             0,             0,             0,             0,             0,             0,             0,             0,             0,             0,             0,             0,             0,             0, 0.293220669031, 0.153977096081, 0.229090064764, 0.323698490858, 0.137188211083,  97.759552002, 97.4214172363, 97.8131790161, 97.4307022095, 198.756347656, 0.0304601602256, -0.0673290342093, -1.79718077183,             0,             0,             0,             0,             0,             0,             0,             0,             0,             0, 202.073959351, 232.082519531, 205.408248901, 208.742523193, 212.076812744, 215.411102295, 218.745376587, 222.079666138,  225.41394043,  228.74822998,             1,             1,             1,             1,             1,             1,             1,             1,             1,             1, 120.034210205,           120, 0.525229930878,             0, 13.8358354568, 1.54941427708, 198.745498657, 195.835723877, 198.766586304, 195.857131958, 198.756347656, 202.090637207, 232.099182129, 205.424911499,  208.75920105, 212.093475342, 215.427764893, 218.762054443, 222.096328735, 225.430618286, 228.764892578, 198.745513916, 195.835739136, 202.090637207, 232.099182129, 205.424911499,  208.75920105, 212.093475342, 215.427764893, 218.762054443, 222.096328735, 225.430618286, 228.764892578, 198.766616821, 195.857147217, 0.721919417381,             0,             0,             0,             0,             0,             0,             0,             0,             0,             0, 0.752489030361,  0.7497215271, 0.654819428921, 0.787243008614, 0.633106887341, 0.596672534943, -1.0410861969, -1.07864499092, -0.203747406602,             0,             0,             0,             0,             0,             0,             0,             0,             0,             0, 0.632251799107, 0.595375180244,             0,             0,             0,             0,             0,             0,             0,             0,             0,             0, -1.0428841114, -1.07942152023,             0,             0,             0, 5.55111512313e-17, -0.000233835846302,             0,             0,             0,             0,             0,             0,             0,             0,             0,             0, 0.31820744276, 0.324495315552,             0,             0,             0,             0,             0,             0,             0,             0,             0,             0, 0.318245202303, 0.324363589287
            6, -0.0224741939455, 0.0102323619649, 0.0749977007508, -0.0276584569365, -0.381951451302, 2524.81762695, -0.00360467866994,             0, 230.797088623, -17.8566608429, 232.899932861, -17.4232196808, 36.6640701294, -8.57742881775, -100.029533386, 23.8323993683, 4243.78369141, 2557.58105469, 4209.27832031, 2571.23901367,             0,             0,             0,             0,             0,             0,             0,             0,             0,             0,             0,             0,             0,             0,             0,             0,             0,             0,             0,             0,             0, -0.193383693695, -0.0413323417306,             0,             0,             0,             0,             0,             0,             0,             0,             0,             0,             0,             0,             0,             0, 0.265033662319,             0,             0,             0,             0,             0,             0,             0,             0,             0,             0,             0,             0,             0,             0, 0.265033751726, 0.130846098065, 0.210159137845, 0.300865828991, 0.118446610868, 98.1686706543, 97.8295898438, 98.2221832275, 97.8387298584, 199.589859009, 0.0210218559951, -0.076648466289, -1.96639323235,             0,             0,             0,             0,             0,             0,             0,             0,             0,             0, 202.907440186, 232.915771484, 206.241699219, 209.575958252, 212.910217285, 216.244476318, 219.578735352, 222.912994385, 226.247253418, 229.581512451,             1,             1,             1,             1,             1,             1,             1,             1,             1,             1, 120.033287048,           120, 0.525098025799,             0,  13.835518837, 1.54940843582, 199.579147339,   196.6693573, 199.599960327, 196.690490723, 199.589859009, 202.924118042, 232.932434082, 206.258377075, 209.592636108, 212.926895142, 216.261138916, 219.595397949, 222.929656982, 226.263916016, 229.598175049, 199.579162598, 196.669372559, 202.924118042, 232.932434082, 206.258377075, 209.592636108, 212.926895142, 216.261138916, 219.595397949, 222.929656982, 226.263916016, 229.598175049, 199.599975586, 196.690505981, 0.713187158108,             0,             0,             0,             0,             0,             0,             0,             0,             0,             0, 0.734303414822, 0.736806750298, 0.636754631996, 0.77454996109, 0.643480479717, 0.607515692711, -1.03071713448, -1.06780767441, -0.193398684263,             0,             0,             0,             0,             0,             0,             0,             0,             0,             0, 0.642753958702, 0.606325745583,             0,             0,             0,             0,             0,             0,             0,             0,             0,             0, -1.03238844872, -1.06847822666,             0, 5.55111512313e-17,             0,             0, -0.000205934164114,             0,             0,             0,             0,             0,             0,             0,             0,             0,             0, 0.318164169788, 0.324454605579,             0,             0,             0,             0,             0,             0,             0,             0,             0,             0, 0.318289339542, 0.324405133724
        6.025, -0.00739467330277, 0.0260085780174, 0.0900528803468, -0.0119637958705, -0.443832963705, 2524.80249023, -0.00815645605326,             0, 230.560897827, -17.939453125, 232.962600708, -17.4012413025, 16.6749324799, -20.7405128479, -118.771064758, 11.7356071472, 4254.78662109, 2568.03735352, 4198.31982422, 2560.76196289,             0,             0,             0,             0,             0,             0,             0,             0,             0,             0,             0,             0,             0,             0,             0,             0,             0,             0,             0,             0,             0, -0.183079183102, -0.0418985672295,             0,             0,             0,             0,             0,             0,             0,             0,             0,             0,             0,             0,             0,             0, 0.237805023789,             0,             0,             0,             0,             0,             0,             0,             0,             0,             0,             0,             0,             0,             0, 0.237805098295, 0.108469597995, 0.191887065768, 0.278830647469, 0.100385889411,  98.577796936, 98.2377548218,  98.631187439, 98.2467422485, 200.423355103, 0.01236082986, -0.0852526202798, -2.11956310272,             0,             0,             0,             0,             0,             0,             0,             0,             0,             0, 203.740921021, 233.749008179, 207.075149536, 210.409393311, 213.743621826, 217.077850342, 220.412078857, 223.746322632, 227.080551147, 230.414779663,             1,             1,             1,             1,             1,             1,             1,             1,             1,             1, 120.032356262,           120, 0.525027215481,             0, 13.8351984024, 1.54940247536, 200.412811279,  197.50302124, 200.433288574,  197.52381897, 200.423355103, 203.757598877, 233.765670776, 207.091827393, 210.426055908, 213.760284424, 217.094512939, 220.428756714, 223.762985229, 227.097213745, 230.431442261, 200.412826538, 197.503036499, 203.757598877, 233.765670776, 207.091827393, 210.426055908, 213.760284424, 217.094512939, 220.428756714, 223.762985229, 227.097213745, 230.431442261, 200.433303833,  197.52381897, 0.702853024006,             0,             0,             0,             0,             0,             0,             0,             0,             0,             0, 0.715293169022, 0.722442388535, 0.61780333519, 0.760308802128, 0.653810322285, 0.618395805359, -1.02039194107, -1.05693352222, -0.183092966676,             0,             0,             0,             0,             0,             0,             0,             0,             0,             0, 0.653208136559, 0.617309391499,             0,             0,             0,             0,             0,             0,             0,             0,             0,             0, -1.02194094658, -1.05750191212, 5.55111512313e-17,             0, 5.55111512313e-17,             0, -0.00017837449559,             0,             0,             0,             0,             0,             0,             0,             0,             0,             0, 0.318123370409, 0.324415951967,             0,             0,             0,             0,             0,             0,             0,             0,             0,             0, 0.318330854177, 0.324444413185
         6.05, 0.00672129448503, 0.0410030856729, 0.104199424386, 0.00298303319141, -0.501035630703, 2524.81494141, -0.0124656846747,             0, 230.379211426, -18.0012531281,  233.07421875, -17.3273658752, -2.20688486099, -32.3583068848, -136.153533936, -0.0201178900898, 4265.11425781, 2577.90576172, 4188.02246094,  2550.8425293,             0,             0,             0,             0,             0,             0,             0,             0,             0,             0,             0,             0,             0,             0,             0,             0,             0,             0,             0,             0,             0, -0.172843381763, -0.0424355603755,             0,             0,             0,             0,             0,             0,             0,             0,             0,             0,             0,             0,             0,             0, 0.211548358202,             0,             0,             0,             0,             0,             0,             0,             0,             0,             0,             0,             0,             0,             0, 0.211548417807, 0.0868611931801, 0.174274936318, 0.257602363825, 0.0830021649599, 98.9869308472, 98.6459350586, 99.0401763916, 98.6547470093, 201.256851196, 0.00444396818057, -0.0931693091989, -2.25745797157,             0,             0,             0,             0,             0,             0,             0,             0,             0,             0, 204.574386597, 234.582244873, 207.908599854,  211.24281311, 214.577011108, 217.911224365, 221.245422363,  224.57963562, 227.913833618, 231.248046875,             1,             1,             1,             1,             1,             1,             1,             1,             1,             1, 120.031402588,           120, 0.525013387203,             0, 13.8348722458, 1.54939627647, 201.246490479, 198.336685181, 201.266601562, 198.357116699, 201.256851196, 204.591064453, 234.598907471, 207.925262451, 211.259475708, 214.593673706, 217.927886963, 221.262084961, 224.596298218, 227.930496216, 231.264709473, 201.246505737, 198.336700439, 204.591064453, 234.598907471, 207.925262451, 211.259475708, 214.593673706, 217.927886963, 221.262084961, 224.596298218, 227.930496216, 231.264709473, 201.266616821, 198.357116699, 0.691029429436,             0,             0,             0,             0,             0,             0,             0,             0,             0,             0, 0.695537686348, 0.706740677357, 0.598049938679, 0.744694173336, 0.664070665836, 0.629281282425, -1.01013612747, -1.04605400562, -0.172855958343,             0,             0,             0,             0,             0,             0,             0,             0,             0,             0, 0.66358846426, 0.628294706345,             0,             0,             0,             0,             0,             0,             0,             0,             0,             0, -1.01156747341, -1.04652392864,             0, -5.55111512313e-17,             0,             0, -0.00015115259157,             0,             0,             0,             0,             0,             0,             0,             0,             0,             0, 0.31808501482, 0.324379444122,             0,             0,             0,             0,             0,             0,             0,             0,             0,             0, 0.318369835615, 0.324481576681
        6.075, 0.019980546087, 0.0551521778107, 0.117538928986, 0.0171156320721, -0.55293661356, 2524.85131836, -0.0165105722845,             0, 230.254776001, -18.0439929962, 233.227310181, -17.1924877167, -19.9158744812, -43.4359931946, -152.287353516, -11.0822687149, 4274.78662109, 2587.22729492, 4178.34716797, 2541.44262695,             0,             0,             0,             0,             0,             0,             0,             0,             0,             0,             0,             0,             0,             0,             0,             0,             0,             0,             0,             0,             0, -0.162700325251, -0.042945984751,             0,             0,             0,             0,             0,             0,             0,             0,             0,             0,             0,             0,             0,             0, 0.186268121004,             0,             0,             0,             0,             0,             0,             0,             0,             0,             0,             0,             0,             0,             0, 0.186268165708, 0.0660306811333, 0.157323017716, 0.237186908722, 0.0663019791245, 99.3960647583, 99.0541229248, 99.4491653442, 99.0627365112,  202.09034729, -0.00284529663622, -0.100509941578, -2.38144350052,             0,             0,             0,             0,             0,             0,             0,             0,             0,             0, 205.407852173, 235.415466309, 208.742034912, 212.076217651, 215.410400391,  218.74458313,  222.07875061,  225.41293335, 228.747116089, 232.081298828,             1,             1,             1,             1,             1,             1,             1,             1,             1,             1, 120.030448914,           120, 0.525048017502,             0, 13.8345451355,  1.5493901968, 202.080184937,  199.17036438, 202.099884033, 199.190383911,  202.09034729, 205.424530029, 235.432144165, 208.758712769, 212.092880249, 215.427062988, 218.761245728, 222.095428467, 225.429595947, 228.763778687, 232.097961426, 202.080184937, 199.170379639, 205.424530029, 235.432144165, 208.758712769, 212.092880249, 215.427062988, 218.761245728, 222.095428467, 225.429595947, 228.763778687, 232.097961426, 202.099899292,  199.19039917, 0.677842020988,             0,             0,             0,             0,             0,             0,             0,             0,             0,             0, 0.675046265125, 0.689827978611, 0.577509045601, 0.727835595608,  0.6742374897, 0.640141665936, -0.99997395277, -1.03519940376, -0.162711709738,             0,             0,             0,             0,             0,             0,             0,             0,             0,             0, 0.67387098074, 0.639251172543,             0,             0,             0,             0,             0,             0,             0,             0,             0,             0, -1.00129199028, -1.03557491302,             0,             0,             0,             0, -0.000124250800582,             0,             0,             0,             0,             0,             0,             0,             0,             0,             0, 0.318049103022, 0.324344933033,             0,             0,             0,             0,             0,             0,             0,             0,             0,             0, 0.318406432867, 0.324516803026
          6.1, 0.0322173498571, 0.0684741809964, 0.129900887609, 0.0304511133581, -0.599893569946, 2524.90698242, -0.0202734470367,             0, 230.184677124, -18.0813751221, 233.418060303, -17.1908969879, -36.4128723145, -53.9484672546, -167.258285522, -21.1858177185, 4283.81445312,  2596.0234375, 4169.27050781, 2532.61206055,             0,             0,             0,             0,             0,             0,             0,             0,             0,             0,             0,             0,             0,             0,             0,             0,             0,             0,             0,             0,             0, -0.152672320604, -0.0434332080185,             0,             0,             0,             0,             0,             0,             0,             0,             0,             0,             0,             0,             0,             0, 0.161970123649,             0,             0,             0,             0,             0,             0,             0,             0,             0,             0,             0,             0,             0,             0, 0.161970168352, 0.0459756739438, 0.141036421061, 0.217578008771, 0.0502993911505, 99.8051986694,  99.462310791, 99.8581390381, 99.4707183838, 202.923843384, -0.00935602653772, -0.10711889714, -2.4918987751,             0,             0,             0,             0,             0,             0,             0,             0,             0,             0, 206.241317749, 236.248687744, 209.575469971, 212.909622192, 216.243774414, 219.577926636, 222.912078857, 226.246231079, 229.580383301, 232.914535522,             1,             1,             1,             1,             1,             1,             1,             1,             1,             1,  120.02948761,           120, 0.525124311447,             0, 13.8342180252, 1.54938411713, 202.913894653, 200.004058838, 202.933151245, 200.023635864, 202.923843384, 206.257980347, 236.265350342, 209.592132568,  212.92628479, 216.260437012, 219.594589233, 222.928741455, 226.262893677, 229.597045898,  232.93119812, 202.913894653, 200.004074097, 206.257980347, 236.265350342, 209.592132568,  212.92628479, 216.260437012, 219.594589233, 222.928741455, 226.262893677, 229.597045898,  232.93119812, 202.933166504, 200.023635864, 0.663420081139,             0,             0,             0,             0,             0,             0,             0,             0,             0,             0, 0.654098927975, 0.671832799911, 0.556465387344, 0.709863185883, 0.684288442135, 0.650948107243, -0.989927649498, -1.02439880371, -0.152682557702,             0,             0,             0,             0,             0,             0,             0,             0,             0,             0, 0.684033274651, 0.650149822235,             0,             0,             0,             0,             0,             0,             0,             0,             0,             0, -0.991136848927, -1.02468371391, -5.55111512313e-17, 5.55111512313e-17,             0,             0, -9.76567462203e-05,             0,             0,             0,             0,             0,             0,             0,             0,             0,             0, 0.318015515804, 0.324312359095,             0,             0,             0,             0,             0,             0,             0,             0,             0,             0, 0.31844073534, 0.324549823999
        6.125, 0.0436614900827, 0.0809145569801, 0.141510114074, 0.0429870150983, -0.642048537731, 2524.97998047, -0.023773919791,             0, 230.168457031, -18.1147956848, 233.637893677, -17.1723079681, -51.6755142212, -63.8490447998, -181.118179321, -30.6176528931,   4292.171875, 2604.26416016, 4160.82421875, 2524.38452148,             0,             0,             0,             0,             0,             0,             0,             0,             0,             0,             0,             0,             0,             0,             0,             0,             0,             0,             0,             0,             0, -0.142780065536, -0.043899115175,             0,             0,             0,             0,             0,             0,             0,             0,             0,             0,             0,             0,             0,             0, 0.138669595122,             0,             0,             0,             0,             0,             0,             0,             0,             0,             0,             0,             0,             0,             0, 0.138669639826, 0.0267236921936, 0.125430598855, 0.198799788952, 0.0349965915084,  100.21434021, 99.8705062866, 100.267112732, 99.8786773682, 203.757324219, -0.0153270978481, -0.113230146468, -2.58938670158,             0,             0,             0,             0,             0,             0,             0,             0,             0,             0, 207.074768066,  237.08190918, 210.408905029, 213.743026733, 217.077148438, 220.411270142, 223.745407104, 227.079528809, 230.413650513, 233.747787476,             1,             1,             1,             1,             1,             1,             1,             1,             1,             1, 120.028533936,           120, 0.525238931179,             0, 13.8338909149, 1.54937803745,  203.74760437, 200.837768555, 203.766387939, 200.856872559, 203.757324219, 207.091445923, 237.098571777, 210.425567627, 213.759689331, 217.093811035, 220.427947998, 223.762069702, 227.096191406,  230.43031311, 233.764450073,  203.74760437, 200.837783813, 207.091445923, 237.098571777, 210.425567627, 213.759689331, 217.093811035, 220.427947998, 223.762069702, 227.096191406,  230.43031311, 233.764450073, 203.766403198, 200.856872559, 0.64788454771,             0,             0,             0,             0,             0,             0,             0,             0,             0,             0, 0.632577955723, 0.652933180332, 0.534806072712, 0.690900743008, 0.694202721119, 0.661673665047, -0.980017781258, -1.01367878914, -0.142789199948,             0,             0,             0,             0,             0,             0,             0,             0,             0,             0, 0.694054424763, 0.660963773727,             0,             0,             0,             0,             0,             0,             0,             0,             0,             0, -0.981122791767, -1.01387703419, 5.55111512313e-17,             0,             0, -5.55111512313e-17, -7.13923509466e-05,             0,             0,             0,             0,             0,             0,             0,             0,             0,             0, 0.31798440218, 0.324281811714,             0,             0,             0,             0,             0,             0,             0,             0,             0,             0, 0.318472623825, 0.324580579996
         6.15, 0.0541389994323, 0.0925720408559, 0.152188166976, 0.0547042489052, -0.679383158684, 2525.06762695, -0.0270202122629,             0, 230.203079224, -18.1444816589, 233.879379272, -17.1490631104, -65.7095336914, -73.1833648682, -193.905212402, -39.4035224915, 4299.85742188, 2611.92700195, 4153.02783203, 2516.74829102,             0,             0,             0,             0,             0,             0,             0,             0,             0,             0,             0,             0,             0,             0,             0,             0,             0,             0,             0,             0,             0, -0.133042663336, -0.0443439632654,             0,             0,             0,             0,             0,             0,             0,             0,             0,             0,             0,             0,             0,             0, 0.116380393505,             0,             0,             0,             0,             0,             0,             0,             0,             0,             0,             0,             0,             0,             0, 0.116380423307, 0.00827971845865, 0.110515587032, 0.180853381753, 0.0203996188939,  100.62348938, 100.278701782, 100.676086426, 100.286636353, 204.590789795, -0.0205987654626, -0.118679627776, -2.67469096184,             0,             0,             0,             0,             0,             0,             0,             0,             0,             0, 207.908218384, 237.915115356, 211.242324829, 214.576416016, 217.910522461, 221.244613647, 224.578720093, 227.912826538, 231.246917725,  234.58102417,             1,             1,             1,             1,             1,             1,             1,             1,             1,             1, 120.027580261,           120, 0.525386929512,             0, 13.8335666656, 1.54937195778, 204.581329346, 201.671478271, 204.599609375, 201.690078735, 204.590789795,  207.92489624, 237.931777954, 211.258987427, 214.593093872, 217.927185059, 221.261291504,  224.59538269, 227.929489136, 231.263580322, 234.597686768, 204.581329346,  201.67149353,  207.92489624, 237.931777954, 211.258987427, 214.593093872, 217.927185059, 221.261291504,  224.59538269, 227.929489136, 231.263580322, 234.597686768, 204.599624634, 201.690078735, 0.631355524063,             0,             0,             0,             0,             0,             0,             0,             0,             0,             0, 0.610763192177, 0.633134126663, 0.512815356255, 0.671072006226, 0.703961312771, 0.672293066978, -0.970263659954, -1.00306487083, -0.133050739765,             0,             0,             0,             0,             0,             0,             0,             0,             0,             0, 0.70391535759, 0.671667695045,             0,             0,             0,             0,             0,             0,             0,             0,             0,             0, -0.971268951893, -1.00318038464,             0, -5.55111512313e-17,             0,             0, -4.5507982577e-05,             0,             0,             0,             0,             0,             0,             0,             0,             0,             0, 0.317955762148, 0.324253410101,             0,             0,             0,             0,             0,             0,             0,             0,             0,             0, 0.318502038717, 0.324609130621
        6.175, 0.0638393014669, 0.103372074664, 0.162119492888, 0.0655834898353, -0.711922168732, 2525.16601562, -0.030014410615,             0, 230.281234741, -18.1713104248, 234.136123657, -17.127117157, -78.5561141968, -81.8996505737, -205.665878296, -47.5348320007, 4306.88818359, 2619.01904297, 4145.88037109, 2509.67895508,             0,             0,             0,             0,             0,             0,             0,             0,             0,             0,             0,             0,             0,             0,             0,             0,             0,             0,             0,             0,             0, -0.123477689922, -0.0447674393654,             0,             0,             0,             0,             0,             0,             0,             0,             0,             0,             0,             0,             0,             0, 0.0951092243195,             0,             0,             0,             0,             0,             0,             0,             0,             0,             0,             0,             0,             0,             0, 0.0951092541218, -0.00933880265802, 0.0962963402271, 0.163752406836, 0.00651040999219,  101.03263855, 100.686904907, 101.085044861, 100.694580078,  205.42427063, -0.0253795087337, -0.123671032488, -2.74859166145,             0,             0,             0,             0,             0,             0,             0,             0,             0,             0, 208.741668701, 238.748321533, 212.075744629, 215.409820557, 218.743881226, 222.077957153, 225.412033081, 228.746109009, 232.080184937, 235.414260864,             1,             1,             1,             1,             1,             1,             1,             1,             1,             1, 120.026641846,           120, 0.525562822819,             0, 13.8332452774, 1.54936599731, 205.415054321, 202.505203247, 205.432815552, 202.523269653,  205.42427063, 208.758331299,  238.76499939, 212.092407227, 215.426483154, 218.760559082,  222.09463501, 225.428695679, 228.762771606, 232.096847534, 235.430923462, 205.415054321, 202.505218506, 208.758331299,  238.76499939, 212.092407227, 215.426483154, 218.760559082,  222.09463501, 225.428695679, 228.762771606, 232.096847534, 235.430923462, 205.432830811, 202.523269653, 0.613953530788,             0,             0,             0,             0,             0,             0,             0,             0,             0,             0, 0.58856678009, 0.612614154816, 0.490410000086, 0.650500416756, 0.713546514511, 0.682782649994, -0.960682749748, -0.992580533028, -0.123484782875,             0,             0,             0,             0,             0,             0,             0,             0,             0,             0, 0.713598310947, 0.682237744331,             0,             0,             0,             0,             0,             0,             0,             0,             0,             0, -0.961593031883, -0.992617368698, 5.55111512313e-17,             0,             0,             0, -2.00657705136e-05,             0,             0,             0,             0,             0,             0,             0,             0,             0,             0, 0.317929506302, 0.32422709465,             0,             0,             0,             0,             0,             0,             0,             0,             0,             0, 0.318529009819, 0.324635535479
          6.2, 0.0726067721844, 0.113309063017, 0.17114391923, 0.0755593702197, -0.739836275578, 2525.27246094, -0.0327586494386,             0, 230.395751953, -18.1960220337, 234.402053833, -17.107585907, -90.2548294067, -89.9729995728, -216.431442261, -54.9964981079, 4313.29785156, 2625.55859375, 4139.35791016, 2503.15551758,             0,             0,             0,             0,             0,             0,             0,             0,             0,             0,             0,             0,             0,             0,             0,             0,             0,             0,             0,             0,             0, -0.114101327956, -0.0451696366072,             0,             0,             0,             0,             0,             0,             0,             0,             0,             0,             0,             0,             0,             0, 0.074856325984,             0,             0,             0,             0,             0,             0,             0,             0,             0,             0,             0,             0,             0,             0, 0.0748563483357, -0.0261382590979, 0.0827724635601, 0.147486165166, -0.00667320983484,  101.44178772, 101.095108032, 101.494003296, 101.102516174, 206.257736206, -0.0295350719243, -0.128065645695, -2.81172251701,             0,             0,             0,             0,             0,             0,             0,             0,             0,             0,  209.57510376, 239.581542969,  212.90914917, 216.243209839, 219.577255249, 222.911300659, 226.245346069, 229.579391479,  232.91343689,   236.2474823,             1,             1,             1,             1,             1,             1,             1,             1,             1,             1,  120.02571106,           120, 0.525761127472,             0, 13.8329286575, 1.54936003685, 206.248794556, 203.338928223,  206.26600647, 203.356445312, 206.257736206, 209.591781616, 239.598205566, 212.925827026, 216.259872437, 219.593917847, 222.927963257, 226.262008667, 229.596054077, 232.930114746, 236.264160156, 206.248794556, 203.338943481, 209.591781616, 239.598205566, 212.925827026, 216.259872437, 219.593917847, 222.927963257, 226.262008667, 229.596054077, 232.930114746, 236.264160156, 206.266021729, 203.356445312, 0.595796465874,             0,             0,             0,             0,             0,             0,             0,             0,             0,             0, 0.566240847111, 0.591490805149, 0.467846751213, 0.629363238811, 0.722942113876, 0.693120181561, -0.951291203499, -0.982248008251, -0.114107497036,             0,             0,             0,             0,             0,             0,             0,             0,             0,             0, 0.723087131977, 0.692651867867,             0,             0,             0,             0,             0,             0,             0,             0,             0,             0, -0.952111184597, -0.982210218906,             0, -5.55111512313e-17,             0,             0, 4.87638089908e-06,             0,             0,             0,             0,             0,             0,             0,             0,             0,             0, 0.317905575037, 0.324202805758,             0,             0,             0,             0,             0,             0,             0,             0,             0,             0, 0.318553566933, 0.324659854174
        6.225, 0.0806065425277, 0.122390925884, 0.179421901703, 0.0847521871328, -0.763345599174,  2525.3840332, -0.0352508611977,             0,  230.53968811, -18.2187252045, 234.672683716, -17.090669632, -100.797424316, -97.3954849243, -226.185134888, -61.7915229797, 4319.10595703, 2631.56396484, 4133.44238281, 2497.16918945,             0,             0,             0,             0,             0,             0,             0,             0,             0,             0,             0,             0,             0,             0,             0,             0,             0,             0,             0,             0,             0, -0.104928314686, -0.0455513112247,             0,             0,             0,             0,             0,             0,             0,             0,             0,             0,             0,             0,             0,             0, 0.0556191317737,             0,             0,             0,             0,             0,             0,             0,             0,             0,             0,             0,             0,             0,             0, 0.0556191504002, -0.0421106889844, 0.0699419751763, 0.132058635354, -0.019154669717, 101.850944519, 101.503311157, 101.902961731, 101.510444641, 207.091186523, -0.0332434102893, -0.132036760449, -2.86466169357,             0,             0,             0,             0,             0,             0,             0,             0,             0,             0, 210.408538818, 240.414749146,  213.74256897, 217.076583862, 220.410614014, 223.744628906, 227.078659058,  230.41267395, 233.746704102, 237.080718994,             1,             1,             1,             1,             1,             1,             1,             1,             1,             1, 120.024803162,           120, 0.525976777077,             0, 13.8326187134,  1.5493543148,  207.08253479, 204.172668457, 207.099182129, 204.189620972, 207.091186523, 210.425216675, 240.431411743, 213.759231567, 217.093261719, 220.427276611, 223.761306763, 227.095321655, 230.429351807, 233.763366699, 237.097381592,  207.08253479, 204.172668457, 210.425216675, 240.431411743, 213.759231567, 217.093261719, 220.427276611, 223.761306763, 227.095321655, 230.429351807, 233.763366699, 237.097381592, 207.099197388, 204.189605713, 0.576997280121,             0,             0,             0,             0,             0,             0,             0,             0,             0,             0, 0.543720424175, 0.569875895977, 0.445065230131, 0.607659757137, 0.732133448124, 0.703285157681, -0.942103803158, -0.972087860107, -0.1049336344,             0,             0,             0,             0,             0,             0,             0,             0,             0,             0, 0.732367038727, 0.702889442444,             0,             0,             0,             0,             0,             0,             0,             0,             0,             0, -0.942838013172, -0.971979320049, -5.55111512313e-17,             0,             0,             0, 2.92717995762e-05,             0,             0,             0,             0,             0,             0,             0,             0,             0,             0, 0.317883849144, 0.324180483818,             0,             0,             0,             0,             0,             0,             0,             0,             0,             0, 0.31857585907, 0.324682176113
         6.25, 0.0877528116107, 0.130624562502,  0.1868634969, 0.0931083709002, -0.782635629177,  2525.4987793, -0.0375014655292,             0, 230.707260132, -18.2391891479, 234.942672729,   -17.0768013, -110.235946655, -104.164245605, -234.967391968, -67.9752960205, 4324.32373047, 2637.04321289, 4128.12060547, 2491.71606445,             0,             0,             0,             0,             0,             0,             0,             0,             0,             0,             0,             0,             0,             0,             0,             0,             0,             0,             0,             0,             0, -0.0959719493985, -0.0459136292338,             0,             0,             0,             0,             0,             0,             0,             0,             0,             0,             0,             0,             0,             0, 0.0373954437673,             0,             0,             0,             0,             0,             0,             0,             0,             0,             0,             0,             0,             0,             0, 0.0373954549432, -0.0572607219219, 0.0578042678535, 0.117461204529, -0.0309389680624, 102.260108948, 101.911514282, 102.311912537, 101.918365479,   207.9246521, -0.0364295877516, -0.135505244136, -2.90801978111,             0,             0,             0,             0,             0,             0,             0,             0,             0,             0, 211.241973877, 241.247955322, 214.575973511, 217.909973145, 221.243972778, 224.577972412, 227.911972046,  231.24597168, 234.579956055, 237.913955688,             1,             1,             1,             1,             1,             1,             1,             1,             1,             1, 120.023910522,           120, 0.526205301285,             0, 13.8323144913, 1.54934859276, 207.916275024, 205.006408691, 207.932357788, 205.022766113,   207.9246521, 211.258651733,  241.26461792, 214.592651367, 217.926635742, 221.260635376,  224.59463501, 227.928634644, 231.262634277, 234.596633911, 237.930618286, 207.916275024, 205.006408691, 211.258651733,  241.26461792, 214.592651367, 217.926635742, 221.260635376,  224.59463501, 227.928634644, 231.262634277, 234.596633911, 237.930618286, 207.932357788, 205.022766113, 0.557663619518,             0,             0,             0,             0,             0,             0,             0,             0,             0,             0, 0.521188139915, 0.547875761986, 0.422252297401, 0.585556268692, 0.741107165813, 0.713258862495, -0.933133780956, -0.962118804455, -0.0959765017033,             0,             0,             0,             0,             0,             0,             0,             0,             0,             0, 0.741424798965, 0.71293181181,             0,             0,             0,             0,             0,             0,             0,             0,             0,             0, -0.933786928654, -0.96194344759, -5.55111512313e-17,             0,             0,             0, 5.30846118636e-05,             0,             0,             0,             0,             0,             0,             0,             0,             0,             0, 0.31786429882, 0.324160128832,             0,             0,             0,             0,             0,             0,             0,             0,             0,             0, 0.31859588623, 0.324702501297
        6.275, 0.0941155031323, 0.138022825122, 0.193534716964, 0.100638270378, -0.797950983047, 2525.61499023, -0.0395161956549,             0, 230.893051147, -18.2577838898,  235.20916748, -17.0654659271, -118.62097168, -110.279548645, -242.819107056, -73.534828186, 4328.96044922, 2642.00390625, 4123.38232422, 2486.79077148,             0,             0,             0,             0,             0,             0,             0,             0,             0,             0,             0,             0,             0,             0,             0,             0,             0,             0,             0,             0,             0, -0.0872441679239, -0.0462578348815,             0,             0,             0,             0,             0,             0,             0,             0,             0,             0,             0,             0,             0,             0, 0.0201817676425,             0,             0,             0,             0,             0,             0,             0,             0,             0,             0,             0,             0,             0,             0, 0.0201817750931, -0.0715860202909, 0.0463578887284, 0.103692702949, -0.0420297831297, 102.669265747, 102.319717407, 102.720863342, 102.326278687, 208.758102417, -0.0391740202904, -0.13854752481, -2.94233322144,             0,             0,             0,             0,             0,             0,             0,             0,             0,             0, 212.075408936, 242.081176758, 215.409378052, 218.743362427, 222.077331543, 225.411300659, 228.745269775,  232.07925415, 235.413223267, 238.747192383,             1,             1,             1,             1,             1,             1,             1,             1,             1,             1, 120.023040771,           120, 0.526442825794,             0, 13.8320169449, 1.54934298992, 208.750015259, 205.840148926, 208.765518188, 205.855911255, 208.758102417, 212.092071533, 242.097839355, 215.426055908, 218.760025024, 222.093994141, 225.427963257, 228.761947632, 232.095916748, 235.429885864,  238.76385498, 208.750015259, 205.840148926, 212.092071533, 242.097839355, 215.426055908, 218.760025024, 222.093994141, 225.427963257, 228.761947632, 232.095916748, 235.429885864,  238.76385498, 208.765518188, 205.855911255, 0.537898123264,             0,             0,             0,             0,             0,             0,             0,             0,             0,             0, 0.498666316271, 0.525591313839, 0.399434179068, 0.563156306744, 0.749851286411, 0.723024070263, -0.924393117428, -0.952357888222, -0.0872480198741,             0,             0,             0,             0,             0,             0,             0,             0,             0,             0, 0.750248432159, 0.722761809826,             0,             0,             0,             0,             0,             0,             0,             0,             0,             0, -0.924969732761, -0.952119708061,             0,             0,             0,             0, 7.6285970863e-05,             0,             0,             0,             0,             0,             0,             0,             0,             0,             0, 0.317846924067, 0.324141681194,             0,             0,             0,             0,             0,             0,             0,             0,             0,             0, 0.318613737822, 0.324720829725
          6.3, 0.0996177643538, 0.144604757428, 0.199355110526, 0.107358545065, -0.809593319893, 2525.73168945, -0.0413012579083,             0, 231.093276978, -18.2746582031, 235.469680786, -17.0563755035, -125.988929749, -115.74797821, -249.768356323, -78.4855651855, 4333.03173828, 2646.45556641, 4119.21191406, 2482.38378906,             0,             0,             0,             0,             0,             0,             0,             0,             0,             0,             0,             0,             0,             0,             0,             0,             0,             0,             0,             0,             0, -0.0787556022406, -0.0465850494802,             0,             0,             0,             0,             0,             0,             0,             0,             0,             0,             0,             0,             0,             0, 0.00397245306522,             0,             0,             0,             0,             0,             0,             0,             0,             0,             0,             0,             0,             0,             0, 0.00397245399654, -0.085094101727, 0.035599488765, 0.0907422974706, -0.0524332262576, 103.078430176, 102.727920532, 103.129814148, 102.734191895, 209.591552734, -0.0414089635015, -0.141092151403, -2.96804356575,             0,             0,             0,             0,             0,             0,             0,             0,             0,             0, 212.908828735, 242.914382935, 216.242782593,  219.57673645, 222.910690308, 226.244628906, 229.578582764, 232.912536621, 236.246490479, 239.580429077,             1,             1,             1,             1,             1,             1,             1,             1,             1,             1, 120.022193909,           120, 0.52668607235,             0, 13.8317270279,  1.5493376255, 209.583770752,  206.67388916,  209.59866333, 206.689041138, 209.591552734, 212.925506592, 242.931045532, 216.259460449, 219.593399048, 222.927352905, 226.261306763, 229.595245361, 232.929199219, 236.263153076, 239.597106934, 209.583770752,  206.67388916, 212.925506592, 242.931045532, 216.259460449, 219.593399048, 222.927352905, 226.261306763, 229.595245361, 232.929199219, 236.263153076, 239.597106934,  209.59866333, 206.689041138, 0.517796397209,             0,             0,             0,             0,             0,             0,             0,             0,             0,             0, 0.476318210363, 0.503116369247, 0.376777946949, 0.540556311607, 0.758355259895, 0.732565283775, -0.915892481804, -0.942820727825, -0.0787588208914,             0,             0,             0,             0,             0,             0,             0,             0,             0,             0, 0.758827269077, 0.732363939285,             0,             0,             0,             0,             0,             0,             0,             0,             0,             0, -0.916397094727, -0.942523539066, 5.55111512313e-17,             0,             0,             0, 9.8851385701e-05,             0,             0,             0,             0,             0,             0,             0,             0,             0,             0, 0.317831605673, 0.324125111103,             0,             0,             0,             0,             0,             0,             0,             0,             0,             0, 0.318629413843, 0.324737250805
