PARSFILE
#FullDataName Path: X-Y Coordinates`Short, Twisty Road`
#RingCtrl0 1
DEFINE_PATHS 1
IPATH = NPATH
PATH_ID IPATH
DEFINE_XY_TABLES 1
ITAB_XY = NTAB_XY
XY_TABLE_ID = ITAB_XY
SET_DESCRIPTION PATH_ID Short, Twisty Road
SET_DESCRIPTION XY_TABLE_ID Short, Twisty Road
IPATHSEG = 1
PATH_ID_DM = PATH_ID
SEGMENT_TYPE = 1
XY_SEGMENT_ID = XY_TABLE_ID

#CheckBox0 0    
OPT_PATH_LOOP 0

#RadioCtrl0 0    

SPATH_START -50
#DiagramOne0
SEGMENT_XY_TABLE
0.0000, 0.0000, -50.000
-0.3831, 0.8488, -49.069
-0.7662, 1.6975, -48.138
-1.1493, 2.5463, -47.206
-1.9154, 3.3951, -46.063
-2.2985, 4.4561, -44.935
-2.6816, 5.3049, -44.004
-3.4478, 5.9414, -43.008
-3.8308, 6.7902, -42.076
-4.5970, 7.6390, -40.933
-4.9801, 8.4878, -40.002
-5.3632, 9.3365, -39.070
-6.1293, 10.1853, -37.927
-6.5124, 11.0341, -36.996
-7.2786, 11.8829, -35.852
-7.6617, 12.7317, -34.921
-8.4278, 13.5804, -33.778
-8.8109, 14.4292, -32.847
-9.1940, 15.2780, -31.915
-9.9602, 16.1268, -30.772
-10.3432, 16.9755, -29.841
-11.1094, 17.8243, -28.697
-11.4925, 18.6731, -27.766
-11.8756, 19.5219, -26.835
-12.6418, 20.3706, -25.691
-13.0248, 21.2194, -24.760
-13.4079, 22.0682, -23.829
-14.1741, 22.9170, -22.685
-14.5572, 23.7657, -21.754
-14.9402, 24.6145, -20.823
-15.7064, 25.4633, -19.680
-16.0895, 26.5243, -18.551
-16.4726, 27.3730, -17.620
-17.2387, 28.2218, -16.477
-17.6218, 29.0706, -15.546
-18.0049, 29.9194, -14.614
-18.7711, 30.7681, -13.471
-19.1542, 31.6169, -12.540
-19.5372, 32.4657, -11.609
-20.3034, 33.3145, -10.465
-20.6865, 34.1633, -9.534
-21.0696, 35.0120, -8.603
-21.4526, 36.0730, -7.475
-22.2188, 36.9218, -6.331
-22.6019, 37.7706, -5.400
-22.9850, 38.6193, -4.469
-23.3681, 39.4681, -3.538
-24.1342, 40.3169, -2.394
-24.5173, 41.1657, -1.463
-24.9004, 42.2266, -0.335
-25.6666, 43.0754, 0.809
-26.0496, 43.9242, 1.740
-26.4327, 44.7730, 2.671
-26.8158, 45.6217, 3.602
-27.5820, 46.4705, 4.746
-27.9651, 47.3193, 5.677
-28.3481, 48.1681, 6.608
-28.7312, 49.2290, 7.736
-29.4974, 50.0778, 8.879
-29.8805, 50.9266, 9.811
-30.2635, 51.7754, 10.742
-31.0297, 52.6242, 11.885
-31.4128, 53.4729, 12.817
-31.7959, 54.3217, 13.748
-32.1790, 55.3827, 14.876
-32.9451, 56.2315, 16.019
-33.3282, 57.0802, 16.950
-33.7113, 57.9290, 17.882
-34.0944, 58.7778, 18.813
-34.8605, 59.6266, 19.956
-35.2436, 60.4753, 20.888
-35.6267, 61.5363, 22.016
-36.0098, 62.3851, 22.947
-36.7759, 63.2339, 24.090
-37.1590, 64.0826, 25.021
-37.5421, 64.9314, 25.953
-38.3083, 65.7802, 27.096
-38.6913, 66.6290, 28.027
-39.0744, 67.6899, 29.155
-39.4575, 68.5387, 30.086
-40.2237, 69.3875, 31.230
-40.6067, 70.2363, 32.161
-40.9898, 71.0850, 33.092
-41.3729, 71.9338, 34.024
-42.1391, 72.7826, 35.167
-42.5222, 73.8436, 36.295
-42.9052, 74.6923, 37.226
-43.2883, 75.5411, 38.157
-43.6714, 76.3899, 39.089
-44.4376, 77.2387, 40.232
-44.8207, 78.0875, 41.163
-45.2037, 79.1484, 42.291
-45.5868, 79.9972, 43.223
-46.3530, 80.8460, 44.366
-46.7360, 81.6947, 45.297
-47.1191, 82.5435, 46.228
-47.5022, 83.3923, 47.160
-48.2684, 84.2411, 48.303
-48.6515, 85.3020, 49.431
-49.0345, 86.1508, 50.362
-49.8007, 86.9996, 51.506
-50.1838, 87.8484, 52.437
-50.5669, 88.6971, 53.368
-50.9499, 89.5459, 54.299
-51.3330, 90.6069, 55.427
-52.0992, 91.4557, 56.571
-52.4823, 92.3045, 57.502
-52.8653, 93.1532, 58.433
-53.2484, 94.0020, 59.365
-54.0146, 94.8508, 60.508
-54.3977, 95.9117, 61.636
-54.7807, 96.7605, 62.567
-55.1638, 97.6093, 63.498
-55.9300, 98.4581, 64.642
-56.3131, 99.3069, 65.573
-56.6962, 100.1556, 66.504
-57.0792, 101.2166, 67.632
-57.4623, 102.0654, 68.564
-58.2285, 102.9142, 69.707
-58.6116, 103.7629, 70.638
-58.9946, 104.6117, 71.569
-59.3777, 105.6727, 72.697
-60.1439, 106.5215, 73.841
-60.5270, 107.3702, 74.772
-60.9100, 108.2190, 75.703
-61.2931, 109.0678, 76.635
-62.0593, 109.9166, 77.778
-62.4424, 110.7653, 78.709
-62.8254, 111.6141, 79.640
-63.2085, 112.6751, 80.768
-63.9747, 113.5239, 81.912
-64.3578, 114.3726, 82.843
-64.7408, 115.2214, 83.774
-65.1239, 116.0702, 84.706
-65.8901, 116.9190, 85.849
-66.2732, 117.7678, 86.780
-66.6562, 118.8287, 87.908
-67.4224, 119.6775, 89.052
-67.8055, 120.5263, 89.983
-68.1886, 121.3751, 90.914
-68.5717, 122.2238, 91.845
-69.3378, 123.0726, 92.989
-69.7209, 123.9214, 93.920
-70.1040, 124.9823, 95.048
-70.4870, 125.8311, 95.979
-71.2532, 126.6799, 97.123
-71.6363, 127.5287, 98.054
-72.0194, 128.3775, 98.985
-72.7855, 129.2262, 100.128
-73.1686, 130.0750, 101.060
-73.5517, 130.9238, 101.991
-73.9348, 131.9848, 103.119
-74.7009, 132.8335, 104.262
-75.0840, 133.6823, 105.194
-75.4671, 134.5311, 106.125
-75.8502, 135.3799, 107.056
-76.6163, 136.2286, 108.199
-76.9994, 137.0774, 109.131
-77.3825, 137.9262, 110.062
-78.1486, 138.9872, 111.371
-78.5317, 139.8359, 112.302
-78.9148, 140.6847, 113.233
-79.2979, 141.5335, 114.164
-80.0640, 142.3823, 115.308
-80.4471, 143.2311, 116.239
-80.8302, 144.0798, 117.170
-81.2133, 145.1408, 118.298
-81.9794, 145.9896, 119.441
-82.3625, 146.8383, 120.373
-82.7456, 147.6871, 121.304
-83.5118, 148.5359, 122.447
-83.8948, 149.3847, 123.379
-84.2779, 150.2335, 124.310
-84.6610, 151.0822, 125.241
-85.4271, 152.1432, 126.550
-85.8102, 152.9920, 127.481
-86.1933, 153.8408, 128.412
-86.5764, 154.6895, 129.343
-87.3425, 155.5383, 130.487
-87.7256, 156.3871, 131.418
-88.1087, 157.2359, 132.349
-88.8749, 158.2968, 133.658
-89.2579, 159.1456, 134.589
-89.6410, 159.9944, 135.520
-90.0241, 160.8432, 136.452
-90.7903, 161.6919, 137.595
-91.1733, 162.5407, 138.526
-91.5564, 163.3895, 139.457
-91.9395, 164.2383, 140.389
-92.7057, 165.2992, 141.697
-93.0887, 166.1480, 142.629
-93.4718, 166.9968, 143.560
-94.2380, 167.8456, 144.703
-94.6210, 168.6943, 145.634
-95.0041, 169.5431, 146.566
-95.3872, 170.3919, 147.497
-96.1534, 171.2407, 148.640
-96.5364, 172.3016, 149.768
-96.9195, 173.1504, 150.699
-97.6857, 173.9992, 151.843
-98.0687, 174.8480, 152.774
-98.4518, 175.6968, 153.705
-98.8349, 176.5455, 154.637
-99.6011, 177.3943, 155.780
-99.9841, 178.2431, 156.711
-100.3672, 179.3040, 157.839
-100.7503, 180.1528, 158.770
-101.5165, 181.0016, 159.914
-101.8995, 181.8504, 160.845
-102.2826, 182.6992, 161.776
-103.0488, 183.5479, 162.920
-103.4318, 184.3967, 163.851
-103.8149, 185.2455, 164.782
-104.1980, 186.0943, 165.713
-104.9642, 187.1552, 167.022
-105.3472, 188.0040, 167.953
-105.7303, 188.8528, 168.885
-106.4965, 189.7016, 170.028
-106.8795, 190.5503, 170.959
-107.2626, 191.3991, 171.890
-107.6457, 192.2479, 172.822
-108.4119, 193.0967, 173.965
-108.7949, 194.1576, 175.093
-109.1780, 195.0064, 176.024
-109.5611, 195.8552, 176.956
-110.3273, 196.7040, 178.099
-110.7103, 197.5528, 179.030
-111.0934, 198.4015, 179.961
-111.8596, 199.2503, 181.105
-112.2426, 200.3113, 182.233
-112.6257, 201.1601, 183.164
-113.0088, 202.0088, 184.095
-113.7750, 202.8576, 185.239
-114.1580, 203.7064, 186.170
-114.5411, 204.5551, 187.101
-114.9242, 205.4039, 188.032
-115.6903, 206.2527, 189.176
-116.0734, 207.3137, 190.304
-116.4565, 208.1625, 191.235
-117.2227, 209.0112, 192.378
-117.6057, 209.8600, 193.310
-117.9888, 210.7088, 194.241
-118.3719, 211.5576, 195.172
-119.1380, 212.4063, 196.316
-119.5211, 213.2551, 197.247
-119.9042, 214.3161, 198.375
-120.6703, 215.1649, 199.518
-121.0534, 216.0136, 200.449
-121.4365, 216.8624, 201.381
-121.8196, 217.7112, 202.312
-122.5857, 218.5600, 203.455
-122.9688, 219.4087, 204.386
-123.3519, 220.4697, 205.514
-123.7350, 221.3185, 206.446
-124.5011, 222.1673, 207.589
-124.8842, 223.0160, 208.520
-125.2673, 223.8648, 209.452
-126.0334, 224.7136, 210.595
-126.4165, 225.5624, 211.526
-126.7996, 226.4111, 212.457
-127.1827, 227.4721, 213.585
-127.9488, 228.3209, 214.729
-128.3319, 229.1697, 215.660
-128.7150, 230.0185, 216.591
-129.4811, 230.8672, 217.735
-129.8642, 231.7160, 218.666
-130.2473, 232.5648, 219.597
-130.6303, 233.4136, 220.528
-131.3965, 234.2623, 221.672
-131.7796, 235.3233, 222.800
-132.1627, 236.1721, 223.731
-132.5457, 237.0209, 224.662
-133.3119, 237.8696, 225.806
-133.6950, 238.7184, 226.737
-134.0780, 239.5672, 227.668
-134.8442, 240.4160, 228.812
-135.2273, 241.4769, 229.940
-135.6104, 242.3257, 230.871
-135.9934, 243.1745, 231.802
-136.7596, 244.0233, 232.945
-137.1427, 244.8720, 233.877
-137.5257, 245.7208, 234.808
-138.2919, 246.5696, 235.951
-138.6750, 247.4184, 236.883
-139.0580, 248.4793, 238.010
-139.4411, 249.3281, 238.942
-140.2073, 250.1769, 240.085
-140.5903, 251.0257, 241.016
-140.9734, 251.8744, 241.948
-141.3565, 252.7232, 242.879
-142.1226, 253.5720, 244.022
-142.5057, 254.4208, 244.953
-142.8888, 255.4818, 246.082
-143.2719, 256.3305, 247.013
-144.0380, 257.1793, 248.156
-144.4211, 258.0281, 249.087
-144.8042, 258.8768, 250.018
-145.5703, 259.7256, 251.162
-145.9534, 260.5744, 252.093
-146.3365, 261.6354, 253.221
-146.7196, 262.4841, 254.152
-147.4857, 263.3329, 255.296
-147.8688, 264.1817, 256.227
-148.2519, 265.0305, 257.158
-148.6349, 265.8793, 258.089
-149.4011, 266.7280, 259.233
-149.7842, 267.5768, 260.164
-150.1672, 268.6378, 261.292
-150.9334, 269.4866, 262.436
-151.3165, 270.3353, 263.367
-151.6995, 271.1841, 264.298
-152.0826, 272.0329, 265.229
-152.8488, 272.8817, 266.373
-153.2319, 273.7304, 267.304
-153.6149, 274.5792, 268.235
-153.9980, 275.6402, 269.363
-154.7642, 276.4890, 270.507
-155.1472, 277.3377, 271.438
-155.5303, 278.1865, 272.369
-156.2964, 279.0353, 273.512
-156.6795, 279.8841, 274.444
-157.0626, 280.7328, 275.375
-157.4457, 281.5816, 276.306
-158.2118, 282.6426, 277.615
-158.5949, 283.4914, 278.546
-158.9780, 284.3401, 279.477
-159.3611, 285.1889, 280.408
-160.1272, 286.0377, 281.552
-160.5103, 286.8865, 282.483
-160.8934, 287.7353, 283.414
-161.6595, 288.7962, 284.723
-162.0426, 289.6450, 285.654
-162.4257, 290.4938, 286.585
-162.8087, 291.3426, 287.517
-163.5749, 292.1913, 288.660
-163.9580, 293.0401, 289.591
-164.3410, 293.8889, 290.522
-164.7241, 294.9499, 291.650
-165.4903, 295.7986, 292.794
-165.8733, 296.6474, 293.725
-166.2564, 297.4962, 294.656
-166.6395, 298.3450, 295.588
-167.4056, 299.1937, 296.731
-167.7887, 300.0425, 297.662
-168.1718, 300.8913, 298.593
-168.9379, 301.9523, 299.902
-169.3210, 302.8010, 300.833
-169.7041, 303.6498, 301.764
-170.0872, 304.4986, 302.696
-170.8533, 305.3474, 303.839
-171.2364, 306.1961, 304.770
-171.6195, 307.0449, 305.702
-172.0025, 308.1059, 306.830
-172.7687, 308.9547, 307.973
-173.1517, 309.8034, 308.904
-173.5348, 310.6522, 309.835
-174.3010, 311.5010, 310.979
-174.6841, 312.3498, 311.910
-175.0671, 313.1986, 312.841
-175.4502, 314.0473, 313.772
-176.2164, 315.1083, 315.081
-176.5994, 315.9571, 316.012
-176.9825, 316.8059, 316.944
-177.3656, 317.6546, 317.875
-178.1317, 318.5034, 319.018
-178.5148, 319.3522, 319.949
-178.8979, 320.2009, 320.881
-179.6640, 321.2619, 322.189
-180.0471, 322.1107, 323.121
-180.4302, 322.9595, 324.052
-180.8132, 323.8082, 324.983
-181.5794, 324.6570, 326.126
-181.9625, 325.5058, 327.058
-182.3455, 326.3546, 327.989
-182.7286, 327.2034, 328.920
-183.4948, 328.2643, 330.229
-183.8778, 329.1131, 331.160
-184.2609, 329.9619, 332.091
-185.0271, 330.8107, 333.235
-185.4101, 331.6594, 334.166
-185.7932, 332.5082, 335.097
-186.1763, 333.3570, 336.028
-186.9424, 334.2058, 337.172
-187.3255, 335.2667, 338.300
-187.7086, 336.1155, 339.231
-188.0916, 336.9643, 340.162
-188.8578, 337.8131, 341.306
-189.2409, 338.6618, 342.237
-189.6239, 339.5106, 343.168
-190.3901, 340.3594, 344.311
-190.7732, 341.2082, 345.243
-191.1562, 342.2691, 346.371
-191.5393, 343.1179, 347.302
-192.3055, 343.9667, 348.445
-192.6885, 344.8155, 349.377
-193.0716, 345.6642, 350.308
-193.8377, 346.5130, 351.451
-194.2208, 347.3618, 352.382
-194.6039, 348.2106, 353.314
-194.9870, 349.2715, 354.442
-195.7531, 350.1203, 355.585
-196.1362, 350.9691, 356.516
-196.5193, 351.8179, 357.447
-197.2854, 352.6667, 358.591
-197.6685, 353.5154, 359.522
-198.0516, 354.3642, 360.453
-198.4346, 355.2130, 361.384
-199.2008, 356.0618, 362.528
-199.5839, 357.1227, 363.656
-199.9669, 357.9715, 364.587
-200.7331, 358.8203, 365.731
-201.1162, 359.6691, 366.662
-201.4992, 360.5178, 367.593
-201.8823, 361.3666, 368.524
-202.6484, 362.2154, 369.668
-203.0315, 363.0642, 370.599
-203.4146, 364.1251, 371.727
-204.1807, 364.9739, 372.870
-204.5638, 365.8227, 373.801
-204.9469, 366.6715, 374.733
-205.3299, 367.5202, 375.664
-206.0961, 368.3690, 376.807
-206.4792, 369.2178, 377.739
-206.8622, 370.0666, 378.670
-207.2453, 371.1275, 379.798
-208.0115, 371.9763, 380.941
-208.3945, 372.8251, 381.872
-208.7776, 373.6739, 382.804
-209.5437, 374.5226, 383.947
-209.9268, 375.3714, 384.878
-210.3099, 376.2202, 385.809
-210.6930, 377.0690, 386.741
-211.4591, 378.1300, 388.049
-211.8422, 378.9787, 388.981
-212.2253, 379.8275, 389.912
-212.9914, 380.6763, 391.055
-213.3745, 381.5251, 391.986
-213.7576, 382.3738, 392.918
-214.1406, 383.2226, 393.849
-214.9068, 384.0714, 394.992
-215.2898, 384.9202, 395.923
-215.6729, 385.9811, 397.051
-216.4391, 386.8299, 398.195
-216.8221, 387.6787, 399.126
-217.2052, 388.5275, 400.057
-217.5883, 389.3762, 400.989
-218.3544, 390.2250, 402.132
-218.7375, 391.0738, 403.063
-219.1206, 392.1348, 404.191
-219.5036, 392.9835, 405.122
-220.2698, 393.8323, 406.266
-220.6529, 394.6811, 407.197
-221.0359, 395.5299, 408.128
-221.8021, 396.3786, 409.272
-222.1851, 397.2274, 410.203
-222.5682, 398.0762, 411.134
-222.9513, 399.1372, 412.262
-223.7174, 399.9859, 413.405
-224.1005, 400.8347, 414.337
-224.4836, 401.6835, 415.268
-224.8666, 402.5323, 416.199
-225.6328, 403.3811, 417.343
-226.0159, 404.2298, 418.274
-226.3989, 405.2908, 419.402
-226.7820, 406.1396, 420.333
-227.5481, 406.9884, 421.476
-227.9312, 407.8371, 422.408
-228.3143, 408.6859, 423.339
-228.6974, 409.5347, 424.270
-229.4635, 410.5956, 425.579
-229.8466, 411.4444, 426.510
-230.2296, 412.2932, 427.441
-230.6127, 413.1420, 428.372
-231.3789, 413.9907, 429.516
-231.7619, 414.8395, 430.447
-232.1450, 415.6883, 431.378
-232.5281, 416.7493, 432.506
-233.2942, 417.5981, 433.650
-233.6773, 418.4468, 434.581
-234.0604, 419.2956, 435.512
-234.4434, 420.1444, 436.443
-235.2096, 420.9932, 437.587
-235.5926, 422.0541, 438.715
-235.9757, 422.9029, 439.646
-236.3588, 423.7517, 440.577
-236.7419, 424.6005, 441.509
-237.5080, 425.4492, 442.652
-237.8911, 426.5102, 443.780
-238.2741, 427.3590, 444.711
-238.6572, 428.2078, 445.642
-239.4234, 429.0565, 446.786
-239.8064, 429.9053, 447.717
-240.1895, 430.7541, 448.648
-240.5726, 431.8151, 449.776
-240.9556, 432.6638, 450.707
-241.7218, 433.5126, 451.851
-242.1049, 434.3614, 452.782
-242.4879, 435.2102, 453.713
-242.8710, 436.2711, 454.841
-243.2541, 437.1199, 455.772
-244.0202, 437.9687, 456.916
-244.4033, 438.8175, 457.847
-244.7864, 439.8784, 458.975
-245.1694, 440.7272, 459.906
-245.5525, 441.5760, 460.838
-245.9356, 442.4248, 461.769
-246.3186, 443.4857, 462.897
-247.0848, 444.3345, 464.040
-247.4679, 445.1833, 464.971
-247.8509, 446.0321, 465.903
-248.2340, 447.0930, 467.031
-248.6171, 447.9418, 467.962
-249.0001, 448.7906, 468.893
-249.3832, 449.6394, 469.824
-249.7663, 450.7003, 470.952
-250.5324, 451.5491, 472.096
-250.9155, 452.3979, 473.027
-251.2986, 453.4589, 474.155
-251.6816, 454.3076, 475.086
-252.0647, 455.1564, 476.017
-252.4478, 456.2174, 477.145
-252.8308, 457.0662, 478.077
-253.2139, 457.9149, 479.008
-253.5970, 458.9759, 480.136
-253.9801, 459.8247, 481.067
-254.3631, 460.6735, 481.998
-254.7462, 461.7344, 483.126
-255.1293, 462.5832, 484.057
-255.5123, 463.4320, 484.989
-255.8954, 464.4930, 486.117
-256.2785, 465.3417, 487.048
-256.6615, 466.4027, 488.176
-257.0446, 467.2515, 489.107
-257.4277, 468.3125, 490.235
-257.8108, 469.1612, 491.166
-258.1938, 470.0100, 492.098
-258.1938, 471.0710, 493.159
-258.5769, 471.9198, 494.090
-258.9600, 472.9807, 495.218
-259.3430, 473.8295, 496.149
-259.7261, 474.8905, 497.277
-259.7261, 475.7392, 498.126
-260.1092, 476.8002, 499.254
-260.4923, 477.6490, 500.185
-260.8753, 478.7100, 501.313
-260.8753, 479.5587, 502.162
-261.2584, 480.6197, 503.290
-261.6415, 481.6807, 504.418
-261.6415, 482.5294, 505.266
-262.0245, 483.5904, 506.395
-262.4076, 484.4392, 507.326
-262.4076, 485.5002, 508.387
-262.7907, 486.5611, 509.515
-262.7907, 487.4099, 510.364
-263.1737, 488.4709, 511.492
-263.1737, 489.5319, 512.553
-263.1737, 490.3806, 513.401
-263.5568, 491.4416, 514.529
-263.5568, 492.5026, 515.590
-263.5568, 493.3514, 516.439
-263.9399, 494.4123, 517.567
-263.9399, 495.4733, 518.628
-263.9399, 496.5343, 519.689
-263.9399, 497.3830, 520.538
-263.9399, 498.4440, 521.599
-263.9399, 499.5050, 522.660
-263.9399, 500.5659, 523.721
-263.9399, 501.4147, 524.569
-263.9399, 502.4757, 525.630
-263.9399, 503.5367, 526.691
-263.9399, 504.3854, 527.540
-263.9399, 505.4464, 528.601
-263.9399, 506.5074, 529.662
-263.9399, 507.5684, 530.723
-263.5568, 508.4171, 531.654
-263.5568, 509.4781, 532.715
-263.5568, 510.5391, 533.776
-263.1737, 511.3879, 534.708
-263.1737, 512.4488, 535.768
-262.7907, 513.5098, 536.896
-262.7907, 514.3586, 537.745
-262.4076, 515.4195, 538.873
-262.4076, 516.4805, 539.934
-262.0245, 517.3293, 540.865
-262.0245, 518.3903, 541.926
-261.6415, 519.2390, 542.858
-261.2584, 520.3000, 543.986
-260.8753, 521.1488, 544.917
-260.4923, 522.2097, 546.045
-260.4923, 523.0585, 546.894
-260.1092, 524.1195, 548.022
-259.7261, 524.9683, 548.953
-259.3431, 526.0292, 550.081
-258.9600, 526.8780, 551.012
-258.5769, 527.7268, 551.943
-258.1938, 528.7878, 553.071
-257.8108, 529.6365, 554.002
-257.0446, 530.4853, 555.146
-256.6616, 531.3341, 556.077
-256.2785, 532.1829, 557.008
-255.8954, 533.2438, 558.136
-255.1293, 534.0926, 559.280
-254.7462, 534.9414, 560.211
-253.9801, 535.7902, 561.354
-253.5970, 536.4268, 562.097
-252.8309, 537.2755, 563.241
-252.4478, 538.1243, 564.172
-251.6817, 538.9731, 565.315
-251.2986, 539.8219, 566.247
-250.5325, 540.4584, 567.243
-249.7663, 541.3072, 568.386
-249.3833, 541.9438, 569.129
-248.6171, 542.7926, 570.272
-247.8510, 543.4292, 571.269
-247.0849, 544.0657, 572.265
-246.3187, 544.9145, 573.408
-245.5526, 545.5511, 574.404
-244.7865, 546.1877, 575.400
-244.0203, 546.8243, 576.396
-243.2542, 547.4609, 577.392
-242.4881, 548.0974, 578.388
-241.7219, 548.7340, 579.385
-240.9558, 549.3706, 580.381
-240.1897, 549.7950, 581.256
-239.4235, 550.4316, 582.253
-238.6574, 551.0681, 583.249
-237.5082, 551.4925, 584.474
-236.7420, 552.1291, 585.470
-235.9759, 552.5535, 586.346
-235.2098, 552.9779, 587.221
-234.0606, 553.6145, 588.535
-233.2944, 554.0389, 589.411
-232.5283, 554.4633, 590.287
-231.3791, 554.8876, 591.512
-230.6130, 555.3120, 592.388
-229.8468, 555.7364, 593.264
-228.6976, 556.1608, 594.489
-227.9315, 556.3730, 595.284
-226.7823, 556.7974, 596.509
-226.0162, 557.2218, 597.384
-224.8670, 557.4340, 598.553
-224.1008, 557.8584, 599.429
-222.9516, 558.0706, 600.598
-222.1855, 558.2827, 601.393
-221.0363, 558.4949, 602.561
-220.2701, 558.9193, 603.437
-219.1209, 559.1315, 604.606
-218.3548, 559.3437, 605.401
-217.2056, 559.3437, 606.550
-216.4395, 559.5559, 607.345
-215.2903, 559.7681, 608.513
-214.5241, 559.9803, 609.308
-213.3749, 559.9803, 610.458
-212.2257, 560.1925, 611.626
-211.4596, 560.1925, 612.392
-210.3104, 560.4047, 613.561
-209.5443, 560.4047, 614.327
-208.3950, 560.4047, 615.476
-207.2458, 560.4047, 616.626
-206.4797, 560.4047, 617.392
-205.3305, 560.4047, 618.541
-204.5644, 560.4047, 619.307
-203.4152, 560.4047, 620.456
-202.2660, 560.4047, 621.605
-201.4998, 560.4047, 622.372
-200.3506, 560.1925, 623.540
-199.2014, 560.1925, 624.689
-198.4353, 559.9803, 625.484
-197.2861, 559.9803, 626.634
-196.5200, 559.7681, 627.428
-195.3707, 559.7681, 628.578
-194.6046, 559.5559, 629.373
-193.4554, 559.3437, 630.541
-192.3062, 559.1315, 631.710
-191.5401, 558.9193, 632.505
-190.3909, 558.7071, 633.674
-189.6247, 558.4949, 634.469
-188.4755, 558.2827, 635.637
-187.7094, 557.8584, 636.513
-186.5602, 557.6462, 637.682
-185.7941, 557.2218, 638.557
-184.6449, 557.0096, 639.726
-183.8787, 556.5852, 640.602
-182.7295, 556.3730, 641.771
-181.9634, 555.9486, 642.646
-181.1973, 555.5242, 643.522
-180.0481, 555.3120, 644.691
-179.2819, 554.8877, 645.567
-178.1327, 554.4633, 646.792
-177.3666, 554.0389, 647.667
-176.6004, 553.6145, 648.543
-175.4512, 553.1901, 649.768
-174.6851, 552.7657, 650.644
-173.9190, 552.1291, 651.640
-172.7698, 551.7047, 652.865
-172.0036, 551.2803, 653.741
-171.2375, 550.8560, 654.617
-170.4714, 550.2194, 655.613
-169.3222, 549.7950, 656.838
-168.5560, 549.3706, 657.714
-167.7899, 548.7340, 658.710
-166.6407, 548.3096, 659.935
-165.8745, 547.8852, 660.811
-165.1084, 547.2487, 661.807
-164.3423, 546.8243, 662.683
-163.5761, 546.1877, 663.679
-162.4269, 545.7633, 664.904
-161.6608, 545.1267, 665.900
-160.8947, 544.7023, 666.776
-160.1285, 544.0657, 667.772
-158.9793, 543.6414, 668.997
-158.2132, 543.0048, 669.993
-157.4471, 542.5804, 670.869
-156.6809, 541.9438, 671.865
-155.9148, 541.5194, 672.741
-154.7656, 540.8828, 674.055
-153.9994, 540.2463, 675.051
-153.2333, 539.8219, 675.927
-152.4672, 539.1853, 676.923
-151.7010, 538.7609, 677.799
-150.9349, 538.1243, 678.795
-149.7857, 537.4877, 680.108
-149.0196, 537.0633, 680.984
-148.2534, 536.4268, 681.980
-147.4873, 535.7902, 682.976
-146.7211, 535.3658, 683.852
-145.9550, 534.7292, 684.848
-145.1889, 534.0926, 685.844
-144.0397, 533.4560, 687.158
-143.2735, 533.0317, 688.034
-142.5074, 532.3951, 689.030
-141.7413, 531.7585, 690.026
-140.9751, 531.1219, 691.022
-140.2090, 530.6975, 691.898
-139.4429, 530.0609, 692.894
-138.6767, 529.4244, 693.890
-137.9106, 528.7878, 694.886
-137.1445, 528.1512, 695.882
-135.9952, 527.5146, 697.196
-135.2291, 527.0902, 698.072
-134.4630, 526.4536, 699.068
-133.6968, 525.8170, 700.064
-132.9307, 525.1805, 701.060
-132.1646, 524.5439, 702.056
-131.3984, 523.9073, 703.052
-130.6323, 523.2707, 704.049
-129.8662, 522.6341, 705.045
-129.1000, 521.9976, 706.041
-128.3339, 521.3610, 707.037
-127.5677, 520.7244, 708.033
-126.8016, 520.0878, 709.029
-126.0355, 519.4512, 710.025
-125.2693, 518.8147, 711.021
-124.5032, 518.1781, 712.017
-123.7370, 517.5415, 713.013
-122.9709, 516.9049, 714.010
-122.2048, 516.2683, 715.006
-121.4386, 515.6317, 716.002
-120.6725, 514.9952, 716.998
-119.9064, 514.1464, 718.141
-119.1402, 513.5098, 719.137
-118.3741, 512.8732, 720.133
-117.6080, 512.2366, 721.129
-116.8418, 511.6001, 722.126
-116.0757, 510.7513, 723.269
-115.6926, 510.1147, 724.012
-114.9265, 509.4781, 725.008
-114.1603, 508.8415, 726.004
-113.3942, 507.9928, 727.148
-112.6281, 507.3562, 728.144
-111.8619, 506.7196, 729.140
-111.0958, 506.0830, 730.136
-110.3296, 505.2342, 731.279
-109.9466, 504.5976, 732.022
-109.1804, 503.9611, 733.018
-108.4143, 503.1123, 734.162
-107.6482, 502.4757, 735.158
-106.8820, 501.8391, 736.154
-106.1159, 500.9903, 737.297
-105.3497, 500.3538, 738.293
-104.9667, 499.7172, 739.036
-104.2005, 498.8684, 740.180
-103.4344, 498.2318, 741.176
-102.6683, 497.5952, 742.172
-101.9021, 496.7465, 743.315
-101.1360, 496.1099, 744.311
-100.3698, 495.4733, 745.308
-99.9868, 494.6245, 746.239
-99.2206, 493.9879, 747.235
-98.4545, 493.3514, 748.231
-97.6884, 492.5026, 749.374
-96.9222, 491.8660, 750.371
-96.1561, 491.2294, 751.367
-95.3899, 490.5928, 752.363
-94.6238, 489.7441, 753.506
-94.2407, 489.1075, 754.249
-93.4746, 488.4709, 755.245
-92.7085, 487.8343, 756.241
-91.9423, 486.9855, 757.385
-91.1762, 486.3490, 758.381
-90.4100, 485.7124, 759.377
-89.6439, 485.0758, 760.373
-88.8778, 484.2270, 761.516
-88.1116, 483.5904, 762.513
-87.3455, 482.9538, 763.509
-86.5793, 482.3173, 764.505
-86.1963, 481.6807, 765.248
-85.4301, 481.0441, 766.244
-84.6640, 480.1953, 767.387
-83.8979, 479.5587, 768.383
-83.1317, 478.9222, 769.379
-82.3656, 478.2856, 770.375
-81.5994, 477.6490, 771.372
-80.8333, 477.0124, 772.368
-80.0672, 476.3758, 773.364
-79.3010, 475.7393, 774.360
-78.5349, 475.1027, 775.356
-77.7687, 474.2539, 776.499
-77.0026, 473.6173, 777.495
-76.2365, 472.9807, 778.492
-75.4703, 472.3441, 779.488
-74.7042, 471.7076, 780.484
-73.9380, 471.0710, 781.480
-73.1719, 470.4344, 782.476
-72.4058, 469.7978, 783.472
-71.6396, 469.1612, 784.468
-70.8735, 468.5247, 785.464
-70.1073, 467.8881, 786.460
-69.3412, 467.2515, 787.456
-68.5751, 466.6149, 788.452
-67.8089, 465.9783, 789.449
-67.0428, 465.3417, 790.445
-66.2766, 464.7052, 791.441
-65.5105, 464.0686, 792.437
-64.7444, 463.4320, 793.433
-63.9782, 462.7954, 794.429
-63.2121, 462.1588, 795.425
-62.4459, 461.5222, 796.421
-61.6798, 460.8857, 797.417
-60.9136, 460.2491, 798.413
-60.1475, 459.6125, 799.410
-59.3814, 458.9759, 800.406
-58.6152, 458.3393, 801.402
-57.8491, 457.7027, 802.398
-56.6999, 457.2784, 803.623
-55.9337, 456.6418, 804.619
-55.1676, 456.0052, 805.615
-54.4015, 455.3686, 806.611
-53.6353, 454.7320, 807.607
-52.8692, 454.0955, 808.603
-52.1030, 453.4589, 809.600
-51.3369, 452.8223, 810.596
-50.5707, 452.1857, 811.592
-49.8046, 451.7613, 812.468
-49.0385, 451.1247, 813.464
-48.2723, 450.4882, 814.460
-47.5062, 449.8516, 815.456
-46.3570, 449.2150, 816.770
-45.5908, 448.7906, 817.645
-44.8247, 448.1540, 818.642
-44.0585, 447.5174, 819.638
-43.2924, 446.8809, 820.634
-42.5263, 446.2443, 821.630
-41.7601, 445.8199, 822.506
-40.9940, 445.1833, 823.502
-40.2278, 444.5467, 824.498
-39.0786, 444.1223, 825.723
-38.3125, 443.4857, 826.719
-37.5463, 442.8492, 827.715
-36.7802, 442.2126, 828.711
-36.0141, 441.7882, 829.587
-35.2479, 441.1516, 830.583
-34.0987, 440.7272, 831.808
-33.3326, 440.0906, 832.804
-32.5664, 439.4541, 833.800
-31.8003, 439.0297, 834.676
-31.0342, 438.3931, 835.672
-30.2680, 437.7565, 836.668
-29.1188, 437.3321, 837.893
-28.3527, 436.6955, 838.890
-27.5865, 436.2711, 839.765
-26.8204, 435.6346, 840.761
-26.0542, 435.2102, 841.637
-25.2881, 434.5736, 842.633
-24.1389, 433.9370, 843.947
-23.3727, 433.5126, 844.823
-22.6066, 432.8760, 845.819
-21.8404, 432.4516, 846.695
-21.0743, 431.8151, 847.691
-19.9251, 431.3907, 848.916
-19.1589, 430.7541, 849.912
-18.3928, 430.3297, 850.788
-17.6267, 429.6931, 851.784
-16.8605, 429.2687, 852.660
-15.7113, 428.6322, 853.974
-14.9452, 428.2078, 854.849
-14.1790, 427.5712, 855.846
-13.4129, 426.9346, 856.842
-12.2637, 426.5102, 858.067
-11.4975, 425.8736, 859.063
-10.7314, 425.4493, 859.939
-9.9652, 424.8127, 860.935
-9.1991, 424.3883, 861.811
-8.0499, 423.7517, 863.124
-7.2837, 423.3273, 864.000
-6.5176, 422.6907, 864.996
-5.7515, 422.2663, 865.872
-4.9853, 421.6298, 866.868
-3.8361, 421.2054, 868.093
-3.0699, 420.5688, 869.089
-2.3038, 420.1444, 869.965
-1.5377, 419.5078, 870.961
-0.3885, 419.0834, 872.186
0.3777, 418.4468, 873.183
1.1438, 418.0224, 874.058
1.9100, 417.3859, 875.054
2.6761, 416.9615, 875.930
3.8253, 416.3249, 877.244
4.5915, 415.9005, 878.120
5.3576, 415.2639, 879.116
6.1238, 414.8395, 879.992
6.8899, 414.4151, 880.868
8.0391, 413.7786, 882.181
8.8053, 413.3542, 883.057
9.5714, 412.7176, 884.053
10.3376, 412.2932, 884.929
11.4868, 411.6566, 886.243
12.2529, 411.2322, 887.119
13.0191, 410.5957, 888.115
13.7852, 410.1713, 888.991
14.5513, 409.5347, 889.987
15.7006, 409.1103, 891.212
16.4667, 408.4737, 892.208
17.2328, 408.0493, 893.084
17.9990, 407.4128, 894.080
18.7651, 406.9884, 894.956
19.9143, 406.3518, 896.269
20.6805, 405.7152, 897.265
21.4466, 405.2908, 898.141
22.2128, 404.6542, 899.137
22.9789, 404.2298, 900.013
24.1281, 403.5933, 901.327
24.8943, 403.1689, 902.203
25.6604, 402.5323, 903.199
26.4266, 402.1079, 904.075
27.1927, 401.4713, 905.071
28.3419, 401.0469, 906.296
29.1081, 400.4103, 907.292
29.8742, 399.9860, 908.168
30.6404, 399.3494, 909.164
31.7896, 398.9250, 910.389
32.5557, 398.2884, 911.385
33.3219, 397.8640, 912.261
34.0880, 397.2274, 913.257
34.8542, 396.5908, 914.253
36.0034, 396.1665, 915.478
36.7695, 395.5299, 916.474
37.5357, 395.1055, 917.350
38.3018, 394.4689, 918.346
39.0680, 394.0445, 919.222
40.2172, 393.4079, 920.536
40.9833, 392.9835, 921.412
41.7495, 392.3470, 922.408
42.5156, 391.9226, 923.284
43.2818, 391.2860, 924.280
44.4310, 390.8616, 925.505
45.1971, 390.2250, 926.501
45.9633, 389.8006, 927.377
46.7294, 389.1640, 928.373
47.4955, 388.5275, 929.369
48.6448, 388.1031, 930.594
49.4109, 387.4665, 931.590
50.1771, 387.0421, 932.466
50.9432, 386.4055, 933.462
51.7093, 385.9811, 934.338
52.8586, 385.3446, 935.652
53.6247, 384.9202, 936.527
54.3909, 384.2836, 937.524
55.1570, 383.8592, 938.399
55.9231, 383.2226, 939.395
57.0724, 382.7982, 940.621
57.8385, 382.1617, 941.617
58.6046, 381.7373, 942.492
59.3708, 381.1007, 943.489
60.1369, 380.6763, 944.364
61.2861, 380.0397, 945.678
62.0523, 379.4031, 946.674
62.8184, 378.9787, 947.550
63.5846, 378.3422, 948.546
64.3507, 377.9178, 949.422
65.4999, 377.2812, 950.736
66.2661, 376.8568, 951.612
67.0322, 376.2202, 952.608
67.7984, 375.7958, 953.484
68.5645, 375.1592, 954.480
69.7138, 374.7348, 955.705
70.4799, 374.0983, 956.701
71.2460, 373.6739, 957.577
72.0122, 373.0373, 958.573
72.7783, 372.6129, 959.449
73.9275, 371.9763, 960.762
74.6937, 371.5519, 961.638
75.4598, 370.9154, 962.634
76.2260, 370.2788, 963.630
76.9921, 369.8544, 964.506
78.1414, 369.2178, 965.820
78.9075, 368.7934, 966.696
79.6736, 368.1568, 967.692
80.4398, 367.7324, 968.568
81.2059, 367.0959, 969.564
82.3552, 366.6715, 970.789
83.1213, 366.0349, 971.785
83.8875, 365.6105, 972.661
84.6536, 364.9739, 973.657
85.8028, 364.5495, 974.882
86.5690, 363.9130, 975.878
87.3351, 363.4886, 976.754
88.1012, 362.8520, 977.750
89.2505, 362.6398, 978.919
90.0166, 362.2154, 979.795
91.1658, 362.0032, 980.963
91.9320, 361.7910, 981.758
93.0812, 361.3666, 982.983
93.8474, 361.1544, 983.778
94.6135, 360.7300, 984.654
95.7627, 360.3057, 985.879
96.5289, 360.0935, 986.674
97.6781, 359.6691, 987.899
98.4442, 359.2447, 988.775
99.5935, 359.0325, 989.944
100.3596, 358.6081, 990.820
101.5088, 358.1837, 992.045
102.2750, 357.9715, 992.840
103.4242, 357.5471, 994.065
104.1903, 357.3349, 994.860
104.9565, 356.9106, 995.735
106.1057, 356.6984, 996.904
106.8718, 356.2740, 997.780
108.0211, 356.0618, 998.949
108.7872, 355.6374, 999.824
109.9364, 355.4252, 1000.993
110.7026, 355.2130, 1001.788
111.8518, 355.0008, 1002.957
112.6179, 354.5764, 1003.833
113.7672, 354.3642, 1005.001
114.9164, 354.1520, 1006.170
115.6825, 353.9398, 1006.965
116.8317, 353.7276, 1008.133
117.5979, 353.5154, 1008.929
118.7471, 353.3032, 1010.097
119.5133, 353.0911, 1010.892
120.6625, 352.8789, 1012.061
121.4286, 352.6667, 1012.856
122.5778, 352.6667, 1014.005
123.7271, 352.4545, 1015.174
124.4932, 352.2423, 1015.969
125.6424, 352.0301, 1017.137
126.4086, 352.0301, 1017.903
127.5578, 351.8179, 1019.072
128.3239, 351.6057, 1019.867
129.4732, 351.6057, 1021.016
130.6224, 351.3935, 1022.185
131.3885, 351.1813, 1022.980
132.5377, 351.1813, 1024.129
133.3039, 350.9691, 1024.924
134.4531, 350.9691, 1026.073
135.6023, 350.7569, 1027.242
136.3685, 350.5447, 1028.037
137.5177, 350.5447, 1029.186
138.2839, 350.3325, 1029.981
139.4331, 350.3325, 1031.130
140.1992, 350.1203, 1031.925
141.3484, 349.9081, 1033.094
142.4977, 349.9081, 1034.243
143.2638, 349.6959, 1035.038
144.4130, 349.4838, 1036.207
145.1792, 349.4838, 1036.973
146.3284, 349.2716, 1038.142
147.0945, 349.0594, 1038.937
148.2438, 348.8472, 1040.105
149.3930, 348.6350, 1041.274
150.1591, 348.4228, 1042.069
151.3083, 348.2106, 1043.238
152.0745, 347.9984, 1044.033
153.2237, 347.7862, 1045.201
153.9899, 347.5740, 1045.996
155.1391, 347.3618, 1047.165
155.9052, 347.1496, 1047.960
157.0545, 346.7252, 1049.185
157.8206, 346.5130, 1049.980
158.9698, 346.0886, 1051.205
159.7360, 345.8765, 1052.000
160.8852, 345.4521, 1053.225
161.6513, 345.2399, 1054.020
162.8006, 344.8155, 1055.245
163.5667, 344.3911, 1056.121
164.3329, 343.9667, 1056.997
165.4821, 343.5423, 1058.222
166.2482, 343.1179, 1059.098
167.0144, 342.4814, 1060.094
168.1636, 342.0570, 1061.319
168.9297, 341.6326, 1062.195
169.6959, 340.9960, 1063.191
170.4620, 340.3594, 1064.187
171.2282, 339.9350, 1065.063
171.9943, 339.2984, 1066.059
172.7605, 338.6619, 1067.055
173.5266, 337.8131, 1068.198
174.2928, 337.1765, 1069.194
175.0589, 336.5399, 1070.191
175.8251, 335.6911, 1071.334
176.5912, 335.0546, 1072.330
176.9743, 334.2058, 1073.261
177.7404, 333.5692, 1074.257
178.5066, 332.7204, 1075.401
178.8897, 331.8716, 1076.332
179.6558, 331.2351, 1077.328
180.0389, 330.3863, 1078.259
180.8050, 329.5375, 1079.403
181.1881, 328.6887, 1080.334
181.9543, 327.8400, 1081.477
182.3373, 326.9912, 1082.409
182.7204, 326.1424, 1083.340
183.4865, 325.2936, 1084.483
183.8696, 324.4448, 1085.415
184.2527, 323.5961, 1086.346
185.0188, 322.7473, 1087.489
185.4019, 321.6863, 1088.617
185.7850, 320.8376, 1089.548
186.1681, 319.9888, 1090.480
186.9342, 319.1400, 1091.623
187.3173, 318.2912, 1092.554
187.7004, 317.4425, 1093.485
188.4665, 316.5937, 1094.629
188.8496, 315.7449, 1095.560
189.2327, 314.6839, 1096.688
189.6157, 313.8351, 1097.619
190.3819, 312.9864, 1098.763
190.7650, 312.1376, 1099.694
191.1480, 311.2888, 1100.625
191.9142, 310.4400, 1101.769
192.2973, 309.5913, 1102.700
192.6803, 308.7425, 1103.631
193.4465, 307.8937, 1104.774
193.8296, 307.0449, 1105.706
194.2126, 306.1962, 1106.637
194.9788, 305.3474, 1107.780
195.3619, 304.4986, 1108.712
195.7449, 303.6498, 1109.643
196.5111, 302.8010, 1110.786
196.8942, 301.9523, 1111.717
197.6603, 301.1035, 1112.861
198.0434, 300.2547, 1113.792
198.8095, 299.4060, 1114.935
199.1926, 298.5572, 1115.867
199.9588, 297.7084, 1117.010
200.3418, 296.8596, 1117.941
201.1080, 296.2230, 1118.937
201.4911, 295.3743, 1119.869
202.2572, 294.5255, 1121.012
202.6403, 293.6767, 1121.943
203.4064, 292.8279, 1123.087
204.1726, 292.1913, 1124.083
204.5557, 291.3426, 1125.014
205.3218, 290.4938, 1126.157
206.0880, 289.8572, 1127.154
206.4710, 289.0084, 1128.085
207.2372, 288.3718, 1129.081
208.0033, 287.5231, 1130.224
208.3864, 286.6743, 1131.155
209.1526, 286.0377, 1132.152
209.9187, 285.1889, 1133.295
210.6849, 284.5524, 1134.291
211.0679, 283.7036, 1135.222
211.8341, 283.0670, 1136.218
212.6002, 282.2182, 1137.362
213.3664, 281.5816, 1138.358
214.1325, 280.9451, 1139.354
214.5156, 280.0963, 1140.285
215.2818, 279.4597, 1141.281
216.0479, 278.6109, 1142.425
216.8141, 277.9743, 1143.421
217.5802, 277.3378, 1144.417
218.3464, 276.4890, 1145.560
218.7295, 275.8524, 1146.303
219.4956, 275.2158, 1147.300
220.2618, 274.5792, 1148.296
221.0279, 273.7305, 1149.439
221.7940, 273.0939, 1150.435
222.5602, 272.4573, 1151.431
223.3264, 271.8207, 1152.427
224.0925, 271.1841, 1153.423
224.8587, 270.3354, 1154.567
225.6248, 269.6988, 1155.563
226.3910, 269.0622, 1156.559
227.1571, 268.4256, 1157.555
227.9233, 267.7890, 1158.551
228.6894, 267.1524, 1159.547
229.4556, 266.5159, 1160.543
230.2217, 265.8793, 1161.540
230.9879, 265.2427, 1162.536
231.7540, 264.6061, 1163.532
232.5202, 263.9695, 1164.528
233.2863, 263.3329, 1165.524
234.0525, 262.6964, 1166.520
234.8186, 262.0598, 1167.516
235.5848, 261.4232, 1168.512
236.3509, 260.9988, 1169.388
237.1171, 260.3622, 1170.384
237.8832, 259.7256, 1171.380
238.6494, 259.0891, 1172.376
239.4155, 258.4525, 1173.373
240.1817, 257.8159, 1174.369
240.9478, 257.1793, 1175.365
242.0971, 256.5427, 1176.679
242.8632, 255.9061, 1177.675
243.6294, 255.4818, 1178.551
244.3955, 254.8452, 1179.547
245.1617, 254.2086, 1180.543
245.9278, 253.5720, 1181.539
246.6940, 252.9354, 1182.535
247.4601, 252.2988, 1183.531
248.2263, 251.6623, 1184.527
248.9924, 251.2379, 1185.403
249.7586, 250.6013, 1186.399
250.5248, 249.9647, 1187.395
251.6740, 249.3281, 1188.709
252.4401, 248.6916, 1189.705
253.2063, 248.2672, 1190.581
253.9724, 247.6306, 1191.577
254.7386, 246.9940, 1192.573
255.5048, 246.3574, 1193.569
256.2709, 245.7208, 1194.565
257.0371, 245.2964, 1195.441
257.8032, 244.6599, 1196.437
258.9524, 244.0233, 1197.751
259.7186, 243.3867, 1198.747
260.4847, 242.9623, 1199.623
261.2509, 242.3257, 1200.619
262.0170, 241.6892, 1201.615
262.7832, 241.0526, 1202.611
263.5494, 240.6282, 1203.487
264.3155, 239.9916, 1204.483
265.4647, 239.3550, 1205.797
266.2309, 238.9306, 1206.673
266.9971, 238.2940, 1207.669
267.7632, 237.6575, 1208.665
268.5294, 237.2331, 1209.541
269.2955, 236.5965, 1210.537
270.0617, 235.9599, 1211.533
271.2109, 235.5355, 1212.758
271.9770, 234.8989, 1213.754
272.7432, 234.2623, 1214.750
273.5093, 233.8380, 1215.626
274.2755, 233.2014, 1216.622
275.4247, 232.7770, 1217.847
276.1909, 232.1404, 1218.844
276.9570, 231.7160, 1219.719
277.7232, 231.0794, 1220.716
278.4894, 230.4429, 1221.712
279.6386, 230.0185, 1222.937
280.4047, 229.3819, 1223.933
281.1709, 228.9575, 1224.809
281.9370, 228.3209, 1225.805
282.7032, 227.8965, 1226.681
283.8524, 227.2600, 1227.994
284.6186, 226.8356, 1228.870
285.3847, 226.1990, 1229.866
286.1509, 225.7746, 1230.742
286.9170, 225.1380, 1231.738
288.0663, 224.7136, 1232.963
288.8324, 224.2892, 1233.839
289.5986, 223.6526, 1234.835
290.3647, 223.2283, 1235.711
291.5140, 222.5917, 1237.025
292.2801, 222.1673, 1237.901
293.0463, 221.5307, 1238.897
293.8124, 221.1063, 1239.773
294.9617, 220.6819, 1240.998
295.7278, 220.0454, 1241.994
296.4940, 219.6210, 1242.870
297.2601, 219.1966, 1243.746
298.4094, 218.5600, 1245.059
299.1755, 218.1356, 1245.935
299.9417, 217.7112, 1246.811
300.7078, 217.0746, 1247.807
301.8571, 216.6502, 1249.032
302.6232, 216.2259, 1249.908
303.3894, 215.5893, 1250.904
304.5386, 215.1649, 1252.129
305.3048, 214.7405, 1253.005
306.0709, 214.1039, 1254.001
306.8371, 213.6795, 1254.877
307.9863, 213.2551, 1256.102
308.7525, 212.8307, 1256.978
309.5186, 212.1942, 1257.974
310.6678, 211.7698, 1259.199
311.4340, 211.3454, 1260.075
312.2001, 210.9210, 1260.951
312.9663, 210.2844, 1261.947
314.1155, 209.8600, 1263.172
314.8817, 209.4356, 1264.048
315.6478, 209.0112, 1264.924
316.7971, 208.3747, 1266.237
317.5632, 207.9503, 1267.113
318.3294, 207.5259, 1267.989
319.4786, 207.1015, 1269.214
320.2448, 206.6771, 1270.090
321.0109, 206.2527, 1270.966
322.1602, 205.6162, 1272.280
322.9263, 205.1918, 1273.155
323.6925, 204.7674, 1274.031
324.8417, 204.3430, 1275.256
325.6079, 203.9186, 1276.132
326.3740, 203.4942, 1277.008
327.5233, 203.0698, 1278.233
328.2894, 202.6454, 1279.109
329.0556, 202.2210, 1279.985
330.2048, 201.7966, 1281.210
330.9710, 201.1601, 1282.206
331.7371, 200.7357, 1283.082
332.8863, 200.3113, 1284.307
333.6525, 199.8869, 1285.183
334.4187, 199.4625, 1286.059
335.5679, 199.0381, 1287.284
336.3340, 198.6137, 1288.160
337.1002, 198.1893, 1289.035
338.2494, 197.9772, 1290.204
339.0156, 197.5528, 1291.080
340.1648, 197.1284, 1292.305
340.9310, 196.7040, 1293.181
341.6971, 196.2796, 1294.057
342.8464, 195.8552, 1295.282
343.6125, 195.4308, 1296.158
344.7618, 195.0064, 1297.383
345.5279, 194.5821, 1298.259
346.2941, 194.1577, 1299.134
347.4433, 193.9455, 1300.303
348.2095, 193.5211, 1301.179
349.3587, 193.0967, 1302.404
350.1248, 192.6723, 1303.280
350.8910, 192.4601, 1304.075
352.0402, 192.0357, 1305.300
352.8064, 191.6113, 1306.176
353.9556, 191.1869, 1307.401
354.7218, 190.9748, 1308.196
355.8710, 190.5504, 1309.421
356.6372, 190.1260, 1310.297
357.4033, 189.7016, 1311.173
358.5526, 189.4894, 1312.341
359.3187, 189.0650, 1313.217
360.4679, 188.8528, 1314.386
361.2341, 188.4284, 1315.262
362.3833, 188.0040, 1316.487
363.1495, 187.7918, 1317.282
364.2987, 187.3674, 1318.507
365.0649, 187.1553, 1319.302
366.2141, 186.7309, 1320.527
366.9803, 186.3065, 1321.403
367.7464, 186.0943, 1322.198
368.8957, 185.6699, 1323.423
369.6618, 185.4577, 1324.218
370.8111, 185.0333, 1325.443
371.5772, 184.8211, 1326.238
372.7264, 184.6089, 1327.407
373.4926, 184.1845, 1328.283
374.6418, 183.9724, 1329.451
375.4080, 183.5480, 1330.327
376.5572, 183.3358, 1331.496
377.3234, 183.1236, 1332.291
378.4726, 182.6992, 1333.516
379.2388, 182.4870, 1334.311
380.3880, 182.2748, 1335.479
381.1542, 182.0626, 1336.274
382.3034, 181.6382, 1337.500
383.0696, 181.4260, 1338.295
384.2188, 181.2138, 1339.463
384.9850, 181.0016, 1340.258
386.1342, 180.5772, 1341.483
386.9004, 180.3650, 1342.278
388.0496, 180.1529, 1343.447
388.8157, 179.9407, 1344.242
389.9650, 179.7285, 1345.411
391.1142, 179.3041, 1346.636
391.8804, 179.0919, 1347.431
393.0296, 178.8797, 1348.599
393.7958, 178.6675, 1349.394
394.9450, 178.4553, 1350.563
395.7111, 178.2431, 1351.358
396.8604, 178.0309, 1352.527
397.6265, 177.8187, 1353.322
398.7758, 177.6065, 1354.490
399.5419, 177.3943, 1355.285
400.6912, 177.1821, 1356.454
401.8404, 176.9699, 1357.623
402.6066, 176.7577, 1358.418
403.7558, 176.5455, 1359.586
404.5220, 176.3334, 1360.381
405.6712, 176.1212, 1361.550
406.4373, 175.9090, 1362.345
407.5866, 175.6968, 1363.514
408.3527, 175.4846, 1364.309
409.5020, 175.2724, 1365.477
410.6512, 175.2724, 1366.626
411.4174, 175.0602, 1367.422
412.5666, 174.8480, 1368.590
413.3328, 174.6358, 1369.385
414.4820, 174.4236, 1370.554
415.2482, 174.2114, 1371.349
416.3974, 174.2114, 1372.498
417.1635, 173.9992, 1373.293
418.3128, 173.7870, 1374.462
419.4620, 173.5748, 1375.630
420.2282, 173.3626, 1376.425
421.3774, 173.3626, 1377.575
422.1436, 173.1505, 1378.370
423.2928, 172.9383, 1379.538
424.0590, 172.7261, 1380.333
425.2082, 172.7261, 1381.482
426.3574, 172.5139, 1382.651
427.1236, 172.3017, 1383.446
428.2728, 172.3017, 1384.595
429.0390, 172.0895, 1385.390
430.1882, 171.8773, 1386.559
431.3374, 171.8773, 1387.708
432.1036, 171.6651, 1388.503
433.2529, 171.6651, 1389.653
434.0190, 171.4529, 1390.448
435.1682, 171.2407, 1391.616
435.9344, 171.2407, 1392.382
437.0836, 171.0285, 1393.551
438.2329, 171.0285, 1394.700
438.9990, 170.8163, 1395.495
440.1483, 170.8163, 1396.645
440.9144, 170.6041, 1397.439
442.0636, 170.3919, 1398.608
443.2129, 170.3919, 1399.757
443.9790, 170.1797, 1400.552
445.1283, 170.1797, 1401.702
445.8944, 169.9675, 1402.497
447.0437, 169.9675, 1403.646
448.1929, 169.7553, 1404.815
448.9591, 169.7553, 1405.581
450.1083, 169.5431, 1406.749
450.8745, 169.5431, 1407.516
452.0237, 169.3310, 1408.684
453.1729, 169.3310, 1409.833
453.9391, 169.1188, 1410.628
455.0883, 169.1188, 1411.778
455.8545, 168.9066, 1412.573
457.0037, 168.9066, 1413.722
458.1530, 168.9066, 1414.871
458.9191, 168.6944, 1415.666
460.0684, 168.6944, 1416.815
460.8345, 168.4822, 1417.610
461.9837, 168.4822, 1418.760
462.7499, 168.2700, 1419.555
463.8991, 168.2700, 1420.704
465.0484, 168.0578, 1421.872
465.8145, 168.0578, 1422.639
466.9638, 167.8456, 1423.807
467.7299, 167.8456, 1424.573
468.8792, 167.6334, 1425.742
470.0284, 167.6334, 1426.891
470.7946, 167.4212, 1427.686
471.9438, 167.4212, 1428.836
472.7099, 167.2090, 1429.631
473.8592, 167.2090, 1430.780
475.0084, 167.2090, 1431.929
475.7746, 166.9968, 1432.724
476.9238, 166.9968, 1433.873
477.6900, 166.7846, 1434.668
478.8392, 166.7846, 1435.818
479.9885, 166.5724, 1436.986
480.7546, 166.5724, 1437.752
481.9038, 166.5724, 1438.902
482.6700, 166.3602, 1439.697
483.8192, 166.3602, 1440.846
484.9685, 166.1480, 1442.015
485.7346, 166.1480, 1442.781
486.8839, 165.9358, 1443.949
487.6500, 165.9358, 1444.715
488.7993, 165.9358, 1445.865
489.9485, 165.7237, 1447.033
490.7147, 165.7237, 1447.800
491.8639, 165.5115, 1448.968
492.6300, 165.5115, 1449.734
493.7793, 165.2993, 1450.903
494.9285, 165.2993, 1452.052
495.6947, 165.2993, 1452.818
496.8439, 165.0871, 1453.987
497.6101, 165.0871, 1454.753
498.7593, 164.8749, 1455.922
499.9085, 164.8749, 1457.071
500.6747, 164.8749, 1457.837
501.8239, 164.6627, 1459.006
502.5901, 164.6627, 1459.772
503.7393, 164.4505, 1460.941
504.8886, 164.4505, 1462.090
505.6547, 164.4505, 1462.856
506.8040, 164.2383, 1464.025
507.5701, 164.2383, 1464.791
508.7194, 164.0261, 1465.960
509.8686, 164.0261, 1467.109
510.6347, 164.0261, 1467.875
511.7840, 163.8139, 1469.044
512.5501, 163.8139, 1469.810
513.6994, 163.6017, 1470.979
514.8486, 163.6017, 1472.128
515.6148, 163.6017, 1472.894
516.7640, 163.3895, 1474.063
517.5302, 163.3895, 1474.829
518.6794, 163.1773, 1475.997
519.4456, 163.1773, 1476.764
520.5948, 163.1773, 1477.913
521.7440, 162.9651, 1479.081
522.5102, 162.9651, 1479.848
523.6594, 162.7529, 1481.016
524.4256, 162.7529, 1481.782
525.5748, 162.7529, 1482.932
526.7241, 162.5407, 1484.100
527.4902, 162.5407, 1484.866
528.6395, 162.5407, 1486.016
529.4056, 162.3286, 1486.811
530.5548, 162.3286, 1487.960
531.7041, 162.3286, 1489.109
532.4702, 162.1164, 1489.904
533.6195, 162.1164, 1491.053
534.3856, 161.9042, 1491.848
535.5349, 161.9042, 1492.998
536.6841, 161.9042, 1494.147
537.4503, 161.6920, 1494.942
538.5995, 161.6920, 1496.091
539.3657, 161.6920, 1496.857
540.5149, 161.4798, 1498.026
541.6641, 161.4798, 1499.175
542.4303, 161.4798, 1499.941
543.5795, 161.2676, 1501.110
544.3457, 161.2676, 1501.876
545.4949, 161.2676, 1503.025
546.6442, 161.0554, 1504.194
547.4103, 161.0554, 1504.960
548.5596, 161.0554, 1506.109
549.3257, 160.8432, 1506.904
550.4750, 160.8432, 1508.054
551.6242, 160.8432, 1509.203
552.3904, 160.6310, 1509.998
553.5396, 160.6310, 1511.147
554.3057, 160.6310, 1511.913
555.4550, 160.4188, 1513.082
556.6042, 160.4188, 1514.231
557.3704, 160.4188, 1514.997
558.5196, 160.2066, 1516.166
559.2858, 160.2066, 1516.932
560.4350, 160.2066, 1518.081
561.5842, 159.9944, 1519.250
562.3504, 159.9944, 1520.016
563.4996, 159.9944, 1521.165
564.6489, 159.7822, 1522.334
565.4150, 159.7822, 1523.100
566.5643, 159.7822, 1524.250
567.3304, 159.7822, 1525.016
568.4797, 159.5700, 1526.184
569.6289, 159.5700, 1527.334
570.3951, 159.5700, 1528.100
571.5443, 159.3578, 1529.268
572.3104, 159.3578, 1530.035
573.4597, 159.3578, 1531.184
574.6089, 159.3578, 1532.333
575.3751, 159.1456, 1533.128
576.5243, 159.1456, 1534.277
577.2905, 159.1456, 1535.043
578.4397, 159.1456, 1536.193
579.5889, 159.1456, 1537.342
580.3551, 158.9334, 1538.137
581.5044, 158.9334, 1539.286
582.2705, 158.9334, 1540.052
583.4197, 158.9334, 1541.201
584.5690, 158.9334, 1542.351
585.3351, 158.9334, 1543.117
586.4844, 158.7212, 1544.286
587.2505, 158.7212, 1545.052
588.3998, 158.7212, 1546.201
589.5490, 158.7212, 1547.350
590.3152, 158.7212, 1548.116
591.4644, 158.7212, 1549.266
592.2306, 158.7212, 1550.032
593.3798, 158.7212, 1551.181
594.5290, 158.7212, 1552.330
595.2952, 158.5091, 1553.125
596.4444, 158.5091, 1554.274
597.2106, 158.5091, 1555.041
598.3598, 158.5091, 1556.190
599.5091, 158.5091, 1557.339
600.2752, 158.5091, 1558.105
601.4244, 158.5091, 1559.254
602.5737, 158.5091, 1560.404
603.3398, 158.5091, 1561.170
604.4891, 158.5091, 1562.319
605.2552, 158.5091, 1563.085
606.4045, 158.5091, 1564.235
607.5537, 158.5091, 1565.384
608.3199, 158.5091, 1566.150
609.4691, 158.7212, 1567.319
610.2353, 158.7212, 1568.085
611.3845, 158.7212, 1569.234
612.5337, 158.7212, 1570.383
613.2999, 158.7212, 1571.149
614.4491, 158.7212, 1572.299
615.2153, 158.7212, 1573.065
616.3645, 158.7212, 1574.214
617.5138, 158.7212, 1575.363
618.2799, 158.9334, 1576.158
619.4292, 158.9334, 1577.307
620.1953, 158.9334, 1578.074
621.3446, 158.9334, 1579.223
622.4938, 158.9334, 1580.372
623.2600, 159.1456, 1581.167
624.4092, 159.1456, 1582.316
625.1753, 159.1456, 1583.082
626.3246, 159.1456, 1584.232
627.4738, 159.1456, 1585.381
628.2400, 159.3578, 1586.176
629.3892, 159.3578, 1587.325
630.1554, 159.3578, 1588.091
631.3046, 159.5700, 1589.260
632.4538, 159.5700, 1590.409
633.2200, 159.5700, 1591.175
634.3692, 159.5700, 1592.325
635.1354, 159.7822, 1593.120
636.2846, 159.7822, 1594.269
637.4339, 159.7822, 1595.418
638.2000, 159.9944, 1596.213
639.3493, 159.9944, 1597.362
640.1154, 160.2066, 1598.157
641.2647, 160.2066, 1599.307
642.4139, 160.2066, 1600.456
643.1801, 160.4188, 1601.251
644.3293, 160.4188, 1602.400
645.0955, 160.6310, 1603.195
646.2447, 160.6310, 1604.344
647.3939, 160.6310, 1605.494
648.1601, 160.8432, 1606.289
649.3093, 160.8432, 1607.438
650.0755, 161.0554, 1608.233
651.2247, 161.0554, 1609.382
652.3740, 161.2676, 1610.551
653.1401, 161.2676, 1611.317
654.2894, 161.4798, 1612.486
655.0555, 161.4798, 1613.252
656.2047, 161.6920, 1614.420
657.3540, 161.6920, 1615.570
658.1201, 161.9042, 1616.365
659.2694, 161.9042, 1617.514
660.0355, 162.1164, 1618.309
661.1848, 162.1164, 1619.458
662.3340, 162.3286, 1620.627
663.1002, 162.3286, 1621.393
664.2494, 162.5408, 1622.562
665.0156, 162.5408, 1623.328
666.1648, 162.7529, 1624.496
666.9310, 162.9651, 1625.291
668.0802, 162.9651, 1626.441
669.2294, 163.1773, 1627.609
669.9956, 163.1773, 1628.375
671.1448, 163.3895, 1629.544
671.9110, 163.3895, 1630.310
673.0602, 163.6017, 1631.479
674.2094, 163.6017, 1632.628
674.9756, 163.8139, 1633.423
676.1248, 163.8139, 1634.572
676.8910, 164.0261, 1635.367
678.0402, 164.2383, 1636.536
679.1895, 164.2383, 1637.685
679.9556, 164.4505, 1638.480
681.1049, 164.4505, 1639.630
681.8710, 164.6627, 1640.424
683.0203, 164.6627, 1641.574
684.1695, 164.8749, 1642.742
684.9357, 165.0871, 1643.537
686.0849, 165.0871, 1644.687
686.8510, 165.2993, 1645.482
688.0003, 165.2993, 1646.631
688.7664, 165.5115, 1647.426
689.9157, 165.5115, 1648.575
691.0649, 165.7237, 1649.744
691.8311, 165.9359, 1650.539
692.9803, 165.9359, 1651.688
693.7465, 166.1481, 1652.483
694.8957, 166.1481, 1653.632
696.0449, 166.3603, 1654.801
696.8111, 166.5724, 1655.596
697.9603, 166.5724, 1656.745
698.7265, 166.7846, 1657.540
699.8757, 166.7846, 1658.689
700.6419, 166.9968, 1659.484
701.7911, 167.2090, 1660.653
702.9404, 167.2090, 1661.802
703.7065, 167.4212, 1662.597
704.8557, 167.4212, 1663.746
705.6219, 167.6334, 1664.541
706.7712, 167.8456, 1665.710
707.9204, 167.8456, 1666.859
708.6865, 168.0578, 1667.654
709.8358, 168.0578, 1668.804
710.6019, 168.2700, 1669.599
711.7512, 168.4822, 1670.767
712.9004, 168.4822, 1671.917
713.6666, 168.6944, 1672.712
714.8158, 168.6944, 1673.861
715.5820, 168.9066, 1674.656
716.7312, 169.1188, 1675.824
717.4973, 169.1188, 1676.591
718.6466, 169.3310, 1677.759
719.7958, 169.3310, 1678.908
720.5620, 169.5432, 1679.703
721.7112, 169.7553, 1680.872
722.4774, 169.7553, 1681.638
723.6266, 169.9675, 1682.807
724.7758, 170.1797, 1683.976
725.5420, 170.1797, 1684.742
726.6912, 170.3919, 1685.910
727.4574, 170.3919, 1686.677
728.6066, 170.6041, 1687.845
729.3728, 170.8163, 1688.640
730.5220, 170.8163, 1689.789
731.6713, 171.0285, 1690.958
732.4374, 171.2407, 1691.753
733.5866, 171.2407, 1692.902
734.3528, 171.4529, 1693.697
735.5020, 171.4529, 1694.847
736.6513, 171.6651, 1696.015
737.4174, 171.8773, 1696.810
738.5667, 171.8773, 1697.960
739.3328, 172.0895, 1698.754
740.4821, 172.3017, 1699.923
741.2482, 172.3017, 1700.689
742.3975, 172.5139, 1701.858
743.5467, 172.7261, 1703.027
744.3129, 172.7261, 1703.793
745.4621, 172.9383, 1704.961
746.2282, 172.9383, 1705.728
747.3775, 173.1505, 1706.896
748.5267, 173.3627, 1708.065
749.2929, 173.3627, 1708.831
750.4421, 173.5748, 1710.000
751.2083, 173.5748, 1710.766
752.3575, 173.7870, 1711.935
753.1237, 173.9992, 1712.730
754.2729, 173.9992, 1713.879
755.4221, 174.2114, 1715.047
756.1883, 174.4236, 1715.842
757.3375, 174.4236, 1716.992
758.1037, 174.6358, 1717.787
759.2529, 174.6358, 1718.936
760.4022, 174.8480, 1720.105
761.1683, 174.8480, 1720.871
762.3175, 175.0602, 1722.039
763.0837, 175.2724, 1722.834
764.2329, 175.2724, 1723.984
765.3822, 175.4846, 1725.152
766.1483, 175.4846, 1725.918
767.2976, 175.6968, 1727.087
768.0637, 175.9090, 1727.882
769.2130, 175.9090, 1729.031
769.9791, 176.1212, 1729.826
771.1283, 176.3334, 1730.995
772.2776, 176.3334, 1732.144
773.0437, 176.5456, 1732.939
774.1930, 176.5456, 1734.089
774.9591, 176.7578, 1734.883
776.1084, 176.9700, 1736.052
777.2576, 176.9700, 1737.201
778.0238, 177.1822, 1737.996
779.1730, 177.1822, 1739.146
779.9392, 177.3943, 1739.941
781.0884, 177.6065, 1741.109
781.8546, 177.6065, 1741.875
783.0038, 177.8187, 1743.044
784.1530, 177.8187, 1744.193
784.9192, 178.0309, 1744.988
786.0684, 178.2431, 1746.157
786.8346, 178.2431, 1746.923
787.9838, 178.4553, 1748.092
789.1330, 178.4553, 1749.241
789.8992, 178.6675, 1750.036
791.0484, 178.6675, 1751.185
791.8146, 178.8797, 1751.980
792.9638, 179.0919, 1753.149
794.1131, 179.0919, 1754.298
794.8792, 179.3041, 1755.093
796.0285, 179.3041, 1756.242
796.7946, 179.5163, 1757.037
797.9438, 179.5163, 1758.187
798.7100, 179.7285, 1758.982
799.8592, 179.9407, 1760.150
801.0085, 179.9407, 1761.300
801.7746, 180.1529, 1762.095
802.9239, 180.1529, 1763.244
803.6900, 180.3651, 1764.039
804.8392, 180.3651, 1765.188
805.9885, 180.5773, 1766.357
806.7546, 180.5773, 1767.123
807.9039, 180.7894, 1768.291
808.6700, 181.0017, 1769.086
809.8193, 181.0017, 1770.236
810.9685, 181.2138, 1771.404
811.7347, 181.2138, 1772.171
812.8839, 181.4260, 1773.339
813.6500, 181.4260, 1774.105
814.7993, 181.6382, 1775.274
815.9485, 181.6382, 1776.423
816.7147, 181.8504, 1777.218
817.8639, 181.8504, 1778.367
818.6301, 182.0626, 1779.163
819.7793, 182.0626, 1780.312
820.5455, 182.0626, 1781.078
821.6947, 182.2748, 1782.247
822.8439, 182.2748, 1783.396
823.6101, 182.4870, 1784.191
824.7593, 182.4870, 1785.340
825.5255, 182.4870, 1786.106
826.6747, 182.6992, 1787.275
827.8239, 182.6992, 1788.424
828.5901, 182.9114, 1789.219
829.7393, 182.9114, 1790.368
830.5055, 182.9114, 1791.134
831.6547, 183.1236, 1792.303
832.8040, 183.1236, 1793.452
833.5701, 183.1236, 1794.218
834.7194, 183.1236, 1795.368
835.4855, 183.3358, 1796.163
836.6348, 183.3358, 1797.312
837.7840, 183.3358, 1798.461
838.5501, 183.3358, 1799.227
839.6994, 183.3358, 1800.377
840.8486, 183.5480, 1801.545
841.6148, 183.5480, 1802.311
842.7640, 183.5480, 1803.461
843.5302, 183.5480, 1804.227
844.6794, 183.5480, 1805.376
845.8286, 183.5480, 1806.525
846.5948, 183.5480, 1807.291
847.7440, 183.5480, 1808.441
848.5102, 183.5480, 1809.207
849.6594, 183.5480, 1810.356
850.8086, 183.5480, 1811.505
851.5748, 183.3358, 1812.300
852.7240, 183.3358, 1813.449
853.4902, 183.3358, 1814.216
854.6394, 183.3358, 1815.365
855.7887, 183.1236, 1816.534
856.5548, 183.1236, 1817.300
857.7041, 183.1236, 1818.449
858.4702, 182.9114, 1819.244
859.6194, 182.9114, 1820.393
860.7687, 182.6992, 1821.562
861.5348, 182.6992, 1822.328
862.6841, 182.4870, 1823.497
863.4502, 182.2748, 1824.292
864.5995, 182.2748, 1825.441
865.3656, 182.0626, 1826.236
866.5149, 181.8504, 1827.405
867.6641, 181.6382, 1828.573
868.4302, 181.4260, 1829.368
869.5795, 181.2138, 1830.537
870.3456, 181.0017, 1831.332
871.4949, 180.7894, 1832.501
872.2610, 180.5773, 1833.296
873.4103, 180.3651, 1834.464
874.1764, 180.1529, 1835.259
875.3256, 179.9407, 1836.428
876.0918, 179.7285, 1837.223
877.2410, 179.5163, 1838.391
878.3903, 179.0919, 1839.617
879.1564, 178.8797, 1840.412
879.9226, 178.4553, 1841.287
881.0718, 178.2431, 1842.456
881.8380, 177.8187, 1843.332
882.9872, 177.6065, 1844.501
883.7534, 177.1822, 1845.376
884.9026, 176.9700, 1846.545
885.6688, 176.5456, 1847.421
886.8180, 176.1212, 1848.646
887.5842, 175.6968, 1849.522
888.3503, 175.2724, 1850.398
889.4996, 174.8480, 1851.623
890.2657, 174.6358, 1852.418
891.4149, 174.2114, 1853.643
892.1811, 173.5748, 1854.639
892.9473, 173.1505, 1855.515
894.0965, 172.7261, 1856.740
894.8627, 172.3017, 1857.616
895.6288, 171.8773, 1858.492
896.3950, 171.2407, 1859.488
897.5442, 170.8163, 1860.713
898.3104, 170.3919, 1861.589
899.0765, 169.7554, 1862.585
899.8427, 169.3310, 1863.461
900.9919, 168.6944, 1864.774
901.7581, 168.0578, 1865.771
902.5242, 167.6334, 1866.646
903.2904, 166.9968, 1867.642
904.0566, 166.3603, 1868.639
904.8227, 165.7237, 1869.635
905.5889, 165.2993, 1870.511
906.3550, 164.6627, 1871.507
907.1212, 164.0261, 1872.503
907.8873, 163.3895, 1873.499
908.6535, 162.7529, 1874.495
909.8027, 162.1164, 1875.809
910.1858, 161.4798, 1876.552
910.9520, 160.8432, 1877.548
911.7181, 160.2066, 1878.544
912.4843, 159.3579, 1879.687
913.2504, 158.7213, 1880.683
914.0166, 158.0847, 1881.680
914.7827, 157.4481, 1882.676
915.5489, 156.5993, 1883.819
916.3151, 155.9627, 1884.815
916.6982, 155.1140, 1885.746
917.4643, 154.4774, 1886.742
918.2305, 153.6286, 1887.886
918.9966, 152.9920, 1888.882
919.3797, 152.1432, 1889.813
920.1459, 151.5067, 1890.809
920.9120, 150.6579, 1891.953
921.2951, 150.0213, 1892.696
922.0613, 149.1725, 1893.839
922.8274, 148.3237, 1894.983
923.2105, 147.4750, 1895.914
923.9766, 146.8384, 1896.910
924.7428, 145.9896, 1898.053
925.1259, 145.1408, 1898.985
925.8921, 144.2921, 1900.128
926.2751, 143.6555, 1900.871
927.0413, 142.8067, 1902.014
927.4244, 141.9579, 1902.946
928.1905, 141.1091, 1904.089
928.5736, 140.2604, 1905.020
929.3398, 139.4116, 1906.164
929.7228, 138.5628, 1907.095
930.4890, 137.7140, 1908.238
930.8721, 137.0775, 1908.981
931.6382, 136.2287, 1910.125
932.0213, 135.3799, 1911.056
932.4044, 134.5311, 1911.987
933.1706, 133.6824, 1913.131
933.5536, 132.8336, 1914.062
934.3198, 131.9848, 1915.205
934.7029, 131.1360, 1916.136
935.0860, 130.2873, 1917.068
935.8521, 129.2263, 1918.376
936.2352, 128.3775, 1919.308
936.6183, 127.5287, 1920.239
937.3844, 126.6800, 1921.382
937.7675, 125.8312, 1922.313
938.1506, 124.9824, 1923.245
938.9168, 124.1336, 1924.388
939.2998, 123.2848, 1925.319
939.6829, 122.4361, 1926.250
940.4491, 121.5873, 1927.394
940.8322, 120.7385, 1928.325
941.2152, 119.8897, 1929.256
941.9814, 119.0410, 1930.400
942.3645, 118.1922, 1931.331
942.7476, 117.1312, 1932.459
943.5137, 116.2824, 1933.602
943.8968, 115.4337, 1934.534
944.2799, 114.5849, 1935.465
944.6630, 113.7361, 1936.396
945.4291, 112.8873, 1937.540
945.8122, 112.0386, 1938.471
946.1953, 111.1898, 1939.402
946.9614, 110.3410, 1940.545
947.3445, 109.2800, 1941.673
947.7276, 108.4313, 1942.605
948.1107, 107.5825, 1943.536
948.8768, 106.7337, 1944.679
949.2599, 105.8849, 1945.610
949.6430, 105.0362, 1946.542
950.4092, 104.1874, 1947.685
950.7922, 103.3386, 1948.616
951.1753, 102.2776, 1949.744
951.5584, 101.4288, 1950.676
952.3246, 100.5801, 1951.819
952.7076, 99.7313, 1952.750
953.0907, 98.8825, 1953.681
953.4738, 98.0337, 1954.613
954.2400, 97.1850, 1955.756
954.6231, 96.1240, 1956.884
955.0061, 95.2752, 1957.815
955.3892, 94.4264, 1958.747
956.1554, 93.5777, 1959.890
956.5385, 92.7289, 1960.821
956.9215, 91.8801, 1961.752
957.3046, 91.0313, 1962.684
958.0708, 89.9704, 1963.992
958.4539, 89.1216, 1964.924
958.8370, 88.2728, 1965.855
959.2200, 87.4240, 1966.786
959.9862, 86.5753, 1967.929
960.3693, 85.5143, 1969.057
960.7523, 84.6655, 1969.989
961.1354, 83.8167, 1970.920
961.5185, 82.9680, 1971.851
962.2847, 82.1192, 1972.995
962.6678, 81.2704, 1973.926
963.0508, 80.2094, 1975.054
963.4339, 79.3607, 1975.985
964.2001, 78.5119, 1977.128
964.5832, 77.6631, 1978.060
964.9662, 76.8143, 1978.991
965.3493, 75.7534, 1980.119
965.7324, 74.9046, 1981.050
966.4986, 74.0558, 1982.194
966.8817, 73.2070, 1983.125
967.2647, 72.3582, 1984.056
967.6478, 71.2973, 1985.184
968.0309, 70.4485, 1986.115
968.4140, 69.5997, 1987.047
969.1801, 68.7510, 1988.190
969.5632, 67.9022, 1989.121
969.9463, 66.8412, 1990.249
970.3294, 65.9924, 1991.180
970.7125, 65.1436, 1992.112
971.4786, 64.2949, 1993.255
971.8617, 63.2339, 1994.383
972.2448, 62.3851, 1995.314
972.6279, 61.5363, 1996.246
973.0110, 60.6876, 1997.177
973.3940, 59.6266, 1998.305
973.7771, 58.7778, 1999.236
974.5433, 57.9290, 2000.379
974.9264, 57.0803, 2001.311
975.3094, 56.0193, 2002.439
975.6925, 55.1705, 2003.370
976.0756, 54.3218, 2004.301
976.4587, 53.2608, 2005.429
976.8418, 52.4120, 2006.360
977.2249, 51.5632, 2007.292
977.6079, 50.5022, 2008.420
977.9910, 49.6535, 2009.351
978.3741, 48.8047, 2010.282
978.7572, 47.7437, 2011.410
979.1403, 46.8950, 2012.341
979.5234, 46.0462, 2013.272
979.9064, 44.9852, 2014.400
980.2895, 44.1364, 2015.332
980.6726, 43.0755, 2016.460
981.0557, 42.2267, 2017.391
981.4388, 41.3779, 2018.322
981.8219, 40.3169, 2019.450
982.2049, 39.4682, 2020.381
982.2049, 38.4072, 2021.442
982.5880, 37.5584, 2022.374
982.9711, 36.4974, 2023.502
983.3542, 35.6487, 2024.433
983.3542, 34.5877, 2025.494
983.7373, 33.5267, 2026.622
984.1203, 32.6780, 2027.553
984.1203, 31.6170, 2028.614
984.5034, 30.7682, 2029.545
984.8865, 29.7072, 2030.673
984.8865, 28.6463, 2031.734
985.2696, 27.7975, 2032.665
985.2696, 26.7365, 2033.726
985.2696, 25.6755, 2034.787
985.6527, 24.8268, 2035.719
985.6527, 23.7658, 2036.780
985.6527, 22.7048, 2037.841
986.0358, 21.8560, 2038.772
986.0358, 20.7951, 2039.833
986.0358, 19.7341, 2040.894
986.0358, 18.6731, 2041.955
986.0358, 17.8244, 2042.803
986.0358, 16.7634, 2043.864
986.0358, 15.7024, 2044.925
986.0358, 14.6414, 2045.986
986.0358, 13.7927, 2046.835
986.0358, 12.7317, 2047.896
986.0358, 11.6707, 2048.957
986.0358, 10.8219, 2049.806
986.0358, 9.7610, 2050.867
985.6527, 8.7000, 2051.995
985.6527, 7.6390, 2053.056
985.6527, 6.7903, 2053.905
985.2696, 5.7293, 2055.033
985.2696, 4.6683, 2056.094
984.8865, 3.8195, 2057.025
984.8865, 2.7586, 2058.086
984.5034, 1.9098, 2059.017
984.5034, 0.8488, 2060.078
984.1203, -0.2122, 2061.206
983.7373, -1.0609, 2062.137
983.3542, -2.1219, 2063.265
983.3542, -2.9707, 2064.114
982.9711, -4.0316, 2065.242
982.5880, -4.8804, 2066.173
982.2049, -5.9414, 2067.301
981.8218, -6.7902, 2068.232
981.4388, -7.8511, 2069.360
981.0557, -8.6999, 2070.292
980.6726, -9.5487, 2071.223
980.2895, -10.6097, 2072.351
979.9064, -11.4584, 2073.282
979.5233, -12.3072, 2074.213
979.1403, -13.3682, 2075.341
978.7572, -14.2170, 2076.273
978.3741, -15.0657, 2077.204
977.9910, -15.9145, 2078.135
977.2248, -16.7633, 2079.278
976.8418, -17.8243, 2080.406
976.4587, -18.6730, 2081.338
976.0756, -19.5218, 2082.269
975.3094, -20.3706, 2083.412
974.9263, -21.2194, 2084.344
974.5432, -22.0681, 2085.275
973.7771, -22.9169, 2086.418
973.3940, -23.7657, 2087.349
973.0109, -24.6145, 2088.281
972.2447, -25.4632, 2089.424
971.8617, -26.3120, 2090.355
971.0955, -27.1608, 2091.499
970.7124, -28.0096, 2092.430
970.3293, -28.8584, 2093.361
969.5631, -29.7071, 2094.505
969.1801, -30.5559, 2095.436
968.7970, -31.4047, 2096.367
968.0308, -32.2535, 2097.511
967.6477, -33.1022, 2098.442
966.8815, -33.9510, 2099.585
966.4985, -34.7998, 2100.516
965.7323, -35.6486, 2101.660
965.3492, -36.4973, 2102.591
964.9661, -37.3461, 2103.522
964.2000, -38.1949, 2104.666
963.8169, -39.0437, 2105.597
963.0507, -39.8924, 2106.740
962.6676, -40.7412, 2107.672
961.9014, -41.5900, 2108.815
961.5184, -42.4388, 2109.746
961.1353, -43.2876, 2110.678
960.3691, -44.1363, 2111.821
959.9860, -44.9851, 2112.752
959.2199, -45.8339, 2113.896
958.8368, -46.6827, 2114.827
958.0706, -47.5314, 2115.970
957.6875, -48.3802, 2116.901
957.3044, -49.2290, 2117.833
956.5383, -49.8656, 2118.829
956.1552, -50.7144, 2119.760
955.3890, -51.5631, 2120.903
955.0059, -52.4119, 2121.835
954.2397, -53.2607, 2122.978
953.8567, -54.1095, 2123.909
953.0905, -54.9582, 2125.053
952.7074, -55.8070, 2125.984
951.9412, -56.6558, 2127.127
951.5582, -57.5046, 2128.059
951.1751, -58.3533, 2128.990
950.4089, -59.2021, 2130.133
950.0258, -60.0509, 2131.065
949.2596, -60.8997, 2132.208
948.8766, -61.7484, 2133.139
948.1104, -62.3850, 2134.135
947.7273, -63.2338, 2135.067
946.9611, -64.0826, 2136.210
946.5780, -64.9314, 2137.141
946.1950, -65.7801, 2138.072
945.4288, -66.6289, 2139.216
945.0457, -67.4777, 2140.147
944.2795, -68.3265, 2141.291
943.8964, -69.1752, 2142.222
943.1303, -70.0240, 2143.365
942.7472, -70.8728, 2144.296
942.3641, -71.7216, 2145.228
941.5979, -72.5704, 2146.371
941.2148, -73.4191, 2147.302
940.4487, -74.2679, 2148.446
940.0656, -75.1167, 2149.377
939.2994, -75.9655, 2150.520
938.9163, -76.8142, 2151.452
938.5332, -77.6630, 2152.383
937.7671, -78.5118, 2153.526
937.3840, -79.3606, 2154.457
936.6178, -80.2093, 2155.601
936.2347, -81.0581, 2156.532
935.8516, -81.9069, 2157.463
935.0855, -82.7557, 2158.607
934.7024, -83.6044, 2159.538
933.9362, -84.2410, 2160.534
933.5531, -85.0898, 2161.465
932.7870, -85.9386, 2162.609
932.4039, -86.7874, 2163.540
932.0208, -87.6361, 2164.471
931.2546, -88.4849, 2165.615
930.8715, -89.3337, 2166.546
930.1054, -90.1825, 2167.689
929.7223, -91.0312, 2168.620
929.3392, -91.8800, 2169.552
928.5730, -92.7288, 2170.695
928.1899, -93.5776, 2171.626
927.4238, -94.4263, 2172.770
927.0407, -95.2751, 2173.701
926.6576, -96.1239, 2174.632
925.8914, -96.9727, 2175.776
925.5083, -97.8215, 2176.707
924.7422, -98.6702, 2177.850
924.3591, -99.5190, 2178.782
923.9760, -100.3678, 2179.713
923.2098, -101.2166, 2180.856
922.8267, -102.0653, 2181.787
922.0606, -102.9141, 2182.931
921.6775, -103.7629, 2183.862
921.2944, -104.6117, 2184.793
920.5282, -105.4604, 2185.937
920.1451, -106.3092, 2186.868
919.3789, -107.1580, 2188.011
918.9959, -108.0068, 2188.943
918.6128, -108.8555, 2189.874
917.8466, -109.7043, 2191.017
917.4635, -110.5531, 2191.949
916.6973, -111.4019, 2193.092
916.3143, -112.2507, 2194.023
915.9312, -113.0994, 2194.954
915.1650, -113.9482, 2196.098
914.7819, -114.7970, 2197.029
914.0157, -115.6458, 2198.173
913.6326, -116.4945, 2199.104
912.8665, -117.3433, 2200.247
912.4834, -118.1921, 2201.178
912.1003, -119.0409, 2202.110
911.3341, -119.8897, 2203.253
910.9510, -120.7384, 2204.184
910.1848, -121.5872, 2205.328
909.8018, -122.2238, 2206.071
909.0356, -123.0726, 2207.214
908.6525, -123.9213, 2208.145
907.8863, -124.7701, 2209.289
907.5032, -125.6189, 2210.220
906.7371, -126.4677, 2211.363
906.3540, -127.3164, 2212.295
905.5878, -128.1652, 2213.438
905.2047, -129.0140, 2214.369
904.4385, -129.6506, 2215.365
904.0555, -130.4994, 2216.297
903.2893, -131.3481, 2217.440
902.9062, -132.1969, 2218.371
902.1400, -133.0457, 2219.515
901.7569, -133.6823, 2220.258
900.9908, -134.5310, 2221.401
900.2246, -135.3798, 2222.545
899.8415, -136.2286, 2223.476
899.0753, -136.8652, 2224.472
898.3092, -137.7140, 2225.615
897.9261, -138.5627, 2226.547
897.1599, -139.1993, 2227.543
896.3937, -140.0481, 2228.686
896.0106, -140.6847, 2229.429
895.2445, -141.5334, 2230.572
894.4783, -142.1700, 2231.569
893.7121, -143.0188, 2232.712
893.3290, -143.6554, 2233.455
892.5628, -144.5042, 2234.599
891.7967, -145.1407, 2235.595
891.0305, -145.7773, 2236.591
890.2643, -146.6261, 2237.734
889.4981, -147.2627, 2238.730
888.7320, -147.8993, 2239.726
887.9658, -148.5359, 2240.723
887.1996, -149.1724, 2241.719
886.4334, -149.8090, 2242.715
885.6672, -150.4456, 2243.711
884.9011, -151.0822, 2244.707
884.1349, -151.7188, 2245.703
883.3687, -152.3553, 2246.699
882.6025, -152.9919, 2247.695
881.8364, -153.6285, 2248.691
881.0702, -154.0529, 2249.567
880.3040, -154.6895, 2250.564
879.1548, -155.1139, 2251.789
878.3886, -155.7505, 2252.785
877.6224, -156.1748, 2253.661
876.8562, -156.8114, 2254.657
875.7070, -157.2358, 2255.882
874.9408, -157.6602, 2256.758
874.1746, -158.0846, 2257.634
873.0254, -158.5090, 2258.859
872.2592, -158.9334, 2259.735
871.4930, -159.3578, 2260.610
870.3437, -159.5700, 2261.779
869.5776, -159.9943, 2262.655
868.4283, -160.4187, 2263.880
867.6621, -160.6309, 2264.675
866.5128, -161.0553, 2265.900
865.7467, -161.2675, 2266.695
864.5974, -161.4797, 2267.864
863.8312, -161.6919, 2268.659
862.6820, -161.9041, 2269.828
861.9158, -162.1163, 2270.623
860.7665, -162.3285, 2271.791
860.0004, -162.5407, 2272.586
858.8511, -162.7529, 2273.755
857.7018, -162.7529, 2274.904
856.9356, -162.9651, 2275.699
855.7864, -162.9651, 2276.849
855.0202, -163.1772, 2277.644
853.8709, -163.1772, 2278.793
852.7217, -163.1772, 2279.942
851.9555, -163.1772, 2280.708
850.8062, -163.1772, 2281.858
850.0401, -163.3895, 2282.653
848.8908, -163.1772, 2283.821
847.7415, -163.1772, 2284.971
846.9754, -163.1772, 2285.737
845.8261, -163.1772, 2286.886
845.0599, -163.1772, 2287.652
843.9106, -162.9651, 2288.821
842.7614, -162.9651, 2289.970
841.9952, -162.7529, 2290.765
840.8459, -162.7529, 2291.914
840.0798, -162.5407, 2292.709
838.9305, -162.5407, 2293.859
837.7812, -162.3285, 2295.027
837.0151, -162.1163, 2295.822
835.8658, -161.9041, 2296.991
835.0996, -161.9041, 2297.757
833.9503, -161.6919, 2298.926
833.1842, -161.4797, 2299.721
832.0349, -161.2675, 2300.890
830.8856, -161.2675, 2302.039
830.1195, -161.0553, 2302.834
828.9702, -160.8431, 2304.003
828.2040, -160.6309, 2304.798
827.0548, -160.4187, 2305.966
826.2886, -160.2065, 2306.761
825.1393, -159.9943, 2307.930
823.9901, -159.9943, 2309.079
823.2239, -159.7822, 2309.874
822.0746, -159.5700, 2311.043
821.3084, -159.3578, 2311.838
820.1592, -159.1456, 2313.007
819.3930, -158.9334, 2313.802
818.2437, -158.7212, 2314.970
817.4776, -158.5090, 2315.765
816.3283, -158.2968, 2316.934
815.1790, -158.0846, 2318.103
814.4129, -157.8724, 2318.898
813.2636, -157.6602, 2320.067
812.4974, -157.4480, 2320.862
811.3482, -157.2358, 2322.030
810.5820, -157.0236, 2322.825
809.4327, -156.8114, 2323.994
808.6665, -156.5992, 2324.789
807.5173, -156.3870, 2325.958
806.7511, -156.1748, 2326.753
805.6018, -155.9626, 2327.921
804.4526, -155.7505, 2329.090
803.6864, -155.5383, 2329.885
802.5371, -155.3261, 2331.054
801.7709, -155.1139, 2331.849
800.6217, -154.9017, 2333.017
799.8555, -154.6895, 2333.812
798.7062, -154.4773, 2334.981
797.9401, -154.2651, 2335.776
796.7908, -154.0529, 2336.945
796.0246, -153.8407, 2337.740
794.8754, -153.6285, 2338.909
793.7261, -153.4163, 2340.077
792.9599, -153.2041, 2340.872
791.8107, -152.9919, 2342.041
791.0445, -152.7797, 2342.836
789.8952, -152.5675, 2344.005
789.1291, -152.3553, 2344.800
787.9798, -152.1432, 2345.968
787.2136, -151.9310, 2346.763
786.0643, -151.7188, 2347.932
785.2982, -151.5066, 2348.727
784.1489, -151.2944, 2349.896
782.9996, -151.0822, 2351.065
782.2335, -150.6578, 2351.940
781.0842, -150.4456, 2353.109
780.3180, -150.2334, 2353.904
779.1688, -150.0212, 2355.073
778.4026, -149.8090, 2355.868
777.2533, -149.5968, 2357.036
776.4871, -149.3846, 2357.832
775.3379, -149.1724, 2359.000
774.5717, -148.9602, 2359.795
773.4224, -148.7481, 2360.964
772.2732, -148.5359, 2362.133
771.5070, -148.3237, 2362.928
770.3577, -148.1115, 2364.096
769.5916, -147.8993, 2364.891
768.4423, -147.6871, 2366.060
767.6761, -147.4749, 2366.855
766.5269, -147.2627, 2368.024
765.7607, -147.0505, 2368.819
764.6114, -146.8383, 2369.987
763.8452, -146.6261, 2370.782
762.6960, -146.4139, 2371.951
761.9298, -146.2017, 2372.746
760.7805, -145.9895, 2373.915
759.6313, -145.5651, 2375.140
758.8651, -145.3529, 2375.935
757.7158, -145.1407, 2377.104
756.9497, -144.9286, 2377.899
755.8004, -144.7164, 2379.067
755.0342, -144.5042, 2379.862
753.8850, -144.2920, 2381.031
753.1188, -144.0798, 2381.826
751.9695, -143.8676, 2382.995
751.2034, -143.6554, 2383.790
750.0541, -143.4432, 2384.958
748.9048, -143.2310, 2386.127
748.1386, -143.0188, 2386.922
746.9894, -142.8066, 2388.091
746.2232, -142.5944, 2388.886
745.0739, -142.3822, 2390.055
744.3078, -142.1700, 2390.850
743.1585, -141.9578, 2392.018
742.3923, -141.7456, 2392.813
741.2431, -141.5334, 2393.982
740.4769, -141.3212, 2394.777
739.3276, -141.1091, 2395.946
738.1784, -140.8969, 2397.114
737.4122, -140.6847, 2397.909
736.2629, -140.4725, 2399.078
735.4968, -140.2603, 2399.873
734.3475, -140.0481, 2401.042
733.5813, -139.8359, 2401.837
732.4321, -139.6237, 2403.005
731.6659, -139.4115, 2403.800
730.5166, -139.1993, 2404.969
729.3674, -138.9871, 2406.138
728.6012, -138.7749, 2406.933
727.4519, -138.5627, 2408.102
726.6857, -138.3505, 2408.897
725.5365, -138.1383, 2410.065
724.7703, -137.9261, 2410.860
723.6210, -137.7140, 2412.029
722.8549, -137.5018, 2412.824
721.7056, -137.2896, 2413.993
720.5563, -137.2896, 2415.142
719.7902, -137.0774, 2415.937
718.6409, -136.8652, 2417.106
717.8747, -136.6530, 2417.901
716.7255, -136.4408, 2419.069
715.9593, -136.2286, 2419.864
714.8100, -136.0164, 2421.033
714.0439, -135.8042, 2421.828
712.8946, -135.5920, 2422.997
711.7453, -135.3798, 2424.165
710.9792, -135.1676, 2424.960
709.8299, -134.9554, 2426.129
709.0637, -134.7432, 2426.924
707.9145, -134.5310, 2428.093
707.1483, -134.5310, 2428.859
705.9990, -134.3188, 2430.028
705.2328, -134.1067, 2430.823
704.0836, -133.8945, 2431.991
702.9343, -133.6823, 2433.160
702.1681, -133.4701, 2433.955
701.0189, -133.2579, 2435.124
700.2527, -133.0457, 2435.919
699.1034, -132.8335, 2437.088
698.3373, -132.6213, 2437.882
697.1880, -132.4091, 2439.051
696.4218, -132.1969, 2439.846
695.2726, -131.9847, 2441.015
694.1233, -131.7725, 2442.184
693.3571, -131.5603, 2442.979
692.2079, -131.3481, 2444.147
691.4417, -131.1359, 2444.942
690.2924, -130.9237, 2446.111
689.5263, -130.9237, 2446.877
688.3770, -130.7115, 2448.046
687.6108, -130.4993, 2448.841
686.4616, -130.2871, 2450.010
685.6954, -130.0750, 2450.805
684.5461, -129.8628, 2451.973
683.3969, -129.6506, 2453.142
682.6307, -129.4384, 2453.937
681.4814, -129.2262, 2455.106
680.7153, -129.0140, 2455.901
679.5660, -128.8018, 2457.069
678.7998, -128.5896, 2457.864
677.6506, -128.3774, 2459.033
676.8844, -128.1652, 2459.828
675.7351, -127.9530, 2460.997
674.5859, -127.7408, 2462.165
673.8197, -127.5286, 2462.960
672.6704, -127.3164, 2464.129
671.9043, -127.1042, 2464.924
670.7550, -126.8920, 2466.093
669.9888, -126.6799, 2466.888
668.8396, -126.4677, 2468.056
668.0734, -126.2555, 2468.852
666.9241, -126.0433, 2470.020
665.7749, -125.8311, 2471.189
665.0087, -125.6189, 2471.984
663.8594, -125.4067, 2473.153
663.0933, -125.1945, 2473.948
661.9440, -124.9823, 2475.116
661.1778, -124.7701, 2475.911
660.0285, -124.5579, 2477.080
659.2624, -124.3457, 2477.875
658.1131, -124.1335, 2479.044
657.3469, -123.9213, 2479.839
656.1977, -123.7091, 2481.007
655.0484, -123.4969, 2482.176
654.2822, -123.4969, 2482.942
653.1330, -123.2847, 2484.111
652.3668, -123.0726, 2484.906
651.2175, -122.8604, 2486.075
650.4514, -122.6482, 2486.870
649.3021, -122.4360, 2488.038
648.5359, -122.2238, 2488.833
647.3867, -122.0116, 2490.002
646.2374, -121.7994, 2491.171
645.4712, -121.5872, 2491.966
644.3220, -121.3750, 2493.134
643.5558, -121.1628, 2493.929
642.4065, -120.9506, 2495.098
641.6404, -120.7384, 2495.893
640.4911, -120.5262, 2497.062
639.7249, -120.3140, 2497.857
638.5757, -120.1018, 2499.026
637.4264, -119.8896, 2500.194
636.6602, -119.6774, 2500.989
635.5110, -119.4652, 2502.158
634.7448, -119.2531, 2502.953
633.5955, -119.2531, 2504.102
632.8294, -119.0409, 2504.897
631.6801, -118.8287, 2506.066
630.9139, -118.6165, 2506.861
629.7647, -118.4043, 2508.030
628.6154, -118.1921, 2509.198
627.8492, -117.9799, 2509.993
626.7000, -117.7677, 2511.162
625.9338, -117.5555, 2511.957
624.7845, -117.3433, 2513.126
624.0184, -117.1311, 2513.921
622.8691, -116.9189, 2515.089
622.1029, -116.9189, 2515.856
620.9537, -116.7067, 2517.024
619.8044, -116.4945, 2518.193
619.0382, -116.2823, 2518.988
617.8890, -116.0701, 2520.157
617.1228, -115.8580, 2520.952
615.9735, -115.6458, 2522.120
615.2074, -115.6458, 2522.886
614.0581, -115.4336, 2524.055
612.9089, -115.2214, 2525.224
612.1427, -115.0092, 2526.019
610.9934, -114.7970, 2527.188
610.2272, -114.7970, 2527.954
609.0780, -114.5848, 2529.122
608.3118, -114.3726, 2529.917
607.1626, -114.3726, 2531.067
606.0133, -114.1604, 2532.235
605.2471, -113.9482, 2533.030
604.0978, -113.9482, 2534.180
603.3317, -113.7360, 2534.975
602.1824, -113.5238, 2536.143
601.0332, -113.5238, 2537.293
600.2670, -113.3116, 2538.088
599.1177, -113.3116, 2539.237
598.3515, -113.3116, 2540.003
597.2023, -113.0994, 2541.172
596.4361, -113.0994, 2541.938
595.2868, -112.8872, 2543.107
594.1376, -112.8872, 2544.256
593.3714, -112.8872, 2545.022
592.2222, -112.8872, 2546.171
591.0729, -112.8872, 2547.321
590.3067, -112.6750, 2548.116
589.1575, -112.6750, 2549.265
588.3913, -112.6750, 2550.031
587.2420, -112.6750, 2551.180
586.0928, -112.6750, 2552.330
585.3266, -112.6750, 2553.096
584.1773, -112.8872, 2554.264
583.4112, -112.8872, 2555.031
582.2619, -112.8872, 2556.180
581.1126, -113.0994, 2557.349
580.3465, -113.0994, 2558.115
579.1972, -113.3116, 2559.283
578.4310, -113.3116, 2560.050
577.2818, -113.5238, 2561.218
576.1325, -113.5238, 2562.368
575.3663, -113.7360, 2563.163
574.2171, -113.9482, 2564.331
573.4509, -114.1604, 2565.126
572.3016, -114.3726, 2566.295
571.5355, -114.5848, 2567.090
570.3862, -114.7970, 2568.259
569.6200, -115.0092, 2569.054
568.4708, -115.2214, 2570.222
567.7046, -115.6458, 2571.098
566.5553, -115.8580, 2572.267
565.7892, -116.0701, 2573.062
564.6399, -116.4945, 2574.287
563.8737, -116.9189, 2575.163
562.7245, -117.1311, 2576.332
561.9583, -117.5555, 2577.207
560.8090, -117.9799, 2578.433
560.0429, -118.4043, 2579.308
559.2767, -118.8287, 2580.184
558.1274, -119.2531, 2581.409
557.3613, -119.6774, 2582.285
556.5951, -120.3140, 2583.281
555.8289, -120.7384, 2584.157
554.6797, -121.1628, 2585.382
553.9135, -121.7994, 2586.378
553.1473, -122.2238, 2587.254
552.3811, -122.8603, 2588.250
551.6150, -123.2847, 2589.126
550.4657, -123.9213, 2590.440
549.6995, -124.5579, 2591.436
548.9333, -125.1945, 2592.432
548.1672, -125.8311, 2593.428
547.4010, -126.4677, 2594.425
546.6348, -127.1042, 2595.421
545.8686, -127.7408, 2596.417
545.1025, -128.3774, 2597.413
544.3363, -129.0140, 2598.409
543.5701, -129.6506, 2599.405
543.1870, -130.4993, 2600.336
542.4209, -131.1359, 2601.332
541.6547, -131.7725, 2602.329
540.8885, -132.6213, 2603.472
540.1223, -133.2579, 2604.468
539.7392, -134.1066, 2605.399
538.9731, -134.7432, 2606.395
538.2069, -135.5920, 2607.539
537.4407, -136.4408, 2608.682
537.0576, -137.0774, 2609.425
536.2915, -137.9261, 2610.569
535.9084, -138.7749, 2611.500
535.1422, -139.6237, 2612.643
534.7591, -140.2603, 2613.386
533.9929, -141.1090, 2614.530
533.6098, -141.9578, 2615.461
532.8437, -142.8066, 2616.604
532.4606, -143.6554, 2617.536
531.6944, -144.5042, 2618.679
531.3113, -145.3529, 2619.610
530.5451, -146.2017, 2620.754
530.1621, -147.0505, 2621.685
529.7790, -147.8993, 2622.616
529.0128, -148.7480, 2623.760
528.6297, -149.5968, 2624.691
528.2466, -150.4456, 2625.622
527.8635, -151.5066, 2626.750
527.0974, -152.3553, 2627.894
526.7143, -153.2041, 2628.825
526.3312, -154.0529, 2629.756
525.9481, -154.9017, 2630.687
525.1819, -155.7505, 2631.831
524.7988, -156.5992, 2632.762
524.4157, -157.6602, 2633.890
524.0326, -158.5090, 2634.821
523.2665, -159.3578, 2635.965
522.8834, -160.2065, 2636.896
522.5003, -161.0553, 2637.827
522.1172, -162.1163, 2638.955
521.7341, -162.9650, 2639.886
520.9679, -163.8138, 2641.030
520.5848, -164.6626, 2641.961
520.2018, -165.5114, 2642.892
519.8187, -166.5724, 2644.020
519.4356, -167.4211, 2644.951
518.6694, -168.2699, 2646.095
518.2863, -169.1187, 2647.026
517.9032, -169.9675, 2647.957
517.5201, -171.0284, 2649.085
517.1371, -171.8772, 2650.016
516.3709, -172.7260, 2651.160
515.9878, -173.5748, 2652.091
515.6047, -174.6357, 2653.219
515.2216, -175.4845, 2654.150
514.8385, -176.3333, 2655.082
514.4554, -177.1821, 2656.013
513.6893, -178.0308, 2657.156
513.3062, -179.0918, 2658.284
512.9231, -179.9406, 2659.216
512.5400, -180.7894, 2660.147
512.1569, -181.6381, 2661.078
511.3907, -182.6991, 2662.387
511.0076, -183.5479, 2663.318
510.6245, -184.3967, 2664.249
510.2415, -185.2454, 2665.180
509.8584, -186.0942, 2666.112
509.4753, -187.1552, 2667.240
508.7091, -188.0040, 2668.383
508.3260, -188.8527, 2669.314
507.9429, -189.7015, 2670.245
507.5598, -190.7625, 2671.374
507.1768, -191.6113, 2672.305
506.7937, -192.4600, 2673.236
506.0275, -193.3088, 2674.379
505.6444, -194.1576, 2675.311
505.2613, -195.2186, 2676.439
504.8782, -196.0673, 2677.370
504.4951, -196.9161, 2678.301
504.1120, -197.7649, 2679.232
503.3459, -198.8259, 2680.541
502.9628, -199.6746, 2681.472
502.5797, -200.5234, 2682.403
502.1966, -201.3722, 2683.335
501.8135, -202.2210, 2684.266
501.4304, -203.2819, 2685.394
500.6642, -204.1307, 2686.537
500.2811, -204.9795, 2687.469
499.8981, -205.8283, 2688.400
499.5150, -206.8892, 2689.528
499.1319, -207.7380, 2690.459
498.7488, -208.5868, 2691.390
497.9826, -209.4356, 2692.534
497.5995, -210.4965, 2693.662
497.2164, -211.3453, 2694.593
496.8333, -212.1941, 2695.524
496.4502, -213.0429, 2696.455
495.6841, -213.8916, 2697.599
495.3010, -214.9526, 2698.727
494.9179, -215.8014, 2699.658
494.5348, -216.6502, 2700.589
494.1517, -217.4990, 2701.521
493.7686, -218.5599, 2702.648
493.0024, -219.4087, 2703.792
492.6193, -220.2575, 2704.723
492.2363, -221.1062, 2705.654
491.8532, -221.9550, 2706.586
491.4701, -223.0160, 2707.714
491.0870, -223.8648, 2708.645
490.3208, -224.7135, 2709.788
489.9377, -225.5623, 2710.720
489.5546, -226.6233, 2711.848
489.1715, -227.4721, 2712.779
488.7885, -228.3209, 2713.710
488.0223, -229.1696, 2714.853
487.6392, -230.0184, 2715.785
487.2561, -231.0794, 2716.913
486.8730, -231.9281, 2717.844
486.4899, -232.7769, 2718.775
485.7237, -233.6257, 2719.919
485.3406, -234.4745, 2720.850
484.9576, -235.5354, 2721.978
484.5745, -236.3842, 2722.909
484.1914, -237.2330, 2723.840
483.4252, -238.0818, 2724.984
483.0421, -239.1428, 2726.112
482.6590, -239.9915, 2727.043
482.2759, -240.8403, 2727.974
481.8928, -241.6891, 2728.905
481.5097, -242.5379, 2729.837
480.7436, -243.5988, 2731.145
480.3605, -244.4476, 2732.077
479.9774, -245.2964, 2733.008
479.5943, -246.1452, 2733.939
479.2112, -246.9939, 2734.870
478.4450, -248.0549, 2736.179
478.0619, -248.9037, 2737.110
477.6788, -249.7525, 2738.041
477.2957, -250.6012, 2738.973
476.9126, -251.4500, 2739.904
476.1465, -252.5110, 2741.213
475.7634, -253.3598, 2742.144
475.3803, -254.2085, 2743.075
474.9972, -255.0573, 2744.006
474.6141, -256.1183, 2745.134
473.8479, -256.9671, 2746.278
473.4648, -257.8158, 2747.209
473.0817, -258.6646, 2748.140
472.6986, -259.5134, 2749.071
472.3155, -260.5744, 2750.199
471.5494, -261.4231, 2751.343
471.1663, -262.2719, 2752.274
470.7832, -263.1207, 2753.205
470.4001, -263.9695, 2754.136
470.0170, -265.0304, 2755.264
469.2508, -265.8792, 2756.408
468.8677, -266.7280, 2757.339
468.4846, -267.5768, 2758.270
468.1015, -268.4255, 2759.202
467.7185, -269.4865, 2760.330
466.9523, -270.3353, 2761.473
466.5692, -271.1841, 2762.404
466.1861, -272.0328, 2763.335
465.8030, -272.8816, 2764.267
465.4199, -273.9426, 2765.395
464.6537, -274.7914, 2766.538
464.2706, -275.6402, 2767.469
463.8875, -276.4889, 2768.401
463.5045, -277.3377, 2769.332
463.1214, -278.3987, 2770.460
462.3552, -279.2475, 2771.603
461.9721, -280.0962, 2772.534
461.5890, -280.9450, 2773.466
461.2059, -281.7938, 2774.397
460.8228, -282.8548, 2775.525
460.0566, -283.7035, 2776.668
459.6735, -284.5523, 2777.600
459.2904, -285.4011, 2778.531
458.9074, -286.2499, 2779.462
458.5243, -287.3108, 2780.590
457.7581, -288.1596, 2781.734
457.3750, -289.0084, 2782.665
456.9919, -289.8572, 2783.596
456.6088, -290.7059, 2784.527
456.2257, -291.7669, 2785.655
455.8426, -292.6157, 2786.587
455.0764, -293.4645, 2787.730
454.6933, -294.3132, 2788.661
454.3102, -295.1620, 2789.592
453.9272, -296.2230, 2790.720
453.5441, -297.0718, 2791.652
452.7779, -297.9205, 2792.795
452.3948, -298.7693, 2793.726
452.0117, -299.8303, 2794.854
451.6286, -300.6791, 2795.786
451.2455, -301.5278, 2796.717
450.4793, -302.3766, 2797.860
450.0962, -303.2254, 2798.791
449.7131, -304.2864, 2799.920
449.3301, -305.1351, 2800.851
448.9470, -305.9839, 2801.782
448.5639, -306.8327, 2802.713
447.7977, -307.8937, 2804.022
447.4146, -308.7424, 2804.953
447.0315, -309.5912, 2805.884
446.6484, -310.4400, 2806.816
446.2653, -311.2888, 2807.747
445.8822, -312.3497, 2808.875
445.1160, -313.1985, 2810.018
444.7329, -314.0473, 2810.949
444.3499, -314.8961, 2811.881
443.9668, -315.7448, 2812.812
443.5837, -316.8058, 2813.940
442.8175, -317.6546, 2815.083
442.4344, -318.5034, 2816.015
442.0513, -319.3521, 2816.946
441.6682, -320.4131, 2818.074
441.2851, -321.2619, 2819.005
440.9020, -322.1107, 2819.936
440.1358, -322.9595, 2821.080
439.7527, -324.0204, 2822.208
439.3696, -324.8692, 2823.139
438.9866, -325.7180, 2824.070
438.6035, -326.5668, 2825.001
438.2204, -327.4155, 2825.933
437.4542, -328.4765, 2827.241
437.0711, -329.3253, 2828.173
436.6880, -330.1741, 2829.104
436.3049, -331.0228, 2830.035
435.9218, -332.0838, 2831.163
435.5387, -332.9326, 2832.094
434.7725, -333.7813, 2833.238
434.3894, -334.6301, 2834.169
434.0063, -335.6911, 2835.297
433.6232, -336.5399, 2836.228
433.2402, -337.3886, 2837.159
432.8571, -338.2374, 2838.091
432.0909, -339.0862, 2839.234
431.7078, -340.1472, 2840.362
431.3247, -340.9960, 2841.293
430.9416, -341.8447, 2842.225
430.5585, -342.6935, 2843.156
430.1754, -343.7545, 2844.284
429.4092, -344.6033, 2845.427
429.0261, -345.4520, 2846.358
428.6430, -346.3008, 2847.290
428.2599, -347.3618, 2848.418
427.8768, -348.2106, 2849.349
427.4937, -349.0593, 2850.280
426.7276, -349.9081, 2851.424
426.3445, -350.7569, 2852.355
425.9614, -351.8179, 2853.483
425.5783, -352.6666, 2854.414
425.1952, -353.5154, 2855.345
424.8121, -354.3642, 2856.277
424.0459, -355.4252, 2857.585
423.6628, -356.2739, 2858.516
423.2797, -357.1227, 2859.448
422.8966, -357.9715, 2860.379
422.5135, -359.0325, 2861.507
421.7473, -359.8812, 2862.650
421.3643, -360.7300, 2863.582
420.9812, -361.5788, 2864.513
420.5981, -362.4276, 2865.444
420.2150, -363.4885, 2866.572
419.8319, -364.3373, 2867.503
419.0657, -365.1861, 2868.647
418.6826, -366.0349, 2869.578
418.2995, -367.0958, 2870.706
417.9164, -367.9446, 2871.637
417.5333, -368.7934, 2872.568
417.1502, -369.6422, 2873.500
416.3840, -370.4909, 2874.643
416.0009, -371.5519, 2875.771
415.6178, -372.4007, 2876.702
415.2347, -373.2495, 2877.634
414.8517, -374.0983, 2878.565
414.0855, -374.9470, 2879.708
413.7024, -376.0080, 2880.836
413.3193, -376.8568, 2881.768
412.9362, -377.7056, 2882.699
412.5531, -378.5543, 2883.630
412.1700, -379.6153, 2884.758
411.4038, -380.4641, 2885.901
411.0207, -381.3129, 2886.833
410.6376, -382.1616, 2887.764
410.2545, -383.0104, 2888.695
409.8714, -384.0714, 2889.823
409.1052, -384.9201, 2890.967
408.7221, -385.7689, 2891.898
408.3390, -386.6177, 2892.829
407.9559, -387.6787, 2893.957
407.5729, -388.5274, 2894.888
407.1898, -389.3762, 2895.819
406.4236, -390.2250, 2896.963
406.0405, -391.0738, 2897.894
405.6574, -392.1347, 2899.022
405.2743, -392.9835, 2899.953
404.8912, -393.8323, 2900.885
404.1250, -394.6811, 2902.028
403.7419, -395.7421, 2903.156
403.3588, -396.5908, 2904.087
402.9757, -397.4396, 2905.019
402.5926, -398.2884, 2905.950
402.2095, -399.1372, 2906.881
401.4433, -400.1981, 2908.190
401.0602, -401.0469, 2909.121
400.6771, -401.8957, 2910.052
400.2941, -402.7445, 2910.983
399.9110, -403.8054, 2912.111
399.1448, -404.6542, 2913.255
398.7617, -405.5030, 2914.186
398.3786, -406.3518, 2915.117
397.9955, -407.2005, 2916.048
397.6124, -408.2615, 2917.177
397.2293, -409.1103, 2918.108
396.4631, -409.9591, 2919.251
396.0800, -410.8078, 2920.182
395.6969, -411.6566, 2921.114
395.3138, -412.7176, 2922.242
394.9307, -413.5664, 2923.173
394.1645, -414.4151, 2924.316
393.7814, -415.2639, 2925.248
393.3983, -416.3249, 2926.376
393.0152, -417.1737, 2927.307
392.6321, -418.0224, 2928.238
392.2491, -418.8712, 2929.169
391.4829, -419.7200, 2930.313
391.0998, -420.7810, 2931.441
390.7167, -421.6297, 2932.372
390.3336, -422.4785, 2933.303
389.9505, -423.3273, 2934.234
389.1843, -424.1761, 2935.378
388.8012, -425.2371, 2936.506
388.4181, -426.0858, 2937.437
388.0350, -426.9346, 2938.368
387.6519, -427.7834, 2939.300
386.8857, -428.6322, 2940.443
386.5026, -429.6931, 2941.571
386.1195, -430.5419, 2942.502
385.7364, -431.3907, 2943.434
384.9702, -432.2394, 2944.577
384.5871, -433.0882, 2945.508
384.2040, -434.1492, 2946.636
383.8209, -434.9980, 2947.567
383.4378, -435.8467, 2948.499
382.6716, -436.6955, 2949.642
382.2885, -437.5443, 2950.573
381.9055, -438.3931, 2951.505
381.5224, -439.4541, 2952.633
380.7562, -440.3028, 2953.776
380.3731, -441.1516, 2954.707
379.9900, -442.0004, 2955.639
379.6069, -442.8492, 2956.570
379.2238, -443.9101, 2957.698
378.4576, -444.7589, 2958.841
378.0745, -445.6077, 2959.772
377.6914, -446.4565, 2960.704
377.3083, -447.3052, 2961.635
376.5421, -448.1540, 2962.778
376.1590, -449.0028, 2963.710
375.7759, -450.0638, 2964.838
375.3928, -450.9125, 2965.769
374.6266, -451.7613, 2966.912
374.2435, -452.6101, 2967.843
373.8604, -453.4589, 2968.775
373.4773, -454.3077, 2969.706
372.7111, -455.3686, 2971.015
372.3281, -456.2174, 2971.946
371.9450, -457.0662, 2972.877
371.5618, -457.9149, 2973.808
370.7957, -458.7637, 2974.952
370.4126, -459.6125, 2975.883
370.0295, -460.4613, 2976.814
369.2633, -461.3101, 2977.958
368.8802, -462.1588, 2978.889
368.4971, -463.0076, 2979.820
367.7309, -464.0686, 2981.129
367.3478, -464.9174, 2982.060
366.9647, -465.7661, 2982.991
366.1985, -466.6149, 2984.135
365.8154, -467.4637, 2985.066
365.0492, -468.3125, 2986.209
364.6661, -469.1612, 2987.141
364.2830, -470.0100, 2988.072
363.5168, -470.6466, 2989.068
363.1337, -471.4954, 2989.999
362.3675, -472.3442, 2991.143
361.9844, -473.1929, 2992.074
361.2182, -474.0417, 2993.217
360.8351, -474.8905, 2994.149
360.0689, -475.5271, 2995.145
359.3028, -476.3758, 2996.288
358.9196, -477.2246, 2997.219
358.1535, -478.0734, 2998.363
357.3873, -478.7100, 2999.359
357.0042, -479.5588, 3000.290
356.2380, -480.4075, 3001.434
355.4718, -481.0441, 3002.430
355.0887, -481.8929, 3003.361
354.3225, -482.5295, 3004.357
353.5563, -483.1661, 3005.353
352.7901, -484.0148, 3006.497
352.0239, -484.6514, 3007.493
351.2577, -485.2880, 3008.489
350.8746, -486.1368, 3009.420
350.1084, -486.7734, 3010.416
349.3422, -487.4099, 3011.412
348.5760, -488.0465, 3012.409
347.8098, -488.6831, 3013.405
347.0436, -489.3197, 3014.401
346.2774, -489.9563, 3015.397
345.5112, -490.5928, 3016.393
344.3619, -491.2294, 3017.707
343.5958, -491.6538, 3018.583
342.8295, -492.2904, 3019.579
342.0634, -492.9270, 3020.575
341.2972, -493.3514, 3021.451
340.5310, -493.9880, 3022.447
339.3817, -494.4124, 3023.672
338.6155, -494.8367, 3024.548
337.8493, -495.4733, 3025.544
336.7000, -495.8977, 3026.769
335.9338, -496.3221, 3027.645
335.1676, -496.7465, 3028.521
334.0183, -497.1709, 3029.746
333.2521, -497.5953, 3030.622
332.4859, -497.8075, 3031.417
331.3366, -498.2318, 3032.642
330.5704, -498.6562, 3033.518
329.4211, -498.8684, 3034.687
328.6549, -499.2928, 3035.563
327.5056, -499.5050, 3036.732
326.7394, -499.9294, 3037.608
325.5901, -500.1416, 3038.776
324.8240, -500.3538, 3039.571
323.6747, -500.5660, 3040.740
322.9085, -500.7782, 3041.535
321.7592, -500.9904, 3042.704
320.9930, -501.2026, 3043.499
319.8437, -501.4148, 3044.667
318.6944, -501.6270, 3045.836
317.9282, -501.6270, 3046.602
316.7789, -501.8392, 3047.771
316.0127, -501.8392, 3048.537
314.8634, -502.0513, 3049.706
313.7141, -502.0513, 3050.855
312.9479, -502.0513, 3051.622
311.7986, -502.0513, 3052.771
311.0324, -502.0513, 3053.537
309.8831, -502.0513, 3054.686
308.7338, -502.0513, 3055.836
307.9676, -502.0513, 3056.602
306.8184, -502.0513, 3057.751
306.0521, -501.8392, 3058.546
304.9029, -501.8391, 3059.695
303.7536, -501.6270, 3060.864
302.9874, -501.6270, 3061.630
301.8381, -501.4148, 3062.799
301.0719, -501.2026, 3063.594
299.9226, -500.9904, 3064.763
299.1564, -500.7782, 3065.558
298.0071, -500.7782, 3066.707
296.8578, -500.3538, 3067.932
296.0916, -500.1416, 3068.727
294.9423, -499.9294, 3069.896
294.1761, -499.7172, 3070.691
293.0268, -499.5050, 3071.860
292.2606, -499.0806, 3072.736
291.1113, -498.8684, 3073.904
290.3451, -498.4440, 3074.780
289.1958, -498.0197, 3076.005
288.4296, -497.8075, 3076.800
287.6635, -497.3831, 3077.676
286.5142, -496.9587, 3078.901
285.7480, -496.5343, 3079.777
284.9818, -496.1099, 3080.653
283.8325, -495.6855, 3081.878
283.0663, -495.2611, 3082.754
282.3001, -494.8367, 3083.630
281.1508, -494.2002, 3084.944
280.3846, -493.7758, 3085.820
279.6184, -493.1392, 3086.816
278.8522, -492.7148, 3087.692
277.7029, -492.0782, 3089.006
276.9367, -491.6538, 3089.882
276.1705, -491.0172, 3090.878
275.4043, -490.3807, 3091.874
274.6381, -489.9563, 3092.750
273.8719, -489.3197, 3093.746
273.1057, -488.6831, 3094.742
272.3395, -488.0465, 3095.738
271.5733, -487.4099, 3096.734
270.8071, -486.7734, 3097.730
270.0410, -485.9246, 3098.874
269.2748, -485.2880, 3099.870
268.5086, -484.6514, 3100.866
267.7424, -483.8026, 3102.010
266.9762, -483.1660, 3103.006
266.5931, -482.5295, 3103.749
265.8269, -481.6807, 3104.892
265.0607, -481.0441, 3105.888
264.2945, -480.1953, 3107.032
263.9114, -479.5587, 3107.775
263.1452, -478.7100, 3108.918
262.3790, -478.0734, 3109.914
261.9959, -477.2246, 3110.845
261.2297, -476.3758, 3111.989
260.4635, -475.5271, 3113.132
260.0804, -474.8905, 3113.875
259.3142, -474.0417, 3115.019
258.9311, -473.1929, 3115.950
258.1649, -472.3442, 3117.093
257.7818, -471.4954, 3118.025
257.0156, -470.8588, 3119.021
256.6325, -470.0100, 3119.952
255.8664, -469.1612, 3121.095
255.4833, -468.3125, 3122.027
254.7171, -467.4637, 3123.170
254.3340, -466.6149, 3124.101
253.9509, -465.7661, 3125.033
253.1847, -464.9173, 3126.176
252.8016, -464.0686, 3127.107
252.0354, -463.2198, 3128.251
251.6523, -462.3710, 3129.182
251.2692, -461.3100, 3130.310
250.8861, -460.4613, 3131.241
250.1199, -459.6125, 3132.385
249.7368, -458.7637, 3133.316
249.3537, -457.9149, 3134.247
248.5875, -457.0662, 3135.391
248.2044, -456.2174, 3136.322
247.8213, -455.3686, 3137.253
247.0551, -454.5198, 3138.397
246.6720, -453.4589, 3139.524
246.2889, -452.6101, 3140.456
245.9058, -451.7613, 3141.387
245.1396, -450.9125, 3142.530
244.7566, -450.0638, 3143.462
244.3734, -449.2150, 3144.393
243.9904, -448.3662, 3145.324
243.2242, -447.5174, 3146.468
242.8411, -446.4565, 3147.595
242.4580, -445.6077, 3148.527
241.6918, -444.7589, 3149.670
241.3087, -443.9101, 3150.601
240.9256, -443.0614, 3151.533
240.5425, -442.2126, 3152.464
239.7763, -441.3638, 3153.607
239.3932, -440.5150, 3154.539
239.0101, -439.4540, 3155.667
238.6270, -438.6053, 3156.598
237.8608, -437.7565, 3157.741
237.4777, -436.9077, 3158.673
237.0946, -436.0589, 3159.604
236.3284, -435.2102, 3160.747
235.9453, -434.3614, 3161.678
235.5622, -433.3004, 3162.806
235.1791, -432.4516, 3163.738
234.4129, -431.6029, 3164.881
234.0299, -430.7541, 3165.812
233.6468, -429.9053, 3166.744
233.2637, -429.0565, 3167.675
232.4975, -428.2078, 3168.818
232.1144, -427.1468, 3169.946
231.7313, -426.2980, 3170.877
231.3482, -425.4492, 3171.809
230.5820, -424.6005, 3172.952
230.1989, -423.7517, 3173.883
229.8158, -422.9029, 3174.815
229.4327, -422.0541, 3175.746
228.6665, -420.9932, 3177.055
228.2834, -420.1444, 3177.986
227.9003, -419.2956, 3178.917
227.5172, -418.4468, 3179.848
226.7510, -417.5981, 3180.992
226.3679, -416.7493, 3181.923
225.9848, -415.9005, 3182.854
225.2186, -414.8395, 3184.163
224.8356, -413.9907, 3185.094
224.4525, -413.1420, 3186.025
224.0694, -412.2932, 3186.957
223.3032, -411.4444, 3188.100
222.9201, -410.5956, 3189.031
222.5370, -409.7469, 3189.962
222.1539, -408.6859, 3191.090
221.3877, -407.8371, 3192.234
221.0046, -406.9883, 3193.165
220.6215, -406.1396, 3194.096
220.2384, -405.2908, 3195.028
219.4722, -404.4420, 3196.171
219.0891, -403.5932, 3197.102
218.7060, -402.5323, 3198.230
218.3229, -401.6835, 3199.162
217.5567, -400.8347, 3200.305
217.1737, -399.9859, 3201.236
216.7906, -399.1372, 3202.167
216.4075, -398.2884, 3203.099
215.6413, -397.4396, 3204.242
215.2582, -396.3786, 3205.370
214.8751, -395.5299, 3206.301
214.4920, -394.6811, 3207.233
213.7258, -393.8323, 3208.376
213.3427, -392.9835, 3209.307
212.9596, -392.1347, 3210.239
212.5765, -391.0738, 3211.366
211.8103, -390.2250, 3212.510
211.4272, -389.3762, 3213.441
211.0441, -388.5274, 3214.372
210.6610, -387.6787, 3215.304
209.8948, -386.8299, 3216.447
209.5118, -385.9811, 3217.378
209.1287, -384.9201, 3218.506
208.7456, -384.0714, 3219.437
207.9794, -383.2226, 3220.581
207.5963, -382.3738, 3221.512
207.2132, -381.5250, 3222.443
206.8301, -380.6763, 3223.375
206.0639, -379.6153, 3224.683
205.6808, -378.7665, 3225.615
205.2977, -377.9177, 3226.546
204.9146, -377.0690, 3227.477
204.1484, -376.2202, 3228.620
203.7653, -375.3714, 3229.552
203.3822, -374.5226, 3230.483
202.9991, -373.4617, 3231.611
202.2330, -372.6129, 3232.754
201.8499, -371.7641, 3233.686
201.4668, -370.9153, 3234.617
201.0837, -370.0666, 3235.548
200.3175, -369.2178, 3236.691
199.9344, -368.3690, 3237.623
199.5513, -367.3080, 3238.751
199.1682, -366.4592, 3239.682
198.4020, -365.6105, 3240.825
198.0189, -364.7617, 3241.757
197.6358, -363.9129, 3242.688
196.8696, -363.0641, 3243.831
196.4865, -362.0032, 3244.959
196.1035, -361.1544, 3245.891
195.7204, -360.3056, 3246.822
194.9542, -359.4568, 3247.965
194.5711, -358.6081, 3248.896
194.1880, -357.7593, 3249.828
193.8049, -356.9105, 3250.759
193.0387, -355.8495, 3252.068
192.6556, -355.0008, 3252.999
192.2725, -354.1520, 3253.930
191.8894, -353.3032, 3254.861
191.1232, -352.4544, 3256.005
190.7401, -351.6057, 3256.936
190.3570, -350.7569, 3257.867
189.9740, -349.6959, 3258.995
189.2078, -348.8471, 3260.139
188.8247, -347.9984, 3261.070
188.4416, -347.1496, 3262.001
188.0585, -346.3008, 3262.932
187.2923, -345.4520, 3264.076
186.9092, -344.6033, 3265.007
186.5261, -343.5423, 3266.135
186.1430, -342.6935, 3267.066
185.3768, -341.8447, 3268.210
184.9937, -340.9959, 3269.141
184.6106, -340.1472, 3270.072
183.8445, -339.2984, 3271.216
183.4614, -338.4496, 3272.147
183.0783, -337.3886, 3273.275
182.6952, -336.5399, 3274.206
181.9290, -335.6911, 3275.349
181.5459, -334.8423, 3276.281
181.1628, -333.9935, 3277.212
180.7797, -333.1448, 3278.143
180.0135, -332.2960, 3279.287
179.6304, -331.4472, 3280.218
179.2473, -330.3862, 3281.346
178.8642, -329.5375, 3282.277
178.0981, -328.6887, 3283.420
177.7150, -327.8399, 3284.352
177.3319, -326.9911, 3285.283
176.5657, -326.1424, 3286.426
176.1826, -325.2936, 3287.358
175.7995, -324.2326, 3288.486
175.4164, -323.3838, 3289.417
174.6502, -322.5351, 3290.560
174.2671, -321.6863, 3291.492
173.8840, -320.8375, 3292.423
173.5009, -319.9887, 3293.354
172.7348, -319.1399, 3294.497
172.3517, -318.0790, 3295.625
171.9686, -317.2302, 3296.557
171.5855, -316.3814, 3297.488
170.8193, -315.5326, 3298.631
170.4362, -314.6839, 3299.563
170.0531, -313.8351, 3300.494
169.2869, -312.9863, 3301.637
168.9038, -312.1375, 3302.568
168.5207, -311.0766, 3303.696
168.1377, -310.2278, 3304.628
167.3715, -309.3790, 3305.771
166.9884, -308.5302, 3306.702
166.6053, -307.6815, 3307.634
166.2222, -306.8327, 3308.565
165.4560, -305.9839, 3309.708
165.0729, -304.9229, 3310.836
164.6898, -304.0742, 3311.767
164.3067, -303.2254, 3312.699
163.5405, -302.3766, 3313.842
163.1575, -301.5278, 3314.773
162.7744, -300.6791, 3315.705
162.3913, -299.8303, 3316.636
161.6251, -298.7693, 3317.945
161.2420, -297.9205, 3318.876
160.8589, -297.0718, 3319.807
160.0927, -296.2230, 3320.950
159.7096, -295.3742, 3321.882
159.3265, -294.5254, 3322.813
158.9434, -293.6766, 3323.744
158.1772, -292.6157, 3325.053
157.7942, -291.7669, 3325.984
157.4111, -290.9181, 3326.915
157.0280, -290.0693, 3327.847
156.2618, -289.2206, 3328.990
155.8787, -288.3718, 3329.921
155.4956, -287.3108, 3331.049
155.1125, -286.4620, 3331.980
154.3463, -285.6133, 3333.124
153.9632, -284.7645, 3334.055
153.5802, -283.9157, 3334.986
153.1971, -283.0669, 3335.918
152.8140, -282.2182, 3336.849
152.0478, -281.1572, 3338.157
151.6647, -280.3084, 3339.089
151.2816, -279.4596, 3340.020
150.8985, -278.6109, 3340.951
150.1323, -277.7621, 3342.095
149.7492, -276.9133, 3343.026
149.3661, -275.8523, 3344.154
148.9830, -275.0036, 3345.085
148.2169, -274.1548, 3346.228
147.8338, -273.3060, 3347.160
147.4507, -272.4572, 3348.091
147.0676, -271.6085, 3349.022
146.3014, -270.5475, 3350.331
145.9183, -269.6987, 3351.262
145.5352, -268.8499, 3352.193
145.1521, -268.0011, 3353.125
144.3860, -267.1524, 3354.268
144.0029, -266.3036, 3355.199
143.6198, -265.4548, 3356.130
143.2367, -264.3938, 3357.258
142.4705, -263.5451, 3358.402
142.0874, -262.6963, 3359.333
141.7043, -261.8475, 3360.264
141.3212, -260.9987, 3361.196
140.5550, -260.1500, 3362.339
140.1720, -259.0890, 3363.467
139.7889, -258.2402, 3364.398
139.4058, -257.3914, 3365.330
138.6396, -256.5427, 3366.473
138.2565, -255.6939, 3367.404
137.8734, -254.8451, 3368.335
137.4903, -253.7841, 3369.463
136.7241, -252.9354, 3370.607
136.3410, -252.0866, 3371.538
135.9580, -251.2378, 3372.469
135.5749, -250.3890, 3373.401
134.8087, -249.5403, 3374.544
134.4256, -248.4793, 3375.672
134.0425, -247.6305, 3376.603
133.6594, -246.7817, 3377.534
132.8932, -245.9330, 3378.678
132.5101, -245.0842, 3379.609
132.1270, -244.2354, 3380.540
131.7440, -243.3866, 3381.472
130.9778, -242.3257, 3382.780
130.5947, -241.4769, 3383.712
130.2116, -240.6281, 3384.643
129.8285, -239.7793, 3385.574
129.0623, -238.9306, 3386.717
128.6792, -238.0818, 3387.649
128.2961, -237.2330, 3388.580
127.9130, -236.1720, 3389.708
127.1469, -235.3233, 3390.851
126.7638, -234.4745, 3391.783
126.3807, -233.6257, 3392.714
125.9976, -232.7769, 3393.645
125.2314, -231.9281, 3394.788
124.8483, -231.0794, 3395.720
124.4652, -230.0184, 3396.848
124.0821, -229.1696, 3397.779
123.3160, -228.3208, 3398.922
122.9329, -227.4721, 3399.854
122.5498, -226.6233, 3400.785
122.1667, -225.7745, 3401.716
121.4005, -224.7135, 3403.025
121.0174, -223.8648, 3403.956
120.6343, -223.0160, 3404.887
120.2512, -222.1672, 3405.818
119.4851, -221.3184, 3406.962
119.1020, -220.4697, 3407.893
118.7189, -219.6209, 3408.824
118.3358, -218.5599, 3409.952
117.5696, -217.7111, 3411.096
117.1865, -216.8624, 3412.027
116.8034, -216.0136, 3412.958
116.4203, -215.1648, 3413.889
115.6542, -214.3160, 3415.033
115.2711, -213.4673, 3415.964
114.8880, -212.4063, 3417.092
114.5049, -211.5575, 3418.023
113.7387, -210.7087, 3419.167
113.3556, -209.8599, 3420.098
112.9725, -209.0112, 3421.029
112.2064, -208.1624, 3422.173
111.8233, -207.3136, 3423.104
111.4402, -206.2526, 3424.232
111.0571, -205.4039, 3425.163
110.6740, -204.5551, 3426.094
109.9078, -203.7063, 3427.238
109.5247, -202.8575, 3428.169
109.1416, -202.0088, 3429.100
108.7586, -200.9478, 3430.228
107.9924, -200.0990, 3431.372
107.6093, -199.2502, 3432.303
107.2262, -198.4015, 3433.234
106.8431, -197.5527, 3434.165
106.0769, -196.7039, 3435.309
105.6938, -195.8551, 3436.240
105.3108, -194.7942, 3437.368
104.5446, -193.9454, 3438.511
104.1615, -193.0966, 3439.443
103.7784, -192.2478, 3440.374
103.3953, -191.3991, 3441.305
103.0122, -190.5503, 3442.236
102.2460, -189.4893, 3443.545
101.8629, -188.6405, 3444.476
101.4799, -187.7918, 3445.407
101.0968, -186.9430, 3446.339
100.3306, -186.0942, 3447.482
99.9475, -185.2454, 3448.413
99.5644, -184.1844, 3449.541
99.1813, -183.3357, 3450.473
98.4151, -182.4869, 3451.616
98.0321, -181.6381, 3452.547
97.6490, -180.7894, 3453.478
97.2659, -179.9406, 3454.410
96.4997, -179.0918, 3455.553
96.1166, -178.0308, 3456.681
95.7335, -177.1821, 3457.612
95.3504, -176.3333, 3458.544
94.5843, -175.4845, 3459.687
94.2012, -174.6357, 3460.618
93.8181, -173.7869, 3461.549
93.4350, -172.7260, 3462.677
92.6688, -171.8772, 3463.821
92.2857, -171.0284, 3464.752
91.9026, -170.1796, 3465.683
91.5196, -169.3309, 3466.615
90.7534, -168.4821, 3467.758
90.3703, -167.4211, 3468.886
89.9872, -166.5723, 3469.817
89.6041, -165.7236, 3470.748
88.8379, -164.8748, 3471.892
88.4548, -164.0260, 3472.823
88.0718, -163.1772, 3473.754
87.6887, -162.3285, 3474.686
86.9225, -161.2675, 3475.994
86.5394, -160.4187, 3476.926
86.1563, -159.5699, 3477.857
85.7732, -158.7211, 3478.788
85.0071, -157.8724, 3479.931
84.6240, -157.0236, 3480.863
84.2409, -155.9626, 3481.991
83.8578, -155.1139, 3482.922
83.0916, -154.2651, 3484.065
82.7085, -153.4163, 3484.997
82.3254, -152.5675, 3485.928
81.9424, -151.7188, 3486.859
81.1762, -150.8700, 3488.002
80.7931, -149.8090, 3489.130
80.4100, -148.9602, 3490.062
80.0269, -148.1114, 3490.993
79.2607, -147.2627, 3492.136
78.8777, -146.4139, 3493.068
78.4946, -145.5651, 3493.999
78.1115, -144.7163, 3494.930
77.3453, -143.6554, 3496.239
76.9622, -142.8066, 3497.170
76.5791, -141.9578, 3498.101
76.1960, -141.1090, 3499.032
75.4299, -140.2603, 3500.176
75.0468, -139.4115, 3501.107
74.6637, -138.5627, 3502.038
74.2806, -137.5017, 3503.166
73.5144, -136.6530, 3504.310
73.1313, -135.8042, 3505.241
72.7482, -134.9554, 3506.172
72.3652, -134.1066, 3507.103
71.5990, -133.2579, 3508.247
71.2159, -132.1969, 3509.375
70.8328, -131.3481, 3510.306
70.0666, -130.4993, 3511.450
69.6835, -129.6506, 3512.381
69.3005, -128.8018, 3513.312
68.9174, -127.9530, 3514.243
68.1512, -127.1042, 3515.387
67.7681, -126.0433, 3516.515
67.3850, -125.1945, 3517.446
67.0019, -124.3457, 3518.377
66.2358, -123.4969, 3519.520
65.8527, -122.6482, 3520.452
65.4696, -121.7994, 3521.383
65.0865, -120.9506, 3522.314
64.3203, -119.8896, 3523.623
63.9372, -119.0409, 3524.554
63.5542, -118.1921, 3525.485
63.1711, -117.3433, 3526.417
62.4049, -116.4945, 3527.560
62.0218, -115.6457, 3528.491
61.6387, -114.7970, 3529.422
61.2556, -113.7360, 3530.550
60.4895, -112.8872, 3531.694
60.1064, -112.0384, 3532.625
59.7233, -111.1897, 3533.556
59.3402, -110.3409, 3534.487
58.5740, -109.4921, 3535.631
58.1909, -108.4311, 3536.759
57.8079, -107.5824, 3537.690
57.4248, -106.7336, 3538.621
56.6586, -105.8848, 3539.765
56.2755, -105.0360, 3540.696
55.8924, -104.1873, 3541.627
55.5093, -103.3385, 3542.559
54.7432, -102.2775, 3543.867
54.3601, -101.4287, 3544.798
53.9770, -100.5799, 3545.730
53.5939, -99.7312, 3546.661
52.8277, -98.8824, 3547.804
52.4447, -98.0336, 3548.736
52.0616, -97.1848, 3549.667
51.6785, -96.1239, 3550.795
50.9123, -95.2751, 3551.938
50.5292, -94.4263, 3552.869
50.1461, -93.5776, 3553.801
49.7630, -92.7288, 3554.732
48.9969, -91.8800, 3555.875
48.6138, -90.8190, 3557.003
48.2307, -89.9702, 3557.935
47.8476, -89.1215, 3558.866
47.0814, -88.2727, 3560.009
46.6983, -87.4239, 3560.940
46.3153, -86.5751, 3561.872
45.9322, -85.7264, 3562.803
45.1660, -84.6654, 3564.112
44.7829, -83.8166, 3565.043
44.3998, -82.9678, 3565.974
44.0168, -82.1191, 3566.905
43.2506, -81.2703, 3568.049
42.8675, -80.4215, 3568.980
42.4844, -79.3605, 3570.108
42.1013, -78.5118, 3571.039
41.3351, -77.6630, 3572.183
40.9521, -76.8142, 3573.114
40.5690, -75.9654, 3574.045
40.1859, -75.1167, 3574.976
39.4197, -74.2679, 3576.120
39.0366, -73.2069, 3577.248
38.6536, -72.3581, 3578.179
38.2705, -71.5093, 3579.110
37.5043, -70.6606, 3580.254
37.1212, -69.8118, 3581.185
36.7381, -68.9630, 3582.116
36.3550, -67.9021, 3583.244
35.5889, -67.0533, 3584.387
35.2058, -66.2045, 3585.319
34.8227, -65.3557, 3586.250
34.4396, -64.5070, 3587.181
33.6734, -63.6582, 3588.325
33.2903, -62.5972, 3589.453
32.9073, -61.7484, 3590.384
32.5242, -60.8997, 3591.315
31.7580, -60.0509, 3592.458
31.3749, -59.2021, 3593.390
30.9918, -58.3533, 3594.321
30.6088, -57.5045, 3595.252
29.8426, -56.4436, 3596.561
29.4595, -55.5948, 3597.492
29.0764, -54.7460, 3598.423
28.6933, -53.8972, 3599.355
27.9272, -53.0485, 3600.498
27.5441, -52.1997, 3601.429
27.1610, -51.1387, 3602.557
26.7779, -50.2899, 3603.488
26.0117, -49.4412, 3604.632
25.6287, -48.5924, 3605.563
25.2456, -47.7436, 3606.494
24.8625, -46.8948, 3607.425
24.4794, -45.8339, 3608.553
23.7132, -44.9851, 3609.697
23.3301, -44.1363, 3610.628
22.9471, -43.2875, 3611.559
22.5640, -42.4388, 3612.491
21.7978, -41.5900, 3613.634
21.4147, -40.5290, 3614.762
21.0316, -39.6802, 3615.693
20.6486, -38.8314, 3616.625
19.8824, -37.9827, 3617.768
19.4993, -37.1339, 3618.699
19.1162, -36.2851, 3619.630
18.7331, -35.2242, 3620.758
17.9670, -34.3754, 3621.902
17.5839, -33.5266, 3622.833
17.2008, -32.6778, 3623.764
16.8177, -31.8290, 3624.696
16.0515, -30.9803, 3625.839
15.6684, -29.9193, 3626.967
15.2854, -29.0705, 3627.898
14.9023, -28.2218, 3628.829
14.5192, -27.3730, 3629.761
13.7530, -26.5242, 3630.904
13.3699, -25.6754, 3631.835
12.9869, -24.8266, 3632.767
12.6038, -23.7657, 3633.894
11.8376, -22.9169, 3635.038
11.4545, -22.0681, 3635.969
11.0714, -21.2193, 3636.900
10.6883, -20.3706, 3637.832
9.9222, -19.5218, 3638.975
9.5391, -18.4608, 3640.103
9.1560, -17.6120, 3641.034
8.7729, -16.7633, 3641.965
8.0068, -15.9145, 3643.109
7.6237, -15.0657, 3644.040
7.2406, -14.2169, 3644.971
6.8575, -13.1560, 3646.099
6.0914, -12.3072, 3647.243
5.7083, -11.4584, 3648.174
5.3252, -10.6096, 3649.105
4.9421, -9.7609, 3650.036
4.1759, -8.9121, 3651.180
3.7928, -7.8511, 3652.308
3.4098, -7.0023, 3653.239
3.0267, -6.1536, 3654.170
2.2605, -5.3048, 3655.314
1.8774, -4.4560, 3656.245
1.4943, -3.6072, 3657.176
1.1113, -2.5463, 3658.304
0.7282, -1.6975, 3659.235
0.3451, -0.8487, 3660.167
ENDTABLE

LOG_ENTRY Used Dataset: Path: X-Y Coordinates; Short, Twisty Road
#Library : Path: X-Y Coordinates
#DataSet : Short, Twisty Road
#Category: 
#FileID  : PathXY_cfa806e5-8c08-49d1-b179-e7c7a0f29bb7
#Product : CarSim 2017.1
#VehCode X-Y Coordinates of Path

END
