# Shape file for lane 1
v -85.068 52.720 50.404
vt 0.000 0.000
v -85.725 51.560 50.441
vt 0.167 0.000
v -86.381 50.399 50.443
vt 0.333 0.000
v -87.038 49.239 50.439
vt 0.500 0.000
v -87.694 48.078 50.443
vt 0.667 0.000
v -88.351 46.918 50.441
vt 0.833 0.000
v -89.007 45.757 50.404
vt 1.000 0.000
v 6.321 1.020 47.639
vt 0.000 5.250
v 5.665 -0.141 47.676
vt 0.167 5.250
v 5.008 -1.301 47.679
vt 0.333 5.250
v 4.352 -2.462 47.674
vt 0.500 5.250
v 3.695 -3.622 47.679
vt 0.667 5.250
v 3.039 -4.783 47.676
vt 0.833 5.250
v 2.382 -5.943 47.639
vt 1.000 5.250
v 10.673 -1.442 47.506
vt 0.000 5.500
v 10.017 -2.603 47.543
vt 0.167 5.500
v 9.360 -3.763 47.546
vt 0.333 5.500
v 8.704 -4.924 47.541
vt 0.500 5.500
v 8.047 -6.084 47.546
vt 0.667 5.500
v 7.391 -7.245 47.543
vt 0.833 5.500
v 6.734 -8.405 47.506
vt 1.000 5.500
v 15.025 -3.905 47.374
vt 0.000 5.750
v 14.369 -5.065 47.411
vt 0.167 5.750
v 13.712 -6.226 47.414
vt 0.333 5.750
v 13.055 -7.386 47.409
vt 0.500 5.750
v 12.399 -8.547 47.414
vt 0.667 5.750
v 11.742 -9.707 47.411
vt 0.833 5.750
v 11.086 -10.868 47.374
vt 1.000 5.750
v 19.377 -6.367 47.241
vt 0.000 6.000
v 18.721 -7.527 47.278
vt 0.167 6.000
v 18.064 -8.688 47.281
vt 0.333 6.000
v 17.407 -9.848 47.276
vt 0.500 6.000
v 16.751 -11.009 47.281
vt 0.667 6.000
v 16.094 -12.169 47.277
vt 0.833 6.000
v 15.437 -13.329 47.240
vt 1.000 6.000
v 23.729 -8.830 47.109
vt 0.000 6.250
v 23.072 -9.990 47.146
vt 0.167 6.250
v 22.415 -11.150 47.149
vt 0.333 6.250
v 21.759 -12.311 47.144
vt 0.500 6.250
v 21.102 -13.471 47.148
vt 0.667 6.250
v 20.446 -14.632 47.145
vt 0.833 6.250
v 19.789 -15.792 47.108
vt 1.000 6.250
v 28.080 -11.291 46.976
vt 0.000 6.500
v 27.424 -12.452 47.013
vt 0.167 6.500
v 26.767 -13.612 47.016
vt 0.333 6.500
v 26.111 -14.773 47.011
vt 0.500 6.500
v 25.454 -15.933 47.015
vt 0.667 6.500
v 24.797 -17.094 47.012
vt 0.833 6.500
v 24.141 -18.254 46.974
vt 1.000 6.500
v 32.432 -13.754 46.844
vt 0.000 6.750
v 31.775 -14.914 46.881
vt 0.167 6.750
v 31.119 -16.075 46.884
vt 0.333 6.750
v 30.462 -17.235 46.879
vt 0.500 6.750
v 29.806 -18.396 46.883
vt 0.667 6.750
v 29.149 -19.556 46.879
vt 0.833 6.750
v 28.493 -20.717 46.842
vt 1.000 6.750
v 36.784 -16.216 46.711
vt 0.000 7.000
v 36.127 -17.376 46.748
vt 0.167 7.000
v 35.471 -18.537 46.751
vt 0.333 7.000
v 34.814 -19.697 46.746
vt 0.500 7.000
v 34.158 -20.858 46.750
vt 0.667 7.000
v 33.501 -22.018 46.746
vt 0.833 7.000
v 32.845 -23.179 46.708
vt 1.000 7.000
v 41.136 -18.678 46.579
vt 0.000 7.250
v 40.479 -19.838 46.616
vt 0.167 7.250
v 39.823 -20.999 46.619
vt 0.333 7.250
v 39.166 -22.159 46.614
vt 0.500 7.250
v 38.510 -23.320 46.618
vt 0.667 7.250
v 37.853 -24.480 46.613
vt 0.833 7.250
v 37.196 -25.641 46.575
vt 1.000 7.250
v 45.487 -21.139 46.446
vt 0.000 7.500
v 44.831 -22.300 46.483
vt 0.167 7.500
v 44.174 -23.460 46.486
vt 0.333 7.500
v 43.518 -24.621 46.481
vt 0.500 7.500
v 42.861 -25.781 46.485
vt 0.667 7.500
v 42.205 -26.942 46.480
vt 0.833 7.500
v 41.548 -28.102 46.442
vt 1.000 7.500
v 49.840 -23.601 46.314
vt 0.000 7.750
v 49.183 -24.762 46.351
vt 0.167 7.750
v 48.526 -25.922 46.354
vt 0.333 7.750
v 47.870 -27.083 46.349
vt 0.500 7.750
v 47.213 -28.243 46.352
vt 0.667 7.750
v 46.557 -29.404 46.347
vt 0.833 7.750
v 45.900 -30.564 46.309
vt 1.000 7.750
v 54.191 -26.064 46.181
vt 0.000 8.000
v 53.535 -27.224 46.218
vt 0.167 8.000
v 52.878 -28.385 46.221
vt 0.333 8.000
v 52.221 -29.545 46.216
vt 0.500 8.000
v 51.565 -30.706 46.219
vt 0.667 8.000
v 50.908 -31.866 46.214
vt 0.833 8.000
v 50.251 -33.026 46.175
vt 1.000 8.000
v 58.543 -28.527 46.049
vt 0.000 8.250
v 57.886 -29.687 46.086
vt 0.167 8.250
v 57.230 -30.847 46.089
vt 0.333 8.250
v 56.573 -32.008 46.084
vt 0.500 8.250
v 55.916 -33.168 46.087
vt 0.667 8.250
v 55.260 -34.329 46.081
vt 0.833 8.250
v 54.603 -35.489 46.042
vt 1.000 8.250
v 62.894 -30.988 45.916
vt 0.000 8.500
v 62.238 -32.149 45.953
vt 0.167 8.500
v 61.581 -33.309 45.957
vt 0.333 8.500
v 60.925 -34.470 45.951
vt 0.500 8.500
v 60.268 -35.630 45.954
vt 0.667 8.500
v 59.612 -36.791 45.948
vt 0.833 8.500
v 58.955 -37.951 45.908
vt 1.000 8.500
v 67.246 -33.450 45.784
vt 0.000 8.750
v 66.590 -34.611 45.822
vt 0.167 8.750
v 65.933 -35.771 45.825
vt 0.333 8.750
v 65.277 -36.932 45.819
vt 0.500 8.750
v 64.620 -38.092 45.821
vt 0.667 8.750
v 63.964 -39.253 45.815
vt 0.833 8.750
v 63.307 -40.413 45.775
vt 1.000 8.750
v 71.598 -35.913 45.651
vt 0.000 9.000
v 70.941 -37.073 45.689
vt 0.167 9.000
v 70.285 -38.234 45.692
vt 0.333 9.000
v 69.628 -39.394 45.686
vt 0.500 9.000
v 68.972 -40.555 45.688
vt 0.667 9.000
v 68.315 -41.715 45.682
vt 0.833 9.000
v 67.659 -42.876 45.641
vt 1.000 9.000
v 75.950 -38.375 45.519
vt 0.000 9.250
v 75.293 -39.535 45.557
vt 0.167 9.250
v 74.637 -40.696 45.560
vt 0.333 9.250
v 73.980 -41.856 45.554
vt 0.500 9.250
v 73.324 -43.017 45.556
vt 0.667 9.250
v 72.667 -44.177 45.549
vt 0.833 9.250
v 72.011 -45.338 45.508
vt 1.000 9.250
v 80.302 -40.837 45.386
vt 0.000 9.500
v 79.645 -41.997 45.424
vt 0.167 9.500
v 78.989 -43.158 45.427
vt 0.333 9.500
v 78.332 -44.318 45.421
vt 0.500 9.500
v 77.676 -45.479 45.423
vt 0.667 9.500
v 77.019 -46.639 45.415
vt 0.833 9.500
v 76.363 -47.800 45.374
vt 1.000 9.500
v 84.653 -43.298 45.255
vt 0.000 9.750
v 83.997 -44.459 45.292
vt 0.167 9.750
v 83.340 -45.619 45.295
vt 0.333 9.750
v 82.684 -46.780 45.289
vt 0.500 9.750
v 82.027 -47.940 45.290
vt 0.667 9.750
v 81.371 -49.101 45.283
vt 0.833 9.750
v 80.714 -50.261 45.241
vt 1.000 9.750
v 89.006 -45.760 45.122
vt 0.000 10.000
v 88.349 -46.921 45.159
vt 0.167 10.000
v 87.692 -48.081 45.162
vt 0.333 10.000
v 87.036 -49.242 45.156
vt 0.500 10.000
v 86.379 -50.402 45.157
vt 0.667 10.000
v 85.723 -51.563 45.149
vt 0.833 10.000
v 85.066 -52.723 45.107
vt 1.000 10.000
v 93.357 -48.223 44.990
vt 0.000 10.250
v 92.701 -49.383 45.027
vt 0.167 10.250
v 92.044 -50.544 45.030
vt 0.333 10.250
v 91.387 -51.704 45.024
vt 0.500 10.250
v 90.731 -52.865 45.025
vt 0.667 10.250
v 90.074 -54.025 45.016
vt 0.833 10.250
v 89.417 -55.186 44.974
vt 1.000 10.250
v 97.709 -50.686 44.857
vt 0.000 10.500
v 97.052 -51.846 44.894
vt 0.167 10.500
v 96.396 -53.007 44.897
vt 0.333 10.500
v 95.739 -54.167 44.891
vt 0.500 10.500
v 95.082 -55.327 44.892
vt 0.667 10.500
v 94.426 -56.488 44.883
vt 0.833 10.500
v 93.769 -57.648 44.840
vt 1.000 10.500
v 102.060 -53.147 44.725
vt 0.000 10.750
v 101.404 -54.308 44.762
vt 0.167 10.750
v 100.747 -55.468 44.765
vt 0.333 10.750
v 100.091 -56.629 44.759
vt 0.500 10.750
v 99.434 -57.789 44.760
vt 0.667 10.750
v 98.778 -58.950 44.750
vt 0.833 10.750
v 98.121 -60.110 44.707
vt 1.000 10.750
v 106.412 -55.609 44.592
vt 0.000 11.000
v 105.756 -56.770 44.629
vt 0.167 11.000
v 105.099 -57.930 44.632
vt 0.333 11.000
v 104.443 -59.091 44.626
vt 0.500 11.000
v 103.786 -60.251 44.626
vt 0.667 11.000
v 103.130 -61.412 44.617
vt 0.833 11.000
v 102.473 -62.572 44.574
vt 1.000 11.000
v 110.764 -58.072 44.460
vt 0.000 11.250
v 110.107 -59.232 44.497
vt 0.167 11.250
v 109.451 -60.393 44.500
vt 0.333 11.250
v 108.794 -61.553 44.494
vt 0.500 11.250
v 108.138 -62.714 44.494
vt 0.667 11.250
v 107.481 -63.874 44.484
vt 0.833 11.250
v 106.825 -65.035 44.441
vt 1.000 11.250
v 115.116 -60.534 44.327
vt 0.000 11.500
v 114.459 -61.694 44.364
vt 0.167 11.500
v 113.803 -62.855 44.367
vt 0.333 11.500
v 113.146 -64.015 44.361
vt 0.500 11.500
v 112.490 -65.176 44.361
vt 0.667 11.500
v 111.833 -66.336 44.351
vt 0.833 11.500
v 111.177 -67.497 44.307
vt 1.000 11.500
v 119.468 -62.996 44.195
vt 0.000 11.750
v 118.811 -64.156 44.232
vt 0.167 11.750
v 118.155 -65.317 44.236
vt 0.333 11.750
v 117.498 -66.477 44.229
vt 0.500 11.750
v 116.842 -67.638 44.229
vt 0.667 11.750
v 116.185 -68.798 44.218
vt 0.833 11.750
v 115.529 -69.959 44.174
vt 1.000 11.750
v 123.820 -65.457 44.062
vt 0.000 12.000
v 123.163 -66.618 44.099
vt 0.167 12.000
v 122.506 -67.778 44.103
vt 0.333 12.000
v 121.850 -68.939 44.096
vt 0.500 12.000
v 121.193 -70.099 44.096
vt 0.667 12.000
v 120.537 -71.260 44.085
vt 0.833 12.000
v 119.880 -72.420 44.041
vt 1.000 12.000
v 128.172 -67.920 43.930
vt 0.000 12.250
v 127.515 -69.080 43.967
vt 0.167 12.250
v 126.859 -70.241 43.971
vt 0.333 12.250
v 126.202 -71.401 43.964
vt 0.500 12.250
v 125.545 -72.561 43.963
vt 0.667 12.250
v 124.889 -73.722 43.953
vt 0.833 12.250
v 124.232 -74.882 43.908
vt 1.000 12.250
v 132.523 -70.383 43.797
vt 0.000 12.500
v 131.866 -71.543 43.834
vt 0.167 12.500
v 131.210 -72.704 43.838
vt 0.333 12.500
v 130.553 -73.864 43.831
vt 0.500 12.500
v 129.896 -75.024 43.830
vt 0.667 12.500
v 129.240 -76.185 43.820
vt 0.833 12.500
v 128.583 -77.345 43.775
vt 1.000 12.500
v 136.874 -72.844 43.665
vt 0.000 12.750
v 136.218 -74.005 43.702
vt 0.167 12.750
v 135.561 -75.165 43.706
vt 0.333 12.750
v 134.905 -76.326 43.699
vt 0.500 12.750
v 134.248 -77.486 43.698
vt 0.667 12.750
v 133.592 -78.647 43.687
vt 0.833 12.750
v 132.935 -79.807 43.643
vt 1.000 12.750
v 141.226 -75.306 43.532
vt 0.000 13.000
v 140.570 -76.467 43.569
vt 0.167 13.000
v 139.913 -77.627 43.573
vt 0.333 13.000
v 139.257 -78.788 43.566
vt 0.500 13.000
v 138.600 -79.948 43.565
vt 0.667 13.000
v 137.944 -81.109 43.554
vt 0.833 13.000
v 137.287 -82.269 43.509
vt 1.000 13.000
v 145.578 -77.768 43.400
vt 0.000 13.250
v 144.922 -78.929 43.437
vt 0.167 13.250
v 144.265 -80.089 43.441
vt 0.333 13.250
v 143.609 -81.250 43.434
vt 0.500 13.250
v 142.952 -82.410 43.433
vt 0.667 13.250
v 142.296 -83.571 43.422
vt 0.833 13.250
v 141.639 -84.731 43.377
vt 1.000 13.250
v 149.930 -80.231 43.267
vt 0.000 13.500
v 149.274 -81.391 43.304
vt 0.167 13.500
v 148.617 -82.552 43.308
vt 0.333 13.500
v 147.960 -83.712 43.301
vt 0.500 13.500
v 147.304 -84.873 43.300
vt 0.667 13.500
v 146.647 -86.033 43.289
vt 0.833 13.500
v 145.991 -87.194 43.244
vt 1.000 13.500
v 154.282 -82.693 43.135
vt 0.000 13.750
v 153.625 -83.853 43.172
vt 0.167 13.750
v 152.969 -85.014 43.176
vt 0.333 13.750
v 152.312 -86.174 43.169
vt 0.500 13.750
v 151.656 -87.335 43.168
vt 0.667 13.750
v 150.999 -88.495 43.157
vt 0.833 13.750
v 150.343 -89.656 43.112
vt 1.000 13.750
v 158.634 -85.155 43.002
vt 0.000 14.000
v 157.977 -86.315 43.039
vt 0.167 14.000
v 157.321 -87.476 43.043
vt 0.333 14.000
v 156.664 -88.636 43.036
vt 0.500 14.000
v 156.008 -89.797 43.035
vt 0.667 14.000
v 155.351 -90.957 43.024
vt 0.833 14.000
v 154.695 -92.118 42.979
vt 1.000 14.000
v 162.986 -87.617 42.870
vt 0.000 14.250
v 162.329 -88.777 42.907
vt 0.167 14.250
v 161.673 -89.938 42.911
vt 0.333 14.250
v 161.016 -91.098 42.904
vt 0.500 14.250
v 160.359 -92.258 42.903
vt 0.667 14.250
v 159.703 -93.419 42.892
vt 0.833 14.250
v 159.046 -94.579 42.848
vt 1.000 14.250
v 167.337 -90.079 42.737
vt 0.000 14.500
v 166.681 -91.240 42.774
vt 0.167 14.500
v 166.024 -92.400 42.778
vt 0.333 14.500
v 165.367 -93.561 42.771
vt 0.500 14.500
v 164.711 -94.721 42.770
vt 0.667 14.500
v 164.054 -95.882 42.760
vt 0.833 14.500
v 163.397 -97.042 42.715
vt 1.000 14.500
v 171.689 -92.542 42.605
vt 0.000 14.750
v 171.032 -93.702 42.642
vt 0.167 14.750
v 170.376 -94.863 42.646
vt 0.333 14.750
v 169.719 -96.023 42.639
vt 0.500 14.750
v 169.063 -97.184 42.639
vt 0.667 14.750
v 168.406 -98.344 42.628
vt 0.833 14.750
v 167.749 -99.504 42.584
vt 1.000 14.750
v 176.041 -95.003 42.472
vt 0.000 15.000
v 175.384 -96.164 42.509
vt 0.167 15.000
v 174.727 -97.324 42.513
vt 0.333 15.000
v 174.071 -98.485 42.506
vt 0.500 15.000
v 173.414 -99.645 42.506
vt 0.667 15.000
v 172.758 -100.806 42.496
vt 0.833 15.000
v 172.101 -101.966 42.452
vt 1.000 15.000
v 180.392 -97.465 42.340
vt 0.000 15.250
v 179.736 -98.626 42.377
vt 0.167 15.250
v 179.079 -99.786 42.380
vt 0.333 15.250
v 178.423 -100.947 42.374
vt 0.500 15.250
v 177.766 -102.107 42.374
vt 0.667 15.250
v 177.110 -103.268 42.364
vt 0.833 15.250
v 176.453 -104.428 42.321
vt 1.000 15.250
v 184.744 -99.927 42.207
vt 0.000 15.500
v 184.088 -101.088 42.244
vt 0.167 15.500
v 183.431 -102.248 42.247
vt 0.333 15.500
v 182.775 -103.409 42.241
vt 0.500 15.500
v 182.118 -104.569 42.241
vt 0.667 15.500
v 181.462 -105.730 42.232
vt 0.833 15.500
v 180.805 -106.890 42.189
vt 1.000 15.500
v 189.096 -102.390 42.075
vt 0.000 15.750
v 188.440 -103.550 42.112
vt 0.167 15.750
v 187.783 -104.711 42.115
vt 0.333 15.750
v 187.126 -105.871 42.109
vt 0.500 15.750
v 186.470 -107.032 42.110
vt 0.667 15.750
v 185.813 -108.192 42.101
vt 0.833 15.750
v 185.157 -109.353 42.058
vt 1.000 15.750
v 193.448 -104.852 41.942
vt 0.000 16.000
v 192.791 -106.012 41.979
vt 0.167 16.000
v 192.135 -107.173 41.982
vt 0.333 16.000
v 191.478 -108.333 41.976
vt 0.500 16.000
v 190.822 -109.494 41.977
vt 0.667 16.000
v 190.165 -110.654 41.969
vt 0.833 16.000
v 189.509 -111.815 41.926
vt 1.000 16.000
v 197.800 -107.314 41.810
vt 0.000 16.250
v 197.143 -108.474 41.847
vt 0.167 16.250
v 196.487 -109.635 41.850
vt 0.333 16.250
v 195.830 -110.795 41.844
vt 0.500 16.250
v 195.174 -111.956 41.845
vt 0.667 16.250
v 194.517 -113.116 41.838
vt 0.833 16.250
v 193.861 -114.277 41.796
vt 1.000 16.250
v 202.152 -109.776 41.676
vt 0.000 16.500
v 201.495 -110.936 41.714
vt 0.167 16.500
v 200.839 -112.097 41.717
vt 0.333 16.500
v 200.182 -113.257 41.711
vt 0.500 16.500
v 199.525 -114.417 41.713
vt 0.667 16.500
v 198.869 -115.578 41.706
vt 0.833 16.500
v 198.212 -116.738 41.665
vt 1.000 16.500
v 206.504 -112.238 41.544
vt 0.000 16.750
v 205.847 -113.399 41.582
vt 0.167 16.750
v 205.190 -114.559 41.585
vt 0.333 16.750
v 204.533 -115.720 41.579
vt 0.500 16.750
v 203.877 -116.880 41.581
vt 0.667 16.750
v 203.220 -118.041 41.575
vt 0.833 16.750
v 202.563 -119.201 41.535
vt 1.000 16.750
v 210.855 -114.701 41.411
vt 0.000 17.000
v 210.198 -115.861 41.448
vt 0.167 17.000
v 209.542 -117.022 41.451
vt 0.333 17.000
v 208.885 -118.182 41.446
vt 0.500 17.000
v 208.229 -119.343 41.449
vt 0.667 17.000
v 207.572 -120.503 41.443
vt 0.833 17.000
v 206.915 -121.663 41.404
vt 1.000 17.000
v 215.207 -117.163 41.279
vt 0.000 17.250
v 214.550 -118.323 41.316
vt 0.167 17.250
v 213.894 -119.484 41.319
vt 0.333 17.250
v 213.237 -120.644 41.314
vt 0.500 17.250
v 212.580 -121.805 41.318
vt 0.667 17.250
v 211.924 -122.965 41.313
vt 0.833 17.250
v 211.267 -124.126 41.275
vt 1.000 17.250
v 219.558 -119.624 41.146
vt 0.000 17.500
v 218.902 -120.785 41.183
vt 0.167 17.500
v 218.245 -121.945 41.186
vt 0.333 17.500
v 217.589 -123.106 41.181
vt 0.500 17.500
v 216.932 -124.266 41.185
vt 0.667 17.500
v 216.276 -125.427 41.182
vt 0.833 17.500
v 215.619 -126.587 41.144
vt 1.000 17.500
v 223.910 -122.086 41.004
vt 0.000 17.750
v 223.254 -123.247 41.041
vt 0.167 17.750
v 222.597 -124.407 41.044
vt 0.333 17.750
v 221.941 -125.568 41.039
vt 0.500 17.750
v 221.284 -126.728 41.044
vt 0.667 17.750
v 220.628 -127.889 41.042
vt 0.833 17.750
v 219.971 -129.049 41.007
vt 1.000 17.750
v 228.262 -124.549 40.847
vt 0.000 18.000
v 227.606 -125.709 40.881
vt 0.167 18.000
v 226.949 -126.870 40.883
vt 0.333 18.000
v 226.292 -128.030 40.880
vt 0.500 18.000
v 225.636 -129.191 40.891
vt 0.667 18.000
v 224.979 -130.351 40.896
vt 0.833 18.000
v 224.323 -131.512 40.868
vt 1.000 18.000
v 232.614 -127.011 40.688
vt 0.000 18.250
v 231.957 -128.171 40.720
vt 0.167 18.250
v 231.301 -129.332 40.721
vt 0.333 18.250
v 230.644 -130.492 40.720
vt 0.500 18.250
v 229.988 -131.653 40.739
vt 0.667 18.250
v 229.331 -132.813 40.758
vt 0.833 18.250
v 228.675 -133.974 40.744
vt 1.000 18.250
v 236.966 -129.473 40.529
vt 0.000 18.500
v 236.309 -130.633 40.559
vt 0.167 18.500
v 235.653 -131.794 40.558
vt 0.333 18.500
v 234.996 -132.954 40.561
vt 0.500 18.500
v 234.340 -134.115 40.591
vt 0.667 18.500
v 233.683 -135.275 40.626
vt 0.833 18.500
v 233.026 -136.435 40.627
vt 1.000 18.500
v 241.317 -131.935 40.367
vt 0.000 18.750
v 240.661 -133.096 40.396
vt 0.167 18.750
v 240.004 -134.256 40.395
vt 0.333 18.750
v 239.348 -135.417 40.402
vt 0.500 18.750
v 238.691 -136.577 40.443
vt 0.667 18.750
v 238.034 -137.738 40.493
vt 0.833 18.750
v 237.378 -138.898 40.510
vt 1.000 18.750
v 245.665 -134.395 40.192
vt 0.000 19.000
v 245.010 -135.556 40.223
vt 0.167 19.000
v 244.355 -136.717 40.228
vt 0.333 19.000
v 243.700 -137.879 40.242
vt 0.500 19.000
v 243.044 -139.040 40.294
vt 0.667 19.000
v 242.389 -140.201 40.359
vt 0.833 19.000
v 241.734 -141.363 40.389
vt 1.000 19.000
v 249.973 -136.819 39.993
vt 0.000 19.250
v 249.334 -137.989 40.037
vt 0.167 19.250
v 248.696 -139.160 40.056
vt 0.333 19.250
v 248.057 -140.330 40.083
vt 0.500 19.250
v 247.419 -141.501 40.146
vt 0.667 19.250
v 246.780 -142.671 40.220
vt 0.833 19.250
v 246.142 -143.842 40.257
vt 1.000 19.250
v 254.290 -139.101 39.801
vt 0.000 19.500
v 253.686 -140.289 39.857
vt 0.167 19.500
v 253.082 -141.478 39.888
vt 0.333 19.500
v 252.478 -142.667 39.924
vt 0.500 19.500
v 251.874 -143.856 39.991
vt 0.667 19.500
v 251.270 -145.044 40.067
vt 0.833 19.500
v 250.666 -146.233 40.105
vt 1.000 19.500
v 258.667 -141.237 39.609
vt 0.000 19.750
v 258.102 -142.444 39.677
vt 0.167 19.750
v 257.537 -143.652 39.720
vt 0.333 19.750
v 256.971 -144.859 39.764
vt 0.500 19.750
v 256.406 -146.067 39.835
vt 0.667 19.750
v 255.841 -147.274 39.911
vt 0.833 19.750
v 255.276 -148.482 39.949
vt 1.000 19.750
v 263.112 -143.231 39.417
vt 0.000 20.000
v 262.585 -144.456 39.497
vt 0.167 20.000
v 262.059 -145.681 39.552
vt 0.333 20.000
v 261.533 -146.906 39.605
vt 0.500 20.000
v 261.007 -148.131 39.681
vt 0.667 20.000
v 260.481 -149.356 39.761
vt 0.833 20.000
v 259.955 -150.582 39.803
vt 1.000 20.000
v 267.618 -145.080 39.225
vt 0.000 20.250
v 267.131 -146.321 39.316
vt 0.167 20.250
v 266.645 -147.563 39.382
vt 0.333 20.250
v 266.159 -148.804 39.447
vt 0.500 20.250
v 265.673 -150.046 39.536
vt 0.667 20.250
v 265.186 -151.287 39.628
vt 0.833 20.250
v 264.700 -152.529 39.682
vt 1.000 20.250
v 272.181 -146.783 39.034
vt 0.000 20.500
v 271.735 -148.039 39.136
vt 0.167 20.500
v 271.289 -149.296 39.214
vt 0.333 20.500
v 270.843 -150.552 39.298
vt 0.500 20.500
v 270.397 -151.809 39.416
vt 0.667 20.500
v 269.952 -153.066 39.544
vt 0.833 20.500
v 269.506 -154.322 39.633
vt 1.000 20.500
v 276.798 -148.337 38.896
vt 0.000 20.750
v 276.392 -149.608 39.000
vt 0.167 20.750
v 275.987 -150.878 39.083
vt 0.333 20.750
v 275.582 -152.148 39.173
vt 0.500 20.750
v 275.177 -153.419 39.301
vt 0.667 20.750
v 274.771 -154.689 39.442
vt 0.833 20.750
v 274.366 -155.959 39.544
vt 1.000 20.750
v 281.461 -149.743 38.794
vt 0.000 21.000
v 281.097 -151.026 38.899
vt 0.167 21.000
v 280.733 -152.309 38.983
vt 0.333 21.000
v 280.369 -153.591 39.075
vt 0.500 21.000
v 280.005 -154.874 39.205
vt 0.667 21.000
v 279.641 -156.157 39.349
vt 0.833 21.000
v 279.277 -157.439 39.454
vt 1.000 21.000
v 286.168 -150.997 38.706
vt 0.000 21.250
v 285.846 -152.291 38.812
vt 0.167 21.250
v 285.523 -153.585 38.897
vt 0.333 21.250
v 285.201 -154.878 38.990
vt 0.500 21.250
v 284.878 -156.172 39.122
vt 0.667 21.250
v 284.556 -157.466 39.268
vt 0.833 21.250
v 284.233 -158.760 39.375
vt 1.000 21.250
v 290.913 -152.099 38.630
vt 0.000 21.500
v 290.632 -153.402 38.737
vt 0.167 21.500
v 290.352 -154.706 38.823
vt 0.333 21.500
v 290.071 -156.009 38.917
vt 0.500 21.500
v 289.790 -157.313 39.050
vt 0.667 21.500
v 289.510 -158.616 39.197
vt 0.833 21.500
v 289.229 -159.920 39.306
vt 1.000 21.500
v 295.691 -153.047 38.568
vt 0.000 21.750
v 295.452 -154.359 38.676
vt 0.167 21.750
v 295.214 -155.671 38.762
vt 0.333 21.750
v 294.975 -156.982 38.857
vt 0.500 21.750
v 294.737 -158.294 38.991
vt 0.667 21.750
v 294.499 -159.606 39.139
vt 0.833 21.750
v 294.260 -160.918 39.248
vt 1.000 21.750
v 300.497 -153.841 38.519
vt 0.000 22.000
v 300.301 -155.160 38.627
vt 0.167 22.000
v 300.105 -156.479 38.714
vt 0.333 22.000
v 299.909 -157.797 38.809
vt 0.500 22.000
v 299.713 -159.116 38.943
vt 0.667 22.000
v 299.517 -160.435 39.091
vt 0.833 22.000
v 299.321 -161.754 39.200
vt 1.000 22.000
v 305.325 -154.479 38.483
vt 0.000 22.250
v 305.172 -155.803 38.591
vt 0.167 22.250
v 305.019 -157.128 38.678
vt 0.333 22.250
v 304.865 -158.452 38.773
vt 0.500 22.250
v 304.712 -159.777 38.906
vt 0.667 22.250
v 304.559 -161.101 39.054
vt 0.833 22.250
v 304.406 -162.426 39.163
vt 1.000 22.250
v 310.172 -154.960 38.460
vt 0.000 22.500
v 310.062 -156.289 38.568
vt 0.167 22.500
v 309.951 -157.617 38.655
vt 0.333 22.500
v 309.841 -158.946 38.750
vt 0.500 22.500
v 309.731 -160.275 38.883
vt 0.667 22.500
v 309.620 -161.604 39.029
vt 0.833 22.500
v 309.510 -162.933 39.137
vt 1.000 22.500
v 315.033 -155.285 38.450
vt 0.000 22.750
v 314.965 -156.617 38.557
vt 0.167 22.750
v 314.897 -157.949 38.644
vt 0.333 22.750
v 314.830 -159.280 38.738
vt 0.500 22.750
v 314.762 -160.612 38.870
vt 0.667 22.750
v 314.695 -161.943 39.015
vt 0.833 22.750
v 314.627 -163.275 39.122
vt 1.000 22.750
v 319.901 -155.454 38.454
vt 0.000 23.000
v 319.876 -156.787 38.561
vt 0.167 23.000
v 319.852 -158.120 38.647
vt 0.333 23.000
v 319.827 -159.453 38.740
vt 0.500 23.000
v 319.802 -160.786 38.871
vt 0.667 23.000
v 319.778 -162.119 39.014
vt 0.833 23.000
v 319.753 -163.452 39.120
vt 1.000 23.000
v 324.772 -155.465 38.470
vt 0.000 23.250
v 324.790 -156.799 38.576
vt 0.167 23.250
v 324.809 -158.132 38.661
vt 0.333 23.250
v 324.827 -159.465 38.753
vt 0.500 23.250
v 324.845 -160.798 38.882
vt 0.667 23.250
v 324.863 -162.131 39.024
vt 0.833 23.250
v 324.882 -163.465 39.128
vt 1.000 23.250
v 329.641 -155.320 38.500
vt 0.000 23.500
v 329.702 -156.652 38.605
vt 0.167 23.500
v 329.763 -157.984 38.689
vt 0.333 23.500
v 329.825 -159.316 38.779
vt 0.500 23.500
v 329.886 -160.648 38.907
vt 0.667 23.500
v 329.947 -161.980 39.047
vt 0.833 23.500
v 330.009 -163.312 39.149
vt 1.000 23.500
v 334.502 -155.017 38.546
vt 0.000 23.750
v 334.606 -156.346 38.649
vt 0.167 23.750
v 334.711 -157.675 38.730
vt 0.333 23.750
v 334.815 -159.005 38.819
vt 0.500 23.750
v 334.919 -160.334 38.945
vt 0.667 23.750
v 335.024 -161.663 39.084
vt 0.833 23.750
v 335.128 -162.992 39.184
vt 1.000 23.750
v 339.351 -154.558 38.609
vt 0.000 24.000
v 339.498 -155.883 38.709
vt 0.167 24.000
v 339.646 -157.208 38.787
vt 0.333 24.000
v 339.793 -158.534 38.872
vt 0.500 24.000
v 339.940 -159.859 38.995
vt 0.667 24.000
v 340.087 -161.184 39.131
vt 0.833 24.000
v 340.234 -162.509 39.228
vt 1.000 24.000
v 344.183 -153.942 38.678
vt 0.000 24.250
v 344.373 -155.262 38.773
vt 0.167 24.250
v 344.563 -156.582 38.845
vt 0.333 24.250
v 344.753 -157.901 38.925
vt 0.500 24.250
v 344.942 -159.221 39.043
vt 0.667 24.250
v 345.132 -160.541 39.175
vt 0.833 24.250
v 345.322 -161.861 39.267
vt 1.000 24.250
v 348.993 -153.171 38.749
vt 0.000 24.500
v 349.225 -154.484 38.838
vt 0.167 24.500
v 349.457 -155.797 38.904
vt 0.333 24.500
v 349.690 -157.110 38.977
vt 0.500 24.500
v 349.922 -158.423 39.090
vt 0.667 24.500
v 350.154 -159.736 39.217
vt 0.833 24.500
v 350.387 -161.049 39.302
vt 1.000 24.500
v 353.775 -152.245 38.822
vt 0.000 24.750
v 354.049 -153.550 38.905
vt 0.167 24.750
v 354.324 -154.854 38.963
vt 0.333 24.750
v 354.598 -156.159 39.030
vt 0.500 24.750
v 354.873 -157.464 39.137
vt 0.667 24.750
v 355.147 -158.769 39.258
vt 0.833 24.750
v 355.422 -160.073 39.337
vt 1.000 24.750
v 358.528 -151.165 38.894
vt 0.000 25.000
v 358.843 -152.461 38.971
vt 0.167 25.000
v 359.159 -153.756 39.023
vt 0.333 25.000
v 359.474 -155.052 39.083
vt 0.500 25.000
v 359.790 -156.347 39.184
vt 0.667 25.000
v 360.105 -157.643 39.299
vt 0.833 25.000
v 360.420 -158.938 39.373
vt 1.000 25.000
v 363.293 -149.926 38.963
vt 0.000 25.250
v 363.633 -151.215 39.034
vt 0.167 25.250
v 363.973 -152.505 39.080
vt 0.333 25.250
v 364.313 -153.794 39.135
vt 0.500 25.250
v 364.654 -155.083 39.231
vt 0.667 25.250
v 364.994 -156.372 39.340
vt 0.833 25.250
v 365.334 -157.661 39.408
vt 1.000 25.250
v 368.108 -148.636 39.032
vt 0.000 25.500
v 368.453 -149.924 39.098
vt 0.167 25.500
v 368.798 -151.212 39.139
vt 0.333 25.500
v 369.143 -152.500 39.188
vt 0.500 25.500
v 369.488 -153.788 39.278
vt 0.667 25.500
v 369.833 -155.076 39.382
vt 0.833 25.500
v 370.178 -156.364 39.445
vt 1.000 25.500
v 372.937 -147.342 39.100
vt 0.000 25.750
v 373.282 -148.630 39.162
vt 0.167 25.750
v 373.628 -149.918 39.197
vt 0.333 25.750
v 373.973 -151.206 39.241
vt 0.500 25.750
v 374.318 -152.494 39.326
vt 0.667 25.750
v 374.663 -153.782 39.424
vt 0.833 25.750
v 375.008 -155.069 39.482
vt 1.000 25.750
v 377.767 -146.048 39.168
vt 0.000 26.000
v 378.112 -147.336 39.225
vt 0.167 26.000
v 378.457 -148.624 39.254
vt 0.333 26.000
v 378.802 -149.912 39.293
vt 0.500 26.000
v 379.147 -151.200 39.372
vt 0.667 26.000
v 379.492 -152.488 39.464
vt 0.833 26.000
v 379.838 -153.776 39.517
vt 1.000 26.000
v 382.596 -144.754 39.237
vt 0.000 26.250
v 382.941 -146.042 39.288
vt 0.167 26.250
v 383.287 -147.330 39.313
vt 0.333 26.250
v 383.632 -148.618 39.346
vt 0.500 26.250
v 383.977 -149.906 39.420
vt 0.667 26.250
v 384.322 -151.193 39.506
vt 0.833 26.250
v 384.667 -152.481 39.554
vt 1.000 26.250
v 387.426 -143.459 39.306
vt 0.000 26.500
v 387.771 -144.747 39.352
vt 0.167 26.500
v 388.116 -146.035 39.371
vt 0.333 26.500
v 388.461 -147.323 39.399
vt 0.500 26.500
v 388.806 -148.611 39.467
vt 0.667 26.500
v 389.152 -149.899 39.548
vt 0.833 26.500
v 389.497 -151.186 39.590
vt 1.000 26.500
v 392.256 -142.165 39.373
vt 0.000 26.750
v 392.601 -143.453 39.415
vt 0.167 26.750
v 392.946 -144.741 39.428
vt 0.333 26.750
v 393.291 -146.029 39.451
vt 0.500 26.750
v 393.636 -147.317 39.513
vt 0.667 26.750
v 393.981 -148.605 39.588
vt 0.833 26.750
v 394.326 -149.893 39.626
vt 1.000 26.750
v 397.085 -140.871 39.442
vt 0.000 27.000
v 397.430 -142.159 39.478
vt 0.167 27.000
v 397.776 -143.447 39.487
vt 0.333 27.000
v 398.121 -144.735 39.504
vt 0.500 27.000
v 398.466 -146.023 39.561
vt 0.667 27.000
v 398.811 -147.311 39.630
vt 0.833 27.000
v 399.156 -148.598 39.662
vt 1.000 27.000
v 401.915 -139.577 39.511
vt 0.000 27.250
v 402.260 -140.865 39.542
vt 0.167 27.250
v 402.605 -142.153 39.545
vt 0.333 27.250
v 402.950 -143.441 39.557
vt 0.500 27.250
v 403.295 -144.729 39.608
vt 0.667 27.250
v 403.640 -146.017 39.671
vt 0.833 27.250
v 403.985 -147.305 39.699
vt 1.000 27.250
v 406.745 -138.283 39.579
vt 0.000 27.500
v 407.090 -139.571 39.605
vt 0.167 27.500
v 407.435 -140.859 39.602
vt 0.333 27.500
v 407.780 -142.147 39.609
vt 0.500 27.500
v 408.125 -143.435 39.655
vt 0.667 27.500
v 408.470 -144.723 39.711
vt 0.833 27.500
v 408.815 -146.011 39.734
vt 1.000 27.500
v 411.574 -136.989 39.648
vt 0.000 27.750
v 411.919 -138.277 39.668
vt 0.167 27.750
v 412.264 -139.565 39.660
vt 0.333 27.750
v 412.610 -140.853 39.662
vt 0.500 27.750
v 412.955 -142.141 39.702
vt 0.667 27.750
v 413.300 -143.429 39.753
vt 0.833 27.750
v 413.645 -144.716 39.770
vt 1.000 27.750
v 416.404 -135.695 39.716
vt 0.000 28.000
v 416.749 -136.983 39.732
vt 0.167 28.000
v 417.094 -138.271 39.719
vt 0.333 28.000
v 417.439 -139.559 39.715
vt 0.500 28.000
v 417.784 -140.847 39.749
vt 0.667 28.000
v 418.129 -142.135 39.794
vt 0.833 28.000
v 418.474 -143.423 39.807
vt 1.000 28.000
v 421.233 -134.401 39.784
vt 0.000 28.250
v 421.578 -135.689 39.795
vt 0.167 28.250
v 421.924 -136.977 39.776
vt 0.333 28.250
v 422.269 -138.265 39.767
vt 0.500 28.250
v 422.614 -139.553 39.796
vt 0.667 28.250
v 422.959 -140.840 39.835
vt 0.833 28.250
v 423.304 -142.128 39.842
vt 1.000 28.250
v 426.063 -133.106 39.853
vt 0.000 28.500
v 426.408 -134.394 39.859
vt 0.167 28.500
v 426.753 -135.682 39.834
vt 0.333 28.500
v 427.098 -136.970 39.820
vt 0.500 28.500
v 427.443 -138.258 39.843
vt 0.667 28.500
v 427.789 -139.546 39.876
vt 0.833 28.500
v 428.134 -140.833 39.879
vt 1.000 28.500
v 430.893 -131.812 39.922
vt 0.000 28.750
v 431.238 -133.100 39.923
vt 0.167 28.750
v 431.583 -134.388 39.893
vt 0.333 28.750
v 431.928 -135.676 39.873
vt 0.500 28.750
v 432.273 -136.964 39.890
vt 0.667 28.750
v 432.618 -138.252 39.918
vt 0.833 28.750
v 432.963 -139.540 39.915
vt 1.000 28.750
v 435.722 -130.518 39.990
vt 0.000 29.000
v 436.067 -131.806 39.986
vt 0.167 29.000
v 436.412 -133.094 39.950
vt 0.333 29.000
v 436.758 -134.382 39.925
vt 0.500 29.000
v 437.103 -135.670 39.937
vt 0.667 29.000
v 437.448 -136.958 39.959
vt 0.833 29.000
v 437.793 -138.245 39.951
vt 1.000 29.000
v 440.552 -129.224 40.059
vt 0.000 29.250
v 440.897 -130.512 40.050
vt 0.167 29.250
v 441.242 -131.800 40.009
vt 0.333 29.250
v 441.587 -133.088 39.978
vt 0.500 29.250
v 441.932 -134.376 39.984
vt 0.667 29.250
v 442.277 -135.664 40.000
vt 0.833 29.250
v 442.622 -136.952 39.988
vt 1.000 29.250
v 445.382 -127.930 40.129
vt 0.000 29.500
v 445.727 -129.218 40.114
vt 0.167 29.500
v 446.072 -130.506 40.067
vt 0.333 29.500
v 446.417 -131.794 40.031
vt 0.500 29.500
v 446.762 -133.082 40.032
vt 0.667 29.500
v 447.107 -134.370 40.042
vt 0.833 29.500
v 447.452 -135.658 40.024
vt 1.000 29.500
v 450.211 -126.636 40.197
vt 0.000 29.750
v 450.556 -127.924 40.178
vt 0.167 29.750
v 450.901 -129.212 40.125
vt 0.333 29.750
v 451.247 -130.500 40.083
vt 0.500 29.750
v 451.592 -131.788 40.078
vt 0.667 29.750
v 451.937 -133.076 40.083
vt 0.833 29.750
v 452.282 -134.364 40.060
vt 1.000 29.750
v 455.041 -125.342 40.266
vt 0.000 30.000
v 455.386 -126.630 40.242
vt 0.167 30.000
v 455.731 -127.918 40.183
vt 0.333 30.000
v 456.076 -129.206 40.136
vt 0.500 30.000
v 456.421 -130.494 40.126
vt 0.667 30.000
v 456.766 -131.782 40.124
vt 0.833 30.000
v 457.111 -133.070 40.097
vt 1.000 30.000
v 459.870 -124.048 40.336
vt 0.000 30.250
v 460.215 -125.336 40.306
vt 0.167 30.250
v 460.561 -126.624 40.242
vt 0.333 30.250
v 460.906 -127.912 40.189
vt 0.500 30.250
v 461.251 -129.200 40.173
vt 0.667 30.250
v 461.596 -130.487 40.166
vt 0.833 30.250
v 461.941 -131.775 40.133
vt 1.000 30.250
v 464.700 -122.753 40.404
vt 0.000 30.500
v 465.045 -124.041 40.370
vt 0.167 30.500
v 465.390 -125.329 40.299
vt 0.333 30.500
v 465.735 -126.617 40.241
vt 0.500 30.500
v 466.080 -127.905 40.220
vt 0.667 30.500
v 466.426 -129.193 40.207
vt 0.833 30.500
v 466.771 -130.481 40.169
vt 1.000 30.500
v 469.530 -121.459 40.473
vt 0.000 30.750
v 469.875 -122.747 40.434
vt 0.167 30.750
v 470.220 -124.035 40.358
vt 0.333 30.750
v 470.565 -125.323 40.294
vt 0.500 30.750
v 470.910 -126.611 40.267
vt 0.667 30.750
v 471.255 -127.899 40.248
vt 0.833 30.750
v 471.600 -129.187 40.206
vt 1.000 30.750
v 474.359 -120.165 40.543
vt 0.000 31.000
v 474.704 -121.453 40.499
vt 0.167 31.000
v 475.049 -122.741 40.416
vt 0.333 31.000
v 475.395 -124.029 40.347
vt 0.500 31.000
v 475.740 -125.317 40.315
vt 0.667 31.000
v 476.085 -126.605 40.290
vt 0.833 31.000
v 476.430 -127.892 40.242
vt 1.000 31.000
v 479.189 -118.871 40.611
vt 0.000 31.250
v 479.534 -120.159 40.562
vt 0.167 31.250
v 479.879 -121.447 40.474
vt 0.333 31.250
v 480.224 -122.735 40.399
vt 0.500 31.250
v 480.569 -124.023 40.361
vt 0.667 31.250
v 480.914 -125.311 40.331
vt 0.833 31.250
v 481.259 -126.599 40.278
vt 1.000 31.250
v 484.019 -117.577 40.680
vt 0.000 31.500
v 484.364 -118.865 40.626
vt 0.167 31.500
v 484.709 -120.153 40.533
vt 0.333 31.500
v 485.054 -121.441 40.452
vt 0.500 31.500
v 485.399 -122.729 40.409
vt 0.667 31.500
v 485.744 -124.017 40.373
vt 0.833 31.500
v 486.089 -125.304 40.315
vt 1.000 31.500
v 488.848 -116.283 40.749
vt 0.000 31.750
v 489.193 -117.571 40.690
vt 0.167 31.750
v 489.538 -118.859 40.591
vt 0.333 31.750
v 489.884 -120.147 40.505
vt 0.500 31.750
v 490.229 -121.435 40.456
vt 0.667 31.750
v 490.574 -122.723 40.415
vt 0.833 31.750
v 490.919 -124.011 40.352
vt 1.000 31.750
v 493.678 -114.989 40.818
vt 0.000 32.000
v 494.023 -116.277 40.753
vt 0.167 32.000
v 494.368 -117.565 40.648
vt 0.333 32.000
v 494.713 -118.853 40.557
vt 0.500 32.000
v 495.058 -120.141 40.503
vt 0.667 32.000
v 495.403 -121.429 40.455
vt 0.833 32.000
v 495.748 -122.717 40.388
vt 1.000 32.000
v 498.534 -113.688 40.887
vt 0.000 32.250
v 498.871 -114.978 40.817
vt 0.167 32.250
v 499.207 -116.268 40.707
vt 0.333 32.250
v 499.543 -117.559 40.610
vt 0.500 32.250
v 499.879 -118.849 40.551
vt 0.667 32.250
v 500.215 -120.139 40.498
vt 0.833 32.250
v 500.551 -121.430 40.425
vt 1.000 32.250
v 503.473 -112.439 40.957
vt 0.000 32.500
v 503.779 -113.736 40.882
vt 0.167 32.500
v 504.084 -115.034 40.766
vt 0.333 32.500
v 504.390 -116.332 40.663
vt 0.500 32.500
v 504.696 -117.630 40.598
vt 0.667 32.500
v 505.001 -118.928 40.539
vt 0.833 32.500
v 505.307 -120.226 40.461
vt 1.000 32.500
v 508.488 -111.345 41.028
vt 0.000 32.750
v 508.751 -112.653 40.946
vt 0.167 32.750
v 509.013 -113.960 40.824
vt 0.333 32.750
v 509.275 -115.267 40.715
vt 0.500 32.750
v 509.538 -116.574 40.644
vt 0.667 32.750
v 509.800 -117.882 40.579
vt 0.833 32.750
v 510.062 -119.189 40.494
vt 1.000 32.750
v 513.538 -110.419 41.099
vt 0.000 33.000
v 513.756 -111.735 41.012
vt 0.167 33.000
v 513.975 -113.050 40.883
vt 0.333 33.000
v 514.193 -114.365 40.768
vt 0.500 33.000
v 514.412 -115.680 40.690
vt 0.667 33.000
v 514.630 -116.996 40.619
vt 0.833 33.000
v 514.849 -118.311 40.528
vt 1.000 33.000
v 518.615 -109.663 41.169
vt 0.000 33.250
v 518.790 -110.985 41.076
vt 0.167 33.250
v 518.964 -112.306 40.942
vt 0.333 33.250
v 519.139 -113.628 40.821
vt 0.500 33.250
v 519.313 -114.950 40.738
vt 0.667 33.250
v 519.488 -116.272 40.661
vt 0.833 33.250
v 519.662 -117.594 40.564
vt 1.000 33.250
v 523.715 -109.076 41.235
vt 0.000 33.500
v 523.845 -110.403 41.136
vt 0.167 33.500
v 523.975 -111.729 40.998
vt 0.333 33.500
v 524.106 -113.056 40.873
vt 0.500 33.500
v 524.236 -114.383 40.785
vt 0.667 33.500
v 524.367 -115.710 40.704
vt 0.833 33.500
v 524.497 -117.037 40.602
vt 1.000 33.500
v 528.831 -108.659 41.297
vt 0.000 33.750
v 528.917 -109.990 41.195
vt 0.167 33.750
v 529.003 -111.320 41.054
vt 0.333 33.750
v 529.089 -112.651 40.926
vt 0.500 33.750
v 529.175 -113.981 40.835
vt 0.667 33.750
v 529.262 -115.312 40.752
vt 0.833 33.750
v 529.348 -116.642 40.647
vt 1.000 33.750
v 533.959 -108.413 41.342
vt 0.000 34.000
v 534.000 -109.745 41.239
vt 0.167 34.000
v 534.042 -111.078 41.096
vt 0.333 34.000
v 534.084 -112.411 40.967
vt 0.500 34.000
v 534.125 -113.744 40.875
vt 0.667 34.000
v 534.167 -115.076 40.790
vt 0.833 34.000
v 534.209 -116.409 40.684
vt 1.000 34.000
v 539.091 -108.338 41.385
vt 0.000 34.250
v 539.088 -109.671 41.281
vt 0.167 34.250
v 539.086 -111.005 41.137
vt 0.333 34.250
v 539.083 -112.338 41.007
vt 0.500 34.250
v 539.080 -113.671 40.914
vt 0.667 34.250
v 539.078 -115.005 40.828
vt 0.833 34.250
v 539.075 -116.338 40.721
vt 1.000 34.250
v 544.224 -108.434 41.427
vt 0.000 34.500
v 544.176 -109.766 41.322
vt 0.167 34.500
v 544.129 -111.099 41.178
vt 0.333 34.500
v 544.082 -112.431 41.047
vt 0.500 34.500
v 544.035 -113.764 40.953
vt 0.667 34.500
v 543.988 -115.096 40.867
vt 0.833 34.500
v 543.941 -116.429 40.759
vt 1.000 34.500
v 549.350 -108.701 41.468
vt 0.000 34.750
v 549.259 -110.031 41.362
vt 0.167 34.750
v 549.167 -111.361 41.218
vt 0.333 34.750
v 549.075 -112.691 41.087
vt 0.500 34.750
v 548.984 -114.022 40.993
vt 0.667 34.750
v 548.892 -115.352 40.906
vt 0.833 34.750
v 548.800 -116.682 40.798
vt 1.000 34.750
v 554.465 -109.140 41.508
vt 0.000 35.000
v 554.329 -110.466 41.403
vt 0.167 35.000
v 554.193 -111.792 41.258
vt 0.333 35.000
v 554.057 -113.119 41.127
vt 0.500 35.000
v 553.921 -114.445 41.033
vt 0.667 35.000
v 553.785 -115.772 40.946
vt 0.833 35.000
v 553.650 -117.098 40.838
vt 1.000 35.000
v 559.562 -109.747 41.547
vt 0.000 35.250
v 559.382 -111.068 41.442
vt 0.167 35.250
v 559.202 -112.389 41.298
vt 0.333 35.250
v 559.022 -113.710 41.167
vt 0.500 35.250
v 558.842 -115.031 41.073
vt 0.667 35.250
v 558.662 -116.352 40.987
vt 0.833 35.250
v 558.482 -117.673 40.878
vt 1.000 35.250
v 564.636 -110.525 41.586
vt 0.000 35.500
v 564.412 -111.839 41.482
vt 0.167 35.500
v 564.188 -113.154 41.338
vt 0.333 35.500
v 563.964 -114.468 41.207
vt 0.500 35.500
v 563.740 -115.783 41.113
vt 0.667 35.500
v 563.516 -117.097 41.027
vt 0.833 35.500
v 563.292 -118.411 40.919
vt 1.000 35.500
v 569.681 -111.471 41.625
vt 0.000 35.750
v 569.414 -112.777 41.521
vt 0.167 35.750
v 569.146 -114.083 41.377
vt 0.333 35.750
v 568.879 -115.390 41.247
vt 0.500 35.750
v 568.611 -116.696 41.154
vt 0.667 35.750
v 568.343 -118.002 41.068
vt 0.833 35.750
v 568.076 -119.308 40.960
vt 1.000 35.750
v 574.692 -112.585 41.664
vt 0.000 36.000
v 574.381 -113.882 41.560
vt 0.167 36.000
v 574.070 -115.178 41.417
vt 0.333 36.000
v 573.759 -116.475 41.287
vt 0.500 36.000
v 573.448 -117.771 41.194
vt 0.667 36.000
v 573.138 -119.068 41.109
vt 0.833 36.000
v 572.827 -120.365 41.002
vt 1.000 36.000
v 579.664 -113.865 41.702
vt 0.000 36.250
v 579.310 -115.150 41.599
vt 0.167 36.250
v 578.956 -116.436 41.456
vt 0.333 36.250
v 578.602 -117.721 41.327
vt 0.500 36.250
v 578.248 -119.007 41.235
vt 0.667 36.250
v 577.894 -120.292 41.150
vt 0.833 36.250
v 577.540 -121.578 41.043
vt 1.000 36.250
v 584.589 -115.311 41.741
vt 0.000 36.500
v 584.193 -116.584 41.638
vt 0.167 36.500
v 583.796 -117.857 41.496
vt 0.333 36.500
v 583.399 -119.130 41.367
vt 0.500 36.500
v 583.002 -120.402 41.275
vt 0.667 36.500
v 582.606 -121.675 41.191
vt 0.833 36.500
v 582.209 -122.948 41.085
vt 1.000 36.500
v 589.464 -116.919 41.779
vt 0.000 36.750
v 589.025 -118.178 41.677
vt 0.167 36.750
v 588.586 -119.437 41.536
vt 0.333 36.750
v 588.147 -120.696 41.407
vt 0.500 36.750
v 587.709 -121.955 41.316
vt 0.667 36.750
v 587.270 -123.214 41.232
vt 0.833 36.750
v 586.831 -124.473 41.126
vt 1.000 36.750
v 594.282 -118.689 41.819
vt 0.000 37.000
v 593.802 -119.933 41.717
vt 0.167 37.000
v 593.321 -121.176 41.575
vt 0.333 37.000
v 592.841 -122.420 41.447
vt 0.500 37.000
v 592.360 -123.664 41.356
vt 0.667 37.000
v 591.880 -124.907 41.272
vt 0.833 37.000
v 591.399 -126.151 41.167
vt 1.000 37.000
v 599.039 -120.618 41.858
vt 0.000 37.250
v 598.518 -121.845 41.756
vt 0.167 37.250
v 597.996 -123.072 41.615
vt 0.333 37.250
v 597.474 -124.299 41.487
vt 0.500 37.250
v 596.952 -125.526 41.396
vt 0.667 37.250
v 596.431 -126.753 41.313
vt 0.833 37.250
v 595.909 -127.980 41.207
vt 1.000 37.250
v 603.729 -122.706 41.896
vt 0.000 37.500
v 603.167 -123.915 41.794
vt 0.167 37.500
v 602.604 -125.124 41.652
vt 0.333 37.500
v 602.042 -126.333 41.524
vt 0.500 37.500
v 601.480 -127.542 41.433
vt 0.667 37.500
v 600.917 -128.751 41.349
vt 0.833 37.500
v 600.355 -129.959 41.244
vt 1.000 37.500
v 608.346 -124.949 41.924
vt 0.000 37.750
v 607.744 -126.138 41.822
vt 0.167 37.750
v 607.142 -127.328 41.680
vt 0.333 37.750
v 606.540 -128.517 41.551
vt 0.500 37.750
v 605.937 -129.707 41.459
vt 0.667 37.750
v 605.335 -130.896 41.375
vt 0.833 37.750
v 604.733 -132.086 41.269
vt 1.000 37.750
v 612.887 -127.343 41.943
vt 0.000 38.000
v 612.246 -128.512 41.840
vt 0.167 38.000
v 611.604 -129.681 41.698
vt 0.333 38.000
v 610.962 -130.850 41.568
vt 0.500 38.000
v 610.321 -132.018 41.476
vt 0.667 38.000
v 609.679 -133.187 41.390
vt 0.833 38.000
v 609.037 -134.356 41.284
vt 1.000 38.000
v 617.345 -129.889 41.953
vt 0.000 38.250
v 616.665 -131.035 41.849
vt 0.167 38.250
v 615.985 -132.182 41.705
vt 0.333 38.250
v 615.304 -133.329 41.575
vt 0.500 38.250
v 614.624 -134.476 41.482
vt 0.667 38.250
v 613.944 -135.622 41.395
vt 0.833 38.250
v 613.263 -136.769 41.288
vt 1.000 38.250
v 621.716 -132.581 41.954
vt 0.000 38.500
v 620.998 -133.704 41.849
vt 0.167 38.500
v 620.279 -134.828 41.704
vt 0.333 38.500
v 619.561 -135.951 41.573
vt 0.500 38.500
v 618.843 -137.075 41.479
vt 0.667 38.500
v 618.125 -138.198 41.391
vt 0.833 38.500
v 617.407 -139.322 41.283
vt 1.000 38.500
v 625.994 -135.417 41.943
vt 0.000 38.750
v 625.239 -136.516 41.838
vt 0.167 38.750
v 624.484 -137.615 41.693
vt 0.333 38.750
v 623.729 -138.714 41.561
vt 0.500 38.750
v 622.974 -139.813 41.466
vt 0.667 38.750
v 622.218 -140.912 41.378
vt 0.833 38.750
v 621.463 -142.011 41.269
vt 1.000 38.750
v 630.176 -138.395 41.922
vt 0.000 39.000
v 629.384 -139.468 41.817
vt 0.167 39.000
v 628.593 -140.541 41.671
vt 0.333 39.000
v 627.802 -141.614 41.539
vt 0.500 39.000
v 627.010 -142.687 41.444
vt 0.667 39.000
v 626.219 -143.760 41.355
vt 0.833 39.000
v 625.427 -144.834 41.246
vt 1.000 39.000
v 634.255 -141.510 41.890
vt 0.000 39.250
v 633.429 -142.556 41.784
vt 0.167 39.250
v 632.602 -143.603 41.639
vt 0.333 39.250
v 631.776 -144.649 41.507
vt 0.500 39.250
v 630.949 -145.695 41.412
vt 0.667 39.250
v 630.122 -146.741 41.323
vt 0.833 39.250
v 629.296 -147.787 41.214
vt 1.000 39.250
v 638.230 -144.759 41.847
vt 0.000 39.500
v 637.369 -145.777 41.742
vt 0.167 39.500
v 636.508 -146.795 41.597
vt 0.333 39.500
v 635.647 -147.813 41.466
vt 0.500 39.500
v 634.786 -148.831 41.371
vt 0.667 39.500
v 633.925 -149.849 41.284
vt 0.833 39.500
v 633.064 -150.868 41.175
vt 1.000 39.500
v 642.094 -148.139 41.791
vt 0.000 39.750
v 641.199 -149.128 41.687
vt 0.167 39.750
v 640.305 -150.117 41.544
vt 0.333 39.750
v 639.410 -151.105 41.414
vt 0.500 39.750
v 638.516 -152.094 41.321
vt 0.667 39.750
v 637.621 -153.083 41.235
vt 0.833 39.750
v 636.727 -154.072 41.128
vt 1.000 39.750
v 645.843 -151.646 41.725
vt 0.000 40.000
v 644.916 -152.605 41.623
vt 0.167 40.000
v 643.988 -153.563 41.483
vt 0.333 40.000
v 643.061 -154.521 41.355
vt 0.500 40.000
v 642.134 -155.479 41.264
vt 0.667 40.000
v 641.207 -156.438 41.181
vt 0.833 40.000
v 640.280 -157.396 41.076
vt 1.000 40.000
v 649.472 -155.277 41.637
vt 0.000 40.250
v 648.513 -156.204 41.540
vt 0.167 40.250
v 647.555 -157.131 41.403
vt 0.333 40.250
v 646.596 -158.057 41.280
vt 0.500 40.250
v 645.638 -158.984 41.194
vt 0.667 40.250
v 644.679 -159.911 41.116
vt 0.833 40.250
v 643.721 -160.838 41.015
vt 1.000 40.250
v 652.978 -159.025 41.542
vt 0.000 40.500
v 651.989 -159.920 41.452
vt 0.167 40.500
v 651.001 -160.814 41.322
vt 0.333 40.500
v 650.012 -161.709 41.205
vt 0.500 40.500
v 649.023 -162.603 41.126
vt 0.667 40.500
v 648.034 -163.498 41.056
vt 0.833 40.500
v 647.046 -164.392 40.962
vt 1.000 40.500
v 656.358 -162.889 41.442
vt 0.000 40.750
v 655.340 -163.750 41.359
vt 0.167 40.750
v 654.322 -164.611 41.238
vt 0.333 40.750
v 653.304 -165.472 41.129
vt 0.500 40.750
v 652.286 -166.333 41.059
vt 0.667 40.750
v 651.268 -167.194 40.998
vt 0.833 40.750
v 650.250 -168.055 40.912
vt 1.000 40.750
v 659.607 -166.863 41.341
vt 0.000 41.000
v 658.561 -167.690 41.267
vt 0.167 41.000
v 657.515 -168.516 41.154
vt 0.333 41.000
v 656.469 -169.343 41.054
vt 0.500 41.000
v 655.423 -170.170 40.994
vt 0.667 41.000
v 654.377 -170.996 40.943
vt 0.833 41.000
v 653.331 -171.823 40.865
vt 1.000 41.000
v 662.723 -170.943 41.240
vt 0.000 41.250
v 661.649 -171.734 41.174
vt 0.167 41.250
v 660.576 -172.526 41.070
vt 0.333 41.250
v 659.503 -173.317 40.979
vt 0.500 41.250
v 658.430 -174.108 40.928
vt 0.667 41.250
v 657.357 -174.900 40.887
vt 0.833 41.250
v 656.284 -175.691 40.818
vt 1.000 41.250
v 665.678 -175.092 41.141
vt 0.000 41.500
v 664.586 -175.858 41.083
vt 0.167 41.500
v 663.495 -176.624 40.987
vt 0.333 41.500
v 662.404 -177.390 40.904
vt 0.500 41.500
v 661.312 -178.156 40.862
vt 0.667 41.500
v 660.221 -178.922 40.829
vt 0.833 41.500
v 659.129 -179.687 40.767
vt 1.000 41.500
v 668.538 -179.227 41.042
vt 0.000 41.750
v 667.441 -179.985 40.991
vt 0.167 41.750
v 666.344 -180.744 40.903
vt 0.333 41.750
v 665.248 -181.502 40.828
vt 0.500 41.750
v 664.151 -182.260 40.793
vt 0.667 41.750
v 663.054 -183.019 40.768
vt 0.833 41.750
v 661.958 -183.777 40.713
vt 1.000 41.750
v 671.381 -183.340 40.945
vt 0.000 42.000
v 670.285 -184.098 40.901
vt 0.167 42.000
v 669.188 -184.856 40.821
vt 0.333 42.000
v 668.091 -185.615 40.753
vt 0.500 42.000
v 666.995 -186.373 40.725
vt 0.667 42.000
v 665.898 -187.131 40.708
vt 0.833 42.000
v 664.801 -187.890 40.660
vt 1.000 42.000
v 674.225 -187.452 40.847
vt 0.000 42.250
v 673.129 -188.210 40.810
vt 0.167 42.250
v 672.032 -188.969 40.738
vt 0.333 42.250
v 670.936 -189.727 40.678
vt 0.500 42.250
v 669.839 -190.485 40.657
vt 0.667 42.250
v 668.742 -191.244 40.647
vt 0.833 42.250
v 667.646 -192.002 40.607
vt 1.000 42.250
v 677.069 -191.564 40.749
vt 0.000 42.500
v 675.973 -192.323 40.720
vt 0.167 42.500
v 674.876 -193.081 40.655
vt 0.333 42.500
v 673.779 -193.839 40.603
vt 0.500 42.500
v 672.683 -194.598 40.590
vt 0.667 42.500
v 671.586 -195.356 40.586
vt 0.833 42.500
v 670.489 -196.115 40.553
vt 1.000 42.500
v 679.913 -195.677 40.651
vt 0.000 42.750
v 678.817 -196.435 40.629
vt 0.167 42.750
v 677.720 -197.193 40.573
vt 0.333 42.750
v 676.623 -197.952 40.528
vt 0.500 42.750
v 675.527 -198.710 40.522
vt 0.667 42.750
v 674.430 -199.468 40.526
vt 0.833 42.750
v 673.333 -200.227 40.500
vt 1.000 42.750
v 682.757 -199.790 40.552
vt 0.000 43.000
v 681.660 -200.548 40.537
vt 0.167 43.000
v 680.564 -201.306 40.489
vt 0.333 43.000
v 679.467 -202.064 40.452
vt 0.500 43.000
v 678.370 -202.823 40.453
vt 0.667 43.000
v 677.274 -203.581 40.464
vt 0.833 43.000
v 676.177 -204.339 40.445
vt 1.000 43.000
v 685.601 -203.902 40.455
vt 0.000 43.250
v 684.504 -204.660 40.446
vt 0.167 43.250
v 683.407 -205.419 40.406
vt 0.333 43.250
v 682.311 -206.177 40.377
vt 0.500 43.250
v 681.214 -206.935 40.385
vt 0.667 43.250
v 680.117 -207.694 40.403
vt 0.833 43.250
v 679.021 -208.452 40.392
vt 1.000 43.250
v 688.445 -208.014 40.357
vt 0.000 43.500
v 687.348 -208.773 40.356
vt 0.167 43.500
v 686.251 -209.531 40.324
vt 0.333 43.500
v 685.155 -210.289 40.302
vt 0.500 43.500
v 684.058 -211.048 40.317
vt 0.667 43.500
v 682.962 -211.806 40.343
vt 0.833 43.500
v 681.865 -212.564 40.339
vt 1.000 43.500
v 691.288 -212.127 40.259
vt 0.000 43.750
v 690.192 -212.885 40.265
vt 0.167 43.750
v 689.095 -213.644 40.241
vt 0.333 43.750
v 687.999 -214.402 40.227
vt 0.500 43.750
v 686.902 -215.160 40.250
vt 0.667 43.750
v 685.805 -215.919 40.283
vt 0.833 43.750
v 684.709 -216.677 40.286
vt 1.000 43.750
v 694.133 -216.239 40.160
vt 0.000 44.000
v 693.036 -216.997 40.173
vt 0.167 44.000
v 691.939 -217.756 40.157
vt 0.333 44.000
v 690.843 -218.514 40.151
vt 0.500 44.000
v 689.746 -219.273 40.182
vt 0.667 44.000
v 688.649 -220.031 40.223
vt 0.833 44.000
v 687.553 -220.789 40.233
vt 1.000 44.000
v 696.976 -220.352 40.062
vt 0.000 44.250
v 695.880 -221.110 40.082
vt 0.167 44.250
v 694.783 -221.868 40.074
vt 0.333 44.250
v 693.686 -222.627 40.076
vt 0.500 44.250
v 692.590 -223.385 40.114
vt 0.667 44.250
v 691.493 -224.144 40.164
vt 0.833 44.250
v 690.396 -224.902 40.180
vt 1.000 44.250
v 699.820 -224.464 39.964
vt 0.000 44.500
v 698.724 -225.222 39.991
vt 0.167 44.500
v 697.627 -225.981 39.992
vt 0.333 44.500
v 696.531 -226.739 40.001
vt 0.500 44.500
v 695.434 -227.497 40.047
vt 0.667 44.500
v 694.337 -228.256 40.104
vt 0.833 44.500
v 693.241 -229.014 40.128
vt 1.000 44.500
v 702.665 -228.576 39.866
vt 0.000 44.750
v 701.568 -229.334 39.900
vt 0.167 44.750
v 700.471 -230.093 39.909
vt 0.333 44.750
v 699.375 -230.851 39.926
vt 0.500 44.750
v 698.278 -231.610 39.980
vt 0.667 44.750
v 697.181 -232.368 40.045
vt 0.833 44.750
v 696.085 -233.126 40.076
vt 1.000 44.750
v 705.508 -232.689 39.767
vt 0.000 45.000
v 704.412 -233.447 39.809
vt 0.167 45.000
v 703.315 -234.205 39.825
vt 0.333 45.000
v 702.218 -234.964 39.850
vt 0.500 45.000
v 701.122 -235.722 39.912
vt 0.667 45.000
v 700.025 -236.481 39.985
vt 0.833 45.000
v 698.929 -237.239 40.024
vt 1.000 45.000
v 708.353 -236.801 39.669
vt 0.000 45.250
v 707.256 -237.559 39.718
vt 0.167 45.250
v 706.159 -238.318 39.742
vt 0.333 45.250
v 705.063 -239.076 39.775
vt 0.500 45.250
v 703.966 -239.834 39.844
vt 0.667 45.250
v 702.869 -240.593 39.926
vt 0.833 45.250
v 701.773 -241.351 39.972
vt 1.000 45.250
v 711.196 -240.914 39.572
vt 0.000 45.500
v 710.100 -241.672 39.627
vt 0.167 45.500
v 709.003 -242.430 39.660
vt 0.333 45.500
v 707.906 -243.189 39.700
vt 0.500 45.500
v 706.810 -243.947 39.777
vt 0.667 45.500
v 705.713 -244.705 39.867
vt 0.833 45.500
v 704.616 -245.464 39.919
vt 1.000 45.500
v 714.024 -245.002 39.474
vt 0.000 45.750
v 712.933 -245.768 39.537
vt 0.167 45.750
v 711.842 -246.534 39.577
vt 0.333 45.750
v 710.751 -247.301 39.625
vt 0.500 45.750
v 709.660 -248.067 39.710
vt 0.667 45.750
v 708.569 -248.834 39.808
vt 0.833 45.750
v 707.478 -249.600 39.867
vt 1.000 45.750
v 716.864 -248.983 39.374
vt 0.000 46.000
v 715.795 -249.779 39.444
vt 0.167 46.000
v 714.725 -250.575 39.493
vt 0.333 46.000
v 713.655 -251.371 39.549
vt 0.500 46.000
v 712.585 -252.167 39.642
vt 0.667 46.000
v 711.516 -252.963 39.748
vt 0.833 46.000
v 710.446 -253.758 39.815
vt 1.000 46.000
v 719.830 -252.809 39.272
vt 0.000 46.250
v 718.793 -253.647 39.351
vt 0.167 46.250
v 717.756 -254.485 39.409
vt 0.333 46.250
v 716.718 -255.322 39.474
vt 0.500 46.250
v 715.681 -256.160 39.576
vt 0.667 46.250
v 714.644 -256.998 39.691
vt 0.833 46.250
v 713.607 -257.836 39.767
vt 1.000 46.250
v 722.946 -256.513 39.169
vt 0.000 46.500
v 721.943 -257.391 39.258
vt 0.167 46.500
v 720.940 -258.270 39.325
vt 0.333 46.500
v 719.937 -259.149 39.399
vt 0.500 46.500
v 718.934 -260.027 39.510
vt 0.667 46.500
v 717.932 -260.906 39.635
vt 0.833 46.500
v 716.929 -261.785 39.720
vt 1.000 46.500
v 726.208 -260.088 39.069
vt 0.000 46.750
v 725.241 -261.006 39.166
vt 0.167 46.750
v 724.274 -261.924 39.241
vt 0.333 46.750
v 723.307 -262.843 39.324
vt 0.500 46.750
v 722.340 -263.761 39.444
vt 0.667 46.750
v 721.373 -264.679 39.577
vt 0.833 46.750
v 720.406 -265.597 39.670
vt 1.000 46.750
v 729.610 -263.531 38.974
vt 0.000 47.000
v 728.681 -264.487 39.077
vt 0.167 47.000
v 727.751 -265.443 39.160
vt 0.333 47.000
v 726.822 -266.399 39.249
vt 0.500 47.000
v 725.892 -267.355 39.375
vt 0.667 47.000
v 724.963 -268.310 39.515
vt 0.833 47.000
v 724.033 -269.266 39.615
vt 1.000 47.000
v 733.147 -266.835 38.886
vt 0.000 47.250
v 732.256 -267.827 38.993
vt 0.167 47.250
v 731.366 -268.820 39.079
vt 0.333 47.250
v 730.475 -269.812 39.173
vt 0.500 47.250
v 729.585 -270.804 39.303
vt 0.667 47.250
v 728.694 -271.797 39.447
vt 0.833 47.250
v 727.804 -272.789 39.551
vt 1.000 47.250
v 736.813 -269.994 38.819
vt 0.000 47.500
v 735.963 -271.021 38.927
vt 0.167 47.500
v 735.113 -272.049 39.016
vt 0.333 47.500
v 734.263 -273.076 39.111
vt 0.500 47.500
v 733.413 -274.103 39.243
vt 0.667 47.500
v 732.563 -275.131 39.389
vt 0.833 47.500
v 731.713 -276.158 39.495
vt 1.000 47.500
v 740.604 -273.004 38.756
vt 0.000 47.750
v 739.795 -274.065 38.867
vt 0.167 47.750
v 738.987 -275.125 38.956
vt 0.333 47.750
v 738.179 -276.186 39.053
vt 0.500 47.750
v 737.370 -277.246 39.187
vt 0.667 47.750
v 736.562 -278.306 39.335
vt 0.833 47.750
v 735.753 -279.367 39.442
vt 1.000 47.750
v 744.510 -275.862 38.696
vt 0.000 48.000
v 743.745 -276.954 38.807
vt 0.167 48.000
v 742.980 -278.045 38.898
vt 0.333 48.000
v 742.214 -279.137 38.996
vt 0.500 48.000
v 741.449 -280.229 39.132
vt 0.667 48.000
v 740.684 -281.321 39.282
vt 0.833 48.000
v 739.918 -282.413 39.392
vt 1.000 48.000
v 748.529 -278.559 38.634
vt 0.000 48.250
v 747.808 -279.681 38.746
vt 0.167 48.250
v 747.087 -280.802 38.838
vt 0.333 48.250
v 746.366 -281.924 38.938
vt 0.500 48.250
v 745.645 -283.045 39.076
vt 0.667 48.250
v 744.924 -284.167 39.228
vt 0.833 48.250
v 744.203 -285.289 39.340
vt 1.000 48.250
v 752.651 -281.095 38.574
vt 0.000 48.500
v 751.976 -282.245 38.687
vt 0.167 48.500
v 751.300 -283.394 38.780
vt 0.333 48.500
v 750.625 -284.544 38.881
vt 0.500 48.500
v 749.949 -285.693 39.021
vt 0.667 48.500
v 749.273 -286.843 39.176
vt 0.833 48.500
v 748.598 -287.992 39.290
vt 1.000 48.500
v 756.872 -283.463 38.514
vt 0.000 48.750
v 756.243 -284.639 38.627
vt 0.167 48.750
v 755.614 -285.814 38.721
vt 0.333 48.750
v 754.985 -286.990 38.823
vt 0.500 48.750
v 754.356 -288.166 38.965
vt 0.667 48.750
v 753.727 -289.341 39.122
vt 0.833 48.750
v 753.098 -290.517 39.239
vt 1.000 48.750
v 761.185 -285.660 38.455
vt 0.000 49.000
v 760.603 -286.860 38.569
vt 0.167 49.000
v 760.022 -288.060 38.663
vt 0.333 49.000
v 759.440 -289.259 38.766
vt 0.500 49.000
v 758.859 -290.459 38.910
vt 0.667 49.000
v 758.277 -291.659 39.069
vt 0.833 49.000
v 757.696 -292.859 39.188
vt 1.000 49.000
v 765.582 -287.684 38.395
vt 0.000 49.250
v 765.049 -288.906 38.509
vt 0.167 49.250
v 764.515 -290.128 38.604
vt 0.333 49.250
v 763.982 -291.350 38.708
vt 0.500 49.250
v 763.449 -292.572 38.853
vt 0.667 49.250
v 762.916 -293.794 39.015
vt 0.833 49.250
v 762.383 -295.016 39.137
vt 1.000 49.250
v 770.056 -289.530 38.337
vt 0.000 49.500
v 769.572 -290.772 38.451
vt 0.167 49.500
v 769.088 -292.015 38.546
vt 0.333 49.500
v 768.604 -293.257 38.651
vt 0.500 49.500
v 768.121 -294.500 38.798
vt 0.667 49.500
v 767.637 -295.742 38.962
vt 0.833 49.500
v 767.153 -296.985 39.086
vt 1.000 49.500
v 774.600 -291.195 38.278
vt 0.000 49.750
v 774.166 -292.456 38.392
vt 0.167 49.750
v 773.733 -293.717 38.487
vt 0.333 49.750
v 773.299 -294.978 38.593
vt 0.500 49.750
v 772.865 -296.239 38.741
vt 0.667 49.750
v 772.432 -297.500 38.907
vt 0.833 49.750
v 771.998 -298.760 39.033
vt 1.000 49.750
v 779.207 -292.678 38.221
vt 0.000 50.000
v 778.824 -293.955 38.335
vt 0.167 50.000
v 778.442 -295.232 38.430
vt 0.333 50.000
v 778.059 -296.509 38.536
vt 0.500 50.000
v 777.676 -297.786 38.685
vt 0.667 50.000
v 777.293 -299.064 38.853
vt 0.833 50.000
v 776.910 -300.341 38.980
vt 1.000 50.000
v 783.870 -293.974 38.163
vt 0.000 50.250
v 783.539 -295.266 38.276
vt 0.167 50.250
v 783.207 -296.557 38.372
vt 0.333 50.250
v 782.876 -297.849 38.478
vt 0.500 50.250
v 782.544 -299.140 38.628
vt 0.667 50.250
v 782.213 -300.432 38.797
vt 0.833 50.250
v 781.881 -301.723 38.926
vt 1.000 50.250
v 788.582 -295.084 38.106
vt 0.000 50.500
v 788.302 -296.388 38.220
vt 0.167 50.500
v 788.022 -297.691 38.314
vt 0.333 50.500
v 787.743 -298.995 38.421
vt 0.500 50.500
v 787.463 -300.299 38.572
vt 0.667 50.500
v 787.184 -301.602 38.742
vt 0.833 50.500
v 786.904 -302.906 38.871
vt 1.000 50.500
v 793.334 -296.004 38.049
vt 0.000 50.750
v 793.106 -297.318 38.162
vt 0.167 50.750
v 792.879 -298.632 38.257
vt 0.333 50.750
v 792.652 -299.945 38.363
vt 0.500 50.750
v 792.424 -301.259 38.514
vt 0.667 50.750
v 792.197 -302.573 38.684
vt 0.833 50.750
v 791.970 -303.887 38.814
vt 1.000 50.750
v 798.118 -296.734 37.993
vt 0.000 51.000
v 797.944 -298.056 38.106
vt 0.167 51.000
v 797.769 -299.378 38.200
vt 0.333 51.000
v 797.594 -300.700 38.306
vt 0.500 51.000
v 797.420 -302.021 38.457
vt 0.667 51.000
v 797.245 -303.343 38.627
vt 0.833 51.000
v 797.070 -304.665 38.756
vt 1.000 51.000
v 802.928 -297.272 37.937
vt 0.000 51.250
v 802.807 -298.599 38.049
vt 0.167 51.250
v 802.685 -299.927 38.143
vt 0.333 51.250
v 802.563 -301.255 38.248
vt 0.500 51.250
v 802.442 -302.583 38.398
vt 0.667 51.250
v 802.320 -303.910 38.567
vt 0.833 51.250
v 802.199 -305.238 38.696
vt 1.000 51.250
v 807.756 -297.616 37.882
vt 0.000 51.500
v 807.687 -298.948 37.994
vt 0.167 51.500
v 807.619 -300.279 38.086
vt 0.333 51.500
v 807.551 -301.611 38.191
vt 0.500 51.500
v 807.482 -302.943 38.340
vt 0.667 51.500
v 807.414 -304.274 38.508
vt 0.833 51.500
v 807.346 -305.606 38.635
vt 1.000 51.500
v 812.593 -297.767 37.827
vt 0.000 51.750
v 812.578 -299.101 37.938
vt 0.167 51.750
v 812.563 -300.434 38.030
vt 0.333 51.750
v 812.548 -301.767 38.133
vt 0.500 51.750
v 812.533 -303.100 38.280
vt 0.667 51.750
v 812.518 -304.434 38.446
vt 0.833 51.750
v 812.503 -305.767 38.571
vt 1.000 51.750
v 817.433 -297.725 37.773
vt 0.000 52.000
v 817.471 -299.058 37.883
vt 0.167 52.000
v 817.510 -300.391 37.974
vt 0.333 52.000
v 817.548 -301.723 38.076
vt 0.500 52.000
v 817.586 -303.056 38.221
vt 0.667 52.000
v 817.625 -304.389 38.384
vt 0.833 52.000
v 817.663 -305.722 38.506
vt 1.000 52.000
v 822.267 -297.489 37.718
vt 0.000 52.250
v 822.359 -298.819 37.828
vt 0.167 52.250
v 822.451 -300.149 37.918
vt 0.333 52.250
v 822.542 -301.480 38.018
vt 0.500 52.250
v 822.634 -302.810 38.160
vt 0.667 52.250
v 822.725 -304.140 38.319
vt 0.833 52.250
v 822.817 -305.470 38.438
vt 1.000 52.250
v 827.088 -297.060 37.665
vt 0.000 52.500
v 827.233 -298.386 37.774
vt 0.167 52.500
v 827.378 -299.711 37.863
vt 0.333 52.500
v 827.523 -301.037 37.961
vt 0.500 52.500
v 827.667 -302.362 38.099
vt 0.667 52.500
v 827.812 -303.688 38.254
vt 0.833 52.500
v 827.957 -305.013 38.368
vt 1.000 52.500
v 831.888 -296.439 37.611
vt 0.000 52.750
v 832.086 -297.757 37.719
vt 0.167 52.750
v 832.283 -299.076 37.807
vt 0.333 52.750
v 832.481 -300.395 37.903
vt 0.500 52.750
v 832.679 -301.713 38.037
vt 0.667 52.750
v 832.876 -303.032 38.186
vt 0.833 52.750
v 833.074 -304.351 38.294
vt 1.000 52.750
v 836.660 -295.626 37.566
vt 0.000 53.000
v 836.910 -296.935 37.673
vt 0.167 53.000
v 837.160 -298.245 37.759
vt 0.333 53.000
v 837.410 -299.555 37.852
vt 0.500 53.000
v 837.660 -300.864 37.980
vt 0.667 53.000
v 837.910 -302.174 38.120
vt 0.833 53.000
v 838.161 -303.484 38.220
vt 1.000 53.000
v 841.395 -294.623 37.537
vt 0.000 53.250
v 841.697 -295.922 37.644
vt 0.167 53.250
v 841.999 -297.220 37.727
vt 0.333 53.250
v 842.302 -298.519 37.810
vt 0.500 53.250
v 842.604 -299.817 37.919
vt 0.667 53.250
v 842.906 -301.116 38.035
vt 0.833 53.250
v 843.209 -302.415 38.110
vt 1.000 53.250
v 846.085 -293.431 37.517
vt 0.000 53.500
v 846.440 -294.717 37.621
vt 0.167 53.500
v 846.794 -296.002 37.699
vt 0.333 53.500
v 847.148 -297.288 37.768
vt 0.500 53.500
v 847.502 -298.573 37.849
vt 0.667 53.500
v 847.856 -299.859 37.926
vt 0.833 53.500
v 848.210 -301.144 37.963
vt 1.000 53.500
v 850.725 -292.053 37.501
vt 0.000 53.750
v 851.130 -293.323 37.603
vt 0.167 53.750
v 851.535 -294.594 37.674
vt 0.333 53.750
v 851.941 -295.864 37.727
vt 0.500 53.750
v 852.346 -297.134 37.775
vt 0.667 53.750
v 852.751 -298.404 37.809
vt 0.833 53.750
v 853.156 -299.675 37.802
vt 1.000 53.750
v 855.306 -290.490 37.487
vt 0.000 54.000
v 855.762 -291.744 37.585
vt 0.167 54.000
v 856.217 -292.997 37.648
vt 0.333 54.000
v 856.673 -294.250 37.685
vt 0.500 54.000
v 857.128 -295.503 37.702
vt 0.667 54.000
v 857.584 -296.756 37.694
vt 0.833 54.000
v 858.040 -298.009 37.647
vt 1.000 54.000
v 859.822 -288.746 37.471
vt 0.000 54.250
v 860.327 -289.980 37.564
vt 0.167 54.250
v 860.832 -291.214 37.620
vt 0.333 54.250
v 861.337 -292.448 37.643
vt 0.500 54.250
v 861.842 -293.682 37.637
vt 0.667 54.250
v 862.347 -294.916 37.598
vt 0.833 54.250
v 862.852 -296.150 37.520
vt 1.000 54.250
v 864.321 -286.802 37.450
vt 0.000 54.500
v 864.856 -288.023 37.538
vt 0.167 54.500
v 865.392 -289.244 37.586
vt 0.333 54.500
v 865.927 -290.465 37.601
vt 0.500 54.500
v 866.463 -291.686 37.583
vt 0.667 54.500
v 866.998 -292.907 37.531
vt 0.833 54.500
v 867.533 -294.129 37.441
vt 1.000 54.500
v 868.868 -284.778 37.431
vt 0.000 54.750
v 869.411 -285.996 37.511
vt 0.167 54.750
v 869.953 -287.214 37.552
vt 0.333 54.750
v 870.495 -288.432 37.560
vt 0.500 54.750
v 871.037 -289.650 37.539
vt 0.667 54.750
v 871.580 -290.868 37.484
vt 0.833 54.750
v 872.122 -292.086 37.392
vt 1.000 54.750
v 873.436 -282.744 37.412
vt 0.000 55.000
v 873.978 -283.962 37.483
vt 0.167 55.000
v 874.520 -285.180 37.515
vt 0.333 55.000
v 875.063 -286.398 37.518
vt 0.500 55.000
v 875.605 -287.616 37.496
vt 0.667 55.000
v 876.147 -288.834 37.445
vt 0.833 55.000
v 876.690 -290.052 37.356
vt 1.000 55.000
v 878.003 -280.710 37.393
vt 0.000 55.250
v 878.546 -281.928 37.454
vt 0.167 55.250
v 879.088 -283.146 37.477
vt 0.333 55.250
v 879.630 -284.364 37.475
vt 0.500 55.250
v 880.173 -285.583 37.456
vt 0.667 55.250
v 880.715 -286.801 37.411
vt 0.833 55.250
v 881.257 -288.019 37.330
vt 1.000 55.250
v 882.571 -278.676 37.374
vt 0.000 55.500
v 883.113 -279.895 37.425
vt 0.167 55.500
v 883.656 -281.113 37.439
vt 0.333 55.500
v 884.198 -282.331 37.433
vt 0.500 55.500
v 884.740 -283.549 37.418
vt 0.667 55.500
v 885.283 -284.767 37.383
vt 0.833 55.500
v 885.825 -285.985 37.313
vt 1.000 55.500
v 887.139 -276.643 37.355
vt 0.000 55.750
v 887.681 -277.861 37.395
vt 0.167 55.750
v 888.223 -279.079 37.400
vt 0.333 55.750
v 888.766 -280.297 37.391
vt 0.500 55.750
v 889.308 -281.515 37.382
vt 0.667 55.750
v 889.850 -282.733 37.359
vt 0.833 55.750
v 890.393 -283.951 37.301
vt 1.000 55.750
v 891.706 -274.609 37.334
vt 0.000 56.000
v 892.249 -275.827 37.364
vt 0.167 56.000
v 892.791 -277.045 37.360
vt 0.333 56.000
v 893.333 -278.263 37.348
vt 0.500 56.000
v 893.876 -279.481 37.346
vt 0.667 56.000
v 894.418 -280.699 37.335
vt 0.833 56.000
v 894.960 -281.917 37.292
vt 1.000 56.000
v 896.274 -272.575 37.311
vt 0.000 56.250
v 896.816 -273.793 37.332
vt 0.167 56.250
v 897.359 -275.011 37.320
vt 0.333 56.250
v 897.901 -276.229 37.306
vt 0.500 56.250
v 898.443 -277.447 37.310
vt 0.667 56.250
v 898.986 -278.665 37.312
vt 0.833 56.250
v 899.528 -279.883 37.282
vt 1.000 56.250
v 900.842 -270.541 37.285
vt 0.000 56.500
v 901.384 -271.759 37.298
vt 0.167 56.500
v 901.926 -272.977 37.280
vt 0.333 56.500
v 902.469 -274.195 37.264
vt 0.500 56.500
v 903.011 -275.413 37.274
vt 0.667 56.500
v 903.553 -276.631 37.287
vt 0.833 56.500
v 904.096 -277.849 37.269
vt 1.000 56.500
v 905.409 -268.507 37.256
vt 0.000 56.750
v 905.952 -269.725 37.263
vt 0.167 56.750
v 906.494 -270.943 37.239
vt 0.333 56.750
v 907.036 -272.161 37.221
vt 0.500 56.750
v 907.579 -273.379 37.237
vt 0.667 56.750
v 908.121 -274.597 37.259
vt 0.833 56.750
v 908.663 -275.816 37.250
vt 1.000 56.750
v 909.977 -266.473 37.223
vt 0.000 57.000
v 910.519 -267.691 37.225
vt 0.167 57.000
v 911.062 -268.910 37.197
vt 0.333 57.000
v 911.604 -270.128 37.179
vt 0.500 57.000
v 912.146 -271.346 37.197
vt 0.667 57.000
v 912.689 -272.564 37.225
vt 0.833 57.000
v 913.231 -273.782 37.222
vt 1.000 57.000
v 914.545 -264.440 37.185
vt 0.000 57.250
v 915.087 -265.658 37.186
vt 0.167 57.250
v 915.629 -266.876 37.156
vt 0.333 57.250
v 916.172 -268.094 37.137
vt 0.500 57.250
v 916.714 -269.312 37.156
vt 0.667 57.250
v 917.256 -270.530 37.186
vt 0.833 57.250
v 917.799 -271.748 37.185
vt 1.000 57.250
v 919.112 -262.406 37.147
vt 0.000 57.500
v 919.655 -263.624 37.146
vt 0.167 57.500
v 920.197 -264.842 37.114
vt 0.333 57.500
v 920.739 -266.060 37.094
vt 0.500 57.500
v 921.282 -267.278 37.114
vt 0.667 57.500
v 921.824 -268.496 37.146
vt 0.833 57.500
v 922.366 -269.714 37.147
vt 1.000 57.500
v 923.680 -260.372 37.108
vt 0.000 57.750
v 924.222 -261.590 37.105
vt 0.167 57.750
v 924.765 -262.808 37.072
vt 0.333 57.750
v 925.307 -264.026 37.052
vt 0.500 57.750
v 925.849 -265.244 37.072
vt 0.667 57.750
v 926.392 -266.462 37.105
vt 0.833 57.750
v 926.934 -267.680 37.108
vt 1.000 57.750
v 928.248 -258.338 37.069
vt 0.000 58.000
v 928.790 -259.556 37.065
vt 0.167 58.000
v 929.332 -260.774 37.031
vt 0.333 58.000
v 929.875 -261.992 37.010
vt 0.500 58.000
v 930.417 -263.210 37.031
vt 0.667 58.000
v 930.959 -264.428 37.065
vt 0.833 58.000
v 931.502 -265.646 37.069
vt 1.000 58.000
v 932.815 -256.304 37.029
vt 0.000 58.250
v 933.358 -257.522 37.024
vt 0.167 58.250
v 933.900 -258.740 36.989
vt 0.333 58.250
v 934.442 -259.958 36.967
vt 0.500 58.250
v 934.985 -261.176 36.989
vt 0.667 58.250
v 935.527 -262.394 37.024
vt 0.833 58.250
v 936.069 -263.612 37.029
vt 1.000 58.250
v 937.383 -254.270 36.989
vt 0.000 58.500
v 937.925 -255.488 36.983
vt 0.167 58.500
v 938.468 -256.706 36.947
vt 0.333 58.500
v 939.010 -257.924 36.925
vt 0.500 58.500
v 939.552 -259.143 36.947
vt 0.667 58.500
v 940.095 -260.361 36.983
vt 0.833 58.500
v 940.637 -261.579 36.989
vt 1.000 58.500
v 941.950 -252.236 36.948
vt 0.000 58.750
v 942.493 -253.455 36.941
vt 0.167 58.750
v 943.035 -254.673 36.905
vt 0.333 58.750
v 943.578 -255.891 36.883
vt 0.500 58.750
v 944.120 -257.109 36.905
vt 0.667 58.750
v 944.662 -258.327 36.941
vt 0.833 58.750
v 945.205 -259.545 36.948
vt 1.000 58.750
v 951.086 -248.169 36.865
vt 0.000 59.250
v 951.628 -249.387 36.858
vt 0.167 59.250
v 952.171 -250.605 36.820
vt 0.333 59.250
v 952.713 -251.823 36.798
vt 0.500 59.250
v 953.255 -253.041 36.820
vt 0.667 59.250
v 953.798 -254.259 36.858
vt 0.833 59.250
v 954.340 -255.477 36.865
vt 1.000 59.250
v 964.789 -242.067 36.739
vt 0.000 60.000
v 965.331 -243.285 36.731
vt 0.167 60.000
v 965.873 -244.503 36.693
vt 0.333 60.000
v 966.416 -245.721 36.671
vt 0.500 60.000
v 966.958 -246.939 36.693
vt 0.667 60.000
v 967.501 -248.157 36.731
vt 0.833 60.000
v 968.043 -249.376 36.739
vt 1.000 60.000
v 978.492 -235.966 36.610
vt 0.000 60.750
v 979.034 -237.184 36.603
vt 0.167 60.750
v 979.576 -238.402 36.566
vt 0.333 60.750
v 980.119 -239.620 36.544
vt 0.500 60.750
v 980.661 -240.838 36.566
vt 0.667 60.750
v 981.204 -242.056 36.603
vt 0.833 60.750
v 981.746 -243.274 36.610
vt 1.000 60.750
v 983.059 -233.932 36.566
vt 0.000 61.000
v 983.602 -235.150 36.560
vt 0.167 61.000
v 984.144 -236.368 36.524
vt 0.333 61.000
v 984.686 -237.586 36.502
vt 0.500 61.000
v 985.229 -238.804 36.524
vt 0.667 61.000
v 985.771 -240.022 36.560
vt 0.833 61.000
v 986.314 -241.240 36.566
vt 1.000 61.000
v 987.627 -231.898 36.523
vt 0.000 61.250
v 988.169 -233.116 36.517
vt 0.167 61.250
v 988.712 -234.334 36.481
vt 0.333 61.250
v 989.254 -235.552 36.459
vt 0.500 61.250
v 989.796 -236.770 36.481
vt 0.667 61.250
v 990.339 -237.988 36.517
vt 0.833 61.250
v 990.881 -239.206 36.523
vt 1.000 61.250
v 992.195 -229.864 36.479
vt 0.000 61.500
v 992.737 -231.082 36.474
vt 0.167 61.500
v 993.279 -232.300 36.438
vt 0.333 61.500
v 993.822 -233.518 36.417
vt 0.500 61.500
v 994.364 -234.736 36.438
vt 0.667 61.500
v 994.906 -235.954 36.474
vt 0.833 61.500
v 995.449 -237.172 36.479
vt 1.000 61.500
v 996.762 -227.830 36.435
vt 0.000 61.750
v 997.305 -229.048 36.430
vt 0.167 61.750
v 997.847 -230.266 36.396
vt 0.333 61.750
v 998.389 -231.484 36.375
vt 0.500 61.750
v 998.932 -232.703 36.396
vt 0.667 61.750
v 999.474 -233.921 36.430
vt 0.833 61.750
v 1000.017 -235.139 36.435
vt 1.000 61.750
v 1001.330 -225.796 36.391
vt 0.000 62.000
v 1001.872 -227.015 36.387
vt 0.167 62.000
v 1002.415 -228.233 36.353
vt 0.333 62.000
v 1002.957 -229.451 36.332
vt 0.500 62.000
v 1003.499 -230.669 36.353
vt 0.667 62.000
v 1004.042 -231.887 36.387
vt 0.833 62.000
v 1004.584 -233.105 36.391
vt 1.000 62.000
v 1005.898 -223.763 36.348
vt 0.000 62.250
v 1006.440 -224.981 36.344
vt 0.167 62.250
v 1006.982 -226.199 36.311
vt 0.333 62.250
v 1007.525 -227.417 36.290
vt 0.500 62.250
v 1008.067 -228.635 36.311
vt 0.667 62.250
v 1008.609 -229.853 36.344
vt 0.833 62.250
v 1009.152 -231.071 36.348
vt 1.000 62.250
v 1010.465 -221.729 36.304
vt 0.000 62.500
v 1011.008 -222.947 36.301
vt 0.167 62.500
v 1011.550 -224.165 36.268
vt 0.333 62.500
v 1012.092 -225.383 36.248
vt 0.500 62.500
v 1012.635 -226.601 36.268
vt 0.667 62.500
v 1013.177 -227.819 36.301
vt 0.833 62.500
v 1013.719 -229.037 36.304
vt 1.000 62.500
v 1015.033 -219.695 36.260
vt 0.000 62.750
v 1015.575 -220.913 36.258
vt 0.167 62.750
v 1016.118 -222.131 36.225
vt 0.333 62.750
v 1016.660 -223.349 36.205
vt 0.500 62.750
v 1017.202 -224.567 36.225
vt 0.667 62.750
v 1017.745 -225.785 36.258
vt 0.833 62.750
v 1018.287 -227.003 36.260
vt 1.000 62.750
v 1019.601 -217.661 36.216
vt 0.000 63.000
v 1020.143 -218.879 36.214
vt 0.167 63.000
v 1020.685 -220.097 36.183
vt 0.333 63.000
v 1021.228 -221.315 36.163
vt 0.500 63.000
v 1021.770 -222.533 36.183
vt 0.667 63.000
v 1022.312 -223.751 36.214
vt 0.833 63.000
v 1022.855 -224.969 36.216
vt 1.000 63.000
v 1024.168 -215.627 36.172
vt 0.000 63.250
v 1024.711 -216.845 36.171
vt 0.167 63.250
v 1025.253 -218.063 36.140
vt 0.333 63.250
v 1025.795 -219.281 36.121
vt 0.500 63.250
v 1026.338 -220.499 36.140
vt 0.667 63.250
v 1026.880 -221.717 36.171
vt 0.833 63.250
v 1027.422 -222.936 36.172
vt 1.000 63.250
v 1028.736 -213.593 36.128
vt 0.000 63.500
v 1029.278 -214.811 36.128
vt 0.167 63.500
v 1029.821 -216.030 36.098
vt 0.333 63.500
v 1030.363 -217.248 36.078
vt 0.500 63.500
v 1030.905 -218.466 36.098
vt 0.667 63.500
v 1031.448 -219.684 36.128
vt 0.833 63.500
v 1031.990 -220.902 36.128
vt 1.000 63.500
v 1037.871 -209.526 36.041
vt 0.000 64.000
v 1038.414 -210.744 36.042
vt 0.167 64.000
v 1038.956 -211.962 36.013
vt 0.333 64.000
v 1039.498 -213.180 35.994
vt 0.500 64.000
v 1040.041 -214.398 36.013
vt 0.667 64.000
v 1040.583 -215.616 36.042
vt 0.833 64.000
v 1041.125 -216.834 36.041
vt 1.000 64.000
v 1051.574 -203.424 35.912
vt 0.000 64.750
v 1052.117 -204.642 35.914
vt 0.167 64.750
v 1052.659 -205.860 35.885
vt 0.333 64.750
v 1053.201 -207.078 35.867
vt 0.500 64.750
v 1053.744 -208.296 35.885
vt 0.667 64.750
v 1054.286 -209.514 35.914
vt 0.833 64.750
v 1054.828 -210.732 35.912
vt 1.000 64.750
v 1056.142 -201.390 35.870
vt 0.000 65.000
v 1056.684 -202.608 35.872
vt 0.167 65.000
v 1057.227 -203.826 35.843
vt 0.333 65.000
v 1057.769 -205.044 35.824
vt 0.500 65.000
v 1058.311 -206.263 35.843
vt 0.667 65.000
v 1058.854 -207.481 35.872
vt 0.833 65.000
v 1059.396 -208.699 35.870
vt 1.000 65.000
mtllib Roads\3D_Road\Road_3c09687f-3630-4619-9c60-5cf045f4e0a5_1.mtl
usemtl Road (Medium)
g g1
s 1
f  1/1 2/2 9/9 8/8
f  2/2 3/3 10/10 9/9
f  3/3 4/4 11/11 10/10
f  4/4 5/5 12/12 11/11
f  5/5 6/6 13/13 12/12
f  6/6 7/7 14/14 13/13
f  8/8 9/9 16/16 15/15
f  9/9 10/10 17/17 16/16
f  10/10 11/11 18/18 17/17
f  11/11 12/12 19/19 18/18
f  12/12 13/13 20/20 19/19
f  13/13 14/14 21/21 20/20
f  15/15 16/16 23/23 22/22
f  16/16 17/17 24/24 23/23
f  17/17 18/18 25/25 24/24
f  18/18 19/19 26/26 25/25
f  19/19 20/20 27/27 26/26
f  20/20 21/21 28/28 27/27
f  22/22 23/23 30/30 29/29
f  23/23 24/24 31/31 30/30
f  24/24 25/25 32/32 31/31
f  25/25 26/26 33/33 32/32
f  26/26 27/27 34/34 33/33
f  27/27 28/28 35/35 34/34
f  29/29 30/30 37/37 36/36
f  30/30 31/31 38/38 37/37
f  31/31 32/32 39/39 38/38
f  32/32 33/33 40/40 39/39
f  33/33 34/34 41/41 40/40
f  34/34 35/35 42/42 41/41
f  36/36 37/37 44/44 43/43
f  37/37 38/38 45/45 44/44
f  38/38 39/39 46/46 45/45
f  39/39 40/40 47/47 46/46
f  40/40 41/41 48/48 47/47
f  41/41 42/42 49/49 48/48
f  43/43 44/44 51/51 50/50
f  44/44 45/45 52/52 51/51
f  45/45 46/46 53/53 52/52
f  46/46 47/47 54/54 53/53
f  47/47 48/48 55/55 54/54
f  48/48 49/49 56/56 55/55
f  50/50 51/51 58/58 57/57
f  51/51 52/52 59/59 58/58
f  52/52 53/53 60/60 59/59
f  53/53 54/54 61/61 60/60
f  54/54 55/55 62/62 61/61
f  55/55 56/56 63/63 62/62
f  57/57 58/58 65/65 64/64
f  58/58 59/59 66/66 65/65
f  59/59 60/60 67/67 66/66
f  60/60 61/61 68/68 67/67
f  61/61 62/62 69/69 68/68
f  62/62 63/63 70/70 69/69
f  64/64 65/65 72/72 71/71
f  65/65 66/66 73/73 72/72
f  66/66 67/67 74/74 73/73
f  67/67 68/68 75/75 74/74
f  68/68 69/69 76/76 75/75
f  69/69 70/70 77/77 76/76
f  71/71 72/72 79/79 78/78
f  72/72 73/73 80/80 79/79
f  73/73 74/74 81/81 80/80
f  74/74 75/75 82/82 81/81
f  75/75 76/76 83/83 82/82
f  76/76 77/77 84/84 83/83
f  78/78 79/79 86/86 85/85
f  79/79 80/80 87/87 86/86
f  80/80 81/81 88/88 87/87
f  81/81 82/82 89/89 88/88
f  82/82 83/83 90/90 89/89
f  83/83 84/84 91/91 90/90
f  85/85 86/86 93/93 92/92
f  86/86 87/87 94/94 93/93
f  87/87 88/88 95/95 94/94
f  88/88 89/89 96/96 95/95
f  89/89 90/90 97/97 96/96
f  90/90 91/91 98/98 97/97
f  92/92 93/93 100/100 99/99
f  93/93 94/94 101/101 100/100
f  94/94 95/95 102/102 101/101
f  95/95 96/96 103/103 102/102
f  96/96 97/97 104/104 103/103
f  97/97 98/98 105/105 104/104
f  99/99 100/100 107/107 106/106
f  100/100 101/101 108/108 107/107
f  101/101 102/102 109/109 108/108
f  102/102 103/103 110/110 109/109
f  103/103 104/104 111/111 110/110
f  104/104 105/105 112/112 111/111
f  106/106 107/107 114/114 113/113
f  107/107 108/108 115/115 114/114
f  108/108 109/109 116/116 115/115
f  109/109 110/110 117/117 116/116
f  110/110 111/111 118/118 117/117
f  111/111 112/112 119/119 118/118
f  113/113 114/114 121/121 120/120
f  114/114 115/115 122/122 121/121
f  115/115 116/116 123/123 122/122
f  116/116 117/117 124/124 123/123
f  117/117 118/118 125/125 124/124
f  118/118 119/119 126/126 125/125
f  120/120 121/121 128/128 127/127
f  121/121 122/122 129/129 128/128
f  122/122 123/123 130/130 129/129
f  123/123 124/124 131/131 130/130
f  124/124 125/125 132/132 131/131
f  125/125 126/126 133/133 132/132
f  127/127 128/128 135/135 134/134
f  128/128 129/129 136/136 135/135
f  129/129 130/130 137/137 136/136
f  130/130 131/131 138/138 137/137
f  131/131 132/132 139/139 138/138
f  132/132 133/133 140/140 139/139
f  134/134 135/135 142/142 141/141
f  135/135 136/136 143/143 142/142
f  136/136 137/137 144/144 143/143
f  137/137 138/138 145/145 144/144
f  138/138 139/139 146/146 145/145
f  139/139 140/140 147/147 146/146
f  141/141 142/142 149/149 148/148
f  142/142 143/143 150/150 149/149
f  143/143 144/144 151/151 150/150
f  144/144 145/145 152/152 151/151
f  145/145 146/146 153/153 152/152
f  146/146 147/147 154/154 153/153
f  148/148 149/149 156/156 155/155
f  149/149 150/150 157/157 156/156
f  150/150 151/151 158/158 157/157
f  151/151 152/152 159/159 158/158
f  152/152 153/153 160/160 159/159
f  153/153 154/154 161/161 160/160
f  155/155 156/156 163/163 162/162
f  156/156 157/157 164/164 163/163
f  157/157 158/158 165/165 164/164
f  158/158 159/159 166/166 165/165
f  159/159 160/160 167/167 166/166
f  160/160 161/161 168/168 167/167
f  162/162 163/163 170/170 169/169
f  163/163 164/164 171/171 170/170
f  164/164 165/165 172/172 171/171
f  165/165 166/166 173/173 172/172
f  166/166 167/167 174/174 173/173
f  167/167 168/168 175/175 174/174
f  169/169 170/170 177/177 176/176
f  170/170 171/171 178/178 177/177
f  171/171 172/172 179/179 178/178
f  172/172 173/173 180/180 179/179
f  173/173 174/174 181/181 180/180
f  174/174 175/175 182/182 181/181
f  176/176 177/177 184/184 183/183
f  177/177 178/178 185/185 184/184
f  178/178 179/179 186/186 185/185
f  179/179 180/180 187/187 186/186
f  180/180 181/181 188/188 187/187
f  181/181 182/182 189/189 188/188
f  183/183 184/184 191/191 190/190
f  184/184 185/185 192/192 191/191
f  185/185 186/186 193/193 192/192
f  186/186 187/187 194/194 193/193
f  187/187 188/188 195/195 194/194
f  188/188 189/189 196/196 195/195
f  190/190 191/191 198/198 197/197
f  191/191 192/192 199/199 198/198
f  192/192 193/193 200/200 199/199
f  193/193 194/194 201/201 200/200
f  194/194 195/195 202/202 201/201
f  195/195 196/196 203/203 202/202
f  197/197 198/198 205/205 204/204
f  198/198 199/199 206/206 205/205
f  199/199 200/200 207/207 206/206
f  200/200 201/201 208/208 207/207
f  201/201 202/202 209/209 208/208
f  202/202 203/203 210/210 209/209
f  204/204 205/205 212/212 211/211
f  205/205 206/206 213/213 212/212
f  206/206 207/207 214/214 213/213
f  207/207 208/208 215/215 214/214
f  208/208 209/209 216/216 215/215
f  209/209 210/210 217/217 216/216
f  211/211 212/212 219/219 218/218
f  212/212 213/213 220/220 219/219
f  213/213 214/214 221/221 220/220
f  214/214 215/215 222/222 221/221
f  215/215 216/216 223/223 222/222
f  216/216 217/217 224/224 223/223
f  218/218 219/219 226/226 225/225
f  219/219 220/220 227/227 226/226
f  220/220 221/221 228/228 227/227
f  221/221 222/222 229/229 228/228
f  222/222 223/223 230/230 229/229
f  223/223 224/224 231/231 230/230
f  225/225 226/226 233/233 232/232
f  226/226 227/227 234/234 233/233
f  227/227 228/228 235/235 234/234
f  228/228 229/229 236/236 235/235
f  229/229 230/230 237/237 236/236
f  230/230 231/231 238/238 237/237
f  232/232 233/233 240/240 239/239
f  233/233 234/234 241/241 240/240
f  234/234 235/235 242/242 241/241
f  235/235 236/236 243/243 242/242
f  236/236 237/237 244/244 243/243
f  237/237 238/238 245/245 244/244
f  239/239 240/240 247/247 246/246
f  240/240 241/241 248/248 247/247
f  241/241 242/242 249/249 248/248
f  242/242 243/243 250/250 249/249
f  243/243 244/244 251/251 250/250
f  244/244 245/245 252/252 251/251
f  246/246 247/247 254/254 253/253
f  247/247 248/248 255/255 254/254
f  248/248 249/249 256/256 255/255
f  249/249 250/250 257/257 256/256
f  250/250 251/251 258/258 257/257
f  251/251 252/252 259/259 258/258
f  253/253 254/254 261/261 260/260
f  254/254 255/255 262/262 261/261
f  255/255 256/256 263/263 262/262
f  256/256 257/257 264/264 263/263
f  257/257 258/258 265/265 264/264
f  258/258 259/259 266/266 265/265
f  260/260 261/261 268/268 267/267
f  261/261 262/262 269/269 268/268
f  262/262 263/263 270/270 269/269
f  263/263 264/264 271/271 270/270
f  264/264 265/265 272/272 271/271
f  265/265 266/266 273/273 272/272
f  267/267 268/268 275/275 274/274
f  268/268 269/269 276/276 275/275
f  269/269 270/270 277/277 276/276
f  270/270 271/271 278/278 277/277
f  271/271 272/272 279/279 278/278
f  272/272 273/273 280/280 279/279
f  274/274 275/275 282/282 281/281
f  275/275 276/276 283/283 282/282
f  276/276 277/277 284/284 283/283
f  277/277 278/278 285/285 284/284
f  278/278 279/279 286/286 285/285
f  279/279 280/280 287/287 286/286
f  281/281 282/282 289/289 288/288
f  282/282 283/283 290/290 289/289
f  283/283 284/284 291/291 290/290
f  284/284 285/285 292/292 291/291
f  285/285 286/286 293/293 292/292
f  286/286 287/287 294/294 293/293
f  288/288 289/289 296/296 295/295
f  289/289 290/290 297/297 296/296
f  290/290 291/291 298/298 297/297
f  291/291 292/292 299/299 298/298
f  292/292 293/293 300/300 299/299
f  293/293 294/294 301/301 300/300
f  295/295 296/296 303/303 302/302
f  296/296 297/297 304/304 303/303
f  297/297 298/298 305/305 304/304
f  298/298 299/299 306/306 305/305
f  299/299 300/300 307/307 306/306
f  300/300 301/301 308/308 307/307
f  302/302 303/303 310/310 309/309
f  303/303 304/304 311/311 310/310
f  304/304 305/305 312/312 311/311
f  305/305 306/306 313/313 312/312
f  306/306 307/307 314/314 313/313
f  307/307 308/308 315/315 314/314
f  309/309 310/310 317/317 316/316
f  310/310 311/311 318/318 317/317
f  311/311 312/312 319/319 318/318
f  312/312 313/313 320/320 319/319
f  313/313 314/314 321/321 320/320
f  314/314 315/315 322/322 321/321
f  316/316 317/317 324/324 323/323
f  317/317 318/318 325/325 324/324
f  318/318 319/319 326/326 325/325
f  319/319 320/320 327/327 326/326
f  320/320 321/321 328/328 327/327
f  321/321 322/322 329/329 328/328
f  323/323 324/324 331/331 330/330
f  324/324 325/325 332/332 331/331
f  325/325 326/326 333/333 332/332
f  326/326 327/327 334/334 333/333
f  327/327 328/328 335/335 334/334
f  328/328 329/329 336/336 335/335
f  330/330 331/331 338/338 337/337
f  331/331 332/332 339/339 338/338
f  332/332 333/333 340/340 339/339
f  333/333 334/334 341/341 340/340
f  334/334 335/335 342/342 341/341
f  335/335 336/336 343/343 342/342
f  337/337 338/338 345/345 344/344
f  338/338 339/339 346/346 345/345
f  339/339 340/340 347/347 346/346
f  340/340 341/341 348/348 347/347
f  341/341 342/342 349/349 348/348
f  342/342 343/343 350/350 349/349
f  344/344 345/345 352/352 351/351
f  345/345 346/346 353/353 352/352
f  346/346 347/347 354/354 353/353
f  347/347 348/348 355/355 354/354
f  348/348 349/349 356/356 355/355
f  349/349 350/350 357/357 356/356
f  351/351 352/352 359/359 358/358
f  352/352 353/353 360/360 359/359
f  353/353 354/354 361/361 360/360
f  354/354 355/355 362/362 361/361
f  355/355 356/356 363/363 362/362
f  356/356 357/357 364/364 363/363
f  358/358 359/359 366/366 365/365
f  359/359 360/360 367/367 366/366
f  360/360 361/361 368/368 367/367
f  361/361 362/362 369/369 368/368
f  362/362 363/363 370/370 369/369
f  363/363 364/364 371/371 370/370
f  365/365 366/366 373/373 372/372
f  366/366 367/367 374/374 373/373
f  367/367 368/368 375/375 374/374
f  368/368 369/369 376/376 375/375
f  369/369 370/370 377/377 376/376
f  370/370 371/371 378/378 377/377
f  372/372 373/373 380/380 379/379
f  373/373 374/374 381/381 380/380
f  374/374 375/375 382/382 381/381
f  375/375 376/376 383/383 382/382
f  376/376 377/377 384/384 383/383
f  377/377 378/378 385/385 384/384
f  379/379 380/380 387/387 386/386
f  380/380 381/381 388/388 387/387
f  381/381 382/382 389/389 388/388
f  382/382 383/383 390/390 389/389
f  383/383 384/384 391/391 390/390
f  384/384 385/385 392/392 391/391
f  386/386 387/387 394/394 393/393
f  387/387 388/388 395/395 394/394
f  388/388 389/389 396/396 395/395
f  389/389 390/390 397/397 396/396
f  390/390 391/391 398/398 397/397
f  391/391 392/392 399/399 398/398
f  393/393 394/394 401/401 400/400
f  394/394 395/395 402/402 401/401
f  395/395 396/396 403/403 402/402
f  396/396 397/397 404/404 403/403
f  397/397 398/398 405/405 404/404
f  398/398 399/399 406/406 405/405
f  400/400 401/401 408/408 407/407
f  401/401 402/402 409/409 408/408
f  402/402 403/403 410/410 409/409
f  403/403 404/404 411/411 410/410
f  404/404 405/405 412/412 411/411
f  405/405 406/406 413/413 412/412
f  407/407 408/408 415/415 414/414
f  408/408 409/409 416/416 415/415
f  409/409 410/410 417/417 416/416
f  410/410 411/411 418/418 417/417
f  411/411 412/412 419/419 418/418
f  412/412 413/413 420/420 419/419
f  414/414 415/415 422/422 421/421
f  415/415 416/416 423/423 422/422
f  416/416 417/417 424/424 423/423
f  417/417 418/418 425/425 424/424
f  418/418 419/419 426/426 425/425
f  419/419 420/420 427/427 426/426
f  421/421 422/422 429/429 428/428
f  422/422 423/423 430/430 429/429
f  423/423 424/424 431/431 430/430
f  424/424 425/425 432/432 431/431
f  425/425 426/426 433/433 432/432
f  426/426 427/427 434/434 433/433
f  428/428 429/429 436/436 435/435
f  429/429 430/430 437/437 436/436
f  430/430 431/431 438/438 437/437
f  431/431 432/432 439/439 438/438
f  432/432 433/433 440/440 439/439
f  433/433 434/434 441/441 440/440
f  435/435 436/436 443/443 442/442
f  436/436 437/437 444/444 443/443
f  437/437 438/438 445/445 444/444
f  438/438 439/439 446/446 445/445
f  439/439 440/440 447/447 446/446
f  440/440 441/441 448/448 447/447
f  442/442 443/443 450/450 449/449
f  443/443 444/444 451/451 450/450
f  444/444 445/445 452/452 451/451
f  445/445 446/446 453/453 452/452
f  446/446 447/447 454/454 453/453
f  447/447 448/448 455/455 454/454
f  449/449 450/450 457/457 456/456
f  450/450 451/451 458/458 457/457
f  451/451 452/452 459/459 458/458
f  452/452 453/453 460/460 459/459
f  453/453 454/454 461/461 460/460
f  454/454 455/455 462/462 461/461
f  456/456 457/457 464/464 463/463
f  457/457 458/458 465/465 464/464
f  458/458 459/459 466/466 465/465
f  459/459 460/460 467/467 466/466
f  460/460 461/461 468/468 467/467
f  461/461 462/462 469/469 468/468
f  463/463 464/464 471/471 470/470
f  464/464 465/465 472/472 471/471
f  465/465 466/466 473/473 472/472
f  466/466 467/467 474/474 473/473
f  467/467 468/468 475/475 474/474
f  468/468 469/469 476/476 475/475
f  470/470 471/471 478/478 477/477
f  471/471 472/472 479/479 478/478
f  472/472 473/473 480/480 479/479
f  473/473 474/474 481/481 480/480
f  474/474 475/475 482/482 481/481
f  475/475 476/476 483/483 482/482
f  477/477 478/478 485/485 484/484
f  478/478 479/479 486/486 485/485
f  479/479 480/480 487/487 486/486
f  480/480 481/481 488/488 487/487
f  481/481 482/482 489/489 488/488
f  482/482 483/483 490/490 489/489
f  484/484 485/485 492/492 491/491
f  485/485 486/486 493/493 492/492
f  486/486 487/487 494/494 493/493
f  487/487 488/488 495/495 494/494
f  488/488 489/489 496/496 495/495
f  489/489 490/490 497/497 496/496
f  491/491 492/492 499/499 498/498
f  492/492 493/493 500/500 499/499
f  493/493 494/494 501/501 500/500
f  494/494 495/495 502/502 501/501
f  495/495 496/496 503/503 502/502
f  496/496 497/497 504/504 503/503
f  498/498 499/499 506/506 505/505
f  499/499 500/500 507/507 506/506
f  500/500 501/501 508/508 507/507
f  501/501 502/502 509/509 508/508
f  502/502 503/503 510/510 509/509
f  503/503 504/504 511/511 510/510
f  505/505 506/506 513/513 512/512
f  506/506 507/507 514/514 513/513
f  507/507 508/508 515/515 514/514
f  508/508 509/509 516/516 515/515
f  509/509 510/510 517/517 516/516
f  510/510 511/511 518/518 517/517
f  512/512 513/513 520/520 519/519
f  513/513 514/514 521/521 520/520
f  514/514 515/515 522/522 521/521
f  515/515 516/516 523/523 522/522
f  516/516 517/517 524/524 523/523
f  517/517 518/518 525/525 524/524
f  519/519 520/520 527/527 526/526
f  520/520 521/521 528/528 527/527
f  521/521 522/522 529/529 528/528
f  522/522 523/523 530/530 529/529
f  523/523 524/524 531/531 530/530
f  524/524 525/525 532/532 531/531
f  526/526 527/527 534/534 533/533
f  527/527 528/528 535/535 534/534
f  528/528 529/529 536/536 535/535
f  529/529 530/530 537/537 536/536
f  530/530 531/531 538/538 537/537
f  531/531 532/532 539/539 538/538
f  533/533 534/534 541/541 540/540
f  534/534 535/535 542/542 541/541
f  535/535 536/536 543/543 542/542
f  536/536 537/537 544/544 543/543
f  537/537 538/538 545/545 544/544
f  538/538 539/539 546/546 545/545
f  540/540 541/541 548/548 547/547
f  541/541 542/542 549/549 548/548
f  542/542 543/543 550/550 549/549
f  543/543 544/544 551/551 550/550
f  544/544 545/545 552/552 551/551
f  545/545 546/546 553/553 552/552
f  547/547 548/548 555/555 554/554
f  548/548 549/549 556/556 555/555
f  549/549 550/550 557/557 556/556
f  550/550 551/551 558/558 557/557
f  551/551 552/552 559/559 558/558
f  552/552 553/553 560/560 559/559
f  554/554 555/555 562/562 561/561
f  555/555 556/556 563/563 562/562
f  556/556 557/557 564/564 563/563
f  557/557 558/558 565/565 564/564
f  558/558 559/559 566/566 565/565
f  559/559 560/560 567/567 566/566
f  561/561 562/562 569/569 568/568
f  562/562 563/563 570/570 569/569
f  563/563 564/564 571/571 570/570
f  564/564 565/565 572/572 571/571
f  565/565 566/566 573/573 572/572
f  566/566 567/567 574/574 573/573
f  568/568 569/569 576/576 575/575
f  569/569 570/570 577/577 576/576
f  570/570 571/571 578/578 577/577
f  571/571 572/572 579/579 578/578
f  572/572 573/573 580/580 579/579
f  573/573 574/574 581/581 580/580
f  575/575 576/576 583/583 582/582
f  576/576 577/577 584/584 583/583
f  577/577 578/578 585/585 584/584
f  578/578 579/579 586/586 585/585
f  579/579 580/580 587/587 586/586
f  580/580 581/581 588/588 587/587
f  582/582 583/583 590/590 589/589
f  583/583 584/584 591/591 590/590
f  584/584 585/585 592/592 591/591
f  585/585 586/586 593/593 592/592
f  586/586 587/587 594/594 593/593
f  587/587 588/588 595/595 594/594
f  589/589 590/590 597/597 596/596
f  590/590 591/591 598/598 597/597
f  591/591 592/592 599/599 598/598
f  592/592 593/593 600/600 599/599
f  593/593 594/594 601/601 600/600
f  594/594 595/595 602/602 601/601
f  596/596 597/597 604/604 603/603
f  597/597 598/598 605/605 604/604
f  598/598 599/599 606/606 605/605
f  599/599 600/600 607/607 606/606
f  600/600 601/601 608/608 607/607
f  601/601 602/602 609/609 608/608
f  603/603 604/604 611/611 610/610
f  604/604 605/605 612/612 611/611
f  605/605 606/606 613/613 612/612
f  606/606 607/607 614/614 613/613
f  607/607 608/608 615/615 614/614
f  608/608 609/609 616/616 615/615
f  610/610 611/611 618/618 617/617
f  611/611 612/612 619/619 618/618
f  612/612 613/613 620/620 619/619
f  613/613 614/614 621/621 620/620
f  614/614 615/615 622/622 621/621
f  615/615 616/616 623/623 622/622
f  617/617 618/618 625/625 624/624
f  618/618 619/619 626/626 625/625
f  619/619 620/620 627/627 626/626
f  620/620 621/621 628/628 627/627
f  621/621 622/622 629/629 628/628
f  622/622 623/623 630/630 629/629
f  624/624 625/625 632/632 631/631
f  625/625 626/626 633/633 632/632
f  626/626 627/627 634/634 633/633
f  627/627 628/628 635/635 634/634
f  628/628 629/629 636/636 635/635
f  629/629 630/630 637/637 636/636
f  631/631 632/632 639/639 638/638
f  632/632 633/633 640/640 639/639
f  633/633 634/634 641/641 640/640
f  634/634 635/635 642/642 641/641
f  635/635 636/636 643/643 642/642
f  636/636 637/637 644/644 643/643
f  638/638 639/639 646/646 645/645
f  639/639 640/640 647/647 646/646
f  640/640 641/641 648/648 647/647
f  641/641 642/642 649/649 648/648
f  642/642 643/643 650/650 649/649
f  643/643 644/644 651/651 650/650
f  645/645 646/646 653/653 652/652
f  646/646 647/647 654/654 653/653
f  647/647 648/648 655/655 654/654
f  648/648 649/649 656/656 655/655
f  649/649 650/650 657/657 656/656
f  650/650 651/651 658/658 657/657
f  652/652 653/653 660/660 659/659
f  653/653 654/654 661/661 660/660
f  654/654 655/655 662/662 661/661
f  655/655 656/656 663/663 662/662
f  656/656 657/657 664/664 663/663
f  657/657 658/658 665/665 664/664
f  659/659 660/660 667/667 666/666
f  660/660 661/661 668/668 667/667
f  661/661 662/662 669/669 668/668
f  662/662 663/663 670/670 669/669
f  663/663 664/664 671/671 670/670
f  664/664 665/665 672/672 671/671
f  666/666 667/667 674/674 673/673
f  667/667 668/668 675/675 674/674
f  668/668 669/669 676/676 675/675
f  669/669 670/670 677/677 676/676
f  670/670 671/671 678/678 677/677
f  671/671 672/672 679/679 678/678
f  673/673 674/674 681/681 680/680
f  674/674 675/675 682/682 681/681
f  675/675 676/676 683/683 682/682
f  676/676 677/677 684/684 683/683
f  677/677 678/678 685/685 684/684
f  678/678 679/679 686/686 685/685
f  680/680 681/681 688/688 687/687
f  681/681 682/682 689/689 688/688
f  682/682 683/683 690/690 689/689
f  683/683 684/684 691/691 690/690
f  684/684 685/685 692/692 691/691
f  685/685 686/686 693/693 692/692
f  687/687 688/688 695/695 694/694
f  688/688 689/689 696/696 695/695
f  689/689 690/690 697/697 696/696
f  690/690 691/691 698/698 697/697
f  691/691 692/692 699/699 698/698
f  692/692 693/693 700/700 699/699
f  694/694 695/695 702/702 701/701
f  695/695 696/696 703/703 702/702
f  696/696 697/697 704/704 703/703
f  697/697 698/698 705/705 704/704
f  698/698 699/699 706/706 705/705
f  699/699 700/700 707/707 706/706
f  701/701 702/702 709/709 708/708
f  702/702 703/703 710/710 709/709
f  703/703 704/704 711/711 710/710
f  704/704 705/705 712/712 711/711
f  705/705 706/706 713/713 712/712
f  706/706 707/707 714/714 713/713
f  708/708 709/709 716/716 715/715
f  709/709 710/710 717/717 716/716
f  710/710 711/711 718/718 717/717
f  711/711 712/712 719/719 718/718
f  712/712 713/713 720/720 719/719
f  713/713 714/714 721/721 720/720
f  715/715 716/716 723/723 722/722
f  716/716 717/717 724/724 723/723
f  717/717 718/718 725/725 724/724
f  718/718 719/719 726/726 725/725
f  719/719 720/720 727/727 726/726
f  720/720 721/721 728/728 727/727
f  722/722 723/723 730/730 729/729
f  723/723 724/724 731/731 730/730
f  724/724 725/725 732/732 731/731
f  725/725 726/726 733/733 732/732
f  726/726 727/727 734/734 733/733
f  727/727 728/728 735/735 734/734
f  729/729 730/730 737/737 736/736
f  730/730 731/731 738/738 737/737
f  731/731 732/732 739/739 738/738
f  732/732 733/733 740/740 739/739
f  733/733 734/734 741/741 740/740
f  734/734 735/735 742/742 741/741
f  736/736 737/737 744/744 743/743
f  737/737 738/738 745/745 744/744
f  738/738 739/739 746/746 745/745
f  739/739 740/740 747/747 746/746
f  740/740 741/741 748/748 747/747
f  741/741 742/742 749/749 748/748
f  743/743 744/744 751/751 750/750
f  744/744 745/745 752/752 751/751
f  745/745 746/746 753/753 752/752
f  746/746 747/747 754/754 753/753
f  747/747 748/748 755/755 754/754
f  748/748 749/749 756/756 755/755
f  750/750 751/751 758/758 757/757
f  751/751 752/752 759/759 758/758
f  752/752 753/753 760/760 759/759
f  753/753 754/754 761/761 760/760
f  754/754 755/755 762/762 761/761
f  755/755 756/756 763/763 762/762
f  757/757 758/758 765/765 764/764
f  758/758 759/759 766/766 765/765
f  759/759 760/760 767/767 766/766
f  760/760 761/761 768/768 767/767
f  761/761 762/762 769/769 768/768
f  762/762 763/763 770/770 769/769
f  764/764 765/765 772/772 771/771
f  765/765 766/766 773/773 772/772
f  766/766 767/767 774/774 773/773
f  767/767 768/768 775/775 774/774
f  768/768 769/769 776/776 775/775
f  769/769 770/770 777/777 776/776
f  771/771 772/772 779/779 778/778
f  772/772 773/773 780/780 779/779
f  773/773 774/774 781/781 780/780
f  774/774 775/775 782/782 781/781
f  775/775 776/776 783/783 782/782
f  776/776 777/777 784/784 783/783
f  778/778 779/779 786/786 785/785
f  779/779 780/780 787/787 786/786
f  780/780 781/781 788/788 787/787
f  781/781 782/782 789/789 788/788
f  782/782 783/783 790/790 789/789
f  783/783 784/784 791/791 790/790
f  785/785 786/786 793/793 792/792
f  786/786 787/787 794/794 793/793
f  787/787 788/788 795/795 794/794
f  788/788 789/789 796/796 795/795
f  789/789 790/790 797/797 796/796
f  790/790 791/791 798/798 797/797
f  792/792 793/793 800/800 799/799
f  793/793 794/794 801/801 800/800
f  794/794 795/795 802/802 801/801
f  795/795 796/796 803/803 802/802
f  796/796 797/797 804/804 803/803
f  797/797 798/798 805/805 804/804
f  799/799 800/800 807/807 806/806
f  800/800 801/801 808/808 807/807
f  801/801 802/802 809/809 808/808
f  802/802 803/803 810/810 809/809
f  803/803 804/804 811/811 810/810
f  804/804 805/805 812/812 811/811
f  806/806 807/807 814/814 813/813
f  807/807 808/808 815/815 814/814
f  808/808 809/809 816/816 815/815
f  809/809 810/810 817/817 816/816
f  810/810 811/811 818/818 817/817
f  811/811 812/812 819/819 818/818
f  813/813 814/814 821/821 820/820
f  814/814 815/815 822/822 821/821
f  815/815 816/816 823/823 822/822
f  816/816 817/817 824/824 823/823
f  817/817 818/818 825/825 824/824
f  818/818 819/819 826/826 825/825
f  820/820 821/821 828/828 827/827
f  821/821 822/822 829/829 828/828
f  822/822 823/823 830/830 829/829
f  823/823 824/824 831/831 830/830
f  824/824 825/825 832/832 831/831
f  825/825 826/826 833/833 832/832
f  827/827 828/828 835/835 834/834
f  828/828 829/829 836/836 835/835
f  829/829 830/830 837/837 836/836
f  830/830 831/831 838/838 837/837
f  831/831 832/832 839/839 838/838
f  832/832 833/833 840/840 839/839
f  834/834 835/835 842/842 841/841
f  835/835 836/836 843/843 842/842
f  836/836 837/837 844/844 843/843
f  837/837 838/838 845/845 844/844
f  838/838 839/839 846/846 845/845
f  839/839 840/840 847/847 846/846
f  841/841 842/842 849/849 848/848
f  842/842 843/843 850/850 849/849
f  843/843 844/844 851/851 850/850
f  844/844 845/845 852/852 851/851
f  845/845 846/846 853/853 852/852
f  846/846 847/847 854/854 853/853
f  848/848 849/849 856/856 855/855
f  849/849 850/850 857/857 856/856
f  850/850 851/851 858/858 857/857
f  851/851 852/852 859/859 858/858
f  852/852 853/853 860/860 859/859
f  853/853 854/854 861/861 860/860
f  855/855 856/856 863/863 862/862
f  856/856 857/857 864/864 863/863
f  857/857 858/858 865/865 864/864
f  858/858 859/859 866/866 865/865
f  859/859 860/860 867/867 866/866
f  860/860 861/861 868/868 867/867
f  862/862 863/863 870/870 869/869
f  863/863 864/864 871/871 870/870
f  864/864 865/865 872/872 871/871
f  865/865 866/866 873/873 872/872
f  866/866 867/867 874/874 873/873
f  867/867 868/868 875/875 874/874
f  869/869 870/870 877/877 876/876
f  870/870 871/871 878/878 877/877
f  871/871 872/872 879/879 878/878
f  872/872 873/873 880/880 879/879
f  873/873 874/874 881/881 880/880
f  874/874 875/875 882/882 881/881
f  876/876 877/877 884/884 883/883
f  877/877 878/878 885/885 884/884
f  878/878 879/879 886/886 885/885
f  879/879 880/880 887/887 886/886
f  880/880 881/881 888/888 887/887
f  881/881 882/882 889/889 888/888
f  883/883 884/884 891/891 890/890
f  884/884 885/885 892/892 891/891
f  885/885 886/886 893/893 892/892
f  886/886 887/887 894/894 893/893
f  887/887 888/888 895/895 894/894
f  888/888 889/889 896/896 895/895
f  890/890 891/891 898/898 897/897
f  891/891 892/892 899/899 898/898
f  892/892 893/893 900/900 899/899
f  893/893 894/894 901/901 900/900
f  894/894 895/895 902/902 901/901
f  895/895 896/896 903/903 902/902
f  897/897 898/898 905/905 904/904
f  898/898 899/899 906/906 905/905
f  899/899 900/900 907/907 906/906
f  900/900 901/901 908/908 907/907
f  901/901 902/902 909/909 908/908
f  902/902 903/903 910/910 909/909
f  904/904 905/905 912/912 911/911
f  905/905 906/906 913/913 912/912
f  906/906 907/907 914/914 913/913
f  907/907 908/908 915/915 914/914
f  908/908 909/909 916/916 915/915
f  909/909 910/910 917/917 916/916
f  911/911 912/912 919/919 918/918
f  912/912 913/913 920/920 919/919
f  913/913 914/914 921/921 920/920
f  914/914 915/915 922/922 921/921
f  915/915 916/916 923/923 922/922
f  916/916 917/917 924/924 923/923
f  918/918 919/919 926/926 925/925
f  919/919 920/920 927/927 926/926
f  920/920 921/921 928/928 927/927
f  921/921 922/922 929/929 928/928
f  922/922 923/923 930/930 929/929
f  923/923 924/924 931/931 930/930
f  925/925 926/926 933/933 932/932
f  926/926 927/927 934/934 933/933
f  927/927 928/928 935/935 934/934
f  928/928 929/929 936/936 935/935
f  929/929 930/930 937/937 936/936
f  930/930 931/931 938/938 937/937
f  932/932 933/933 940/940 939/939
f  933/933 934/934 941/941 940/940
f  934/934 935/935 942/942 941/941
f  935/935 936/936 943/943 942/942
f  936/936 937/937 944/944 943/943
f  937/937 938/938 945/945 944/944
f  939/939 940/940 947/947 946/946
f  940/940 941/941 948/948 947/947
f  941/941 942/942 949/949 948/948
f  942/942 943/943 950/950 949/949
f  943/943 944/944 951/951 950/950
f  944/944 945/945 952/952 951/951
f  946/946 947/947 954/954 953/953
f  947/947 948/948 955/955 954/954
f  948/948 949/949 956/956 955/955
f  949/949 950/950 957/957 956/956
f  950/950 951/951 958/958 957/957
f  951/951 952/952 959/959 958/958
f  953/953 954/954 961/961 960/960
f  954/954 955/955 962/962 961/961
f  955/955 956/956 963/963 962/962
f  956/956 957/957 964/964 963/963
f  957/957 958/958 965/965 964/964
f  958/958 959/959 966/966 965/965
f  960/960 961/961 968/968 967/967
f  961/961 962/962 969/969 968/968
f  962/962 963/963 970/970 969/969
f  963/963 964/964 971/971 970/970
f  964/964 965/965 972/972 971/971
f  965/965 966/966 973/973 972/972
f  967/967 968/968 975/975 974/974
f  968/968 969/969 976/976 975/975
f  969/969 970/970 977/977 976/976
f  970/970 971/971 978/978 977/977
f  971/971 972/972 979/979 978/978
f  972/972 973/973 980/980 979/979
f  974/974 975/975 982/982 981/981
f  975/975 976/976 983/983 982/982
f  976/976 977/977 984/984 983/983
f  977/977 978/978 985/985 984/984
f  978/978 979/979 986/986 985/985
f  979/979 980/980 987/987 986/986
f  981/981 982/982 989/989 988/988
f  982/982 983/983 990/990 989/989
f  983/983 984/984 991/991 990/990
f  984/984 985/985 992/992 991/991
f  985/985 986/986 993/993 992/992
f  986/986 987/987 994/994 993/993
f  988/988 989/989 996/996 995/995
f  989/989 990/990 997/997 996/996
f  990/990 991/991 998/998 997/997
f  991/991 992/992 999/999 998/998
f  992/992 993/993 1000/1000 999/999
f  993/993 994/994 1001/1001 1000/1000
f  995/995 996/996 1003/1003 1002/1002
f  996/996 997/997 1004/1004 1003/1003
f  997/997 998/998 1005/1005 1004/1004
f  998/998 999/999 1006/1006 1005/1005
f  999/999 1000/1000 1007/1007 1006/1006
f  1000/1000 1001/1001 1008/1008 1007/1007
f  1002/1002 1003/1003 1010/1010 1009/1009
f  1003/1003 1004/1004 1011/1011 1010/1010
f  1004/1004 1005/1005 1012/1012 1011/1011
f  1005/1005 1006/1006 1013/1013 1012/1012
f  1006/1006 1007/1007 1014/1014 1013/1013
f  1007/1007 1008/1008 1015/1015 1014/1014
f  1009/1009 1010/1010 1017/1017 1016/1016
f  1010/1010 1011/1011 1018/1018 1017/1017
f  1011/1011 1012/1012 1019/1019 1018/1018
f  1012/1012 1013/1013 1020/1020 1019/1019
f  1013/1013 1014/1014 1021/1021 1020/1020
f  1014/1014 1015/1015 1022/1022 1021/1021
f  1016/1016 1017/1017 1024/1024 1023/1023
f  1017/1017 1018/1018 1025/1025 1024/1024
f  1018/1018 1019/1019 1026/1026 1025/1025
f  1019/1019 1020/1020 1027/1027 1026/1026
f  1020/1020 1021/1021 1028/1028 1027/1027
f  1021/1021 1022/1022 1029/1029 1028/1028
f  1023/1023 1024/1024 1031/1031 1030/1030
f  1024/1024 1025/1025 1032/1032 1031/1031
f  1025/1025 1026/1026 1033/1033 1032/1032
f  1026/1026 1027/1027 1034/1034 1033/1033
f  1027/1027 1028/1028 1035/1035 1034/1034
f  1028/1028 1029/1029 1036/1036 1035/1035
f  1030/1030 1031/1031 1038/1038 1037/1037
f  1031/1031 1032/1032 1039/1039 1038/1038
f  1032/1032 1033/1033 1040/1040 1039/1039
f  1033/1033 1034/1034 1041/1041 1040/1040
f  1034/1034 1035/1035 1042/1042 1041/1041
f  1035/1035 1036/1036 1043/1043 1042/1042
f  1037/1037 1038/1038 1045/1045 1044/1044
f  1038/1038 1039/1039 1046/1046 1045/1045
f  1039/1039 1040/1040 1047/1047 1046/1046
f  1040/1040 1041/1041 1048/1048 1047/1047
f  1041/1041 1042/1042 1049/1049 1048/1048
f  1042/1042 1043/1043 1050/1050 1049/1049
f  1044/1044 1045/1045 1052/1052 1051/1051
f  1045/1045 1046/1046 1053/1053 1052/1052
f  1046/1046 1047/1047 1054/1054 1053/1053
f  1047/1047 1048/1048 1055/1055 1054/1054
f  1048/1048 1049/1049 1056/1056 1055/1055
f  1049/1049 1050/1050 1057/1057 1056/1056
f  1051/1051 1052/1052 1059/1059 1058/1058
f  1052/1052 1053/1053 1060/1060 1059/1059
f  1053/1053 1054/1054 1061/1061 1060/1060
f  1054/1054 1055/1055 1062/1062 1061/1061
f  1055/1055 1056/1056 1063/1063 1062/1062
f  1056/1056 1057/1057 1064/1064 1063/1063
f  1058/1058 1059/1059 1066/1066 1065/1065
f  1059/1059 1060/1060 1067/1067 1066/1066
f  1060/1060 1061/1061 1068/1068 1067/1067
f  1061/1061 1062/1062 1069/1069 1068/1068
f  1062/1062 1063/1063 1070/1070 1069/1069
f  1063/1063 1064/1064 1071/1071 1070/1070
f  1065/1065 1066/1066 1073/1073 1072/1072
f  1066/1066 1067/1067 1074/1074 1073/1073
f  1067/1067 1068/1068 1075/1075 1074/1074
f  1068/1068 1069/1069 1076/1076 1075/1075
f  1069/1069 1070/1070 1077/1077 1076/1076
f  1070/1070 1071/1071 1078/1078 1077/1077
f  1072/1072 1073/1073 1080/1080 1079/1079
f  1073/1073 1074/1074 1081/1081 1080/1080
f  1074/1074 1075/1075 1082/1082 1081/1081
f  1075/1075 1076/1076 1083/1083 1082/1082
f  1076/1076 1077/1077 1084/1084 1083/1083
f  1077/1077 1078/1078 1085/1085 1084/1084
f  1079/1079 1080/1080 1087/1087 1086/1086
f  1080/1080 1081/1081 1088/1088 1087/1087
f  1081/1081 1082/1082 1089/1089 1088/1088
f  1082/1082 1083/1083 1090/1090 1089/1089
f  1083/1083 1084/1084 1091/1091 1090/1090
f  1084/1084 1085/1085 1092/1092 1091/1091
f  1086/1086 1087/1087 1094/1094 1093/1093
f  1087/1087 1088/1088 1095/1095 1094/1094
f  1088/1088 1089/1089 1096/1096 1095/1095
f  1089/1089 1090/1090 1097/1097 1096/1096
f  1090/1090 1091/1091 1098/1098 1097/1097
f  1091/1091 1092/1092 1099/1099 1098/1098
f  1093/1093 1094/1094 1101/1101 1100/1100
f  1094/1094 1095/1095 1102/1102 1101/1101
f  1095/1095 1096/1096 1103/1103 1102/1102
f  1096/1096 1097/1097 1104/1104 1103/1103
f  1097/1097 1098/1098 1105/1105 1104/1104
f  1098/1098 1099/1099 1106/1106 1105/1105
f  1100/1100 1101/1101 1108/1108 1107/1107
f  1101/1101 1102/1102 1109/1109 1108/1108
f  1102/1102 1103/1103 1110/1110 1109/1109
f  1103/1103 1104/1104 1111/1111 1110/1110
f  1104/1104 1105/1105 1112/1112 1111/1111
f  1105/1105 1106/1106 1113/1113 1112/1112
f  1107/1107 1108/1108 1115/1115 1114/1114
f  1108/1108 1109/1109 1116/1116 1115/1115
f  1109/1109 1110/1110 1117/1117 1116/1116
f  1110/1110 1111/1111 1118/1118 1117/1117
f  1111/1111 1112/1112 1119/1119 1118/1118
f  1112/1112 1113/1113 1120/1120 1119/1119
f  1114/1114 1115/1115 1122/1122 1121/1121
f  1115/1115 1116/1116 1123/1123 1122/1122
f  1116/1116 1117/1117 1124/1124 1123/1123
f  1117/1117 1118/1118 1125/1125 1124/1124
f  1118/1118 1119/1119 1126/1126 1125/1125
f  1119/1119 1120/1120 1127/1127 1126/1126
f  1121/1121 1122/1122 1129/1129 1128/1128
f  1122/1122 1123/1123 1130/1130 1129/1129
f  1123/1123 1124/1124 1131/1131 1130/1130
f  1124/1124 1125/1125 1132/1132 1131/1131
f  1125/1125 1126/1126 1133/1133 1132/1132
f  1126/1126 1127/1127 1134/1134 1133/1133
f  1128/1128 1129/1129 1136/1136 1135/1135
f  1129/1129 1130/1130 1137/1137 1136/1136
f  1130/1130 1131/1131 1138/1138 1137/1137
f  1131/1131 1132/1132 1139/1139 1138/1138
f  1132/1132 1133/1133 1140/1140 1139/1139
f  1133/1133 1134/1134 1141/1141 1140/1140
f  1135/1135 1136/1136 1143/1143 1142/1142
f  1136/1136 1137/1137 1144/1144 1143/1143
f  1137/1137 1138/1138 1145/1145 1144/1144
f  1138/1138 1139/1139 1146/1146 1145/1145
f  1139/1139 1140/1140 1147/1147 1146/1146
f  1140/1140 1141/1141 1148/1148 1147/1147
f  1142/1142 1143/1143 1150/1150 1149/1149
f  1143/1143 1144/1144 1151/1151 1150/1150
f  1144/1144 1145/1145 1152/1152 1151/1151
f  1145/1145 1146/1146 1153/1153 1152/1152
f  1146/1146 1147/1147 1154/1154 1153/1153
f  1147/1147 1148/1148 1155/1155 1154/1154
f  1149/1149 1150/1150 1157/1157 1156/1156
f  1150/1150 1151/1151 1158/1158 1157/1157
f  1151/1151 1152/1152 1159/1159 1158/1158
f  1152/1152 1153/1153 1160/1160 1159/1159
f  1153/1153 1154/1154 1161/1161 1160/1160
f  1154/1154 1155/1155 1162/1162 1161/1161
f  1156/1156 1157/1157 1164/1164 1163/1163
f  1157/1157 1158/1158 1165/1165 1164/1164
f  1158/1158 1159/1159 1166/1166 1165/1165
f  1159/1159 1160/1160 1167/1167 1166/1166
f  1160/1160 1161/1161 1168/1168 1167/1167
f  1161/1161 1162/1162 1169/1169 1168/1168
f  1163/1163 1164/1164 1171/1171 1170/1170
f  1164/1164 1165/1165 1172/1172 1171/1171
f  1165/1165 1166/1166 1173/1173 1172/1172
f  1166/1166 1167/1167 1174/1174 1173/1173
f  1167/1167 1168/1168 1175/1175 1174/1174
f  1168/1168 1169/1169 1176/1176 1175/1175
f  1170/1170 1171/1171 1178/1178 1177/1177
f  1171/1171 1172/1172 1179/1179 1178/1178
f  1172/1172 1173/1173 1180/1180 1179/1179
f  1173/1173 1174/1174 1181/1181 1180/1180
f  1174/1174 1175/1175 1182/1182 1181/1181
f  1175/1175 1176/1176 1183/1183 1182/1182
f  1177/1177 1178/1178 1185/1185 1184/1184
f  1178/1178 1179/1179 1186/1186 1185/1185
f  1179/1179 1180/1180 1187/1187 1186/1186
f  1180/1180 1181/1181 1188/1188 1187/1187
f  1181/1181 1182/1182 1189/1189 1188/1188
f  1182/1182 1183/1183 1190/1190 1189/1189
f  1184/1184 1185/1185 1192/1192 1191/1191
f  1185/1185 1186/1186 1193/1193 1192/1192
f  1186/1186 1187/1187 1194/1194 1193/1193
f  1187/1187 1188/1188 1195/1195 1194/1194
f  1188/1188 1189/1189 1196/1196 1195/1195
f  1189/1189 1190/1190 1197/1197 1196/1196
f  1191/1191 1192/1192 1199/1199 1198/1198
f  1192/1192 1193/1193 1200/1200 1199/1199
f  1193/1193 1194/1194 1201/1201 1200/1200
f  1194/1194 1195/1195 1202/1202 1201/1201
f  1195/1195 1196/1196 1203/1203 1202/1202
f  1196/1196 1197/1197 1204/1204 1203/1203
f  1198/1198 1199/1199 1206/1206 1205/1205
f  1199/1199 1200/1200 1207/1207 1206/1206
f  1200/1200 1201/1201 1208/1208 1207/1207
f  1201/1201 1202/1202 1209/1209 1208/1208
f  1202/1202 1203/1203 1210/1210 1209/1209
f  1203/1203 1204/1204 1211/1211 1210/1210
f  1205/1205 1206/1206 1213/1213 1212/1212
f  1206/1206 1207/1207 1214/1214 1213/1213
f  1207/1207 1208/1208 1215/1215 1214/1214
f  1208/1208 1209/1209 1216/1216 1215/1215
f  1209/1209 1210/1210 1217/1217 1216/1216
f  1210/1210 1211/1211 1218/1218 1217/1217
f  1212/1212 1213/1213 1220/1220 1219/1219
f  1213/1213 1214/1214 1221/1221 1220/1220
f  1214/1214 1215/1215 1222/1222 1221/1221
f  1215/1215 1216/1216 1223/1223 1222/1222
f  1216/1216 1217/1217 1224/1224 1223/1223
f  1217/1217 1218/1218 1225/1225 1224/1224
f  1219/1219 1220/1220 1227/1227 1226/1226
f  1220/1220 1221/1221 1228/1228 1227/1227
f  1221/1221 1222/1222 1229/1229 1228/1228
f  1222/1222 1223/1223 1230/1230 1229/1229
f  1223/1223 1224/1224 1231/1231 1230/1230
f  1224/1224 1225/1225 1232/1232 1231/1231
f  1226/1226 1227/1227 1234/1234 1233/1233
f  1227/1227 1228/1228 1235/1235 1234/1234
f  1228/1228 1229/1229 1236/1236 1235/1235
f  1229/1229 1230/1230 1237/1237 1236/1236
f  1230/1230 1231/1231 1238/1238 1237/1237
f  1231/1231 1232/1232 1239/1239 1238/1238
f  1233/1233 1234/1234 1241/1241 1240/1240
f  1234/1234 1235/1235 1242/1242 1241/1241
f  1235/1235 1236/1236 1243/1243 1242/1242
f  1236/1236 1237/1237 1244/1244 1243/1243
f  1237/1237 1238/1238 1245/1245 1244/1244
f  1238/1238 1239/1239 1246/1246 1245/1245
f  1240/1240 1241/1241 1248/1248 1247/1247
f  1241/1241 1242/1242 1249/1249 1248/1248
f  1242/1242 1243/1243 1250/1250 1249/1249
f  1243/1243 1244/1244 1251/1251 1250/1250
f  1244/1244 1245/1245 1252/1252 1251/1251
f  1245/1245 1246/1246 1253/1253 1252/1252
f  1247/1247 1248/1248 1255/1255 1254/1254
f  1248/1248 1249/1249 1256/1256 1255/1255
f  1249/1249 1250/1250 1257/1257 1256/1256
f  1250/1250 1251/1251 1258/1258 1257/1257
f  1251/1251 1252/1252 1259/1259 1258/1258
f  1252/1252 1253/1253 1260/1260 1259/1259
f  1254/1254 1255/1255 1262/1262 1261/1261
f  1255/1255 1256/1256 1263/1263 1262/1262
f  1256/1256 1257/1257 1264/1264 1263/1263
f  1257/1257 1258/1258 1265/1265 1264/1264
f  1258/1258 1259/1259 1266/1266 1265/1265
f  1259/1259 1260/1260 1267/1267 1266/1266
f  1261/1261 1262/1262 1269/1269 1268/1268
f  1262/1262 1263/1263 1270/1270 1269/1269
f  1263/1263 1264/1264 1271/1271 1270/1270
f  1264/1264 1265/1265 1272/1272 1271/1271
f  1265/1265 1266/1266 1273/1273 1272/1272
f  1266/1266 1267/1267 1274/1274 1273/1273
f  1268/1268 1269/1269 1276/1276 1275/1275
f  1269/1269 1270/1270 1277/1277 1276/1276
f  1270/1270 1271/1271 1278/1278 1277/1277
f  1271/1271 1272/1272 1279/1279 1278/1278
f  1272/1272 1273/1273 1280/1280 1279/1279
f  1273/1273 1274/1274 1281/1281 1280/1280
f  1275/1275 1276/1276 1283/1283 1282/1282
f  1276/1276 1277/1277 1284/1284 1283/1283
f  1277/1277 1278/1278 1285/1285 1284/1284
f  1278/1278 1279/1279 1286/1286 1285/1285
f  1279/1279 1280/1280 1287/1287 1286/1286
f  1280/1280 1281/1281 1288/1288 1287/1287
f  1282/1282 1283/1283 1290/1290 1289/1289
f  1283/1283 1284/1284 1291/1291 1290/1290
f  1284/1284 1285/1285 1292/1292 1291/1291
f  1285/1285 1286/1286 1293/1293 1292/1292
f  1286/1286 1287/1287 1294/1294 1293/1293
f  1287/1287 1288/1288 1295/1295 1294/1294
f  1289/1289 1290/1290 1297/1297 1296/1296
f  1290/1290 1291/1291 1298/1298 1297/1297
f  1291/1291 1292/1292 1299/1299 1298/1298
f  1292/1292 1293/1293 1300/1300 1299/1299
f  1293/1293 1294/1294 1301/1301 1300/1300
f  1294/1294 1295/1295 1302/1302 1301/1301
f  1296/1296 1297/1297 1304/1304 1303/1303
f  1297/1297 1298/1298 1305/1305 1304/1304
f  1298/1298 1299/1299 1306/1306 1305/1305
f  1299/1299 1300/1300 1307/1307 1306/1306
f  1300/1300 1301/1301 1308/1308 1307/1307
f  1301/1301 1302/1302 1309/1309 1308/1308
f  1303/1303 1304/1304 1311/1311 1310/1310
f  1304/1304 1305/1305 1312/1312 1311/1311
f  1305/1305 1306/1306 1313/1313 1312/1312
f  1306/1306 1307/1307 1314/1314 1313/1313
f  1307/1307 1308/1308 1315/1315 1314/1314
f  1308/1308 1309/1309 1316/1316 1315/1315
f  1310/1310 1311/1311 1318/1318 1317/1317
f  1311/1311 1312/1312 1319/1319 1318/1318
f  1312/1312 1313/1313 1320/1320 1319/1319
f  1313/1313 1314/1314 1321/1321 1320/1320
f  1314/1314 1315/1315 1322/1322 1321/1321
f  1315/1315 1316/1316 1323/1323 1322/1322
f  1317/1317 1318/1318 1325/1325 1324/1324
f  1318/1318 1319/1319 1326/1326 1325/1325
f  1319/1319 1320/1320 1327/1327 1326/1326
f  1320/1320 1321/1321 1328/1328 1327/1327
f  1321/1321 1322/1322 1329/1329 1328/1328
f  1322/1322 1323/1323 1330/1330 1329/1329
f  1324/1324 1325/1325 1332/1332 1331/1331
f  1325/1325 1326/1326 1333/1333 1332/1332
f  1326/1326 1327/1327 1334/1334 1333/1333
f  1327/1327 1328/1328 1335/1335 1334/1334
f  1328/1328 1329/1329 1336/1336 1335/1335
f  1329/1329 1330/1330 1337/1337 1336/1336
f  1331/1331 1332/1332 1339/1339 1338/1338
f  1332/1332 1333/1333 1340/1340 1339/1339
f  1333/1333 1334/1334 1341/1341 1340/1340
f  1334/1334 1335/1335 1342/1342 1341/1341
f  1335/1335 1336/1336 1343/1343 1342/1342
f  1336/1336 1337/1337 1344/1344 1343/1343
f  1338/1338 1339/1339 1346/1346 1345/1345
f  1339/1339 1340/1340 1347/1347 1346/1346
f  1340/1340 1341/1341 1348/1348 1347/1347
f  1341/1341 1342/1342 1349/1349 1348/1348
f  1342/1342 1343/1343 1350/1350 1349/1349
f  1343/1343 1344/1344 1351/1351 1350/1350
f  1345/1345 1346/1346 1353/1353 1352/1352
f  1346/1346 1347/1347 1354/1354 1353/1353
f  1347/1347 1348/1348 1355/1355 1354/1354
f  1348/1348 1349/1349 1356/1356 1355/1355
f  1349/1349 1350/1350 1357/1357 1356/1356
f  1350/1350 1351/1351 1358/1358 1357/1357
f  1352/1352 1353/1353 1360/1360 1359/1359
f  1353/1353 1354/1354 1361/1361 1360/1360
f  1354/1354 1355/1355 1362/1362 1361/1361
f  1355/1355 1356/1356 1363/1363 1362/1362
f  1356/1356 1357/1357 1364/1364 1363/1363
f  1357/1357 1358/1358 1365/1365 1364/1364
f  1359/1359 1360/1360 1367/1367 1366/1366
f  1360/1360 1361/1361 1368/1368 1367/1367
f  1361/1361 1362/1362 1369/1369 1368/1368
f  1362/1362 1363/1363 1370/1370 1369/1369
f  1363/1363 1364/1364 1371/1371 1370/1370
f  1364/1364 1365/1365 1372/1372 1371/1371
f  1366/1366 1367/1367 1374/1374 1373/1373
f  1367/1367 1368/1368 1375/1375 1374/1374
f  1368/1368 1369/1369 1376/1376 1375/1375
f  1369/1369 1370/1370 1377/1377 1376/1376
f  1370/1370 1371/1371 1378/1378 1377/1377
f  1371/1371 1372/1372 1379/1379 1378/1378
f  1373/1373 1374/1374 1381/1381 1380/1380
f  1374/1374 1375/1375 1382/1382 1381/1381
f  1375/1375 1376/1376 1383/1383 1382/1382
f  1376/1376 1377/1377 1384/1384 1383/1383
f  1377/1377 1378/1378 1385/1385 1384/1384
f  1378/1378 1379/1379 1386/1386 1385/1385
f  1380/1380 1381/1381 1388/1388 1387/1387
f  1381/1381 1382/1382 1389/1389 1388/1388
f  1382/1382 1383/1383 1390/1390 1389/1389
f  1383/1383 1384/1384 1391/1391 1390/1390
f  1384/1384 1385/1385 1392/1392 1391/1391
f  1385/1385 1386/1386 1393/1393 1392/1392
f  1387/1387 1388/1388 1395/1395 1394/1394
f  1388/1388 1389/1389 1396/1396 1395/1395
f  1389/1389 1390/1390 1397/1397 1396/1396
f  1390/1390 1391/1391 1398/1398 1397/1397
f  1391/1391 1392/1392 1399/1399 1398/1398
f  1392/1392 1393/1393 1400/1400 1399/1399
f  1394/1394 1395/1395 1402/1402 1401/1401
f  1395/1395 1396/1396 1403/1403 1402/1402
f  1396/1396 1397/1397 1404/1404 1403/1403
f  1397/1397 1398/1398 1405/1405 1404/1404
f  1398/1398 1399/1399 1406/1406 1405/1405
f  1399/1399 1400/1400 1407/1407 1406/1406
f  1401/1401 1402/1402 1409/1409 1408/1408
f  1402/1402 1403/1403 1410/1410 1409/1409
f  1403/1403 1404/1404 1411/1411 1410/1410
f  1404/1404 1405/1405 1412/1412 1411/1411
f  1405/1405 1406/1406 1413/1413 1412/1412
f  1406/1406 1407/1407 1414/1414 1413/1413
f  1408/1408 1409/1409 1416/1416 1415/1415
f  1409/1409 1410/1410 1417/1417 1416/1416
f  1410/1410 1411/1411 1418/1418 1417/1417
f  1411/1411 1412/1412 1419/1419 1418/1418
f  1412/1412 1413/1413 1420/1420 1419/1419
f  1413/1413 1414/1414 1421/1421 1420/1420
f  1415/1415 1416/1416 1423/1423 1422/1422
f  1416/1416 1417/1417 1424/1424 1423/1423
f  1417/1417 1418/1418 1425/1425 1424/1424
f  1418/1418 1419/1419 1426/1426 1425/1425
f  1419/1419 1420/1420 1427/1427 1426/1426
f  1420/1420 1421/1421 1428/1428 1427/1427
f  1422/1422 1423/1423 1430/1430 1429/1429
f  1423/1423 1424/1424 1431/1431 1430/1430
f  1424/1424 1425/1425 1432/1432 1431/1431
f  1425/1425 1426/1426 1433/1433 1432/1432
f  1426/1426 1427/1427 1434/1434 1433/1433
f  1427/1427 1428/1428 1435/1435 1434/1434
f  1429/1429 1430/1430 1437/1437 1436/1436
f  1430/1430 1431/1431 1438/1438 1437/1437
f  1431/1431 1432/1432 1439/1439 1438/1438
f  1432/1432 1433/1433 1440/1440 1439/1439
f  1433/1433 1434/1434 1441/1441 1440/1440
f  1434/1434 1435/1435 1442/1442 1441/1441
f  1436/1436 1437/1437 1444/1444 1443/1443
f  1437/1437 1438/1438 1445/1445 1444/1444
f  1438/1438 1439/1439 1446/1446 1445/1445
f  1439/1439 1440/1440 1447/1447 1446/1446
f  1440/1440 1441/1441 1448/1448 1447/1447
f  1441/1441 1442/1442 1449/1449 1448/1448
f  1443/1443 1444/1444 1451/1451 1450/1450
f  1444/1444 1445/1445 1452/1452 1451/1451
f  1445/1445 1446/1446 1453/1453 1452/1452
f  1446/1446 1447/1447 1454/1454 1453/1453
f  1447/1447 1448/1448 1455/1455 1454/1454
f  1448/1448 1449/1449 1456/1456 1455/1455
f  1450/1450 1451/1451 1458/1458 1457/1457
f  1451/1451 1452/1452 1459/1459 1458/1458
f  1452/1452 1453/1453 1460/1460 1459/1459
f  1453/1453 1454/1454 1461/1461 1460/1460
f  1454/1454 1455/1455 1462/1462 1461/1461
f  1455/1455 1456/1456 1463/1463 1462/1462
f  1457/1457 1458/1458 1465/1465 1464/1464
f  1458/1458 1459/1459 1466/1466 1465/1465
f  1459/1459 1460/1460 1467/1467 1466/1466
f  1460/1460 1461/1461 1468/1468 1467/1467
f  1461/1461 1462/1462 1469/1469 1468/1468
f  1462/1462 1463/1463 1470/1470 1469/1469
f  1464/1464 1465/1465 1472/1472 1471/1471
f  1465/1465 1466/1466 1473/1473 1472/1472
f  1466/1466 1467/1467 1474/1474 1473/1473
f  1467/1467 1468/1468 1475/1475 1474/1474
f  1468/1468 1469/1469 1476/1476 1475/1475
f  1469/1469 1470/1470 1477/1477 1476/1476
f  1471/1471 1472/1472 1479/1479 1478/1478
f  1472/1472 1473/1473 1480/1480 1479/1479
f  1473/1473 1474/1474 1481/1481 1480/1480
f  1474/1474 1475/1475 1482/1482 1481/1481
f  1475/1475 1476/1476 1483/1483 1482/1482
f  1476/1476 1477/1477 1484/1484 1483/1483
f  1478/1478 1479/1479 1486/1486 1485/1485
f  1479/1479 1480/1480 1487/1487 1486/1486
f  1480/1480 1481/1481 1488/1488 1487/1487
f  1481/1481 1482/1482 1489/1489 1488/1488
f  1482/1482 1483/1483 1490/1490 1489/1489
f  1483/1483 1484/1484 1491/1491 1490/1490
f  1485/1485 1486/1486 1493/1493 1492/1492
f  1486/1486 1487/1487 1494/1494 1493/1493
f  1487/1487 1488/1488 1495/1495 1494/1494
f  1488/1488 1489/1489 1496/1496 1495/1495
f  1489/1489 1490/1490 1497/1497 1496/1496
f  1490/1490 1491/1491 1498/1498 1497/1497
f  1492/1492 1493/1493 1500/1500 1499/1499
f  1493/1493 1494/1494 1501/1501 1500/1500
f  1494/1494 1495/1495 1502/1502 1501/1501
f  1495/1495 1496/1496 1503/1503 1502/1502
f  1496/1496 1497/1497 1504/1504 1503/1503
f  1497/1497 1498/1498 1505/1505 1504/1504
f  1499/1499 1500/1500 1507/1507 1506/1506
f  1500/1500 1501/1501 1508/1508 1507/1507
f  1501/1501 1502/1502 1509/1509 1508/1508
f  1502/1502 1503/1503 1510/1510 1509/1509
f  1503/1503 1504/1504 1511/1511 1510/1510
f  1504/1504 1505/1505 1512/1512 1511/1511
f  1506/1506 1507/1507 1514/1514 1513/1513
f  1507/1507 1508/1508 1515/1515 1514/1514
f  1508/1508 1509/1509 1516/1516 1515/1515
f  1509/1509 1510/1510 1517/1517 1516/1516
f  1510/1510 1511/1511 1518/1518 1517/1517
f  1511/1511 1512/1512 1519/1519 1518/1518
f  1513/1513 1514/1514 1521/1521 1520/1520
f  1514/1514 1515/1515 1522/1522 1521/1521
f  1515/1515 1516/1516 1523/1523 1522/1522
f  1516/1516 1517/1517 1524/1524 1523/1523
f  1517/1517 1518/1518 1525/1525 1524/1524
f  1518/1518 1519/1519 1526/1526 1525/1525
f  1520/1520 1521/1521 1528/1528 1527/1527
f  1521/1521 1522/1522 1529/1529 1528/1528
f  1522/1522 1523/1523 1530/1530 1529/1529
f  1523/1523 1524/1524 1531/1531 1530/1530
f  1524/1524 1525/1525 1532/1532 1531/1531
f  1525/1525 1526/1526 1533/1533 1532/1532
f  1527/1527 1528/1528 1535/1535 1534/1534
f  1528/1528 1529/1529 1536/1536 1535/1535
f  1529/1529 1530/1530 1537/1537 1536/1536
f  1530/1530 1531/1531 1538/1538 1537/1537
f  1531/1531 1532/1532 1539/1539 1538/1538
f  1532/1532 1533/1533 1540/1540 1539/1539
f  1534/1534 1535/1535 1542/1542 1541/1541
f  1535/1535 1536/1536 1543/1543 1542/1542
f  1536/1536 1537/1537 1544/1544 1543/1543
f  1537/1537 1538/1538 1545/1545 1544/1544
f  1538/1538 1539/1539 1546/1546 1545/1545
f  1539/1539 1540/1540 1547/1547 1546/1546
f  1541/1541 1542/1542 1549/1549 1548/1548
f  1542/1542 1543/1543 1550/1550 1549/1549
f  1543/1543 1544/1544 1551/1551 1550/1550
f  1544/1544 1545/1545 1552/1552 1551/1551
f  1545/1545 1546/1546 1553/1553 1552/1552
f  1546/1546 1547/1547 1554/1554 1553/1553
f  1548/1548 1549/1549 1556/1556 1555/1555
f  1549/1549 1550/1550 1557/1557 1556/1556
f  1550/1550 1551/1551 1558/1558 1557/1557
f  1551/1551 1552/1552 1559/1559 1558/1558
f  1552/1552 1553/1553 1560/1560 1559/1559
f  1553/1553 1554/1554 1561/1561 1560/1560
f  1555/1555 1556/1556 1563/1563 1562/1562
f  1556/1556 1557/1557 1564/1564 1563/1563
f  1557/1557 1558/1558 1565/1565 1564/1564
f  1558/1558 1559/1559 1566/1566 1565/1565
f  1559/1559 1560/1560 1567/1567 1566/1566
f  1560/1560 1561/1561 1568/1568 1567/1567
f  1562/1562 1563/1563 1570/1570 1569/1569
f  1563/1563 1564/1564 1571/1571 1570/1570
f  1564/1564 1565/1565 1572/1572 1571/1571
f  1565/1565 1566/1566 1573/1573 1572/1572
f  1566/1566 1567/1567 1574/1574 1573/1573
f  1567/1567 1568/1568 1575/1575 1574/1574
f  1569/1569 1570/1570 1577/1577 1576/1576
f  1570/1570 1571/1571 1578/1578 1577/1577
f  1571/1571 1572/1572 1579/1579 1578/1578
f  1572/1572 1573/1573 1580/1580 1579/1579
f  1573/1573 1574/1574 1581/1581 1580/1580
f  1574/1574 1575/1575 1582/1582 1581/1581
f  1576/1576 1577/1577 1584/1584 1583/1583
f  1577/1577 1578/1578 1585/1585 1584/1584
f  1578/1578 1579/1579 1586/1586 1585/1585
f  1579/1579 1580/1580 1587/1587 1586/1586
f  1580/1580 1581/1581 1588/1588 1587/1587
f  1581/1581 1582/1582 1589/1589 1588/1588
f  1583/1583 1584/1584 1591/1591 1590/1590
f  1584/1584 1585/1585 1592/1592 1591/1591
f  1585/1585 1586/1586 1593/1593 1592/1592
f  1586/1586 1587/1587 1594/1594 1593/1593
f  1587/1587 1588/1588 1595/1595 1594/1594
f  1588/1588 1589/1589 1596/1596 1595/1595
f  1590/1590 1591/1591 1598/1598 1597/1597
f  1591/1591 1592/1592 1599/1599 1598/1598
f  1592/1592 1593/1593 1600/1600 1599/1599
f  1593/1593 1594/1594 1601/1601 1600/1600
f  1594/1594 1595/1595 1602/1602 1601/1601
f  1595/1595 1596/1596 1603/1603 1602/1602
f  1597/1597 1598/1598 1605/1605 1604/1604
f  1598/1598 1599/1599 1606/1606 1605/1605
f  1599/1599 1600/1600 1607/1607 1606/1606
f  1600/1600 1601/1601 1608/1608 1607/1607
f  1601/1601 1602/1602 1609/1609 1608/1608
f  1602/1602 1603/1603 1610/1610 1609/1609
f  1604/1604 1605/1605 1612/1612 1611/1611
f  1605/1605 1606/1606 1613/1613 1612/1612
f  1606/1606 1607/1607 1614/1614 1613/1613
f  1607/1607 1608/1608 1615/1615 1614/1614
f  1608/1608 1609/1609 1616/1616 1615/1615
f  1609/1609 1610/1610 1617/1617 1616/1616
f  1611/1611 1612/1612 1619/1619 1618/1618
f  1612/1612 1613/1613 1620/1620 1619/1619
f  1613/1613 1614/1614 1621/1621 1620/1620
f  1614/1614 1615/1615 1622/1622 1621/1621
f  1615/1615 1616/1616 1623/1623 1622/1622
f  1616/1616 1617/1617 1624/1624 1623/1623
f  1618/1618 1619/1619 1626/1626 1625/1625
f  1619/1619 1620/1620 1627/1627 1626/1626
f  1620/1620 1621/1621 1628/1628 1627/1627
f  1621/1621 1622/1622 1629/1629 1628/1628
f  1622/1622 1623/1623 1630/1630 1629/1629
f  1623/1623 1624/1624 1631/1631 1630/1630
g g2
s 2
g g3
s 3
g g4
s 4
